architecture,t_cbt,t_hxt,eta_hpfp,eta_r,p_cbt,qm_cb0,t0,p0,tpr_hx,Q_hx,pcc,v
reference,399.15,nan,0.73,0.6,1330000.0,0.31305,270,180000.0,0.95,nan,nan,0
P_hpfp,P_rv,p_hpfp
1899.5682455215745,582.1322141875758,1698000.0
Q,Q_phc
127000.0,0
qm_cb,qm_phc/qm_t,qm_r,qm_v,qm,m_z
0.31305,0.12331688260691265,0.676633086678958,0,0.43636688260691264,0
number of iterations,14,Execution time: ,1.7152307033538818
