architecture,t_cbt,t_hxt,eta_hpfp,eta_r,p_cbt,qm_cb0,t0,p0,tpr_hx,Q_hx,pcc,v
reference,399.15,nan,0.6952380952380952,0.6,1330000.0,0.31305,270,180000.0,0.95,nan,nan,0
P_hpfp,P_rv,p_hpfp
1799.2954191611625,664.4383654223074,1698000.0
Q,Q_phc
127000.0,0
qm_cb,qm_phc/qm_t,qm_r,qm_v,qm,m_z
0.31305,0.12325723492625744,0.6766927344590101,0,0.43630723492625745,0
number of iterations,14,Execution time: ,2.088158130645752
