architecture,t_cbt,t_hxt,eta_hpfp,eta_r,p_cbt,qm_cb0,t0,p0,tpr_hx,Q_hx,pcc,v
after,150,120,0.71,0.71,1330000.0,0.11075846956705436,25.2,345000.0,0.95,159000.0,True,0
P_hpfp,P_rv,p_hpfp
39149.61886595777,25780.782232015237,1889258.8614393095
Q,Q_phc
162565.72052251667,3565.720522516669
qm_cb,qm_phc/qm_t,qm_r,qm_v,qm,qm_pot
0.11075846956705436,2.699116854711558e-05,0.12266105521686399,0,0.11078546073560147,0.0007591718571843078
number of iterations,25,Execution time: ,9.92297101020813
