architecture,t_cbt,t_hxt,eta_hpfp,eta_r,p_cbt,qm_cb0,t0,p0,tpr_hx,Q_hx,pcc,v
after,150,130,0.71,0.71,1330000.0,0.11075846956705436,25.2,345000.0,0.95,159000.0,True,0
P_hpfp,P_rv,p_hpfp
38873.693596328434,39871.658311640575,1889258.8614393123
Q,Q_phc
147147.38427695024,-11852.615723049763
qm_cb,qm_phc/qm_t,qm_r,qm_v,qm
0.11075846956705436,0.0,0.18967503385243398,0,0.11075846956705436
number of iterations,27,Execution time: ,11.664958238601685
