architecture,t_cbt,t_hxt,eta_hpfp,eta_r,p_cbt,qm_cb0,t0,p0,tpr_hx,Q_hx,pcc,v
after,150,100,0.71,0.71,1330000.0,0.11075846956705436,25.2,345000.0,0.95,159000.0,True,0
P_hpfp,P_rv,p_hpfp
38919.465815535215,11045.51907432542,1889258.861438937
Q,Q_phc
176193.73095601096,17193.730956010957
qm_cb,qm_phc/qm_t,qm_r,qm_v,qm
0.11075846956705436,0.00013041366748035854,0.05252668396562117,0,0.11088888323453472
number of iterations,21,Execution time: ,9.136067152023315
