architecture,t_cbt,t_hxt,eta_hpfp,eta_r,p_cbt,qm_cb0,t0,p0,tpr_hx,Q_hx,pcc,v
after,150,100,0.71,0.71,1330000.0,0.11075846956705436,25.2,345000.0,0.95,159000.0,True,0
P_hpfp,P_rv,p_hpfp
39128.07160678584,11091.18636269459,1889258.8614391992
Q,Q_phc
177151.65380136747,18151.653801367473
qm_cb,qm_phc/qm_t,qm_r,qm_v,qm,qm_pot
0.11075846956705436,0.00013769753959785446,0.052764367453396854,0,0.11089616710665222,0.0005870732893092825
number of iterations,22,Execution time: ,9.021979808807373
