architecture,t_cbt,t_hxt,eta_hpfp,eta_r,p_cbt,qm_cb0,t0,p0,tpr_hx,Q_hx,pcc,v
after,150,110,0.71,0.71,1330000.0,0.11075846956705436,25.2,345000.0,0.95,159000.0,True,0
P_hpfp,P_rv,p_hpfp
39136.78825176724,16985.374382488044,1889258.8614392783
Q,Q_phc
171299.4010454292,12299.4010454292
qm_cb,qm_phc/qm_t,qm_r,qm_v,qm,qm_pot
0.11075846956705436,9.346455183415641e-05,0.08080693644119881,0,0.11085193411888852,0.0006561416391927877
number of iterations,23,Execution time: ,9.294753074645996
