architecture,t_cbt,t_hxt,eta_hpfp,eta_r,p_cbt,qm_cb0,t0,p0,tpr_hx,Q_hx,pcc,v
after,150,110,0.71,0.71,1330000.0,0.11075846956705436,25.2,345000.0,0.95,159000.0,True,0
P_hpfp,P_rv,p_hpfp
39139.238205045935,16986.422193709255,1889258.8614392783
Q,Q_phc
171310.13981464785,12310.139814647846
qm_cb,qm_phc/qm_t,qm_r,qm_v,qm,qm_pot
0.11075846956705436,9.182567497855311e-05,0.08081194793833335,0,0.11085029524203291,0.0006647608940509684
number of iterations,23,Execution time: ,9.57182264328003
