architecture,t_cbt,t_hxt,eta_hpfp,eta_r,p_cbt,qm_cb0,t0,p0,tpr_hx,Q_hx,pcc,v
after,150,130,0.71,0.71,1330000.0,0.11075846956705436,25.2,345000.0,0.95,159000.0,True,0
P_hpfp,P_rv,p_hpfp
42796.47369662403,47273.43449307476,1889258.861438937
Q,Q_phc
135822.82799522043,-23177.172004779568
qm_cb,qm_phc/qm_t,qm_r,qm_v,qm
0.11075846956705436,0.0,0.14609538259624635,0,0.11075846956705436
number of iterations,21,Execution time: ,8.537164449691772
