architecture,t_cbt,t_hxt,eta_hpfp,eta_r,p_cbt,qm_cb0,t0,p0,tpr_hx,Q_hx,pcc,v
after,150,100,0.71,0.71,1330000.0,0.10998,25.2,345000.0,0.95,159000.0,True,0
P_hpfp,P_rv,p_hpfp
38643.565926383315,10954.739517838132,1889258.861438937
Q,Q_phc
174958.7310892204,15958.731089220411
qm_cb,qm_phc/qm_t,qm_r,qm_v,qm,m_z
0.10998,0.00012355674560897423,0.052111812788440175,0,0.11010355674560897,0.012355674560897041
number of iterations,21,Execution time: ,11.149741649627686
