architecture,t_cbt,t_hxt,eta_hpfp,eta_r,p_cbt,qm_cb0,t0,p0,tpr_hx,Q_hx,pcc,v
after,150,120,0.71,0.71,1330000.0,0.11075846956705436,25.2,345000.0,0.95,159000.0,True,0
P_hpfp,P_rv,p_hpfp
39150.33115118345,25781.209856616268,1889258.8614393095
Q,Q_phc
162568.71966004273,3568.719660042727
qm_cb,qm_phc/qm_t,qm_r,qm_v,qm,qm_pot
0.11075846956705436,2.6529378809258012e-05,0.122663146500654,0,0.11078499894586362,0.0007616630815910363
number of iterations,25,Execution time: ,10.279179096221924
