architecture,t_cbt,t_hxt,eta_hpfp,eta_r,p_cbt,qm_cb0,t0,p0,tpr_hx,Q_hx,pcc,v
after,150,130,0.71,0.71,1330000.0,0.11075846956705436,25.2,345000.0,0.95,159000.0,True,0
P_hpfp,P_rv,p_hpfp
39199.69259040542,40219.53236991303,1889258.8614393123
Q,Q_phc
148367.87211374813,-10632.127886251867
qm_cb,qm_phc/qm_t,qm_r,qm_v,qm,qm_pot
0.11075846956705436,-3.0357660829594124e-18,0.19131470269272124,0,0.11075846956705436,0.0009288324911779669
number of iterations,27,Execution time: ,11.238105535507202
