architecture,t_cbt,t_hxt,eta_hpfp,eta_r,p_cbt,qm_cb0,t0,p0,tpr_hx,Q_hx,pcc,v
after,150,110,0.71,0.71,1330000.0,0.11,25.2,345000.0,0.95,149000.0,True,0
P_hpfp,P_rv,p_hpfp
38657.943727220954,16779.22833840645,1889366.2728249198
Q,Q_phc
169230.63636003676,20230.636360036762
qm_cb,qm_phc/qm_t,qm_r,qm_v,qm,m_z
0.11,0.00015808853610433637,0.0797844574434114,0,0.11015808853610434,0.015808853610433635
number of iterations,18,Execution time: ,8.37710189819336
