architecture,t_cbt,t_hxt,eta_hpfp,eta_r,p_cbt,qm_cb0,t0,p0,tpr_hx,Q_hx,pcc,v
after,150,130,0.71,0.71,1330000.0,0.10998,25.2,345000.0,0.95,159000.0,True,0
P_hpfp,P_rv,p_hpfp
38600.20063117035,39606.55439396515,1889258.8614393095
Q,Q_phc
146098.28659135947,-12901.713408640528
qm_cb,qm_phc/qm_t,qm_r,qm_v,qm,m_z
0.10998,0.0,0.18838686896160664,0,0.10998,0.0
number of iterations,25,Execution time: ,13.708030939102173
