architecture,t_cbt,t_hxt,eta_hpfp,eta_r,p_cbt,qm_cb0,t0,p0,tpr_hx,Q_hx,pcc,v
after,150,100,0.71,0.71,1330000.0,0.11,25.2,345000.0,0.95,149000.0,True,0
P_hpfp,P_rv,p_hpfp
38673.90383327663,10967.19702455247,1889366.2728249198
Q,Q_phc
175119.46268370643,26119.462683706428
qm_cb,qm_phc/qm_t,qm_r,qm_v,qm,m_z
0.11,0.00020351504088608665,0.05214132588420185,0,0.11020351504088609,0.020351504088608665
number of iterations,17,Execution time: ,8.006815195083618
