architecture,t_cbt,t_hxt,eta_hpfp,eta_r,p_cbt,qm_cb0,t0,p0,tpr_hx,Q_hx,pcc,v
after,150,130,0.71,0.71,1330000.0,0.11075846956705436,25.2,345000.0,0.95,159000.0,True,0
P_hpfp,P_rv,p_hpfp
39199.69274134061,40219.559430632435,1889258.8614393123
Q,Q_phc
148367.845779169,-10632.154220830998
qm_cb,qm_phc/qm_t,qm_r,qm_v,qm,qm_pot
0.11075846956705436,1.5178830414797062e-18,0.19131479791812925,0,0.11075846956705436,0.0009288329212206999
number of iterations,27,Execution time: ,11.56909704208374
