architecture,t_cbt,t_hxt,eta_hpfp,eta_r,p_cbt,qm_cb0,t0,p0,tpr_hx,Q_hx,pcc,v
after,150,120,0.71,0.71,1330000.0,0.11075846956705436,25.2,345000.0,0.95,159000.0,True,0
P_hpfp,P_rv,p_hpfp
38880.07697217856,25627.310111873492,1889258.8614393023
Q,Q_phc
161422.44252070005,2422.442520700046
qm_cb,qm_phc/qm_t,qm_r,qm_v,qm
0.11075846956705436,1.8187439229253033e-05,0.12189815197726288,0,0.11077665700628361
number of iterations,24,Execution time: ,10.126925230026245
