architecture,t_cbt,t_hxt,eta_hpfp,eta_r,p_cbt,qm_cb0,t0,p0,tpr_hx,Q_hx,pcc,v
after,160,100,0.71,0.71,1330000.0,0.11060161286267793,25.2,345000.0,0.95,159000.0,True,0
P_hpfp,P_rv,p_hpfp
38915.942250025284,9965.05205069006,1889258.861438937
Q,Q_phc
195484.18515135781,36484.185151357815
qm_cb,qm_phc/qm_t,qm_r,qm_v,qm
0.11060161286267793,0.00027723107054027085,0.04443494784638087,0,0.1108788439332182
number of iterations,21,Execution time: ,9.10504150390625
