architecture,t_cbt,t_hxt,eta_hpfp,eta_r,p_cbt,qm_cb0,t0,p0,tpr_hx,Q_hx,pcc,v
after,160,140,0.71,0.71,1330000.0,0.10998,25.2,345000.0,0.95,159000.0,True,0
P_hpfp,P_rv,p_hpfp
38600.20063117035,48022.72637968034,1889258.8614393095
Q,Q_phc
155761.29600942048,-3238.7039905795245
qm_cb,qm_phc/qm_t,qm_r,qm_v,qm,m_z
0.10998,0.0,0.21413340308572504,0,0.10998,0.0
number of iterations,25,Execution time: ,13.028409481048584
