architecture,t_cbt,t_hxt,eta_hpfp,eta_r,p_cbt,qm_cb0,t0,p0,tpr_hx,Q_hx,pcc,v
after,160,130,0.71,0.71,1330000.0,0.11060161286267793,25.2,345000.0,0.95,159000.0,True,0
P_hpfp,P_rv,p_hpfp
39155.85358344587,32150.63206457822,1889258.8614393023
Q,Q_phc
174565.17090955333,15565.17090955333
qm_cb,qm_phc/qm_t,qm_r,qm_v,qm,qm_pot
0.11060161286267793,0.00011717782010916113,0.1433510158840985,0,0.11071879068278709,0.0008436057935745744
number of iterations,24,Execution time: ,9.466715097427368
