architecture,t_cbt,t_hxt,eta_hpfp,eta_r,p_cbt,qm_cb0,t0,p0,tpr_hx,Q_hx,pcc,v
after,160,100,0.71,0.71,1330000.0,0.11060161286267793,25.2,345000.0,0.95,159000.0,True,0
P_hpfp,P_rv,p_hpfp
39127.4232092122,10020.576304152306,1889258.861438937
Q,Q_phc
196545.133973854,37545.13397385401
qm_cb,qm_phc/qm_t,qm_r,qm_v,qm,qm_pot
0.11060161286267793,0.00027993289160865224,0.044680806663678574,0,0.11088154575428659,0.000599847234994045
number of iterations,21,Execution time: ,8.585680484771729
