architecture,t_cbt,t_hxt,eta_hpfp,eta_r,p_cbt,qm_cb0,t0,p0,tpr_hx,Q_hx,pcc,v
after,160,130,0.71,0.71,1330000.0,0.11060161286267793,25.2,345000.0,0.95,159000.0,True,0
P_hpfp,P_rv,p_hpfp
38856.91427485357,31897.230010121366,1889258.8614393023
Q,Q_phc
173240.38034245247,14240.380342452467
qm_cb,qm_phc/qm_t,qm_r,qm_v,qm
0.11060161286267793,0.00010904925941995769,0.1422298411148753,0,0.11071066212209789
number of iterations,24,Execution time: ,10.5998854637146
