architecture,t_cbt,t_hxt,eta_hpfp,eta_r,p_cbt,qm_cb0,t0,p0,tpr_hx,Q_hx,pcc,v
after,160,130,0.71,0.71,1330000.0,0.10998,25.2,345000.0,0.95,159000.0,True,0
P_hpfp,P_rv,p_hpfp
38636.60108916187,31704.036951734244,1889258.8614392783
Q,Q_phc
172272.15624543134,13272.156245431339
qm_cb,qm_phc/qm_t,qm_r,qm_v,qm,m_z
0.10998,0.00010371247570337139,0.14137783329794731,0,0.11008371247570337,0.01037124757033669
number of iterations,23,Execution time: ,12.006442785263062
