architecture,t_cbt,t_hxt,eta_hpfp,eta_r,p_cbt,qm_cb0,t0,p0,tpr_hx,Q_hx,pcc,v
after,160,140,0.71,0.71,1330000.0,0.11,25.2,345000.0,0.95,149000.0,True,0
P_hpfp,P_rv,p_hpfp
38621.440397120394,48050.3323741061,1889366.2728249198
Q,Q_phc
155875.21136494377,6875.211364943767
qm_cb,qm_phc/qm_t,qm_r,qm_v,qm,m_z
0.11,5.444283098903207e-05,0.21414662687545036,0,0.11005444283098903,0.005444283098903207
number of iterations,21,Execution time: ,9.775607347488403
