architecture,t_cbt,t_hxt,eta_hpfp,eta_r,p_cbt,qm_cb0,t0,p0,tpr_hx,Q_hx,pcc,v
after,160,120,0.71,0.71,1330000.0,0.11060161286267793,25.2,345000.0,0.95,159000.0,True,0
P_hpfp,P_rv,p_hpfp
39142.92893625788,21861.18285495811,1889258.8614392783
Q,Q_phc
184786.38692855748,25786.386928557476
qm_cb,qm_phc/qm_t,qm_r,qm_v,qm,qm_pot
0.11060161286267793,0.00019367840743659377,0.09749343398276719,0,0.11079529127011452,0.0007302804538335612
number of iterations,23,Execution time: ,9.17733907699585
