architecture,t_cbt,t_hxt,eta_hpfp,eta_r,p_cbt,qm_cb0,t0,p0,tpr_hx,Q_hx,pcc,v
after,160,100,0.71,0.71,1330000.0,0.10998,25.2,345000.0,0.95,159000.0,True,0
P_hpfp,P_rv,p_hpfp
38696.56735991708,9912.556196788055,1889258.8614380676
Q,Q_phc
194380.22001494686,35380.220014946855
qm_cb,qm_phc/qm_t,qm_r,qm_v,qm,m_z
0.10998,0.00027456885358126404,0.044193990164662474,0,0.11025456885358126,0.02745688535812657
number of iterations,20,Execution time: ,10.654850006103516
