architecture,t_cbt,t_hxt,eta_hpfp,eta_r,p_cbt,qm_cb0,t0,p0,tpr_hx,Q_hx,pcc,v
after,160,140,0.71,0.71,1330000.0,0.11060161286267793,25.2,345000.0,0.95,159000.0,True,0
P_hpfp,P_rv,p_hpfp
39179.01443173147,48744.32948977164,1889258.8614393123
Q,Q_phc
158093.74673120823,-906.2532687917701
qm_cb,qm_phc/qm_t,qm_r,qm_v,qm,qm_pot
0.11060161286267793,2.3852447794681098e-18,0.21736048665269647,0,0.11060161286267793,0.0010267732296064373
number of iterations,27,Execution time: ,11.432992696762085
