architecture,t_cbt,t_hxt,eta_hpfp,eta_r,p_cbt,qm_cb0,t0,p0,tpr_hx,Q_hx,pcc,v
after,160,130,0.71,0.71,1330000.0,0.11060161286267793,25.2,345000.0,0.95,159000.0,True,0
P_hpfp,P_rv,p_hpfp
39152.65778992043,32148.09517332806,1889258.8614393023
Q,Q_phc
174550.83622313902,15550.83622313902
qm_cb,qm_phc/qm_t,qm_r,qm_v,qm,qm_pot
0.11060161286267793,0.0001190706642802148,0.14333958592206045,0,0.11072068352695814,0.0008326075321615761
number of iterations,24,Execution time: ,10.056096076965332
