architecture,t_cbt,t_hxt,eta_hpfp,eta_r,p_cbt,qm_cb0,t0,p0,tpr_hx,Q_hx,pcc,v
after,160,130,0.71,0.71,1330000.0,0.11060161286267793,25.2,345000.0,0.95,159000.0,True,0
P_hpfp,P_rv,p_hpfp
42744.36339637456,39137.44654928751,1889258.8614380676
Q,Q_phc
161920.8536895693,2920.8536895693105
qm_cb,qm_phc/qm_t,qm_r,qm_v,qm
0.11060161286267793,2.1993791622654246e-05,0.11339917201060062,0,0.11062360665430059
number of iterations,20,Execution time: ,8.962489128112793
