architecture,t_cbt,t_hxt,eta_hpfp,eta_r,p_cbt,qm_cb0,t0,p0,tpr_hx,Q_hx,pcc,v
after,160,120,0.71,0.71,1330000.0,0.11060161286267793,25.2,345000.0,0.95,159000.0,True,0
P_hpfp,P_rv,p_hpfp
39137.68992730176,21858.267871710497,1889258.8614392783
Q,Q_phc
184761.6435709941,25761.643570994114
qm_cb,qm_phc/qm_t,qm_r,qm_v,qm,qm_pot
0.11060161286267793,0.00019691753299247905,0.0974804092342046,0,0.1107985303956704,0.0007121144057152482
number of iterations,23,Execution time: ,8.898335218429565
