architecture,t_cbt,t_hxt,eta_hpfp,eta_r,p_cbt,qm_cb0,t0,p0,tpr_hx,Q_hx,pcc,v
after,160,110,0.71,0.71,1330000.0,0.10998,25.2,345000.0,0.95,159000.0,True,0
P_hpfp,P_rv,p_hpfp
38683.30252863004,14791.704742505928,1889258.8614380676
Q,Q_phc
189431.04176389606,30431.041763896064
qm_cb,qm_phc/qm_t,qm_r,qm_v,qm,m_z
0.10998,0.00023677459031069825,0.06594033614193769,0,0.11021677459031069,0.023677459031069603
number of iterations,20,Execution time: ,10.628320693969727
