architecture,t_cbt,t_hxt,eta_hpfp,eta_r,p_cbt,qm_cb0,t0,p0,tpr_hx,Q_hx,pcc,v
after,170,100,0.71,0.71,1330000.0,0.10998,25.2,345000.0,0.95,159000.0,True,0
P_hpfp,P_rv,p_hpfp
38749.24060094673,9147.962291776683,1889258.8614351866
Q,Q_phc
213633.55783954257,54633.55783954257
qm_cb,qm_phc/qm_t,qm_r,qm_v,qm,m_z
0.10998,0.0004246458731745617,0.038371208543453196,0,0.11040464587317456,0.04246458731745677
number of iterations,19,Execution time: ,10.5727698802948
