architecture,t_cbt,t_hxt,eta_hpfp,eta_r,p_cbt,qm_cb0,t0,p0,tpr_hx,Q_hx,pcc,v
after,170,130,0.71,0.71,1330000.0,0.11044461989789839,25.2,345000.0,0.95,159000.0,True,0
P_hpfp,P_rv,p_hpfp
39139.92981498084,27304.4058688491,1889258.8614391992
Q,Q_phc
197721.47533892447,38721.47533892447
qm_cb,qm_phc/qm_t,qm_r,qm_v,qm,qm_pot
0.11044461989789839,0.0002976728418927246,0.11456250105619165,0,0.11074229273979111,0.0007747339231797371
number of iterations,22,Execution time: ,8.607441663742065
