architecture,t_cbt,t_hxt,eta_hpfp,eta_r,p_cbt,qm_cb0,t0,p0,tpr_hx,Q_hx,pcc,v
after,170,100,0.71,0.71,1330000.0,0.11,25.2,345000.0,0.95,149000.0,True,0
P_hpfp,P_rv,p_hpfp
38780.258749843015,9163.312221007414,1889366.2728249193
Q,Q_phc
213828.25957802666,64828.25957802666
qm_cb,qm_phc/qm_t,qm_r,qm_v,qm,m_z
0.11,0.0005066052312078563,0.03840310722435124,0,0.11050660523120785,0.050660523120785624
number of iterations,15,Execution time: ,6.8583502769470215
