architecture,t_cbt,t_hxt,eta_hpfp,eta_r,p_cbt,qm_cb0,t0,p0,tpr_hx,Q_hx,pcc,v
after,170,110,0.71,0.71,1330000.0,0.11044461989789839,25.2,345000.0,0.95,159000.0,True,0
P_hpfp,P_rv,p_hpfp
38900.684537065936,13446.71270994944,1889258.8614380676
Q,Q_phc
210203.68367388443,51203.68367388443
qm_cb,qm_phc/qm_t,qm_r,qm_v,qm
0.11044461989789839,0.00039075193954883625,0.05641161375337308,0,0.11083537183744722
number of iterations,20,Execution time: ,8.24622106552124
