architecture,t_cbt,t_hxt,eta_hpfp,eta_r,p_cbt,qm_cb0,t0,p0,tpr_hx,Q_hx,pcc,v
after,170,120,0.71,0.71,1330000.0,0.11044461989789839,25.2,345000.0,0.95,159000.0,True,0
P_hpfp,P_rv,p_hpfp
38885.64677507364,19149.834478280183,1889258.861438937
Q,Q_phc
204414.10580630216,45414.10580630216
qm_cb,qm_phc/qm_t,qm_r,qm_v,qm
0.11044461989789839,0.0003479065251985325,0.08035178310491262,0,0.11079252642309692
number of iterations,21,Execution time: ,9.24217677116394
