architecture,t_cbt,t_hxt,eta_hpfp,eta_r,p_cbt,qm_cb0,t0,p0,tpr_hx,Q_hx,pcc,v
after,170,140,0.71,0.71,1330000.0,0.11044461989789839,25.2,345000.0,0.95,159000.0,True,0
P_hpfp,P_rv,p_hpfp
39157.00806644834,39121.311513567955,1889258.8614393023
Q,Q_phc
186002.75711054952,27002.757110549515
qm_cb,qm_phc/qm_t,qm_r,qm_v,qm,qm_pot
0.11044461989789839,0.0002083205367439786,0.1641615766731448,0,0.11065294043464237,0.0009127453810813555
number of iterations,24,Execution time: ,9.490036010742188
