architecture,t_cbt,t_hxt,eta_hpfp,eta_r,p_cbt,qm_cb0,t0,p0,tpr_hx,Q_hx,pcc,v
after,170,130,0.71,0.71,1330000.0,0.10998,25.2,345000.0,0.95,159000.0,True,0
P_hpfp,P_rv,p_hpfp
38700.83168235718,26988.1907953721,1889258.861438937
Q,Q_phc
195515.01130029984,36515.01130029984
qm_cb,qm_phc/qm_t,qm_r,qm_v,qm,m_z
0.10998,0.00028671879500316577,0.11324259823866221,0,0.11026671879500316,0.028671879500317146
number of iterations,21,Execution time: ,11.123709201812744
