architecture,t_cbt,t_hxt,eta_hpfp,eta_r,p_cbt,qm_cb0,t0,p0,tpr_hx,Q_hx,pcc,v
after,170,120,0.71,0.71,1330000.0,0.11044461989789839,25.2,345000.0,0.95,159000.0,True,0
P_hpfp,P_rv,p_hpfp
39137.571002016586,19277.12582685298,1889258.861438937
Q,Q_phc
205735.19393703417,46735.19393703417
qm_cb,qm_phc/qm_t,qm_r,qm_v,qm,qm_pot
0.11044461989789839,0.0003518557136305278,0.08088226995035042,0,0.11079647561152892,0.0007138303493918613
number of iterations,21,Execution time: ,8.378476858139038
