architecture,t_cbt,t_hxt,eta_hpfp,eta_r,p_cbt,qm_cb0,t0,p0,tpr_hx,Q_hx,pcc,v
after,170,120,0.71,0.71,1330000.0,0.11,25.2,345000.0,0.95,149000.0,True,0
P_hpfp,P_rv,p_hpfp
38753.73006634841,19101.68963590322,1889366.2728249195
Q,Q_phc
203737.33875519785,54737.33875519785
qm_cb,qm_phc/qm_t,qm_r,qm_v,qm,m_z
0.11,0.00043112750011452575,0.08008408952101521,0,0.11043112750011452,0.04311275001145257
number of iterations,16,Execution time: ,7.398831129074097
