architecture,t_cbt,t_hxt,eta_hpfp,eta_r,p_cbt,qm_cb0,t0,p0,tpr_hx,Q_hx,pcc,v
after,170,100,0.71,0.71,1330000.0,0.11044461989789839,25.2,345000.0,0.95,159000.0,True,0
P_hpfp,P_rv,p_hpfp
42820.759633088164,11205.589005360811,1889258.8614256384
Q,Q_phc
208491.45108370762,49491.45108370762
qm_cb,qm_phc/qm_t,qm_r,qm_v,qm
0.11044461989789839,0.00037670235336939584,0.030541412295561798,0,0.11082132225126778
number of iterations,18,Execution time: ,7.780619859695435
