architecture,t_cbt,t_hxt,eta_hpfp,eta_r,p_cbt,qm_cb0,t0,p0,tpr_hx,Q_hx,pcc,v
after,170,100,0.71,0.71,1330000.0,0.11044461989789839,25.2,345000.0,0.95,159000.0,True,0
P_hpfp,P_rv,p_hpfp
38911.73686315911,9181.415895356797,1889258.8614380676
Q,Q_phc
214532.5232549121,55532.523254912114
qm_cb,qm_phc/qm_t,qm_r,qm_v,qm
0.11044461989789839,0.0004222420967731483,0.03851962804714669,0,0.11086686199467154
number of iterations,20,Execution time: ,8.298245191574097
