architecture,t_cbt,t_hxt,eta_hpfp,eta_r,p_cbt,qm_cb0,t0,p0,tpr_hx,Q_hx,pcc,v
after,170,120,0.71,0.71,1330000.0,0.11044461989789839,25.2,345000.0,0.95,159000.0,True,0
P_hpfp,P_rv,p_hpfp
39127.99780807417,19272.37500499395,1889258.861438937
Q,Q_phc
205684.90591715157,46684.90591715157
qm_cb,qm_phc/qm_t,qm_r,qm_v,qm,qm_pot
0.11044461989789839,0.0003575380540871457,0.08086236269586888,0,0.11080215795198553,0.0006808721775994999
number of iterations,21,Execution time: ,8.290069580078125
