architecture,t_cbt,t_hxt,eta_hpfp,eta_r,p_cbt,qm_cb0,t0,p0,tpr_hx,Q_hx,pcc,v
after,170,130,0.71,0.71,1330000.0,0.11044461989789839,25.2,345000.0,0.95,159000.0,True,0
P_hpfp,P_rv,p_hpfp
38864.301860328575,27106.583887548233,1889258.8614391992
Q,Q_phc
196334.638796965,37334.63879696501
qm_cb,qm_phc/qm_t,qm_r,qm_v,qm
0.11044461989789839,0.00028709084566957976,0.1137384700604188,0,0.11073171074356797
number of iterations,22,Execution time: ,9.488396644592285
