architecture,t_cbt,t_hxt,eta_hpfp,eta_r,p_cbt,qm_cb0,t0,p0,tpr_hx,Q_hx,pcc,v
after,170,150,0.71,0.71,1330000.0,0.11044461989789839,25.2,345000.0,0.95,159000.0,True,0
P_hpfp,P_rv,p_hpfp
39185.51276030732,58060.84684603145,1889258.8614393119
Q,Q_phc
167227.1028551433,8227.102855143312
qm_cb,qm_phc/qm_t,qm_r,qm_v,qm,qm_pot
0.11044461989789839,6.231807066327494e-05,0.2436041034961475,0,0.11050693796856166,0.0011399630849015217
number of iterations,26,Execution time: ,10.403384923934937
