architecture,t_cbt,t_hxt,eta_hpfp,eta_r,p_cbt,qm_cb0,t0,p0,tpr_hx,Q_hx,pcc,v
after,170,110,0.71,0.71,1330000.0,0.11044461989789839,25.2,345000.0,0.95,159000.0,True,0
P_hpfp,P_rv,p_hpfp
42804.53065899811,16808.745909399164,1889258.8614256384
Q,Q_phc
202805.02948278346,43805.02948278346
qm_cb,qm_phc/qm_t,qm_r,qm_v,qm
0.11044461989789839,0.0003347013150213629,0.045818098759710685,0,0.11077932121291975
number of iterations,18,Execution time: ,7.92124080657959
