architecture,t_cbt,t_hxt,eta_hpfp,eta_r,p_cbt,qm_cb0,t0,p0,tpr_hx,Q_hx,pcc,v
after,170,110,0.71,0.71,1330000.0,0.11,25.2,345000.0,0.95,149000.0,True,0
P_hpfp,P_rv,p_hpfp
38769.11464441936,13397.374241765681,1889366.2728249195
Q,Q_phc
209530.1174901201,60530.11749012009
qm_cb,qm_phc/qm_t,qm_r,qm_v,qm,m_z
0.11,0.00047483418868343616,0.05618237864523518,0,0.11047483418868344,0.04748341886834361
number of iterations,16,Execution time: ,7.528957366943359
