architecture,t_cbt,t_hxt,eta_hpfp,eta_r,p_cbt,qm_cb0,t0,p0,tpr_hx,Q_hx,pcc,v
after,170,120,0.71,0.71,1330000.0,0.11044461989789839,25.2,345000.0,0.95,159000.0,True,0
P_hpfp,P_rv,p_hpfp
42782.94435058574,24144.320907798752,1889258.8614256384
Q,Q_phc
195358.7033415905,36358.7033415905
qm_cb,qm_phc/qm_t,qm_r,qm_v,qm
0.11044461989789839,0.00027883534577466396,0.06580970834025031,0,0.11072345524367305
number of iterations,18,Execution time: ,7.63999342918396
