architecture,t_cbt,t_hxt,eta_hpfp,eta_r,p_cbt,qm_cb0,t0,p0,tpr_hx,Q_hx,pcc,v
after,170,150,0.71,0.71,1330000.0,0.11,25.2,345000.0,0.95,149000.0,True,0
P_hpfp,P_rv,p_hpfp
38646.89811699464,57277.31053585973,1889366.2728249198
Q,Q_phc
164947.4201410765,15947.420141076494
qm_cb,qm_phc/qm_t,qm_r,qm_v,qm,m_z
0.11,0.00012723486548376253,0.24015753038184365,0,0.11012723486548376,0.012723486548376253
number of iterations,20,Execution time: ,9.214139461517334
