architecture,t_cbt,t_hxt,eta_hpfp,eta_r,p_cbt,qm_cb0,t0,p0,tpr_hx,Q_hx,pcc,v
after,180,120,0.71,0.71,1330000.0,0.11028832850411228,25.2,345000.0,0.95,159000.0,True,0
P_hpfp,P_rv,p_hpfp
39119.6093873254,17434.349561099967,1889258.8614380676
Q,Q_phc
225824.58880070364,66824.58880070364
qm_cb,qm_phc/qm_t,qm_r,qm_v,qm,qm_pot
0.11028832850411228,0.0005124188714190414,0.06907442629583299,0,0.11080074737553132,0.0006583825646774222
number of iterations,20,Execution time: ,7.972762107849121
