architecture,t_cbt,t_hxt,eta_hpfp,eta_r,p_cbt,qm_cb0,t0,p0,tpr_hx,Q_hx,pcc,v
after,180,110,0.71,0.71,1330000.0,0.10998,25.2,345000.0,0.95,159000.0,True,0
P_hpfp,P_rv,p_hpfp
38791.762246419625,12353.122121478456,1889258.8614351866
Q,Q_phc
228869.09559715274,69869.09559715274
qm_cb,qm_phc/qm_t,qm_r,qm_v,qm,m_z
0.10998,0.0005457988851451934,0.04894117852684108,0,0.11052579888514519,0.05457988851451901
number of iterations,19,Execution time: ,9.945205211639404
