architecture,t_cbt,t_hxt,eta_hpfp,eta_r,p_cbt,qm_cb0,t0,p0,tpr_hx,Q_hx,pcc,v
after,180,130,0.71,0.71,1330000.0,0.10998,25.2,345000.0,0.95,159000.0,True,0
P_hpfp,P_rv,p_hpfp
38761.00501759167,23845.05532431295,1889258.8614380676
Q,Q_phc
217185.90201930839,58185.902019308385
qm_cb,qm_phc/qm_t,qm_r,qm_v,qm,m_z
0.10998,0.0004581651425948907,0.09448616697749186,0,0.11043816514259489,0.045816514259489405
number of iterations,20,Execution time: ,10.175887107849121
