architecture,t_cbt,t_hxt,eta_hpfp,eta_r,p_cbt,qm_cb0,t0,p0,tpr_hx,Q_hx,pcc,v
after,180,100,0.71,0.71,1330000.0,0.11,25.2,345000.0,0.95,149000.0,True,0
P_hpfp,P_rv,p_hpfp
38832.93460964203,8569.462288425657,1889366.2728249193
Q,Q_phc
232942.7502719636,83942.7502719636
qm_cb,qm_phc/qm_t,qm_r,qm_v,qm,m_z
0.11,0.0006566539409106939,0.0339242285561272,0,0.11065665394091069,0.06566539409106939
number of iterations,15,Execution time: ,6.838338136672974
