architecture,t_cbt,t_hxt,eta_hpfp,eta_r,p_cbt,qm_cb0,t0,p0,tpr_hx,Q_hx,pcc,v
after,180,110,0.71,0.71,1330000.0,0.11028832850411228,25.2,345000.0,0.95,159000.0,True,0
P_hpfp,P_rv,p_hpfp
38897.658161040585,12382.517667369186,1889258.8614380676
Q,Q_phc
229496.25303632804,70496.25303632804
qm_cb,qm_phc/qm_t,qm_r,qm_v,qm
0.11028832850411228,0.000538420618437202,0.049064886416152656,0,0.11082674912254949
number of iterations,20,Execution time: ,8.447827816009521
