architecture,t_cbt,t_hxt,eta_hpfp,eta_r,p_cbt,qm_cb0,t0,p0,tpr_hx,Q_hx,pcc,v
after,180,140,0.71,0.71,1330000.0,0.11028832850411228,25.2,345000.0,0.95,159000.0,True,0
P_hpfp,P_rv,p_hpfp
42724.643094052575,41711.89172157328,1889258.8614256384
Q,Q_phc
195695.93834989142,36695.938349891425
qm_cb,qm_phc/qm_t,qm_r,qm_v,qm
0.11028832850411228,0.0002842414588399844,0.10735624032433742,0,0.11057256996295227
number of iterations,18,Execution time: ,7.32021689414978
