architecture,t_cbt,t_hxt,eta_hpfp,eta_r,p_cbt,qm_cb0,t0,p0,tpr_hx,Q_hx,pcc,v
after,180,100,0.71,0.71,1330000.0,0.11028832850411228,25.2,345000.0,0.95,159000.0,True,0
P_hpfp,P_rv,p_hpfp
38907.15581325971,8586.433101644994,1889258.8614351866
Q,Q_phc
233351.39721124302,74351.39721124302
qm_cb,qm_phc/qm_t,qm_r,qm_v,qm
0.11028832850411228,0.0005654812176532215,0.03400778274329241,0,0.1108538097217655
number of iterations,19,Execution time: ,8.125141859054565
