architecture,t_cbt,t_hxt,eta_hpfp,eta_r,p_cbt,qm_cb0,t0,p0,tpr_hx,Q_hx,pcc,v
after,180,150,0.71,0.71,1330000.0,0.10998,25.2,345000.0,0.95,159000.0,True,0
P_hpfp,P_rv,p_hpfp
38698.96142150231,46184.65553698321,1889258.8614391992
Q,Q_phc
194460.49067058464,35460.49067058464
qm_cb,qm_phc/qm_t,qm_r,qm_v,qm,m_z
0.10998,0.00028139003279234465,0.18300424174094687,0,0.11026139003279234,0.0281390032792346
number of iterations,22,Execution time: ,11.476189136505127
