architecture,t_cbt,t_hxt,eta_hpfp,eta_r,p_cbt,qm_cb0,t0,p0,tpr_hx,Q_hx,pcc,v
after,180,110,0.71,0.71,1330000.0,0.11028832850411228,25.2,345000.0,0.95,159000.0,True,0
P_hpfp,P_rv,p_hpfp
39111.64198743554,12452.120534156566,1889258.8614380676
Q,Q_phc
230757.273845254,71757.273845254
qm_cb,qm_phc/qm_t,qm_r,qm_v,qm,qm_pot
0.11028832850411228,0.0005478810991564099,0.04933899972445833,0,0.11083620960326869,0.0006002197150903703
number of iterations,20,Execution time: ,8.165913820266724
