architecture,t_cbt,t_hxt,eta_hpfp,eta_r,p_cbt,qm_cb0,t0,p0,tpr_hx,Q_hx,pcc,v
after,180,130,0.71,0.71,1330000.0,0.11028832850411228,25.2,345000.0,0.95,159000.0,True,0
P_hpfp,P_rv,p_hpfp
38867.64623139529,23910.577893504316,1889258.861438937
Q,Q_phc
217781.56849895854,58781.56849895854
qm_cb,qm_phc/qm_t,qm_r,qm_v,qm
0.11028832850411228,0.0004529109821194699,0.09474934278427867,0,0.11074123948623175
number of iterations,21,Execution time: ,8.517949104309082
