architecture,t_cbt,t_hxt,eta_hpfp,eta_r,p_cbt,qm_cb0,t0,p0,tpr_hx,Q_hx,pcc,v
after,180,120,0.71,0.71,1330000.0,0.11028832850411228,25.2,345000.0,0.95,159000.0,True,0
P_hpfp,P_rv,p_hpfp
42783.0019296311,22060.142792165818,1889258.8614256384
Q,Q_phc
215671.96955568198,56671.96955568198
qm_cb,qm_phc/qm_t,qm_r,qm_v,qm
0.11028832850411228,0.00043527575573878985,0.05678973201229455,0,0.11072360425985107
number of iterations,18,Execution time: ,7.295625686645508
