architecture,t_cbt,t_hxt,eta_hpfp,eta_r,p_cbt,qm_cb0,t0,p0,tpr_hx,Q_hx,pcc,v
after,180,160,0.71,0.71,1330000.0,0.11028832850411228,25.2,345000.0,0.95,159000.0,True,0
P_hpfp,P_rv,p_hpfp
39192.57729521883,68065.38515314713,1889258.8614393095
Q,Q_phc
175647.29229415665,16647.29229415665
qm_cb,qm_phc/qm_t,qm_r,qm_v,qm,qm_pot
0.11028832850411228,0.0001294094463316971,0.2696376686169714,0,0.11041773795044398,0.0012492912926155778
number of iterations,25,Execution time: ,9.72367811203003
