architecture,t_cbt,t_hxt,eta_hpfp,eta_r,p_cbt,qm_cb0,t0,p0,tpr_hx,Q_hx,pcc,v
after,180,140,0.71,0.71,1330000.0,0.11,25.2,345000.0,0.95,149000.0,True,0
P_hpfp,P_rv,p_hpfp
38767.642822121226,32979.90045699279,1889366.2728249198
Q,Q_phc
208126.24534010154,59126.24534010154
qm_cb,qm_phc/qm_t,qm_r,qm_v,qm,m_z
0.11,0.00047084950079323394,0.1306074343532687,0,0.11047084950079324,0.047084950079323395
number of iterations,17,Execution time: ,7.233184337615967
