architecture,t_cbt,t_hxt,eta_hpfp,eta_r,p_cbt,qm_cb0,t0,p0,tpr_hx,Q_hx,pcc,v
after,180,160,0.71,0.71,1330000.0,0.10998,25.2,345000.0,0.95,159000.0,True,0
P_hpfp,P_rv,p_hpfp
38639.661828801545,67094.33188865209,1889258.8614392783
Q,Q_phc
173182.06646025015,14182.06646025015
qm_cb,qm_phc/qm_t,qm_r,qm_v,qm,m_z
0.10998,0.0001124331595357686,0.2657885519640345,0,0.11009243315953576,0.011243315953577323
number of iterations,23,Execution time: ,12.699303388595581
