architecture,t_cbt,t_hxt,eta_hpfp,eta_r,p_cbt,qm_cb0,t0,p0,tpr_hx,Q_hx,pcc,v
after,180,160,0.71,0.71,1330000.0,0.11028832850411228,25.2,345000.0,0.95,159000.0,True,0
P_hpfp,P_rv,p_hpfp
42614.813732033035,80193.49539724368,1889258.8614351866
Q,Q_phc
156604.046353639,-2395.953646361013
qm_cb,qm_phc/qm_t,qm_r,qm_v,qm
0.11028832850411228,0.0,0.20638497776178083,0,0.11028832850411228
number of iterations,19,Execution time: ,8.215190887451172
