architecture,t_cbt,t_hxt,eta_hpfp,eta_r,p_cbt,qm_cb0,t0,p0,tpr_hx,Q_hx,pcc,v
after,180,130,0.71,0.71,1330000.0,0.11028832850411228,25.2,345000.0,0.95,159000.0,True,0
P_hpfp,P_rv,p_hpfp
39129.8198458544,24075.572856825056,1889258.861438937
Q,Q_phc
219246.8575829108,60246.8575829108
qm_cb,qm_phc/qm_t,qm_r,qm_v,qm,qm_pot
0.11028832850411228,0.0004640630566482937,0.09539919565561218,0,0.11075239156076058,0.0007358298973904234
number of iterations,21,Execution time: ,8.897334098815918
