architecture,t_cbt,t_hxt,eta_hpfp,eta_r,p_cbt,qm_cb0,t0,p0,tpr_hx,Q_hx,pcc,v
after,180,160,0.71,0.71,1330000.0,0.11,25.2,345000.0,0.95,149000.0,True,0
P_hpfp,P_rv,p_hpfp
38670.73873687382,67192.8622306852,1889366.2728249198
Q,Q_phc
173310.6116264825,24310.61162648251
qm_cb,qm_phc/qm_t,qm_r,qm_v,qm,m_z
0.11,0.00019548601534710478,0.2659811221344868,0,0.11019548601534711,0.019548601534710476
number of iterations,19,Execution time: ,8.789084434509277
