architecture,t_cbt,t_hxt,eta_hpfp,eta_r,p_cbt,qm_cb0,t0,p0,tpr_hx,Q_hx,pcc,v
after,180,130,0.71,0.71,1330000.0,0.11,25.2,345000.0,0.95,149000.0,True,0
P_hpfp,P_rv,p_hpfp
38792.6313091912,23882.43079624523,1889366.2728249195
Q,Q_phc
217379.12496050002,68379.12496050002
qm_cb,qm_phc/qm_t,qm_r,qm_v,qm,m_z
0.11,0.0005419810392543715,0.09456973221673613,0,0.11054198103925438,0.054198103925437155
number of iterations,16,Execution time: ,7.098544359207153
