architecture,t_cbt,t_hxt,eta_hpfp,eta_r,p_cbt,qm_cb0,t0,p0,tpr_hx,Q_hx,pcc,v
after,180,120,0.71,0.71,1330000.0,0.10998,25.2,345000.0,0.95,159000.0,True,0
P_hpfp,P_rv,p_hpfp
38778.71396255455,17283.27154193475,1889258.8614351866
Q,Q_phc
223857.80688863414,64857.806888634135
qm_cb,qm_phc/qm_t,qm_r,qm_v,qm,m_z
0.10998,0.0005086216105190527,0.06847202724256797,0,0.11048862161051905,0.05086216105190476
number of iterations,19,Execution time: ,9.555372476577759
