architecture,t_cbt,t_hxt,eta_hpfp,eta_r,p_cbt,qm_cb0,t0,p0,tpr_hx,Q_hx,pcc,v
after,180,120,0.71,0.71,1330000.0,0.11028832850411228,25.2,345000.0,0.95,159000.0,True,0
P_hpfp,P_rv,p_hpfp
38884.94657964331,17327.228451724925,1889258.8614380676
Q,Q_phc
224472.4973472805,65472.4973472805
qm_cb,qm_phc/qm_t,qm_r,qm_v,qm
0.11028832850411228,0.0005022029305590675,0.0686528042267507,0,0.11079053143467135
number of iterations,20,Execution time: ,8.080581903457642
