architecture,t_cbt,t_hxt,eta_hpfp,eta_r,p_cbt,qm_cb0,t0,p0,tpr_hx,Q_hx,pcc,v
after,180,150,0.71,0.71,1330000.0,0.11028832850411228,25.2,345000.0,0.95,159000.0,True,0
P_hpfp,P_rv,p_hpfp
39171.02866982457,46782.638776254316,1889258.8614392783
Q,Q_phc
196796.04204331842,37796.04204331842
qm_cb,qm_phc/qm_t,qm_r,qm_v,qm,qm_pot
0.11028832850411228,0.00028941757145134104,0.18534416049154748,0,0.11057774607556363,0.0010278870780342129
number of iterations,23,Execution time: ,9.20335078239441
