architecture,t_cbt,t_hxt,eta_hpfp,eta_r,p_cbt,qm_cb0,t0,p0,tpr_hx,Q_hx,pcc,v
after,180,100,0.71,0.71,1330000.0,0.11028832850411228,25.2,345000.0,0.95,159000.0,True,0
P_hpfp,P_rv,p_hpfp
39105.27030631758,8620.241015321568,1889258.8614380676
Q,Q_phc
234549.5320997509,75549.53209975091
qm_cb,qm_phc/qm_t,qm_r,qm_v,qm,qm_pot
0.11028832850411228,0.0005744414954765878,0.034154878427635205,0,0.11086276999958887,0.0005555052000356917
number of iterations,20,Execution time: ,8.197461605072021
