architecture,t_cbt,t_hxt,eta_hpfp,eta_r,p_cbt,qm_cb0,t0,p0,tpr_hx,Q_hx,pcc,v
after,180,130,0.71,0.71,1330000.0,0.11028832850411228,25.2,345000.0,0.95,159000.0,True,0
P_hpfp,P_rv,p_hpfp
39142.4496847599,24083.394380915764,1889258.861438937
Q,Q_phc
219317.57266110074,60317.57266110074
qm_cb,qm_phc/qm_t,qm_r,qm_v,qm,qm_pot
0.11028832850411228,0.0004572496617089878,0.09543015208567604,0,0.11074557816582127,0.0007786280804637901
number of iterations,21,Execution time: ,8.45409083366394
