architecture,t_cbt,t_hxt,eta_hpfp,eta_r,p_cbt,qm_cb0,t0,p0,tpr_hx,Q_hx,pcc,v
after,180,130,0.71,0.71,1330000.0,0.11028832850411228,25.2,345000.0,0.95,159000.0,True,0
P_hpfp,P_rv,p_hpfp
42758.29409959457,30464.457084252983,1889258.8614256384
Q,Q_phc
207130.36137674275,48130.361376742745
qm_cb,qm_phc/qm_t,qm_r,qm_v,qm
0.11028832850411228,0.0003713312013200881,0.07842060210792398,0,0.11065965970543237
number of iterations,18,Execution time: ,6.919808864593506
