architecture,t_cbt,t_hxt,eta_hpfp,eta_r,p_cbt,qm_cb0,t0,p0,tpr_hx,Q_hx,pcc,v
after,180,100,0.71,0.71,1330000.0,0.10998,25.2,345000.0,0.95,159000.0,True,0
P_hpfp,P_rv,p_hpfp
38801.580788952044,8556.77129054643,1889258.8614351866
Q,Q_phc
232726.50193232787,73726.50193232787
qm_cb,qm_phc/qm_t,qm_r,qm_v,qm,m_z
0.10998,0.0005737739549651621,0.033897547232968867,0,0.11055377395496516,0.05737739549651612
number of iterations,19,Execution time: ,9.810574531555176
