architecture,t_cbt,t_hxt,eta_hpfp,eta_r,p_cbt,qm_cb0,t0,p0,tpr_hx,Q_hx,pcc,v
after,190,140,0.71,0.71,1330000.0,0.10998,25.2,345000.0,0.95,159000.0,True,0
P_hpfp,P_rv,p_hpfp
38798.27508016888,29155.08967534711,1889258.8614351866
Q,Q_phc
230203.83341835265,71203.83341835265
qm_cb,qm_phc/qm_t,qm_r,qm_v,qm,m_z
0.10998,0.0005643553030921372,0.10941412028228102,0,0.11054435530309213,0.056435530309214374
number of iterations,19,Execution time: ,10.000322341918945
