architecture,t_cbt,t_hxt,eta_hpfp,eta_r,p_cbt,qm_cb0,t0,p0,tpr_hx,Q_hx,pcc,v
after,190,100,0.71,0.71,1330000.0,0.1101333293105488,25.2,345000.0,0.95,159000.0,True,0
P_hpfp,P_rv,p_hpfp
38902.392128998734,8111.609014811218,1889258.8614351866
Q,Q_phc
251941.24125359269,92941.24125359269
qm_cb,qm_phc/qm_t,qm_r,qm_v,qm
0.1101333293105488,0.0007069077781726579,0.030434859586202016,0,0.11084023708872145
number of iterations,19,Execution time: ,8.071615934371948
