architecture,t_cbt,t_hxt,eta_hpfp,eta_r,p_cbt,qm_cb0,t0,p0,tpr_hx,Q_hx,pcc,v
after,190,110,0.71,0.71,1330000.0,0.1101333293105488,25.2,345000.0,0.95,159000.0,True,0
P_hpfp,P_rv,p_hpfp
39104.64225619388,11647.991867725554,1889258.8614351866
Q,Q_phc
249756.8503776714,90756.85037767139
qm_cb,qm_phc/qm_t,qm_r,qm_v,qm,qm_pot
0.1101333293105488,0.0006931910753035475,0.043706859999302926,0,0.11082652038585235,0.0005899653812331296
number of iterations,19,Execution time: ,7.427055597305298
