architecture,t_cbt,t_hxt,eta_hpfp,eta_r,p_cbt,qm_cb0,t0,p0,tpr_hx,Q_hx,pcc,v
after,190,170,0.71,0.71,1330000.0,0.1101333293105488,25.2,345000.0,0.95,159000.0,True,0
P_hpfp,P_rv,p_hpfp
39202.5232780624,78615.85421332931,1889258.8614393095
Q,Q_phc
183443.29840375215,24443.298403752153
qm_cb,qm_phc/qm_t,qm_r,qm_v,qm,qm_pot
0.1101333293105488,0.0001919170074762258,0.29504120522348554,0,0.11032524631802502,0.0013701209021131663
number of iterations,25,Execution time: ,8.979280233383179
