architecture,t_cbt,t_hxt,eta_hpfp,eta_r,p_cbt,qm_cb0,t0,p0,tpr_hx,Q_hx,pcc,v
after,190,160,0.71,0.71,1330000.0,0.10998,25.2,345000.0,0.95,159000.0,True,0
P_hpfp,P_rv,p_hpfp
38727.919215800095,54375.32856830192,1889258.861438937
Q,Q_phc
204513.27925386254,45513.279253862536
qm_cb,qm_phc/qm_t,qm_r,qm_v,qm,m_z
0.10998,0.0003638968116803226,0.20406470670780136,0,0.11034389681168032,0.03638968116803279
number of iterations,21,Execution time: ,10.810559511184692
