architecture,t_cbt,t_hxt,eta_hpfp,eta_r,p_cbt,qm_cb0,t0,p0,tpr_hx,Q_hx,pcc,v
after,190,140,0.71,0.71,1330000.0,0.1101333293105488,25.2,345000.0,0.95,159000.0,True,0
P_hpfp,P_rv,p_hpfp
42732.4411785691,37389.04966828897,1889258.8614256384
Q,Q_phc
218166.2405529538,59166.240552953794
qm_cb,qm_phc/qm_t,qm_r,qm_v,qm
0.1101333293105488,0.00045942231299410385,0.09116973974452937,0,0.1105927516235429
number of iterations,18,Execution time: ,7.28446102142334
