architecture,t_cbt,t_hxt,eta_hpfp,eta_r,p_cbt,qm_cb0,t0,p0,tpr_hx,Q_hx,pcc,v
after,190,130,0.71,0.71,1330000.0,0.11,25.2,345000.0,0.95,149000.0,True,0
P_hpfp,P_rv,p_hpfp
38850.66528842212,21661.558120399946,1889366.2728249193
Q,Q_phc
238083.76388530518,89083.76388530518
qm_cb,qm_phc/qm_t,qm_r,qm_v,qm,m_z
0.11,0.000707332552978064,0.08124380451048442,0,0.11070733255297806,0.0707332552978064
number of iterations,15,Execution time: ,6.72658896446228
