architecture,t_cbt,t_hxt,eta_hpfp,eta_r,p_cbt,qm_cb0,t0,p0,tpr_hx,Q_hx,pcc,v
after,190,150,0.71,0.71,1330000.0,0.1101333293105488,25.2,345000.0,0.95,159000.0,True,0
P_hpfp,P_rv,p_hpfp
39162.25687379981,39891.69539535414,1889258.861438937
Q,Q_phc
221898.28628855268,62898.286288552685
qm_cb,qm_phc/qm_t,qm_r,qm_v,qm,qm_pot
0.1101333293105488,0.00048316144607504655,0.14969543939701366,0,0.11061649075662384,0.0009641498991945231
number of iterations,21,Execution time: ,8.336392164230347
