architecture,t_cbt,t_hxt,eta_hpfp,eta_r,p_cbt,qm_cb0,t0,p0,tpr_hx,Q_hx,pcc,v
after,190,120,0.71,0.71,1330000.0,0.10998,25.2,345000.0,0.95,159000.0,True,0
P_hpfp,P_rv,p_hpfp
38833.58115430816,15950.444938899414,1889258.8614351866
Q,Q_phc
243644.4923937969,84644.49239379691
qm_cb,qm_phc/qm_t,qm_r,qm_v,qm,m_z
0.10998,0.0006649496515765546,0.05986793515346494,0,0.11064494965157655,0.066494965157656
number of iterations,19,Execution time: ,10.164475917816162
