architecture,t_cbt,t_hxt,eta_hpfp,eta_r,p_cbt,qm_cb0,t0,p0,tpr_hx,Q_hx,pcc,v
after,190,110,0.71,0.71,1330000.0,0.10998,25.2,345000.0,0.95,159000.0,True,0
P_hpfp,P_rv,p_hpfp
38844.79071037881,11574.3146986385,1889258.8614256384
Q,Q_phc
248095.55634043485,89095.55634043485
qm_cb,qm_phc/qm_t,qm_r,qm_v,qm,m_z
0.10998,0.0006968880098295466,0.043425638618636686,0,0.11067688800982954,0.06968880098295457
number of iterations,18,Execution time: ,9.013462781906128
