architecture,t_cbt,t_hxt,eta_hpfp,eta_r,p_cbt,qm_cb0,t0,p0,tpr_hx,Q_hx,pcc,v
after,190,140,0.71,0.71,1330000.0,0.1101333293105488,25.2,345000.0,0.95,159000.0,True,0
P_hpfp,P_rv,p_hpfp
39148.727511108926,29400.26575399863,1889258.861438937
Q,Q_phc
232299.2754932792,73299.27549327919
qm_cb,qm_phc/qm_t,qm_r,qm_v,qm,qm_pot
0.1101333293105488,0.0005598349074557323,0.11035551155246712,0,0.11069316421800453,0.0008489287371136728
number of iterations,21,Execution time: ,8.17917776107788
