architecture,t_cbt,t_hxt,eta_hpfp,eta_r,p_cbt,qm_cb0,t0,p0,tpr_hx,Q_hx,pcc,v
after,190,170,0.71,0.71,1330000.0,0.1101333293105488,25.2,345000.0,0.95,159000.0,True,0
P_hpfp,P_rv,p_hpfp
42563.79070592182,92437.48914143797,1889258.8614256384
Q,Q_phc
162109.21090113418,3109.2109011341818
qm_cb,qm_phc/qm_t,qm_r,qm_v,qm
0.1101333293105488,2.295017804788968e-05,0.22528081076082265,0,0.11015627948859669
number of iterations,18,Execution time: ,7.276910066604614
