architecture,t_cbt,t_hxt,eta_hpfp,eta_r,p_cbt,qm_cb0,t0,p0,tpr_hx,Q_hx,pcc,v
after,190,100,0.71,0.71,1330000.0,0.11,25.2,345000.0,0.95,149000.0,True,0
P_hpfp,P_rv,p_hpfp
38885.139184296924,8107.55933017786,1889366.2728249193
Q,Q_phc
251868.24606926873,102868.24606926873
qm_cb,qm_phc/qm_t,qm_r,qm_v,qm,m_z
0.11,0.0008053789928817945,0.030408147808351244,0,0.1108053789928818,0.08053789928817945
number of iterations,15,Execution time: ,6.8357226848602295
