architecture,t_cbt,t_hxt,eta_hpfp,eta_r,p_cbt,qm_cb0,t0,p0,tpr_hx,Q_hx,pcc,v
after,190,170,0.71,0.71,1330000.0,0.1101333293105488,25.2,345000.0,0.95,159000.0,True,0
P_hpfp,P_rv,p_hpfp
38715.16383882304,77684.36901701431,1889258.8614393023
Q,Q_phc
181116.90653024215,22116.90653024215
qm_cb,qm_phc/qm_t,qm_r,qm_v,qm
0.1101333293105488,0.00017345914010855057,0.29149365693829227,0,0.11030678845065735
number of iterations,24,Execution time: ,9.70750880241394
