architecture,t_cbt,t_hxt,eta_hpfp,eta_r,p_cbt,qm_cb0,t0,p0,tpr_hx,Q_hx,pcc,v
after,190,140,0.71,0.71,1330000.0,0.11,25.2,345000.0,0.95,149000.0,True,0
P_hpfp,P_rv,p_hpfp
38830.4951010538,29174.59252768565,1889366.2728249195
Q,Q_phc
230435.87691438865,81435.87691438865
qm_cb,qm_phc/qm_t,qm_r,qm_v,qm,m_z
0.11,0.0006498663495375748,0.10945010812942298,0,0.11064986634953758,0.06498663495375748
number of iterations,16,Execution time: ,7.133342266082764
