architecture,t_cbt,t_hxt,eta_hpfp,eta_r,p_cbt,qm_cb0,t0,p0,tpr_hx,Q_hx,pcc,v
after,190,160,0.71,0.71,1330000.0,0.1101333293105488,25.2,345000.0,0.95,159000.0,True,0
P_hpfp,P_rv,p_hpfp
42641.62157544436,67346.2467771157,1889258.8614256384
Q,Q_phc
187665.9097172863,28665.909717286297
qm_cb,qm_phc/qm_t,qm_r,qm_v,qm
0.1101333293105488,0.0002243786428009764,0.1641704725494241,0,0.11035770795334977
number of iterations,18,Execution time: ,7.192852973937988
