architecture,t_cbt,t_hxt,eta_hpfp,eta_r,p_cbt,qm_cb0,t0,p0,tpr_hx,Q_hx,pcc,v
after,190,120,0.71,0.71,1330000.0,0.1101333293105488,25.2,345000.0,0.95,159000.0,True,0
P_hpfp,P_rv,p_hpfp
42781.576288338634,20517.66736280712,1889258.861393996
Q,Q_phc
235331.46841182487,76331.46841182487
qm_cb,qm_phc/qm_t,qm_r,qm_v,qm
0.1101333293105488,0.0005865853549146954,0.05001073515485181,0,0.11071991466546349
number of iterations,17,Execution time: ,6.285273551940918
