architecture,t_cbt,t_hxt,eta_hpfp,eta_r,p_cbt,qm_cb0,t0,p0,tpr_hx,Q_hx,pcc,v
after,190,130,0.71,0.71,1330000.0,0.10998,25.2,345000.0,0.95,159000.0,True,0
P_hpfp,P_rv,p_hpfp
38818.623897999394,21624.761472610615,1889258.8614351866
Q,Q_phc
237870.18951067558,78870.18951067558
qm_cb,qm_phc/qm_t,qm_r,qm_v,qm,m_z
0.10998,0.0006223333174138063,0.08116313920314228,0,0.1106023333174138,0.062233331741380585
number of iterations,19,Execution time: ,9.594950914382935
