architecture,t_cbt,t_hxt,eta_hpfp,eta_r,p_cbt,qm_cb0,t0,p0,tpr_hx,Q_hx,pcc,v
after,190,150,0.71,0.71,1330000.0,0.1101333293105488,25.2,345000.0,0.95,159000.0,True,0
P_hpfp,P_rv,p_hpfp
42694.58296665598,50005.77955883999,1889258.8614256384
Q,Q_phc
205323.10500745114,46323.105007451144
qm_cb,qm_phc/qm_t,qm_r,qm_v,qm
0.1101333293105488,0.0003614442028851278,0.12192194479262562,0,0.11049477351343392
number of iterations,18,Execution time: ,7.405022621154785
