architecture,t_cbt,t_hxt,eta_hpfp,eta_r,p_cbt,qm_cb0,t0,p0,tpr_hx,Q_hx,pcc,v
after,190,120,0.71,0.71,1330000.0,0.1101333293105488,25.2,345000.0,0.95,159000.0,True,0
P_hpfp,P_rv,p_hpfp
39112.11765868101,16079.146752017401,1889258.8614351866
Q,Q_phc
245375.66670638972,86375.66670638972
qm_cb,qm_phc/qm_t,qm_r,qm_v,qm,qm_pot
0.1101333293105488,0.0006628386888938007,0.06033381223780835,0,0.1107961679994426,0.0006416165962922645
number of iterations,19,Execution time: ,7.055594205856323
