architecture,t_cbt,t_hxt,eta_hpfp,eta_r,p_cbt,qm_cb0,t0,p0,tpr_hx,Q_hx,pcc,v
after,190,150,0.71,0.71,1330000.0,0.1101333293105488,25.2,345000.0,0.95,159000.0,True,0
P_hpfp,P_rv,p_hpfp
39148.53214421369,39877.70967075105,1889258.861438937
Q,Q_phc
221820.52559724962,62820.52559724962
qm_cb,qm_phc/qm_t,qm_r,qm_v,qm,qm_pot
0.1101333293105488,0.0004892893673899433,0.14964291552450032,0,0.11062261867793874,0.000918917640124471
number of iterations,21,Execution time: ,7.902129173278809
