architecture,t_cbt,t_hxt,eta_hpfp,eta_r,p_cbt,qm_cb0,t0,p0,tpr_hx,Q_hx,pcc,v
after,190,170,0.71,0.71,1330000.0,0.10998,25.2,345000.0,0.95,159000.0,True,0
P_hpfp,P_rv,p_hpfp
38661.565161609586,77597.77642756831,1889258.8614391992
Q,Q_phc
180847.2674473198,21847.267447319813
qm_cb,qm_phc/qm_t,qm_r,qm_v,qm,m_z
0.10998,0.00017484031036212044,0.29114666221073726,0,0.11015484031036211,0.01748403103621256
number of iterations,22,Execution time: ,11.144845247268677
