architecture,t_cbt,t_hxt,eta_hpfp,eta_r,p_cbt,qm_cb0,t0,p0,tpr_hx,Q_hx,pcc,v
after,190,110,0.71,0.71,1330000.0,0.1101333293105488,25.2,345000.0,0.95,159000.0,True,0
P_hpfp,P_rv,p_hpfp
39123.165620694046,11653.602391534454,1889258.8614351866
Q,Q_phc
249875.063954932,90875.063954932
qm_cb,qm_phc/qm_t,qm_r,qm_v,qm,qm_pot
0.1101333293105488,0.0006822507315252236,0.04372781760344798,0,0.11081558004207402,0.000653682276799587
number of iterations,19,Execution time: ,7.945770740509033
