architecture,t_cbt,t_hxt,eta_hpfp,eta_r,p_cbt,qm_cb0,t0,p0,tpr_hx,Q_hx,pcc,v
after,190,140,0.71,0.71,1330000.0,0.1101333293105488,25.2,345000.0,0.95,159000.0,True,0
P_hpfp,P_rv,p_hpfp
38848.82245186254,29196.229045428623,1889258.8614380676
Q,Q_phc
230498.52120614247,71498.52120614247
qm_cb,qm_phc/qm_t,qm_r,qm_v,qm
0.1101333293105488,0.0005542776850662318,0.10956473400521091,0,0.11068760699561503
number of iterations,20,Execution time: ,8.189173460006714
