architecture,t_cbt,t_hxt,eta_hpfp,eta_r,p_cbt,qm_cb0,t0,p0,tpr_hx,Q_hx,pcc,v
after,190,140,0.71,0.71,1330000.0,0.1101333293105488,25.2,345000.0,0.95,159000.0,True,0
P_hpfp,P_rv,p_hpfp
39133.011397098504,29388.400634408943,1889258.861438937
Q,Q_phc
232206.08228560782,73206.08228560782
qm_cb,qm_phc/qm_t,qm_r,qm_v,qm,qm_pot
0.1101333293105488,0.0005674210720424416,0.11031101820429275,0,0.11070075038259124,0.0007965644057437421
number of iterations,21,Execution time: ,7.694108486175537
