architecture,t_cbt,t_hxt,eta_hpfp,eta_r,p_cbt,qm_cb0,t0,p0,tpr_hx,Q_hx,pcc,v
after,190,150,0.71,0.71,1330000.0,0.1101333293105488,25.2,345000.0,0.95,159000.0,True,0
P_hpfp,P_rv,p_hpfp
38821.0156842648,39534.82290671494,1889258.861438937
Q,Q_phc
219974.04599439073,60974.04599439073
qm_cb,qm_phc/qm_t,qm_r,qm_v,qm
0.1101333293105488,0.000475050970460994,0.14836536994010802,0,0.11060838028100979
number of iterations,21,Execution time: ,8.004040241241455
