architecture,t_cbt,t_hxt,eta_hpfp,eta_r,p_cbt,qm_cb0,t0,p0,tpr_hx,Q_hx,pcc,v
after,200,150,0.71,0.71,1330000.0,0.10998,25.2,345000.0,0.95,159000.0,True,0
P_hpfp,P_rv,p_hpfp
42705.25971892287,44938.76873023693,1889258.861393996
Q,Q_phc
228398.8699693852,69398.86996938521
qm_cb,qm_phc/qm_t,qm_r,qm_v,qm
0.10998,0.0005424052516839611,0.10404916306107151,0,0.11052240525168396
number of iterations,17,Execution time: ,5.978464841842651
