architecture,t_cbt,t_hxt,eta_hpfp,eta_r,p_cbt,qm_cb0,t0,p0,tpr_hx,Q_hx,pcc,v
after,200,150,0.71,0.71,1330000.0,0.11,25.2,345000.0,0.95,149000.0,True,0
P_hpfp,P_rv,p_hpfp
38867.03699666173,35012.19642525598,1889366.2728249193
Q,Q_phc
242825.0385998885,93825.0385998885
qm_cb,qm_phc/qm_t,qm_r,qm_v,qm,m_z
0.11,0.0007541545234937223,0.12473726389265362,0,0.11075415452349373,0.07541545234937222
number of iterations,15,Execution time: ,6.303705215454102
