architecture,t_cbt,t_hxt,eta_hpfp,eta_r,p_cbt,qm_cb0,t0,p0,tpr_hx,Q_hx,pcc,v
after,200,110,0.71,0.71,1330000.0,0.10998,25.2,345000.0,0.95,159000.0,True,0
P_hpfp,P_rv,p_hpfp
39120.4178128701,11013.215319305986,1889258.8614351866
Q,Q_phc
268594.45065244066,109594.45065244066
qm_cb,qm_phc/qm_t,qm_r,qm_v,qm,qm_pot
0.10998,0.0008230767823869409,0.039258259244654474,0,0.11080307678238693,0.0006583565148247214
number of iterations,19,Execution time: ,7.034763336181641
