architecture,t_cbt,t_hxt,eta_hpfp,eta_r,p_cbt,qm_cb0,t0,p0,tpr_hx,Q_hx,pcc,v
after,200,120,0.71,0.71,1330000.0,0.10998,25.2,345000.0,0.95,159000.0,True,0
P_hpfp,P_rv,p_hpfp
38887.32784924489,14946.474513806068,1889258.8614256384
Q,Q_phc
262997.41294801433,103997.41294801433
qm_cb,qm_phc/qm_t,qm_r,qm_v,qm,m_z
0.10998,0.0008180851657014904,0.05327848354442503,0,0.11079808516570148,0.08180851657014883
number of iterations,18,Execution time: ,8.477498531341553
