architecture,t_cbt,t_hxt,eta_hpfp,eta_r,p_cbt,qm_cb0,t0,p0,tpr_hx,Q_hx,pcc,v
after,200,100,0.71,0.71,1330000.0,0.10998,25.2,345000.0,0.95,159000.0,True,0
P_hpfp,P_rv,p_hpfp
39091.91142469696,7772.339501504416,1889258.8614351866
Q,Q_phc
271631.58108335745,112631.58108335745
qm_cb,qm_phc/qm_t,qm_r,qm_v,qm,qm_pot
0.10998,0.0008562606692214146,0.027701707990642862,0,0.1108362606692214,0.0005439525628287813
number of iterations,19,Execution time: ,6.641079425811768
