architecture,t_cbt,t_hxt,eta_hpfp,eta_r,p_cbt,qm_cb0,t0,p0,tpr_hx,Q_hx,pcc,v
after,200,140,0.71,0.71,1330000.0,0.11,25.2,345000.0,0.95,149000.0,True,0
P_hpfp,P_rv,p_hpfp
38890.072769934435,26474.75670295166,1889366.2728249193
Q,Q_phc
251527.14730772175,102527.14730772175
qm_cb,qm_phc/qm_t,qm_r,qm_v,qm,m_z
0.11,0.0008196113527750305,0.0943400322506289,0,0.11081961135277503,0.08196113527750304
number of iterations,15,Execution time: ,6.244140863418579
