architecture,t_cbt,t_hxt,eta_hpfp,eta_r,p_cbt,qm_cb0,t0,p0,tpr_hx,Q_hx,pcc,v
after,200,130,0.71,0.71,1330000.0,0.11,25.2,345000.0,0.95,149000.0,True,0
P_hpfp,P_rv,p_hpfp
38906.994059941004,19996.280682160846,1889366.2728249193
Q,Q_phc
258126.58352490948,109126.58352490948
qm_cb,qm_phc/qm_t,qm_r,qm_v,qm,m_z
0.11,0.0008677350816658004,0.07126109430273256,0,0.1108677350816658,0.08677350816658004
number of iterations,15,Execution time: ,6.311164617538452
