architecture,t_cbt,t_hxt,eta_hpfp,eta_r,p_cbt,qm_cb0,t0,p0,tpr_hx,Q_hx,pcc,v
after,200,150,0.71,0.71,1330000.0,0.10998,25.2,345000.0,0.95,159000.0,True,0
P_hpfp,P_rv,p_hpfp
38834.4699901273,34948.698016036906,1889258.8614351866
Q,Q_phc
242617.39236301524,83617.39236301524
qm_cb,qm_phc/qm_t,qm_r,qm_v,qm,m_z
0.10998,0.0006674821296930311,0.12459906555924188,0,0.11064748212969303,0.06674821296930267
number of iterations,19,Execution time: ,8.617691993713379
