architecture,t_cbt,t_hxt,eta_hpfp,eta_r,p_cbt,qm_cb0,t0,p0,tpr_hx,Q_hx,pcc,v
after,200,150,0.71,0.71,1330000.0,0.10998,25.2,345000.0,0.95,159000.0,True,0
P_hpfp,P_rv,p_hpfp
39156.466096437485,35249.31134070372,1889258.8614380676
Q,Q_phc
244616.00464966285,85616.00464966285
qm_cb,qm_phc/qm_t,qm_r,qm_v,qm,qm_pot
0.10998,0.0006590911256363257,0.12565937649498368,0,0.11063909112563632,0.0009250505157225959
number of iterations,20,Execution time: ,6.937515020370483
