architecture,t_cbt,t_hxt,eta_hpfp,eta_r,p_cbt,qm_cb0,t0,p0,tpr_hx,Q_hx,pcc,v
after,200,140,0.71,0.71,1330000.0,0.10998,25.2,345000.0,0.95,159000.0,True,0
P_hpfp,P_rv,p_hpfp
38857.430152385336,26453.98111099338,1889258.8614256384
Q,Q_phc
251276.2150906943,92276.21509069431
qm_cb,qm_phc/qm_t,qm_r,qm_v,qm,m_z
0.10998,0.0007329004089667301,0.09429781432117067,0,0.11071290040896672,0.07329004089667368
number of iterations,18,Execution time: ,8.313350915908813
