architecture,t_cbt,t_hxt,eta_hpfp,eta_r,p_cbt,qm_cb0,t0,p0,tpr_hx,Q_hx,pcc,v
after,200,180,0.71,0.71,1330000.0,0.10998,25.2,345000.0,0.95,159000.0,True,0
P_hpfp,P_rv,p_hpfp
38682.26707381342,88555.82601198187,1889258.8614391992
Q,Q_phc
187922.4068912713,28922.406891271297
qm_cb,qm_phc/qm_t,qm_r,qm_v,qm,m_z
0.10998,0.00023382436399264905,0.3156780280814811,0,0.11021382436399264,0.023382436399264492
number of iterations,22,Execution time: ,10.741376638412476
