architecture,t_cbt,t_hxt,eta_hpfp,eta_r,p_cbt,qm_cb0,t0,p0,tpr_hx,Q_hx,pcc,v
after,200,130,0.71,0.71,1330000.0,0.10998,25.2,345000.0,0.95,159000.0,True,0
P_hpfp,P_rv,p_hpfp
38868.25834737956,19976.22864806365,1889258.8614351866
Q,Q_phc
257829.16312672137,98829.16312672137
qm_cb,qm_phc/qm_t,qm_r,qm_v,qm
0.10998,0.0007629835204869262,0.07121311262336581,0,0.11074298352048692
number of iterations,19,Execution time: ,7.198282480239868
