architecture,t_cbt,t_hxt,eta_hpfp,eta_r,p_cbt,qm_cb0,t0,p0,tpr_hx,Q_hx,pcc,v
after,200,130,0.71,0.71,1330000.0,0.10998,25.2,345000.0,0.95,159000.0,True,0
P_hpfp,P_rv,p_hpfp
38874.47122089507,19982.43444635385,1889258.8614256384
Q,Q_phc
257869.5613515021,98869.56135150211
qm_cb,qm_phc/qm_t,qm_r,qm_v,qm,m_z
0.10998,0.0007814539574999696,0.07123186417465446,0,0.11076145395749996,0.07814539574999674
number of iterations,18,Execution time: ,8.251276016235352
