architecture,t_cbt,t_hxt,eta_hpfp,eta_r,p_cbt,qm_cb0,t0,p0,tpr_hx,Q_hx,pcc,v
after,200,180,0.71,0.71,1330000.0,0.10998,25.2,345000.0,0.95,159000.0,True,0
P_hpfp,P_rv,p_hpfp
39213.78634887184,89794.27933798451,1889258.8614393023
Q,Q_phc
190480.72506752342,31480.725067523425
qm_cb,qm_phc/qm_t,qm_r,qm_v,qm,qm_pot
0.10998,0.0002491977814104837,0.32007356029315437,0,0.11022919778141048,0.0014982600473145433
number of iterations,24,Execution time: ,8.473692417144775
