architecture,t_cbt,t_hxt,eta_hpfp,eta_r,p_cbt,qm_cb0,t0,p0,tpr_hx,Q_hx,pcc,v
after,200,180,0.71,0.71,1330000.0,0.10998,25.2,345000.0,0.95,159000.0,True,0
P_hpfp,P_rv,p_hpfp
39221.11263865648,89810.3011762236,1889258.8614393023
Q,Q_phc
190517.0668516949,31517.066851694894
qm_cb,qm_phc/qm_t,qm_r,qm_v,qm,qm_pot
0.10998,0.0002468958498716286,0.32013150081956204,0,0.11022689584987162,0.0015214359573483824
number of iterations,24,Execution time: ,8.767248153686523
