architecture,t_cbt,t_hxt,eta_hpfp,eta_r,p_cbt,qm_cb0,t0,p0,tpr_hx,Q_hx,pcc,v
after,200,150,0.71,0.71,1330000.0,0.10998,25.2,345000.0,0.95,159000.0,True,0
P_hpfp,P_rv,p_hpfp
39137.64309211793,35232.27544807291,1889258.8614380676
Q,Q_phc
244498.50577506496,85498.50577506496
qm_cb,qm_phc/qm_t,qm_r,qm_v,qm,qm_pot
0.10998,0.0006670721851766098,0.12559870173776916,0,0.11064707218517661,0.0008634391741529962
number of iterations,20,Execution time: ,6.9219396114349365
