architecture,t_cbt,t_hxt,eta_hpfp,eta_r,p_cbt,qm_cb0,t0,p0,tpr_hx,Q_hx,pcc,v
after,200,120,0.71,0.71,1330000.0,0.11,25.2,345000.0,0.95,149000.0,True,0
P_hpfp,P_rv,p_hpfp
38919.61640476921,14973.432277676633,1889366.2728249172
Q,Q_phc
263239.66153416125,114239.66153416125
qm_cb,qm_phc/qm_t,qm_r,qm_v,qm,m_z
0.11,0.0009037428606203797,0.05333500089406224,0,0.11090374286062038,0.09037428606203797
number of iterations,14,Execution time: ,6.0424604415893555
