architecture,t_cbt,t_hxt,eta_hpfp,eta_r,p_cbt,qm_cb0,t0,p0,tpr_hx,Q_hx,pcc,v
after,200,100,0.71,0.71,1330000.0,0.10998,25.2,345000.0,0.95,159000.0,True,0
P_hpfp,P_rv,p_hpfp
42805.566335641015,9578.68663086709,1889258.861393996
Q,Q_phc
264400.9707320332,105400.9707320332
qm_cb,qm_phc/qm_t,qm_r,qm_v,qm
0.10998,0.0008020015781157602,0.02216597919203247,0,0.11078200157811575
number of iterations,17,Execution time: ,6.032024383544922
