architecture,t_cbt,t_hxt,eta_hpfp,eta_r,p_cbt,qm_cb0,t0,p0,tpr_hx,Q_hx,pcc,v
after,210,160,0.71,0.71,1330000.0,0.10982854725341087,25.2,345000.0,0.95,159000.0,True,0
P_hpfp,P_rv,p_hpfp
42676.97543544775,53049.17085156709,1889258.8612891329
Q,Q_phc
237867.65985824438,78867.65985824438
qm_cb,qm_phc/qm_t,qm_r,qm_v,qm
0.10982854725341087,0.0006206574993159741,0.1169202272470924,0,0.11044920475272685
number of iterations,16,Execution time: ,6.653940677642822
