architecture,t_cbt,t_hxt,eta_hpfp,eta_r,p_cbt,qm_cb0,t0,p0,tpr_hx,Q_hx,pcc,v
after,210,130,0.71,0.71,1330000.0,0.10998,25.2,345000.0,0.95,159000.0,True,0
P_hpfp,P_rv,p_hpfp
38928.97473317414,18725.71641080228,1889258.861393996
Q,Q_phc
277351.2464836645,118351.2464836645
qm_cb,qm_phc/qm_t,qm_r,qm_v,qm,m_z
0.10998,0.0009367458052349786,0.06355500112522502,0,0.11091674580523497,0.09367458052349832
number of iterations,17,Execution time: ,8.842838287353516
