architecture,t_cbt,t_hxt,eta_hpfp,eta_r,p_cbt,qm_cb0,t0,p0,tpr_hx,Q_hx,pcc,v
after,210,140,0.71,0.71,1330000.0,0.10982854725341087,25.2,345000.0,0.95,159000.0,True,0
P_hpfp,P_rv,p_hpfp
38852.90153228723,24407.034912053823,1889258.8614256384
Q,Q_phc
271089.0273529034,112089.02735290339
qm_cb,qm_phc/qm_t,qm_r,qm_v,qm
0.10982854725341087,0.0008706818120827048,0.08284243251108384,0,0.11069922906549358
number of iterations,18,Execution time: ,7.248918533325195
