architecture,t_cbt,t_hxt,eta_hpfp,eta_r,p_cbt,qm_cb0,t0,p0,tpr_hx,Q_hx,pcc,v
after,210,140,0.71,0.71,1330000.0,0.11,25.2,345000.0,0.95,149000.0,True,0
P_hpfp,P_rv,p_hpfp
38947.38986197425,24481.18832413155,1889366.2728249172
Q,Q_phc
271776.4485012818,122776.44850128179
qm_cb,qm_phc/qm_t,qm_r,qm_v,qm,m_z
0.11,0.000982950069222295,0.08301345028571513,0,0.11098295006922229,0.0982950069222295
number of iterations,14,Execution time: ,10.818589448928833
