architecture,t_cbt,t_hxt,eta_hpfp,eta_r,p_cbt,qm_cb0,t0,p0,tpr_hx,Q_hx,pcc,v
after,210,100,0.71,0.71,1330000.0,0.10998,25.2,345000.0,0.95,159000.0,True,0
P_hpfp,P_rv,p_hpfp
38955.71274376295,7441.939480780081,1889258.8614256384
Q,Q_phc
288838.381154766,129838.38115476602
qm_cb,qm_phc/qm_t,qm_r,qm_v,qm,m_z
0.10998,0.001012927953466039,0.02525506730104692,0,0.11099292795346603,0.10129279534660453
number of iterations,18,Execution time: ,9.62495231628418
