architecture,t_cbt,t_hxt,eta_hpfp,eta_r,p_cbt,qm_cb0,t0,p0,tpr_hx,Q_hx,pcc,v
after,210,130,0.71,0.71,1330000.0,0.10982854725341087,25.2,345000.0,0.95,159000.0,True,0
P_hpfp,P_rv,p_hpfp
39132.618474044015,18821.618637157222,1889258.8614256384
Q,Q_phc
278801.8331296945,119801.83312969451
qm_cb,qm_phc/qm_t,qm_r,qm_v,qm,qm_pot
0.10982854725341087,0.0009112566389621659,0.06388306954276896,0,0.11073980389237303,0.000756391386398139
number of iterations,18,Execution time: ,7.3768110275268555
