architecture,t_cbt,t_hxt,eta_hpfp,eta_r,p_cbt,qm_cb0,t0,p0,tpr_hx,Q_hx,pcc,v
after,210,100,0.71,0.71,1330000.0,0.10982854725341087,25.2,345000.0,0.95,159000.0,True,0
P_hpfp,P_rv,p_hpfp
42800.194899262795,9226.199385658067,1889258.861393996
Q,Q_phc
282530.5833907339,123530.58339073393
qm_cb,qm_phc/qm_t,qm_r,qm_v,qm
0.10982854725341087,0.0009395528972909045,0.020328879774920785,0,0.11076810015070178
number of iterations,17,Execution time: ,7.372039794921875
