architecture,t_cbt,t_hxt,eta_hpfp,eta_r,p_cbt,qm_cb0,t0,p0,tpr_hx,Q_hx,pcc,v
after,210,170,0.71,0.71,1330000.0,0.10982854725341087,25.2,345000.0,0.95,159000.0,True,0
P_hpfp,P_rv,p_hpfp
38774.382670415216,54059.402254548695,1889258.8614380676
Q,Q_phc
240839.4841543553,81839.4841543553
qm_cb,qm_phc/qm_t,qm_r,qm_v,qm
0.10982854725341087,0.0006469667943705126,0.18350558063760178,0,0.11047551404778139
number of iterations,20,Execution time: ,8.721575498580933
