architecture,t_cbt,t_hxt,eta_hpfp,eta_r,p_cbt,qm_cb0,t0,p0,tpr_hx,Q_hx,pcc,v
after,210,180,0.71,0.71,1330000.0,0.10982854725341087,25.2,345000.0,0.95,159000.0,True,0
P_hpfp,P_rv,p_hpfp
39203.92784377864,73209.83294403534,1889258.861438937
Q,Q_phc
224955.96281445853,65955.96281445853
qm_cb,qm_phc/qm_t,qm_r,qm_v,qm,qm_pot
0.10982854725341087,0.0005189270223390468,0.248467134277565,0,0.11034747427574992,0.001351894816531421
number of iterations,21,Execution time: ,8.238365411758423
