architecture,t_cbt,t_hxt,eta_hpfp,eta_r,p_cbt,qm_cb0,t0,p0,tpr_hx,Q_hx,pcc,v
after,210,160,0.71,0.71,1330000.0,0.10998,25.2,345000.0,0.95,159000.0,True,0
P_hpfp,P_rv,p_hpfp
38869.3378298437,41263.278752561324,1889258.8614256384
Q,Q_phc
254360.11160528217,95360.11160528217
qm_cb,qm_phc/qm_t,qm_r,qm_v,qm,m_z
0.10998,0.0007668278587075056,0.1400732976235272,0,0.1107468278587075,0.07668278587075122
number of iterations,18,Execution time: ,9.234720706939697
