architecture,t_cbt,t_hxt,eta_hpfp,eta_r,p_cbt,qm_cb0,t0,p0,tpr_hx,Q_hx,pcc,v
after,210,180,0.71,0.71,1330000.0,0.10982854725341087,25.2,345000.0,0.95,159000.0,True,0
P_hpfp,P_rv,p_hpfp
38723.70847283022,72286.38565719628,1889258.861438937
Q,Q_phc
222227.0977246386,63227.09772463859
qm_cb,qm_phc/qm_t,qm_r,qm_v,qm
0.10982854725341087,0.0005025864677979941,0.24535774937147364,0,0.11033113372120887
number of iterations,21,Execution time: ,8.674970626831055
