architecture,t_cbt,t_hxt,eta_hpfp,eta_r,p_cbt,qm_cb0,t0,p0,tpr_hx,Q_hx,pcc,v
after,210,180,0.71,0.71,1330000.0,0.10982854725341087,25.2,345000.0,0.95,159000.0,True,0
P_hpfp,P_rv,p_hpfp
42566.704277941455,89032.65386391766,1889258.861393996
Q,Q_phc
201132.48960696397,42132.489606963965
qm_cb,qm_phc/qm_t,qm_r,qm_v,qm
0.10982854725341087,0.00033527264605268114,0.19627504989679845,0,0.11016381989946356
number of iterations,17,Execution time: ,6.742097616195679
