architecture,t_cbt,t_hxt,eta_hpfp,eta_r,p_cbt,qm_cb0,t0,p0,tpr_hx,Q_hx,pcc,v
after,210,100,0.71,0.71,1330000.0,0.10982854725341087,25.2,345000.0,0.95,159000.0,True,0
P_hpfp,P_rv,p_hpfp
39085.607196154786,7472.193875467599,1889258.8614256384
Q,Q_phc
289793.7132306137,130793.71323061368
qm_cb,qm_phc/qm_t,qm_r,qm_v,qm,qm_pot
0.10982854725341087,0.0009940159270854835,0.02535149829520189,0,0.11082256318049635,0.0005396881194603362
number of iterations,18,Execution time: ,7.136165618896484
