architecture,t_cbt,t_hxt,eta_hpfp,eta_r,p_cbt,qm_cb0,t0,p0,tpr_hx,Q_hx,pcc,v
after,210,110,0.71,0.71,1330000.0,0.10982854725341087,25.2,345000.0,0.95,159000.0,True,0
P_hpfp,P_rv,p_hpfp
42789.71056606534,13350.757789528707,1889258.861393996
Q,Q_phc
278334.5562627035,119334.5562627035
qm_cb,qm_phc/qm_t,qm_r,qm_v,qm
0.10982854725341087,0.0009124191500647083,0.02942680044098652,0,0.11074096640347558
number of iterations,17,Execution time: ,6.869037389755249
