architecture,t_cbt,t_hxt,eta_hpfp,eta_r,p_cbt,qm_cb0,t0,p0,tpr_hx,Q_hx,pcc,v
after,210,170,0.71,0.71,1330000.0,0.10982854725341087,25.2,345000.0,0.95,159000.0,True,0
P_hpfp,P_rv,p_hpfp
42630.65010717842,68364.67210830109,1889258.861393996
Q,Q_phc
222236.3719339227,63236.371933922695
qm_cb,qm_phc/qm_t,qm_r,qm_v,qm
0.10982854725341087,0.0005007662386358747,0.1507252603001763,0,0.11032931349204675
number of iterations,17,Execution time: ,7.131357669830322
