architecture,t_cbt,t_hxt,eta_hpfp,eta_r,p_cbt,qm_cb0,t0,p0,tpr_hx,Q_hx,pcc,v
after,210,120,0.71,0.71,1330000.0,0.10982854725341087,25.2,345000.0,0.95,159000.0,True,0
P_hpfp,P_rv,p_hpfp
42776.59507030823,18332.320165720354,1889258.861393996
Q,Q_phc
273263.5892738548,114263.5892738548
qm_cb,qm_phc/qm_t,qm_r,qm_v,qm
0.10982854725341087,0.0008784758806247017,0.040413986064244484,0,0.11070702313403558
number of iterations,17,Execution time: ,7.122809410095215
