architecture,t_cbt,t_hxt,eta_hpfp,eta_r,p_cbt,qm_cb0,t0,p0,tpr_hx,Q_hx,pcc,v
after,210,190,0.71,0.71,1330000.0,0.10982854725341087,25.2,345000.0,0.95,159000.0,True,0
P_hpfp,P_rv,p_hpfp
42475.07056615148,118148.25650873648,1889258.861393996
Q,Q_phc
171392.24595271453,12392.245952714526
qm_cb,qm_phc/qm_t,qm_r,qm_v,qm
0.10982854725341087,9.812203987850932e-05,0.26045572818724627,0,0.10992666929328938
number of iterations,17,Execution time: ,7.715386152267456
