architecture,t_cbt,t_hxt,eta_hpfp,eta_r,p_cbt,qm_cb0,t0,p0,tpr_hx,Q_hx,pcc,v
after,210,130,0.71,0.71,1330000.0,0.10982854725341087,25.2,345000.0,0.95,159000.0,True,0
P_hpfp,P_rv,p_hpfp
38866.95744197261,18691.263018150174,1889258.8614256384
Q,Q_phc
276911.7015835639,117911.70158356387
qm_cb,qm_phc/qm_t,qm_r,qm_v,qm
0.10982854725341087,0.0009107297442736556,0.06344318699533133,0,0.11073927699768453
number of iterations,18,Execution time: ,7.416064977645874
