architecture,t_cbt,t_hxt,eta_hpfp,eta_r,p_cbt,qm_cb0,t0,p0,tpr_hx,Q_hx,pcc,v
after,210,170,0.71,0.71,1330000.0,0.10998,25.2,345000.0,0.95,159000.0,True,0
P_hpfp,P_rv,p_hpfp
38833.52425415465,54124.06878364299,1889258.8614351866
Q,Q_phc
241226.9389857958,82226.9389857958
qm_cb,qm_phc/qm_t,qm_r,qm_v,qm,m_z
0.10998,0.000664787531204622,0.1837440579975032,0,0.11064478753120462,0.06647875312046281
number of iterations,19,Execution time: ,9.663117408752441
