architecture,t_cbt,t_hxt,eta_hpfp,eta_r,p_cbt,qm_cb0,t0,p0,tpr_hx,Q_hx,pcc,v
after,210,160,0.71,0.71,1330000.0,0.11,25.2,345000.0,0.95,149000.0,True,0
P_hpfp,P_rv,p_hpfp
38902.50882285539,41320.05036013507,1889366.2728249193
Q,Q_phc
254596.19386785795,105596.19386785795
qm_cb,qm_phc/qm_t,qm_r,qm_v,qm,m_z
0.11,0.0008551926499441361,0.14013453773013193,0,0.11085519264994413,0.0855192649944136
number of iterations,15,Execution time: ,10.057799577713013
