architecture,t_cbt,t_hxt,eta_hpfp,eta_r,p_cbt,qm_cb0,t0,p0,tpr_hx,Q_hx,pcc,v
after,210,180,0.71,0.71,1330000.0,0.10982854725341087,25.2,345000.0,0.95,159000.0,True,0
P_hpfp,P_rv,p_hpfp
39188.42793488494,73181.25289331957,1889258.861438937
Q,Q_phc
224866.65818056068,65866.65818056068
qm_cb,qm_phc/qm_t,qm_r,qm_v,qm,qm_pot
0.10982854725341087,0.0005233775203226864,0.2483696749150506,0,0.11035192477373357,0.0013032821608345497
number of iterations,21,Execution time: ,8.264187097549438
