architecture,t_cbt,t_hxt,eta_hpfp,eta_r,p_cbt,qm_cb0,t0,p0,tpr_hx,Q_hx,pcc,v
after,210,140,0.71,0.71,1330000.0,0.10982854725341087,25.2,345000.0,0.95,159000.0,True,0
P_hpfp,P_rv,p_hpfp
39116.94786651274,24555.20980941163,1889258.8614351866
Q,Q_phc
272949.05901822424,113949.05901822424
qm_cb,qm_phc/qm_t,qm_r,qm_v,qm,qm_pot
0.10982854725341087,0.0008849013604337684,0.08336552062032809,0,0.11071344861384465,0.000738098153107899
number of iterations,19,Execution time: ,7.285753488540649
