architecture,t_cbt,t_hxt,eta_hpfp,eta_r,p_cbt,qm_cb0,t0,p0,tpr_hx,Q_hx,pcc,v
after,210,110,0.71,0.71,1330000.0,0.10982854725341087,25.2,345000.0,0.95,159000.0,True,0
P_hpfp,P_rv,p_hpfp
38886.01857168267,10447.89491601126,1889258.8614256384
Q,Q_phc
285300.0392645375,126300.03926453751
qm_cb,qm_phc/qm_t,qm_r,qm_v,qm
0.10982854725341087,0.0009650384903596293,0.03545738133533673,0,0.1107935857437705
number of iterations,18,Execution time: ,7.18698787689209
