architecture,t_cbt,t_hxt,eta_hpfp,eta_r,p_cbt,qm_cb0,t0,p0,tpr_hx,Q_hx,pcc,v
after,210,140,0.71,0.71,1330000.0,0.10982854725341087,25.2,345000.0,0.95,159000.0,True,0
P_hpfp,P_rv,p_hpfp
42738.97466595096,31901.187528414175,1889258.8612891329
Q,Q_phc
259438.27434165194,100438.27434165194
qm_cb,qm_phc/qm_t,qm_r,qm_v,qm
0.10982854725341087,0.0007811132400167009,0.07031159254222678,0,0.11060966049342758
number of iterations,16,Execution time: ,6.239623785018921
