architecture,t_cbt,t_hxt,eta_hpfp,eta_r,p_cbt,qm_cb0,t0,p0,tpr_hx,Q_hx,pcc,v
after,220,190,0.71,0.71,1330000.0,0.10998,25.2,345000.0,0.95,159000.0,True,0
P_hpfp,P_rv,p_hpfp
38806.230520404315,82091.76231846712,1889258.8614351866
Q,Q_phc
230647.53407358116,71647.53407358116
qm_cb,qm_phc/qm_t,qm_r,qm_v,qm,m_z
0.10998,0.0005870220069639082,0.2659637153497062,0,0.1105670220069639,0.05870220069639097
number of iterations,19,Execution time: ,10.486099243164062
