architecture,t_cbt,t_hxt,eta_hpfp,eta_r,p_cbt,qm_cb0,t0,p0,tpr_hx,Q_hx,pcc,v
after,220,110,0.71,0.71,1330000.0,0.10967904834270684,25.2,345000.0,0.95,159000.0,True,0
P_hpfp,P_rv,p_hpfp
39085.67912480203,10084.49712533018,1889258.8614256384
Q,Q_phc
304904.41711334774,145904.41711334774
qm_cb,qm_phc/qm_t,qm_r,qm_v,qm,qm_pot
0.10967904834270684,0.0011142332456740432,0.03266697595414801,0,0.11079328158838088,0.0005691746498296814
number of iterations,18,Execution time: ,7.581099271774292
