architecture,t_cbt,t_hxt,eta_hpfp,eta_r,p_cbt,qm_cb0,t0,p0,tpr_hx,Q_hx,pcc,v
after,220,170,0.71,0.71,1330000.0,0.10967904834270684,25.2,345000.0,0.95,159000.0,True,0
P_hpfp,P_rv,p_hpfp
39176.01368880063,48362.71892002997,1889258.8614351866
Q,Q_phc
267354.19561633543,108354.19561633543
qm_cb,qm_phc/qm_t,qm_r,qm_v,qm,qm_pot
0.10967904834270684,0.000848617517412543,0.15669772123424747,0,0.11052766586011938,0.0010921705514524668
number of iterations,19,Execution time: ,8.05705451965332
