architecture,t_cbt,t_hxt,eta_hpfp,eta_r,p_cbt,qm_cb0,t0,p0,tpr_hx,Q_hx,pcc,v
after,220,120,0.71,0.71,1330000.0,0.10967904834270684,25.2,345000.0,0.95,159000.0,True,0
P_hpfp,P_rv,p_hpfp
39122.63294953615,13559.802874231966,1889258.8614256384
Q,Q_phc
301726.91980453476,142726.91980453476
qm_cb,qm_phc/qm_t,qm_r,qm_v,qm,qm_pot
0.10967904834270684,0.0010788906517534649,0.04393040273069834,0,0.1107579389944603,0.0007098056455878734
number of iterations,18,Execution time: ,7.7295756340026855
