architecture,t_cbt,t_hxt,eta_hpfp,eta_r,p_cbt,qm_cb0,t0,p0,tpr_hx,Q_hx,pcc,v
after,220,120,0.71,0.71,1330000.0,0.10967904834270684,25.2,345000.0,0.95,159000.0,True,0
P_hpfp,P_rv,p_hpfp
42773.30373556839,17566.78751545617,1889258.8612891329
Q,Q_phc
291623.4833487266,132623.4833487266
qm_cb,qm_phc/qm_t,qm_r,qm_v,qm
0.10967904834270684,0.0010194567419894163,0.036941869241993365,0,0.11069850508469625
number of iterations,16,Execution time: ,6.381792068481445
