architecture,t_cbt,t_hxt,eta_hpfp,eta_r,p_cbt,qm_cb0,t0,p0,tpr_hx,Q_hx,pcc,v
after,220,160,0.71,0.71,1330000.0,0.10998,25.2,345000.0,0.95,159000.0,True,0
P_hpfp,P_rv,p_hpfp
38931.89644835426,37463.70300156271,1889258.861393996
Q,Q_phc
276288.3347514998,117288.33475149982
qm_cb,qm_phc/qm_t,qm_r,qm_v,qm,m_z
0.10998,0.0009450703794671445,0.12138094213192173,0,0.11092507037946714,0.09450703794671382
number of iterations,17,Execution time: ,9.556060314178467
