architecture,t_cbt,t_hxt,eta_hpfp,eta_r,p_cbt,qm_cb0,t0,p0,tpr_hx,Q_hx,pcc,v
after,220,140,0.71,0.71,1330000.0,0.10967904834270684,25.2,345000.0,0.95,159000.0,True,0
P_hpfp,P_rv,p_hpfp
38853.00549667777,22812.827390460243,1889258.8614256384
Q,Q_phc
290300.98540093773,131300.98540093773
qm_cb,qm_phc/qm_t,qm_r,qm_v,qm
0.10967904834270684,0.0010204769369027838,0.07391736708096397,0,0.11069952527960962
number of iterations,18,Execution time: ,7.808809041976929
