architecture,t_cbt,t_hxt,eta_hpfp,eta_r,p_cbt,qm_cb0,t0,p0,tpr_hx,Q_hx,pcc,v
after,220,140,0.71,0.71,1330000.0,0.10967904834270684,25.2,345000.0,0.95,159000.0,True,0
P_hpfp,P_rv,p_hpfp
39110.350124607845,22966.487509894898,1889258.8614256384
Q,Q_phc
292221.24869160994,133221.24869160994
qm_cb,qm_phc/qm_t,qm_r,qm_v,qm,qm_pot
0.10967904834270684,0.0010350604159468245,0.07441275046746605,0,0.11071410875865366,0.000718639801393124
number of iterations,18,Execution time: ,7.383246421813965
