architecture,t_cbt,t_hxt,eta_hpfp,eta_r,p_cbt,qm_cb0,t0,p0,tpr_hx,Q_hx,pcc,v
after,220,170,0.71,0.71,1330000.0,0.10967904834270684,25.2,345000.0,0.95,159000.0,True,0
P_hpfp,P_rv,p_hpfp
39150.880035189024,48331.57336008812,1889258.8614351866
Q,Q_phc
267182.79071689886,108182.79071689886
qm_cb,qm_phc/qm_t,qm_r,qm_v,qm,qm_pot
0.10967904834270684,0.0008562583948842145,0.1565968667886128,0,0.11053530673759106,0.0010129191643756597
number of iterations,19,Execution time: ,8.165516376495361
