architecture,t_cbt,t_hxt,eta_hpfp,eta_r,p_cbt,qm_cb0,t0,p0,tpr_hx,Q_hx,pcc,v
after,220,110,0.71,0.71,1330000.0,0.10967904834270684,25.2,345000.0,0.95,159000.0,True,0
P_hpfp,P_rv,p_hpfp
38881.77937889775,10030.8268037271,1889258.8614256384
Q,Q_phc
303314.872809695,144314.87280969502
qm_cb,qm_phc/qm_t,qm_r,qm_v,qm
0.10967904834270684,0.0011024591429505542,0.03249416106834062,0,0.11078150748565739
number of iterations,18,Execution time: ,7.704141855239868
