architecture,t_cbt,t_hxt,eta_hpfp,eta_r,p_cbt,qm_cb0,t0,p0,tpr_hx,Q_hx,pcc,v
after,220,190,0.71,0.71,1330000.0,0.10967904834270684,25.2,345000.0,0.95,159000.0,True,0
P_hpfp,P_rv,p_hpfp
38694.29564056897,81901.50631778581,1889258.8614380676
Q,Q_phc
229933.27418804128,70933.27418804128
qm_cb,qm_phc/qm_t,qm_r,qm_v,qm
0.10967904834270684,0.0005682826836701932,0.2652996567752574,0,0.11024733102637703
number of iterations,20,Execution time: ,8.810939311981201
