architecture,t_cbt,t_hxt,eta_hpfp,eta_r,p_cbt,qm_cb0,t0,p0,tpr_hx,Q_hx,pcc,v
after,220,150,0.71,0.71,1330000.0,0.11,25.2,345000.0,0.95,149000.0,True,0
P_hpfp,P_rv,p_hpfp
38986.97725656447,29354.903423038973,1889366.2728249172
Q,Q_phc
284883.8303631788,135883.8303631788
qm_cb,qm_phc/qm_t,qm_r,qm_v,qm,m_z
0.11,0.0010957281814525355,0.09503473008201098,0,0.11109572818145254,0.10957281814525355
number of iterations,14,Execution time: ,10.754152297973633
