architecture,t_cbt,t_hxt,eta_hpfp,eta_r,p_cbt,qm_cb0,t0,p0,tpr_hx,Q_hx,pcc,v
after,220,170,0.71,0.71,1330000.0,0.10967904834270684,25.2,345000.0,0.95,159000.0,True,0
P_hpfp,P_rv,p_hpfp
38788.624857891235,47875.530555496916,1889258.8614351866
Q,Q_phc
264719.4429025313,105719.4429025313
qm_cb,qm_phc/qm_t,qm_r,qm_v,qm
0.10967904834270684,0.0008370443782164116,0.15512766573374004,0,0.11051609272092325
number of iterations,19,Execution time: ,8.369603157043457
