architecture,t_cbt,t_hxt,eta_hpfp,eta_r,p_cbt,qm_cb0,t0,p0,tpr_hx,Q_hx,pcc,v
after,220,130,0.71,0.71,1330000.0,0.10967904834270684,25.2,345000.0,0.95,159000.0,True,0
P_hpfp,P_rv,p_hpfp
42758.50336256853,23201.624929903362,1889258.8612891329
Q,Q_phc
285881.66024607985,126881.66024607985
qm_cb,qm_phc/qm_t,qm_r,qm_v,qm
0.10967904834270684,0.0009811529631672672,0.04880035065628591,0,0.1106602013058741
number of iterations,16,Execution time: ,6.586472749710083
