architecture,t_cbt,t_hxt,eta_hpfp,eta_r,p_cbt,qm_cb0,t0,p0,tpr_hx,Q_hx,pcc,v
after,220,150,0.71,0.71,1330000.0,0.10998,25.2,345000.0,0.95,159000.0,True,0
P_hpfp,P_rv,p_hpfp
38953.43644704478,29314.879803598385,1889258.861393996
Q,Q_phc
284610.74873488396,125610.74873488396
qm_cb,qm_phc/qm_t,qm_r,qm_v,qm,m_z
0.10998,0.0010064423158147595,0.09498252864517447,0,0.11098644231581475,0.10064423158147552
number of iterations,17,Execution time: ,8.942474842071533
