architecture,t_cbt,t_hxt,eta_hpfp,eta_r,p_cbt,qm_cb0,t0,p0,tpr_hx,Q_hx,pcc,v
after,220,110,0.71,0.71,1330000.0,0.11,25.2,345000.0,0.95,149000.0,True,0
P_hpfp,P_rv,p_hpfp
39032.78708204812,10075.754279113706,1889366.2728249172
Q,Q_phc
304532.2110446049,155532.2110446049
qm_cb,qm_phc/qm_t,qm_r,qm_v,qm,m_z
0.11,0.0012261066427623503,0.032611594169726484,0,0.11122610664276235,0.12261066427623503
number of iterations,14,Execution time: ,9.547301292419434
