architecture,t_cbt,t_hxt,eta_hpfp,eta_r,p_cbt,qm_cb0,t0,p0,tpr_hx,Q_hx,pcc,v
after,220,180,0.71,0.71,1330000.0,0.10967904834270684,25.2,345000.0,0.95,159000.0,True,0
P_hpfp,P_rv,p_hpfp
42597.03689287497,78316.39655525317,1889258.8612891329
Q,Q_phc
229599.7152406078,70599.7152406078
qm_cb,qm_phc/qm_t,qm_r,qm_v,qm
0.10967904834270684,0.0005632732284878428,0.16474221697766805,0,0.11024232157119468
number of iterations,16,Execution time: ,6.675105571746826
