architecture,t_cbt,t_hxt,eta_hpfp,eta_r,p_cbt,qm_cb0,t0,p0,tpr_hx,Q_hx,pcc,v
after,220,130,0.71,0.71,1330000.0,0.10967904834270684,25.2,345000.0,0.95,159000.0,True,0
P_hpfp,P_rv,p_hpfp
38865.11134573132,17662.108079294867,1889258.8614256384
Q,Q_phc
295549.26495244436,136549.26495244436
qm_cb,qm_phc/qm_t,qm_r,qm_v,qm
0.10967904834270684,0.001054968779327925,0.0572267756104631,0,0.11073401712203476
number of iterations,18,Execution time: ,7.531543254852295
