architecture,t_cbt,t_hxt,eta_hpfp,eta_r,p_cbt,qm_cb0,t0,p0,tpr_hx,Q_hx,pcc,v
after,220,180,0.71,0.71,1330000.0,0.10967904834270684,25.2,345000.0,0.95,159000.0,True,0
P_hpfp,P_rv,p_hpfp
39193.83667773045,62714.35945898215,1889258.8614380676
Q,Q_phc
253146.18937000792,94146.18937000792
qm_cb,qm_phc/qm_t,qm_r,qm_v,qm,qm_pot
0.10967904834270684,0.0007427914889751727,0.20320175209728417,0,0.11042183983168201,0.0012487776293874928
number of iterations,20,Execution time: ,8.169764518737793
