architecture,t_cbt,t_hxt,eta_hpfp,eta_r,p_cbt,qm_cb0,t0,p0,tpr_hx,Q_hx,pcc,v
after,220,110,0.71,0.71,1330000.0,0.10967904834270684,25.2,345000.0,0.95,159000.0,True,0
P_hpfp,P_rv,p_hpfp
39115.68378552837,10092.371243658668,1889258.8614256384
Q,Q_phc
305138.34857997816,146138.34857997816
qm_cb,qm_phc/qm_t,qm_r,qm_v,qm,qm_pot
0.10967904834270684,0.001097583852723087,0.032692357037170536,0,0.11077663219542992,0.0006713129684408611
number of iterations,18,Execution time: ,7.431133985519409
