architecture,t_cbt,t_hxt,eta_hpfp,eta_r,p_cbt,qm_cb0,t0,p0,tpr_hx,Q_hx,pcc,v
after,220,100,0.71,0.71,1330000.0,0.10998,25.2,345000.0,0.95,159000.0,True,0
P_hpfp,P_rv,p_hpfp
39006.084598822,7197.721105166906,1889258.8614256384
Q,Q_phc
307152.1987156194,148152.1987156194
qm_cb,qm_phc/qm_t,qm_r,qm_v,qm,m_z
0.10998,0.0011564478453038873,0.02331473859648763,0,0.11113644784530388,0.1156447845303885
number of iterations,18,Execution time: ,9.239733934402466
