architecture,t_cbt,t_hxt,eta_hpfp,eta_r,p_cbt,qm_cb0,t0,p0,tpr_hx,Q_hx,pcc,v
after,220,130,0.71,0.71,1330000.0,0.11,25.2,345000.0,0.95,149000.0,True,0
P_hpfp,P_rv,p_hpfp
39015.67546657126,17740.863498547784,1889366.2728249172
Q,Q_phc
296729.18058174895,147729.18058174895
qm_cb,qm_phc/qm_t,qm_r,qm_v,qm,m_z
0.11,0.0011773923260391147,0.05743449114395699,0,0.11117739232603911,0.11773923260391148
number of iterations,14,Execution time: ,7.41744065284729
