architecture,t_cbt,t_hxt,eta_hpfp,eta_r,p_cbt,qm_cb0,t0,p0,tpr_hx,Q_hx,pcc,v
after,220,190,0.71,0.71,1330000.0,0.10967904834270684,25.2,345000.0,0.95,159000.0,True,0
P_hpfp,P_rv,p_hpfp
39217.178426749146,82960.4501467003,1889258.861438937
Q,Q_phc
233088.20830009994,74088.20830009994
qm_cb,qm_phc/qm_t,qm_r,qm_v,qm,qm_pot
0.10967904834270684,0.0005887000494467685,0.268781133151215,0,0.1102677483921536,0.0014693741049347183
number of iterations,21,Execution time: ,8.096755504608154
