architecture,t_cbt,t_hxt,eta_hpfp,eta_r,p_cbt,qm_cb0,t0,p0,tpr_hx,Q_hx,pcc,v
after,220,160,0.71,0.71,1330000.0,0.10967904834270684,25.2,345000.0,0.95,159000.0,True,0
P_hpfp,P_rv,p_hpfp
39161.68262547406,37695.340996404324,1889258.8614256384
Q,Q_phc
277906.0804492887,118906.08044928871
qm_cb,qm_phc/qm_t,qm_r,qm_v,qm,qm_pot
0.10967904834270684,0.0009244076632922406,0.12212074332874806,0,0.11060345600599908,0.0009755485104315946
number of iterations,18,Execution time: ,7.238631248474121
