architecture,t_cbt,t_hxt,eta_hpfp,eta_r,p_cbt,qm_cb0,t0,p0,tpr_hx,Q_hx,pcc,v
after,220,100,0.71,0.71,1330000.0,0.10967904834270684,25.2,345000.0,0.95,159000.0,True,0
P_hpfp,P_rv,p_hpfp
38887.4783170097,7179.391883731012,1889258.8614256384
Q,Q_phc
306212.235096655,147212.23509665497
qm_cb,qm_phc/qm_t,qm_r,qm_v,qm
0.10967904834270684,0.0011186964902426405,0.023251320907896986,0,0.11079774483294948
number of iterations,18,Execution time: ,7.461944580078125
