architecture,t_cbt,t_hxt,eta_hpfp,eta_r,p_cbt,qm_cb0,t0,p0,tpr_hx,Q_hx,pcc,v
after,220,140,0.71,0.71,1330000.0,0.10967904834270684,25.2,345000.0,0.95,159000.0,True,0
P_hpfp,P_rv,p_hpfp
42739.94579083649,30019.71044546388,1889258.8612891329
Q,Q_phc
278929.42982869264,119929.42982869264
qm_cb,qm_phc/qm_t,qm_r,qm_v,qm
0.10967904834270684,0.0009331254490561464,0.06314791540395034,0,0.11061217379176298
number of iterations,16,Execution time: ,6.403871536254883
