architecture,t_cbt,t_hxt,eta_hpfp,eta_r,p_cbt,qm_cb0,t0,p0,tpr_hx,Q_hx,pcc,v
after,220,100,0.71,0.71,1330000.0,0.10967904834270684,25.2,345000.0,0.95,159000.0,True,0
P_hpfp,P_rv,p_hpfp
39079.462146523176,7215.729072586382,1889258.8614256384
Q,Q_phc
307723.08294753596,148723.08294753596
qm_cb,qm_phc/qm_t,qm_r,qm_v,qm,qm_pot
0.10967904834270684,0.001129801985556872,0.023368134140685233,0,0.11080885032826371,0.0005358925687176523
number of iterations,18,Execution time: ,7.506060600280762
