architecture,t_cbt,t_hxt,eta_hpfp,eta_r,p_cbt,qm_cb0,t0,p0,tpr_hx,Q_hx,pcc,v
after,220,120,0.71,0.71,1330000.0,0.10998,25.2,345000.0,0.95,159000.0,True,0
P_hpfp,P_rv,p_hpfp
38992.30780769099,13518.40692344337,1889258.861393996
Q,Q_phc
300720.4857949425,141720.48579494248
qm_cb,qm_phc/qm_t,qm_r,qm_v,qm,m_z
0.10998,0.0011171949071031445,0.04379198641503506,0,0.11109719490710314,0.11171949071031508
number of iterations,17,Execution time: ,9.20321249961853
