architecture,t_cbt,t_hxt,eta_hpfp,eta_r,p_cbt,qm_cb0,t0,p0,tpr_hx,Q_hx,pcc,v
after,220,200,0.71,0.71,1330000.0,0.10967904834270684,25.2,345000.0,0.95,159000.0,True,0
P_hpfp,P_rv,p_hpfp
39239.35123707988,113529.21421143707,1889258.8614391992
Q,Q_phc
202698.13345357773,43698.13345357773
qm_cb,qm_phc/qm_t,qm_r,qm_v,qm,qm_pot
0.10967904834270684,0.0003516202684648187,0.36774758005318386,0,0.11003066861117165,0.001769628395703741
number of iterations,22,Execution time: ,8.786765813827515
