architecture,t_cbt,t_hxt,eta_hpfp,eta_r,p_cbt,qm_cb0,t0,p0,tpr_hx,Q_hx,pcc,v
after,220,200,0.71,0.71,1330000.0,0.10967904834270684,25.2,345000.0,0.95,159000.0,True,0
P_hpfp,P_rv,p_hpfp
38609.300472233794,111644.52252250735,1889258.8614391992
Q,Q_phc
199505.2875181515,40505.28751815151
qm_cb,qm_phc/qm_t,qm_r,qm_v,qm
0.10967904834270684,0.0003261154517560788,0.3617015786617778,0,0.11000516379446292
number of iterations,22,Execution time: ,9.79730772972107
