architecture,t_cbt,t_hxt,eta_hpfp,eta_r,p_cbt,qm_cb0,t0,p0,tpr_hx,Q_hx,pcc,v
after,220,200,0.71,0.71,1330000.0,0.11,25.2,345000.0,0.95,149000.0,True,0
P_hpfp,P_rv,p_hpfp
38751.60155452002,112099.67478097587,1889366.2728249198
Q,Q_phc
200241.90852630464,51241.90852630464
qm_cb,qm_phc/qm_t,qm_r,qm_v,qm,m_z
0.11,0.000426147055564192,0.3628540038875119,0,0.1104261470555642,0.0426147055564192
number of iterations,17,Execution time: ,9.893253087997437
