architecture,t_cbt,t_hxt,eta_hpfp,eta_r,p_cbt,qm_cb0,t0,p0,tpr_hx,Q_hx,pcc,v
after,230,110,0.71,0.71,1330000.0,0.10998,25.2,345000.0,0.95,159000.0,True,0
P_hpfp,P_rv,p_hpfp
39050.57367958338,9733.885442883544,1889258.861393996
Q,Q_phc
322497.2156318888,163497.21563188877
qm_cb,qm_phc/qm_t,qm_r,qm_v,qm,m_z
0.10998,0.0012832064947728705,0.030155018580197045,0,0.11126320649477286,0.12832064947728775
number of iterations,17,Execution time: ,9.112113237380981
