architecture,t_cbt,t_hxt,eta_hpfp,eta_r,p_cbt,qm_cb0,t0,p0,tpr_hx,Q_hx,pcc,v
after,230,160,0.71,0.71,1330000.0,0.10953148807896115,25.2,345000.0,0.95,159000.0,True,0
P_hpfp,P_rv,p_hpfp
39127.23494602382,34741.127503289965,1889258.861393996
Q,Q_phc
298139.60357317457,139139.60357317457
qm_cb,qm_phc/qm_t,qm_r,qm_v,qm,qm_pot
0.10953148807896115,0.0010952135342732587,0.10764344293918039,0,0.11062670161323442,0.0008541549861256248
number of iterations,17,Execution time: ,6.855173110961914
