architecture,t_cbt,t_hxt,eta_hpfp,eta_r,p_cbt,qm_cb0,t0,p0,tpr_hx,Q_hx,pcc,v
after,230,190,0.71,0.71,1330000.0,0.10953148807896115,25.2,345000.0,0.95,159000.0,True,0
P_hpfp,P_rv,p_hpfp
39206.87992851662,71258.27559365531,1889258.8614351866
Q,Q_phc
262300.04691383126,103300.04691383126
qm_cb,qm_phc/qm_t,qm_r,qm_v,qm,qm_pot
0.10953148807896115,0.0008227052725087055,0.2208033107469836,0,0.11035419335146986,0.001353586786462369
number of iterations,19,Execution time: ,8.158221244812012
