architecture,t_cbt,t_hxt,eta_hpfp,eta_r,p_cbt,qm_cb0,t0,p0,tpr_hx,Q_hx,pcc,v
after,230,120,0.71,0.71,1330000.0,0.10953148807896115,25.2,345000.0,0.95,159000.0,True,0
P_hpfp,P_rv,p_hpfp
38871.00540050442,12943.352344634928,1889258.861393996
Q,Q_phc
317757.4680237626,158757.46802376257
qm_cb,qm_phc/qm_t,qm_r,qm_v,qm
0.10953148807896115,0.001219322319588309,0.04009828827121836,0,0.11075081039854946
number of iterations,17,Execution time: ,7.4670820236206055
