architecture,t_cbt,t_hxt,eta_hpfp,eta_r,p_cbt,qm_cb0,t0,p0,tpr_hx,Q_hx,pcc,v
after,230,190,0.71,0.71,1330000.0,0.10953148807896115,25.2,345000.0,0.95,159000.0,True,0
P_hpfp,P_rv,p_hpfp
39181.68181282485,71212.54131752823,1889258.8614351866
Q,Q_phc
262131.40449852508,103131.40449852508
qm_cb,qm_phc/qm_t,qm_r,qm_v,qm,qm_pot
0.10953148807896115,0.0008278241040376407,0.2206614331049447,0,0.1103593121829988,0.0012766737807293658
number of iterations,19,Execution time: ,8.14768385887146
