architecture,t_cbt,t_hxt,eta_hpfp,eta_r,p_cbt,qm_cb0,t0,p0,tpr_hx,Q_hx,pcc,v
after,230,160,0.71,0.71,1330000.0,0.10953148807896115,25.2,345000.0,0.95,159000.0,True,0
P_hpfp,P_rv,p_hpfp
39159.04482436651,34769.63025931669,1889258.861393996
Q,Q_phc
298381.7280560205,139381.7280560205
qm_cb,qm_phc/qm_t,qm_r,qm_v,qm,qm_pot
0.10953148807896115,0.0010847727609585123,0.1077315505951867,0,0.11061626083991967,0.0009552280898581968
number of iterations,17,Execution time: ,7.406024217605591
