architecture,t_cbt,t_hxt,eta_hpfp,eta_r,p_cbt,qm_cb0,t0,p0,tpr_hx,Q_hx,pcc,v
after,230,160,0.71,0.71,1330000.0,0.10953148807896115,25.2,345000.0,0.95,159000.0,True,0
P_hpfp,P_rv,p_hpfp
38821.14572606473,34463.86078478175,1889258.861393996
Q,Q_phc
295812.771038179,136812.771038179
qm_cb,qm_phc/qm_t,qm_r,qm_v,qm
0.10953148807896115,0.001077262722891284,0.10678955870633484,0,0.11060875080185244
number of iterations,17,Execution time: ,7.264758825302124
