architecture,t_cbt,t_hxt,eta_hpfp,eta_r,p_cbt,qm_cb0,t0,p0,tpr_hx,Q_hx,pcc,v
after,230,100,0.71,0.71,1330000.0,0.10953148807896115,25.2,345000.0,0.95,159000.0,True,0
P_hpfp,P_rv,p_hpfp
39107.12466792502,7007.4991513038085,1889258.8614256384
Q,Q_phc
325702.14074636926,166702.14074636926
qm_cb,qm_phc/qm_t,qm_r,qm_v,qm,qm_pot
0.10953148807896115,0.0012438760575731486,0.02170660840931902,0,0.1107753641365343,0.0006481944903519968
number of iterations,18,Execution time: ,7.52339768409729
