architecture,t_cbt,t_hxt,eta_hpfp,eta_r,p_cbt,qm_cb0,t0,p0,tpr_hx,Q_hx,pcc,v
after,230,170,0.71,0.71,1330000.0,0.10953148807896115,25.2,345000.0,0.95,159000.0,True,0
P_hpfp,P_rv,p_hpfp
38798.21170786644,43410.717824092106,1889258.8614256384
Q,Q_phc
286670.7994342013,127670.79943420133
qm_cb,qm_phc/qm_t,qm_r,qm_v,qm
0.10953148807896115,0.0010119193834514512,0.13453695731797274,0,0.1105434074624126
number of iterations,18,Execution time: ,8.114317417144775
