architecture,t_cbt,t_hxt,eta_hpfp,eta_r,p_cbt,qm_cb0,t0,p0,tpr_hx,Q_hx,pcc,v
after,230,140,0.71,0.71,1330000.0,0.10953148807896115,25.2,345000.0,0.95,159000.0,True,0
P_hpfp,P_rv,p_hpfp
42739.78601921635,28539.511179209057,1889258.8609416161
Q,Q_phc
297828.52312877437,138828.52312877437
qm_cb,qm_phc/qm_t,qm_r,qm_v,qm
0.10953148807896115,0.0010802722754164051,0.057393139757250806,0,0.11061176035437756
number of iterations,15,Execution time: ,6.223794460296631
