architecture,t_cbt,t_hxt,eta_hpfp,eta_r,p_cbt,qm_cb0,t0,p0,tpr_hx,Q_hx,pcc,v
after,230,190,0.71,0.71,1330000.0,0.10998,25.2,345000.0,0.95,159000.0,True,0
P_hpfp,P_rv,p_hpfp
38891.961314704764,70699.43583031991,1889258.861393996
Q,Q_phc
260182.2366532087,101182.2366532087
qm_cb,qm_phc/qm_t,qm_r,qm_v,qm,m_z
0.10998,0.0008312868776395449,0.21905615109621507,0,0.11081128687763954,0.08312868776395453
number of iterations,17,Execution time: ,9.616369485855103
