architecture,t_cbt,t_hxt,eta_hpfp,eta_r,p_cbt,qm_cb0,t0,p0,tpr_hx,Q_hx,pcc,v
after,230,150,0.71,0.71,1330000.0,0.10953148807896115,25.2,345000.0,0.95,159000.0,True,0
P_hpfp,P_rv,p_hpfp
39114.93815422394,27529.940643744114,1889258.861393996
Q,Q_phc
305246.1736600328,146246.1736600328
qm_cb,qm_phc/qm_t,qm_r,qm_v,qm,qm_pot
0.10953148807896115,0.0011437710909512821,0.08530300089183952,0,0.11067525916991243,0.0007705615551987312
number of iterations,17,Execution time: ,6.684457302093506
