architecture,t_cbt,t_hxt,eta_hpfp,eta_r,p_cbt,qm_cb0,t0,p0,tpr_hx,Q_hx,pcc,v
after,230,190,0.71,0.71,1330000.0,0.10953148807896115,25.2,345000.0,0.95,159000.0,True,0
P_hpfp,P_rv,p_hpfp
38725.15298761328,70363.66959705701,1889258.8614351866
Q,Q_phc
259096.28980152254,100096.28980152254
qm_cb,qm_phc/qm_t,qm_r,qm_v,qm
0.10953148807896115,0.0008037613373461511,0.21804884677542474,0,0.1103352494163073
number of iterations,19,Execution time: ,8.286909580230713
