architecture,t_cbt,t_hxt,eta_hpfp,eta_r,p_cbt,qm_cb0,t0,p0,tpr_hx,Q_hx,pcc,v
after,230,150,0.71,0.71,1330000.0,0.10953148807896115,25.2,345000.0,0.95,159000.0,True,0
P_hpfp,P_rv,p_hpfp
39147.65006441667,27553.205579607184,1889258.861393996
Q,Q_phc
305501.21013225254,146501.21013225254
qm_cb,qm_phc/qm_t,qm_r,qm_v,qm,qm_pot
0.10953148807896115,0.0011316089605979893,0.0853748830855007,0,0.11066309703955915,0.0008759260744843831
number of iterations,17,Execution time: ,7.2222747802734375
