architecture,t_cbt,t_hxt,eta_hpfp,eta_r,p_cbt,qm_cb0,t0,p0,tpr_hx,Q_hx,pcc,v
after,230,110,0.71,0.71,1330000.0,0.10953148807896115,25.2,345000.0,0.95,159000.0,True,0
P_hpfp,P_rv,p_hpfp
39079.837211412596,9736.677428664427,1889258.8614256384
Q,Q_phc
322740.8104019093,163740.8104019093
qm_cb,qm_phc/qm_t,qm_r,qm_v,qm,qm_pot
0.10953148807896115,0.0012500248741791034,0.030168575888245185,0,0.11078151295314026,0.0005642985743029462
number of iterations,18,Execution time: ,7.669508457183838
