architecture,t_cbt,t_hxt,eta_hpfp,eta_r,p_cbt,qm_cb0,t0,p0,tpr_hx,Q_hx,pcc,v
after,230,180,0.71,0.71,1330000.0,0.10998,25.2,345000.0,0.95,159000.0,True,0
P_hpfp,P_rv,p_hpfp
38935.76254859612,55210.54346215044,1889258.861393996
Q,Q_phc
276043.7773794679,117043.77737946791
qm_cb,qm_phc/qm_t,qm_r,qm_v,qm,m_z
0.10998,0.0009560857031617326,0.17109789410514178,0,0.11093608570316173,0.09560857031617315
number of iterations,17,Execution time: ,9.922656774520874
