architecture,t_cbt,t_hxt,eta_hpfp,eta_r,p_cbt,qm_cb0,t0,p0,tpr_hx,Q_hx,pcc,v
after,230,110,0.71,0.71,1330000.0,0.10953148807896115,25.2,345000.0,0.95,159000.0,True,0
P_hpfp,P_rv,p_hpfp
39113.563056278515,9745.21228809559,1889258.8614256384
Q,Q_phc
323019.2031495539,164019.2031495539
qm_cb,qm_phc/qm_t,qm_r,qm_v,qm,qm_pot
0.10953148807896115,0.0012316363301859209,0.0301948985694724,0,0.11076312440914707,0.0006787783979432186
number of iterations,18,Execution time: ,7.579517602920532
