architecture,t_cbt,t_hxt,eta_hpfp,eta_r,p_cbt,qm_cb0,t0,p0,tpr_hx,Q_hx,pcc,v
after,230,140,0.71,0.71,1330000.0,0.10953148807896115,25.2,345000.0,0.95,159000.0,True,0
P_hpfp,P_rv,p_hpfp
39104.36083736731,21709.004906702477,1889258.861393996
Q,Q_phc
310977.12131146307,151977.12131146307
qm_cb,qm_phc/qm_t,qm_r,qm_v,qm,qm_pot
0.10953148807896115,0.0011810952142720516,0.06726521134088295,0,0.1107125832932332,0.0007031006653692578
number of iterations,17,Execution time: ,6.8927013874053955
