architecture,t_cbt,t_hxt,eta_hpfp,eta_r,p_cbt,qm_cb0,t0,p0,tpr_hx,Q_hx,pcc,v
after,230,190,0.71,0.71,1330000.0,0.11,25.2,345000.0,0.95,149000.0,True,0
P_hpfp,P_rv,p_hpfp
38925.97738375481,70811.49278458467,1889366.2728249172
Q,Q_phc
260404.42835495246,111404.42835495246
qm_cb,qm_phc/qm_t,qm_r,qm_v,qm,m_z
0.11,0.0009226716795154122,0.21920476483741566,0,0.11092267167951542,0.09226716795154122
number of iterations,14,Execution time: ,13.254533290863037
