architecture,t_cbt,t_hxt,eta_hpfp,eta_r,p_cbt,qm_cb0,t0,p0,tpr_hx,Q_hx,pcc,v
after,230,180,0.71,0.71,1330000.0,0.10953148807896115,25.2,345000.0,0.95,159000.0,True,0
P_hpfp,P_rv,p_hpfp
42618.049885048815,70660.7615136322,1889258.8609416161
Q,Q_phc
254777.67565517395,95777.67565517395
qm_cb,qm_phc/qm_t,qm_r,qm_v,qm
0.10953148807896115,0.0007652157589201902,0.14212562172355114,0,0.11029670383788134
number of iterations,15,Execution time: ,6.74814772605896
