architecture,t_cbt,t_hxt,eta_hpfp,eta_r,p_cbt,qm_cb0,t0,p0,tpr_hx,Q_hx,pcc,v
after,230,160,0.71,0.71,1330000.0,0.10953148807896115,25.2,345000.0,0.95,159000.0,True,0
P_hpfp,P_rv,p_hpfp
42693.16865433305,45300.846199508545,1889258.8609416161
Q,Q_phc
280711.2102443195,121711.21024431952
qm_cb,qm_phc/qm_t,qm_r,qm_v,qm
0.10953148807896115,0.0009596252326234123,0.0911175828103665,0,0.11049111331158457
number of iterations,15,Execution time: ,6.348921775817871
