architecture,t_cbt,t_hxt,eta_hpfp,eta_r,p_cbt,qm_cb0,t0,p0,tpr_hx,Q_hx,pcc,v
after,230,120,0.71,0.71,1330000.0,0.10998,25.2,345000.0,0.95,159000.0,True,0
P_hpfp,P_rv,p_hpfp
39043.750928722715,12993.769231841357,1889258.861393996
Q,Q_phc
319179.285831894,160179.28583189403
qm_cb,qm_phc/qm_t,qm_r,qm_v,qm,m_z
0.10998,0.0012637670585151084,0.04026226896395383,0,0.1112437670585151,0.12637670585151028
number of iterations,17,Execution time: ,9.46492314338684
