architecture,t_cbt,t_hxt,eta_hpfp,eta_r,p_cbt,qm_cb0,t0,p0,tpr_hx,Q_hx,pcc,v
after,230,170,0.71,0.71,1330000.0,0.10953148807896115,25.2,345000.0,0.95,159000.0,True,0
P_hpfp,P_rv,p_hpfp
42660.30210789032,56574.77061550289,1889258.8609416161
Q,Q_phc
269186.31147500983,110186.31147500983
qm_cb,qm_phc/qm_t,qm_r,qm_v,qm
0.10953148807896115,0.0008745656921482908,0.11379610232049639,0,0.11040605377110944
number of iterations,15,Execution time: ,6.589658498764038
