architecture,t_cbt,t_hxt,eta_hpfp,eta_r,p_cbt,qm_cb0,t0,p0,tpr_hx,Q_hx,pcc,v
after,230,160,0.71,0.71,1330000.0,0.11,25.2,345000.0,0.95,149000.0,True,0
P_hpfp,P_rv,p_hpfp
39025.514035189706,34666.84133360479,1889366.2728248988
Q,Q_phc
297396.02382401493,148396.02382401493
qm_cb,qm_phc/qm_t,qm_r,qm_v,qm,m_z
0.11,0.0012056804221775587,0.10733067801554401,0,0.11120568042217756,0.12056804221775587
number of iterations,13,Execution time: ,9.02630877494812
