architecture,t_cbt,t_hxt,eta_hpfp,eta_r,p_cbt,qm_cb0,t0,p0,tpr_hx,Q_hx,pcc,v
after,230,120,0.71,0.71,1330000.0,0.10953148807896115,25.2,345000.0,0.95,159000.0,True,0
P_hpfp,P_rv,p_hpfp
42769.81077457189,16917.31022104427,1889258.8612891329
Q,Q_phc
309679.99786909367,150679.99786909367
qm_cb,qm_phc/qm_t,qm_r,qm_v,qm
0.10953148807896115,0.001157977125088458,0.03402371608373793,0,0.11068946520404961
number of iterations,16,Execution time: ,6.983507394790649
