architecture,t_cbt,t_hxt,eta_hpfp,eta_r,p_cbt,qm_cb0,t0,p0,tpr_hx,Q_hx,pcc,v
after,230,100,0.71,0.71,1330000.0,0.10998,25.2,345000.0,0.95,159000.0,True,0
P_hpfp,P_rv,p_hpfp
39055.97001647538,6994.449760398973,1889258.8614256384
Q,Q_phc
325282.5617865267,166282.5617865267
qm_cb,qm_phc/qm_t,qm_r,qm_v,qm,m_z
0.10998,0.0012985817757995288,0.021670300926352155,0,0.11127858177579952,0.1298581775799525
number of iterations,18,Execution time: ,10.498870134353638
