architecture,t_cbt,t_hxt,eta_hpfp,eta_r,p_cbt,qm_cb0,t0,p0,tpr_hx,Q_hx,pcc,v
after,230,100,0.71,0.71,1330000.0,0.10953148807896115,25.2,345000.0,0.95,159000.0,True,0
P_hpfp,P_rv,p_hpfp
38882.45721341301,6966.324538617582,1889258.8614256384
Q,Q_phc
323831.9238026027,164831.9238026027
qm_cb,qm_phc/qm_t,qm_r,qm_v,qm
0.10953148807896115,0.0012519506848071016,0.02157992360047465,0,0.11078343876376825
number of iterations,18,Execution time: ,7.68657112121582
