architecture,t_cbt,t_hxt,eta_hpfp,eta_r,p_cbt,qm_cb0,t0,p0,tpr_hx,Q_hx,pcc,v
after,230,130,0.71,0.71,1330000.0,0.10998,25.2,345000.0,0.95,159000.0,True,0
P_hpfp,P_rv,p_hpfp
39035.07041309162,16910.667888104163,1889258.861393996
Q,Q_phc
315188.5358337873,156188.5358337873
qm_cb,qm_phc/qm_t,qm_r,qm_v,qm,m_z
0.10998,0.0012390344640321599,0.0524058670142131,0,0.11121903446403215,0.1239034464032162
number of iterations,17,Execution time: ,9.366828680038452
