architecture,t_cbt,t_hxt,eta_hpfp,eta_r,p_cbt,qm_cb0,t0,p0,tpr_hx,Q_hx,pcc,v
after,230,140,0.71,0.71,1330000.0,0.11,25.2,345000.0,0.95,149000.0,True,0
P_hpfp,P_rv,p_hpfp
39057.677758270554,21695.254406383974,1889366.2728248988
Q,Q_phc
310641.28755740763,161641.28755740763
qm_cb,qm_phc/qm_t,qm_r,qm_v,qm,m_z
0.11,0.0012971634734884,0.06716951524153066,0,0.1112971634734884,0.12971634734884
number of iterations,13,Execution time: ,9.392403602600098
