architecture,t_cbt,t_hxt,eta_hpfp,eta_r,p_cbt,qm_cb0,t0,p0,tpr_hx,Q_hx,pcc,v
after,230,100,0.71,0.71,1330000.0,0.10953148807896115,25.2,345000.0,0.95,159000.0,True,0
P_hpfp,P_rv,p_hpfp
39073.48075481766,7001.341207487731,1889258.8614256384
Q,Q_phc
325422.0681296481,166422.0681296481
qm_cb,qm_phc/qm_t,qm_r,qm_v,qm,qm_pot
0.10953148807896115,0.0012636046563218365,0.02168765275653223,0,0.11079509273528299,0.0005326080509569321
number of iterations,18,Execution time: ,7.5519819259643555
