architecture,t_cbt,t_hxt,eta_hpfp,eta_r,p_cbt,qm_cb0,t0,p0,tpr_hx,Q_hx,pcc,v
after,230,120,0.71,0.71,1330000.0,0.10953148807896115,25.2,345000.0,0.95,159000.0,True,0
P_hpfp,P_rv,p_hpfp
39120.71625609741,13015.820032113545,1889258.8614256384
Q,Q_phc
319809.4523096441,160809.45230964408
qm_cb,qm_phc/qm_t,qm_r,qm_v,qm,qm_pot
0.10953148807896115,0.001215611331282819,0.040334507957947185,0,0.11074709941024397,0.0007151842094516511
number of iterations,18,Execution time: ,7.419800281524658
