architecture,t_cbt,t_hxt,eta_hpfp,eta_r,p_cbt,qm_cb0,t0,p0,tpr_hx,Q_hx,pcc,v
after,230,100,0.71,0.71,1330000.0,0.10953148807896115,25.2,345000.0,0.95,159000.0,True,0
P_hpfp,P_rv,p_hpfp
42789.28672103525,8688.769570631799,1889258.861393996
Q,Q_phc
318057.2599928165,159057.2599928165
qm_cb,qm_phc/qm_t,qm_r,qm_v,qm
0.10953148807896115,0.0012083814017351674,0.01747155680263752,0,0.11073986948069632
number of iterations,17,Execution time: ,7.321186542510986
