architecture,t_cbt,t_hxt,eta_hpfp,eta_r,p_cbt,qm_cb0,t0,p0,tpr_hx,Q_hx,pcc,v
after,230,210,0.71,0.71,1330000.0,0.10998,25.2,345000.0,0.95,159000.0,True,0
P_hpfp,P_rv,p_hpfp
38735.00944685938,124240.44293777224,1889258.8614351866
Q,Q_phc
205305.92796567327,46305.92796567327
qm_cb,qm_phc/qm_t,qm_r,qm_v,qm,m_z
0.10998,0.0003840983552615973,0.38491737349929694,0,0.11036409835526159,0.038409835526159106
number of iterations,19,Execution time: ,11.065650463104248
