architecture,t_cbt,t_hxt,eta_hpfp,eta_r,p_cbt,qm_cb0,t0,p0,tpr_hx,Q_hx,pcc,v
after,230,210,0.71,0.71,1330000.0,0.10953148807896115,25.2,345000.0,0.95,159000.0,True,0
P_hpfp,P_rv,p_hpfp
39253.40783813098,125945.02856188855,1889258.861438937
Q,Q_phc
208009.1370075476,49009.1370075476
qm_cb,qm_phc/qm_t,qm_r,qm_v,qm,qm_pot
0.10953148807896115,0.00039761741111134317,0.39016137499716225,0,0.1099291054900725,0.0019112414188671564
number of iterations,21,Execution time: ,8.977370500564575
