architecture,t_cbt,t_hxt,eta_hpfp,eta_r,p_cbt,qm_cb0,t0,p0,tpr_hx,Q_hx,pcc,v
after,230,210,0.71,0.71,1330000.0,0.10953148807896115,25.2,345000.0,0.95,159000.0,True,0
P_hpfp,P_rv,p_hpfp
38572.64013500084,123683.68898730016,1889258.861438937
Q,Q_phc
204478.74478695146,45478.74478695146
qm_cb,qm_phc/qm_t,qm_r,qm_v,qm
0.10953148807896115,0.0003692235148373413,0.3832298622314589,0,0.1099007115937985
number of iterations,21,Execution time: ,9.72413182258606
