architecture,t_cbt,t_hxt,eta_hpfp,eta_r,p_cbt,qm_cb0,t0,p0,tpr_hx,Q_hx,pcc,v
after,230,200,0.71,0.71,1330000.0,0.11,25.2,345000.0,0.95,149000.0,True,0
P_hpfp,P_rv,p_hpfp
38863.40427066282,92356.70763883277,1889366.2728249193
Q,Q_phc
238326.78727317197,89326.78727317197
qm_cb,qm_phc/qm_t,qm_r,qm_v,qm,m_z
0.11,0.0007446285193353492,0.28591704913767674,0,0.11074462851933535,0.07446285193353493
number of iterations,15,Execution time: ,10.559471130371094
