architecture,t_cbt,t_hxt,eta_hpfp,eta_r,p_cbt,qm_cb0,t0,p0,tpr_hx,Q_hx,pcc,v
after,230,210,0.71,0.71,1330000.0,0.10953148807896115,25.2,345000.0,0.95,159000.0,True,0
P_hpfp,P_rv,p_hpfp
39265.89594499232,125983.30910922289,1889258.861438937
Q,Q_phc
208077.10087403888,49077.10087403888
qm_cb,qm_phc/qm_t,qm_r,qm_v,qm,qm_pot
0.10953148807896115,0.00039601785002544654,0.3902819087967442,0,0.1099275059289866,0.0019484219468175654
number of iterations,21,Execution time: ,9.477702140808105
