architecture,t_cbt,t_hxt,eta_hpfp,eta_r,p_cbt,qm_cb0,t0,p0,tpr_hx,Q_hx,pcc,v
after,230,210,0.71,0.71,1330000.0,0.11,25.2,345000.0,0.95,149000.0,True,0
P_hpfp,P_rv,p_hpfp
38768.234546951186,124380.17374581749,1889366.2728249195
Q,Q_phc
205493.53475047334,56493.534750473336
qm_cb,qm_phc/qm_t,qm_r,qm_v,qm,m_z
0.11,0.0004740042143502437,0.38504690138687125,0,0.11047400421435025,0.04740042143502437
number of iterations,16,Execution time: ,16.381781339645386
