architecture,t_cbt,t_hxt,eta_hpfp,eta_r,p_cbt,qm_cb0,t0,p0,tpr_hx,Q_hx,pcc,v
after,240,170,0.71,0.71,1330000.0,0.10938578935600733,25.2,345000.0,0.95,159000.0,True,0
P_hpfp,P_rv,p_hpfp
38804.868621023925,40039.69545747633,1889258.861393996
Q,Q_phc
307335.5963850083,148335.5963850083
qm_cb,qm_phc/qm_t,qm_r,qm_v,qm
0.10938578935600733,0.0011765849100277836,0.11890910469381903,0,0.11056237426603512
number of iterations,17,Execution time: ,7.822178602218628
