architecture,t_cbt,t_hxt,eta_hpfp,eta_r,p_cbt,qm_cb0,t0,p0,tpr_hx,Q_hx,pcc,v
after,240,140,0.71,0.71,1330000.0,0.10998,25.2,345000.0,0.95,159000.0,True,0
P_hpfp,P_rv,p_hpfp
39077.13503409579,20665.53231514965,1889258.8612891329
Q,Q_phc
329149.74645846407,170149.74645846407
qm_cb,qm_phc/qm_t,qm_r,qm_v,qm,m_z
0.10998,0.0013588853353400099,0.061361559489504156,0,0.11133888533534,0.13588853353400038
number of iterations,16,Execution time: ,9.174962997436523
