architecture,t_cbt,t_hxt,eta_hpfp,eta_r,p_cbt,qm_cb0,t0,p0,tpr_hx,Q_hx,pcc,v
after,240,150,0.71,0.71,1330000.0,0.10938578935600733,25.2,345000.0,0.95,159000.0,True,0
P_hpfp,P_rv,p_hpfp
38839.30633751772,25804.90557789157,1889258.861393996
Q,Q_phc
321878.6674736921,162878.6674736921
qm_cb,qm_phc/qm_t,qm_r,qm_v,qm
0.10938578935600733,0.0012747044459303497,0.07663596169097109,0,0.11066049380193768
number of iterations,17,Execution time: ,7.200782537460327
