architecture,t_cbt,t_hxt,eta_hpfp,eta_r,p_cbt,qm_cb0,t0,p0,tpr_hx,Q_hx,pcc,v
after,240,150,0.71,0.71,1330000.0,0.10938578935600733,25.2,345000.0,0.95,159000.0,True,0
P_hpfp,P_rv,p_hpfp
39146.13307155807,26011.598205043025,1889258.861393996
Q,Q_phc
324418.6411817179,165418.64118171792
qm_cb,qm_phc/qm_t,qm_r,qm_v,qm,qm_pot
0.10938578935600733,0.0012784608043713988,0.07724713633099539,0,0.11066425016037873,0.0008704507554934812
number of iterations,17,Execution time: ,7.5480897426605225
