architecture,t_cbt,t_hxt,eta_hpfp,eta_r,p_cbt,qm_cb0,t0,p0,tpr_hx,Q_hx,pcc,v
after,240,130,0.71,0.71,1330000.0,0.10938578935600733,25.2,345000.0,0.95,159000.0,True,0
P_hpfp,P_rv,p_hpfp
39089.64240496419,16256.86357295946,1889258.861393996
Q,Q_phc
333667.67994388187,174667.67994388187
qm_cb,qm_phc/qm_t,qm_r,qm_v,qm,qm_pot
0.10938578935600733,0.0013489787117207416,0.04827197690259036,0,0.11073476806772807,0.0006389803067636364
number of iterations,17,Execution time: ,6.895553827285767
