architecture,t_cbt,t_hxt,eta_hpfp,eta_r,p_cbt,qm_cb0,t0,p0,tpr_hx,Q_hx,pcc,v
after,240,160,0.71,0.71,1330000.0,0.10938578935600733,25.2,345000.0,0.95,159000.0,True,0
P_hpfp,P_rv,p_hpfp
39120.75794386443,32440.25301561503,1889258.861393996
Q,Q_phc
317762.8320809406,158762.8320809406
qm_cb,qm_phc/qm_t,qm_r,qm_v,qm,qm_pot
0.10938578935600733,0.0012503772763137072,0.09633947999928635,0,0.11063616663232104,0.0008262357688335587
number of iterations,17,Execution time: ,7.377899646759033
