architecture,t_cbt,t_hxt,eta_hpfp,eta_r,p_cbt,qm_cb0,t0,p0,tpr_hx,Q_hx,pcc,v
after,240,100,0.71,0.71,1330000.0,0.10938578935600733,25.2,345000.0,0.95,159000.0,True,0
P_hpfp,P_rv,p_hpfp
39067.639744318396,6819.862755509784,1889258.8614256384
Q,Q_phc
342907.7162660553,183907.7162660553
qm_cb,qm_phc/qm_t,qm_r,qm_v,qm,qm_pot
0.10938578935600733,0.0013955448236434612,0.020245161293956947,0,0.11078133417965079,0.0005297244683258003
number of iterations,18,Execution time: ,7.7879486083984375
