architecture,t_cbt,t_hxt,eta_hpfp,eta_r,p_cbt,qm_cb0,t0,p0,tpr_hx,Q_hx,pcc,v
after,240,160,0.71,0.71,1330000.0,0.10938578935600733,25.2,345000.0,0.95,159000.0,True,0
P_hpfp,P_rv,p_hpfp
39157.214558676525,32470.720289736226,1889258.861393996
Q,Q_phc
318058.7188871185,159058.7188871185
qm_cb,qm_phc/qm_t,qm_r,qm_v,qm,qm_pot
0.10938578935600733,0.0012389583535770978,0.09642976137046899,0,0.11062474770958443,0.000941526448763634
number of iterations,17,Execution time: ,7.097012519836426
