architecture,t_cbt,t_hxt,eta_hpfp,eta_r,p_cbt,qm_cb0,t0,p0,tpr_hx,Q_hx,pcc,v
after,240,160,0.71,0.71,1330000.0,0.10938578935600733,25.2,345000.0,0.95,159000.0,True,0
P_hpfp,P_rv,p_hpfp
38824.27182300616,32190.74884060495,1889258.861393996
Q,Q_phc
315358.23751988163,156358.23751988163
qm_cb,qm_phc/qm_t,qm_r,qm_v,qm
0.10938578935600733,0.0012318682844020268,0.09560197569551553,0,0.11061765764040936
number of iterations,17,Execution time: ,7.56977653503418
