architecture,t_cbt,t_hxt,eta_hpfp,eta_r,p_cbt,qm_cb0,t0,p0,tpr_hx,Q_hx,pcc,v
after,240,130,0.71,0.71,1330000.0,0.10998,25.2,345000.0,0.95,159000.0,True,0
P_hpfp,P_rv,p_hpfp
39086.878017924784,16260.673100595362,1889258.8612891329
Q,Q_phc
333641.8240579192,174641.8240579192
qm_cb,qm_phc/qm_t,qm_r,qm_v,qm,m_z
0.10998,0.0013866451227045051,0.048275855690383195,0,0.1113666451227045,0.13866451227045018
number of iterations,16,Execution time: ,8.840181589126587
