architecture,t_cbt,t_hxt,eta_hpfp,eta_r,p_cbt,qm_cb0,t0,p0,tpr_hx,Q_hx,pcc,v
after,240,110,0.71,0.71,1330000.0,0.10938578935600733,25.2,345000.0,0.95,159000.0,True,0
P_hpfp,P_rv,p_hpfp
42775.86004862587,12120.471853408995,1889258.8612891329
Q,Q_phc
331782.42418388237,172782.42418388237
qm_cb,qm_phc/qm_t,qm_r,qm_v,qm
0.10938578935600733,0.0013193315383009524,0.023350208576333967,0,0.11070512089430828
number of iterations,16,Execution time: ,7.163661241531372
