architecture,t_cbt,t_hxt,eta_hpfp,eta_r,p_cbt,qm_cb0,t0,p0,tpr_hx,Q_hx,pcc,v
after,240,170,0.71,0.71,1330000.0,0.10938578935600733,25.2,345000.0,0.95,159000.0,True,0
P_hpfp,P_rv,p_hpfp
42669.38089921711,52649.56435542108,1889258.8609416161
Q,Q_phc
290397.27690121223,131397.27690121223
qm_cb,qm_phc/qm_t,qm_r,qm_v,qm
0.10938578935600733,0.0010437605807145228,0.10148625946619469,0,0.11042954993672185
number of iterations,15,Execution time: ,6.257326126098633
