architecture,t_cbt,t_hxt,eta_hpfp,eta_r,p_cbt,qm_cb0,t0,p0,tpr_hx,Q_hx,pcc,v
after,240,180,0.71,0.71,1330000.0,0.10938578935600733,25.2,345000.0,0.95,159000.0,True,0
P_hpfp,P_rv,p_hpfp
39150.05511240385,50349.220562579314,1889258.861393996
Q,Q_phc
300116.1283383182,141116.1283383182
qm_cb,qm_phc/qm_t,qm_r,qm_v,qm,qm_pot
0.10938578935600733,0.0011265341083425639,0.14950573715105447,0,0.1105123234643499,0.0010335520840693891
number of iterations,17,Execution time: ,6.727540969848633
