architecture,t_cbt,t_hxt,eta_hpfp,eta_r,p_cbt,qm_cb0,t0,p0,tpr_hx,Q_hx,pcc,v
after,240,100,0.71,0.71,1330000.0,0.10938578935600733,25.2,345000.0,0.95,159000.0,True,0
P_hpfp,P_rv,p_hpfp
38877.43801496532,6785.950182434323,1889258.8614256384
Q,Q_phc
341238.9718378964,182238.9718378964
qm_cb,qm_phc/qm_t,qm_r,qm_v,qm
0.10938578935600733,0.001383348766707801,0.020145133199630013,0,0.11076913812271513
number of iterations,18,Execution time: ,8.460801601409912
