architecture,t_cbt,t_hxt,eta_hpfp,eta_r,p_cbt,qm_cb0,t0,p0,tpr_hx,Q_hx,pcc,v
after,240,190,0.71,0.71,1330000.0,0.10938578935600733,25.2,345000.0,0.95,159000.0,True,0
P_hpfp,P_rv,p_hpfp
38745.70713273007,62464.58102690801,1889258.861393996
Q,Q_phc
284381.106155331,125381.10615533101
qm_cb,qm_phc/qm_t,qm_r,qm_v,qm
0.10938578935600733,0.0010080226949417959,0.18546198792382138,0,0.11039381205094913
number of iterations,17,Execution time: ,7.735000133514404
