architecture,t_cbt,t_hxt,eta_hpfp,eta_r,p_cbt,qm_cb0,t0,p0,tpr_hx,Q_hx,pcc,v
after,240,110,0.71,0.71,1330000.0,0.10998,25.2,345000.0,0.95,159000.0,True,0
P_hpfp,P_rv,p_hpfp
39100.636801506516,9455.56784146642,1889258.861393996
Q,Q_phc
340570.0967492307,181570.0967492307
qm_cb,qm_phc/qm_t,qm_r,qm_v,qm,m_z
0.10998,0.0014258467417001125,0.028070524876268065,0,0.1114058467417001,0.1425846741700108
number of iterations,17,Execution time: ,9.470253944396973
