architecture,t_cbt,t_hxt,eta_hpfp,eta_r,p_cbt,qm_cb0,t0,p0,tpr_hx,Q_hx,pcc,v
after,240,180,0.71,0.71,1330000.0,0.10938578935600733,25.2,345000.0,0.95,159000.0,True,0
P_hpfp,P_rv,p_hpfp
39183.97618095401,50393.08987277054,1889258.861393996
Q,Q_phc
300375.9152832815,141375.91528328147
qm_cb,qm_phc/qm_t,qm_r,qm_v,qm,qm_pot
0.10938578935600733,0.0011188837955845492,0.14963583605001302,0,0.11050467315159188,0.0011378499054989029
number of iterations,17,Execution time: ,7.353922605514526
