architecture,t_cbt,t_hxt,eta_hpfp,eta_r,p_cbt,qm_cb0,t0,p0,tpr_hx,Q_hx,pcc,v
after,240,190,0.71,0.71,1330000.0,0.10938578935600733,25.2,345000.0,0.95,159000.0,True,0
P_hpfp,P_rv,p_hpfp
39200.654636198466,63161.43736079167,1889258.8614256384
Q,Q_phc
287756.87077610975,128756.87077610975
qm_cb,qm_phc/qm_t,qm_r,qm_v,qm,qm_pot
0.10938578935600733,0.0010272958610826816,0.18756987139749834,0,0.11041308521709,0.0012769578929123298
number of iterations,18,Execution time: ,8.180658102035522
