architecture,t_cbt,t_hxt,eta_hpfp,eta_r,p_cbt,qm_cb0,t0,p0,tpr_hx,Q_hx,pcc,v
after,240,180,0.71,0.71,1330000.0,0.11,25.2,345000.0,0.95,149000.0,True,0
P_hpfp,P_rv,p_hpfp
39037.07400195278,50218.750464043536,1889366.2728248988
Q,Q_phc
299284.9842599973,150284.98425999732
qm_cb,qm_phc/qm_t,qm_r,qm_v,qm,m_z
0.11,0.001238733442304311,0.14902569534756674,0,0.11123873344230431,0.12387334423043109
number of iterations,13,Execution time: ,7.161686658859253
