architecture,t_cbt,t_hxt,eta_hpfp,eta_r,p_cbt,qm_cb0,t0,p0,tpr_hx,Q_hx,pcc,v
after,240,180,0.71,0.71,1330000.0,0.10938578935600733,25.2,345000.0,0.95,159000.0,True,0
P_hpfp,P_rv,p_hpfp
42633.54222197823,64872.81427441904,1889258.8609416161
Q,Q_phc
277885.89660013403,118885.89660013403
qm_cb,qm_phc/qm_t,qm_r,qm_v,qm
0.10938578935600733,0.0009510090826985174,0.12504981188405512,0,0.11033679843870585
number of iterations,15,Execution time: ,6.821969032287598
