architecture,t_cbt,t_hxt,eta_hpfp,eta_r,p_cbt,qm_cb0,t0,p0,tpr_hx,Q_hx,pcc,v
after,240,150,0.71,0.71,1330000.0,0.10938578935600733,25.2,345000.0,0.95,159000.0,True,0
P_hpfp,P_rv,p_hpfp
39109.063738658006,25986.74587737568,1889258.861393996
Q,Q_phc
324111.6544697966,165111.65446979657
qm_cb,qm_phc/qm_t,qm_r,qm_v,qm,qm_pot
0.10938578935600733,0.0012917347923262212,0.07717352342869435,0,0.11067752414833355,0.0007515592611913173
number of iterations,17,Execution time: ,7.306134939193726
