architecture,t_cbt,t_hxt,eta_hpfp,eta_r,p_cbt,qm_cb0,t0,p0,tpr_hx,Q_hx,pcc,v
after,240,120,0.71,0.71,1330000.0,0.11,25.2,345000.0,0.95,149000.0,True,0
P_hpfp,P_rv,p_hpfp
39128.16674479329,12583.416712067456,1889366.2728248988
Q,Q_phc
337735.8825654904,188735.88256549038
qm_cb,qm_phc/qm_t,qm_r,qm_v,qm,m_z
0.11,0.0014979208630976832,0.03733175944088597,0,0.11149792086309768,0.1497920863097683
number of iterations,13,Execution time: ,12.275084972381592
