architecture,t_cbt,t_hxt,eta_hpfp,eta_r,p_cbt,qm_cb0,t0,p0,tpr_hx,Q_hx,pcc,v
after,240,170,0.71,0.71,1330000.0,0.11,25.2,345000.0,0.95,149000.0,True,0
P_hpfp,P_rv,p_hpfp
39063.37611842163,40326.9078167256,1889366.2728248988
Q,Q_phc
309412.3129977058,160412.31299770583
qm_cb,qm_phc/qm_t,qm_r,qm_v,qm,m_z
0.11,0.0013135166537003606,0.11968260616226947,0,0.11131351665370036,0.13135166537003606
number of iterations,13,Execution time: ,9.355531692504883
