architecture,t_cbt,t_hxt,eta_hpfp,eta_r,p_cbt,qm_cb0,t0,p0,tpr_hx,Q_hx,pcc,v
after,240,190,0.71,0.71,1330000.0,0.10938578935600733,25.2,345000.0,0.95,159000.0,True,0
P_hpfp,P_rv,p_hpfp
39169.04053408871,63110.379814250315,1889258.8614256384
Q,Q_phc
287524.92368080065,128524.92368080065
qm_cb,qm_phc/qm_t,qm_r,qm_v,qm,qm_pot
0.10938578935600733,0.0010330971065782197,0.18741828284876605,0,0.11041888646258555,0.001181082120338318
number of iterations,18,Execution time: ,7.786825895309448
