architecture,t_cbt,t_hxt,eta_hpfp,eta_r,p_cbt,qm_cb0,t0,p0,tpr_hx,Q_hx,pcc,v
after,240,200,0.71,0.71,1330000.0,0.10938578935600733,25.2,345000.0,0.95,159000.0,True,0
P_hpfp,P_rv,p_hpfp
39192.916109209975,80124.94834302572,1889258.8614256384
Q,Q_phc
270724.08567528066,111724.08567528066
qm_cb,qm_phc/qm_t,qm_r,qm_v,qm,qm_pot
0.10938578935600733,0.0009039685793684881,0.23788761264072583,0,0.11028975793537582,0.0013782366547491632
number of iterations,18,Execution time: ,8.002996444702148
