architecture,t_cbt,t_hxt,eta_hpfp,eta_r,p_cbt,qm_cb0,t0,p0,tpr_hx,Q_hx,pcc,v
after,240,210,0.71,0.71,1330000.0,0.10938578935600733,25.2,345000.0,0.95,159000.0,True,0
P_hpfp,P_rv,p_hpfp
39224.148193179884,103703.17941597599,1889258.8614351866
Q,Q_phc
247425.4394703395,88425.43947033951
qm_cb,qm_phc/qm_t,qm_r,qm_v,qm,qm_pot
0.10938578935600733,0.0007200296101988102,0.3078715734444688,0,0.11010581896620614,0.0016511617078535607
number of iterations,19,Execution time: ,8.156681060791016
