architecture,t_cbt,t_hxt,eta_hpfp,eta_r,p_cbt,qm_cb0,t0,p0,tpr_hx,Q_hx,pcc,v
after,240,200,0.71,0.71,1330000.0,0.10938578935600733,25.2,345000.0,0.95,159000.0,True,0
P_hpfp,P_rv,p_hpfp
39221.03229556542,80182.29161859679,1889258.8614256384
Q,Q_phc
270918.43423084554,111918.43423084554
qm_cb,qm_phc/qm_t,qm_r,qm_v,qm,qm_pot
0.10938578935600733,0.0008999536364756092,0.2380581376205022,0,0.11028574299248294,0.0014623599043851684
number of iterations,18,Execution time: ,8.050556182861328
