architecture,t_cbt,t_hxt,eta_hpfp,eta_r,p_cbt,qm_cb0,t0,p0,tpr_hx,Q_hx,pcc,v
after,240,210,0.71,0.71,1330000.0,0.11,25.2,345000.0,0.95,149000.0,True,0
P_hpfp,P_rv,p_hpfp
38886.6538382253,102757.5431404653,1889366.2728249193
Q,Q_phc
245399.46131892697,96399.46131892697
qm_cb,qm_phc/qm_t,qm_r,qm_v,qm,m_z
0.11,0.0008106538298907251,0.3049488463417809,0,0.11081065382989072,0.08106538298907251
number of iterations,15,Execution time: ,18.195140838623047
