architecture,t_cbt,t_hxt,eta_hpfp,eta_r,p_cbt,qm_cb0,t0,p0,tpr_hx,Q_hx,pcc,v
after,240,200,0.71,0.71,1330000.0,0.11,25.2,345000.0,0.95,149000.0,True,0
P_hpfp,P_rv,p_hpfp
38954.40086490002,79626.52386992639,1889366.2728249172
Q,Q_phc
269137.02806887456,120137.02806887456
qm_cb,qm_phc/qm_t,qm_r,qm_v,qm,m_z
0.11,0.0010035188527280318,0.2362886640756944,0,0.11100351885272804,0.10035188527280317
number of iterations,14,Execution time: ,13.757708549499512
