architecture,t_cbt,t_hxt,eta_hpfp,eta_r,p_cbt,qm_cb0,t0,p0,tpr_hx,Q_hx,pcc,v
after,240,210,0.71,0.71,1330000.0,0.10998,25.2,345000.0,0.95,159000.0,True,0
P_hpfp,P_rv,p_hpfp
38851.929439182066,102718.66954140487,1889258.861393996
Q,Q_phc
245080.58732534276,86080.58732534276
qm_cb,qm_phc/qm_t,qm_r,qm_v,qm,m_z
0.10998,0.0007172277380939479,0.30493000340209814,0,0.11069722773809394,0.0717227738093944
number of iterations,17,Execution time: ,9.568639516830444
