architecture,t_cbt,t_hxt,eta_hpfp,eta_r,p_cbt,qm_cb0,t0,p0,tpr_hx,Q_hx,pcc,v
after,240,210,0.71,0.71,1330000.0,0.10938578935600733,25.2,345000.0,0.95,159000.0,True,0
P_hpfp,P_rv,p_hpfp
38634.2399232714,102097.1454922719,1889258.8614351866
Q,Q_phc
243750.70413265788,84750.70413265788
qm_cb,qm_phc/qm_t,qm_r,qm_v,qm
0.10938578935600733,0.000690431629022506,0.3031464134287688,0,0.11007622098502984
number of iterations,19,Execution time: ,8.915333032608032
