architecture,t_cbt,t_hxt,eta_hpfp,eta_r,p_cbt,qm_cb0,t0,p0,tpr_hx,Q_hx,pcc,v
after,240,220,0.71,0.71,1330000.0,0.10998,25.2,345000.0,0.95,159000.0,True,0
P_hpfp,P_rv,p_hpfp
38750.29700243028,136771.22191795285,1889258.8614256384
Q,Q_phc
210118.22976845203,51118.22976845203
qm_cb,qm_phc/qm_t,qm_r,qm_v,qm,m_z
0.10998,0.0004276557822645022,0.40599781678091357,0,0.1104076557822645,0.0427655782264507
number of iterations,18,Execution time: ,10.915428161621094
