architecture,t_cbt,t_hxt,eta_hpfp,eta_r,p_cbt,qm_cb0,t0,p0,tpr_hx,Q_hx,pcc,v
after,240,200,0.71,0.71,1330000.0,0.10938578935600733,25.2,345000.0,0.95,159000.0,True,0
P_hpfp,P_rv,p_hpfp
42528.077287971384,99297.23925558203,1889258.8609416161
Q,Q_phc
242613.57057817926,83613.57057817926
qm_cb,qm_phc/qm_t,qm_r,qm_v,qm
0.10938578935600733,0.0006780628868305744,0.1914000879248,0,0.1100638522428379
number of iterations,15,Execution time: ,6.784926652908325
