architecture,t_cbt,t_hxt,eta_hpfp,eta_r,p_cbt,qm_cb0,t0,p0,tpr_hx,Q_hx,pcc,v
after,250,140,0.71,0.71,1330000.0,0.1092418370649313,25.2,345000.0,0.95,159000.0,True,0
P_hpfp,P_rv,p_hpfp
42737.80462452788,26268.834451046572,1889258.8609416161
Q,Q_phc
334409.25648345717,175409.25648345717
qm_cb,qm_phc/qm_t,qm_r,qm_v,qm
0.1092418370649313,0.0013647953846329247,0.04859293137874847,0,0.11060663244956423
number of iterations,15,Execution time: ,6.604867458343506
