architecture,t_cbt,t_hxt,eta_hpfp,eta_r,p_cbt,qm_cb0,t0,p0,tpr_hx,Q_hx,pcc,v
after,250,120,0.71,0.71,1330000.0,0.1092418370649313,25.2,345000.0,0.95,159000.0,True,0
P_hpfp,P_rv,p_hpfp
39076.14602859001,12177.673975546246,1889258.861393996
Q,Q_phc
354819.7273690008,195819.7273690008
qm_cb,qm_phc/qm_t,qm_r,qm_v,qm,qm_pot
0.1092418370649313,0.0015025317732151426,0.03470786649120982,0,0.11074436883814645,0.0005909258198673087
number of iterations,17,Execution time: ,7.278439283370972
