architecture,t_cbt,t_hxt,eta_hpfp,eta_r,p_cbt,qm_cb0,t0,p0,tpr_hx,Q_hx,pcc,v
after,250,190,0.71,0.71,1330000.0,0.1092418370649313,25.2,345000.0,0.95,159000.0,True,0
P_hpfp,P_rv,p_hpfp
42605.989858444096,73583.3214230353,1889258.8597899457
Q,Q_phc
285982.3429431908,126982.34294319077
qm_cb,qm_phc/qm_t,qm_r,qm_v,qm
0.1092418370649313,0.0010236552722494852,0.1361238192009669,0,0.11026549233718079
number of iterations,14,Execution time: ,6.950757026672363
