architecture,t_cbt,t_hxt,eta_hpfp,eta_r,p_cbt,qm_cb0,t0,p0,tpr_hx,Q_hx,pcc,v
after,250,100,0.71,0.71,1330000.0,0.1092418370649313,25.2,345000.0,0.95,159000.0,True,0
P_hpfp,P_rv,p_hpfp
42778.317693600686,8300.926254259934,1889258.861393996
Q,Q_phc
352719.0672454245,193719.0672454245
qm_cb,qm_phc/qm_t,qm_r,qm_v,qm
0.1092418370649313,0.0014696442663117981,0.015351170874084847,0,0.1107114813312431
number of iterations,17,Execution time: ,7.570166349411011
