architecture,t_cbt,t_hxt,eta_hpfp,eta_r,p_cbt,qm_cb0,t0,p0,tpr_hx,Q_hx,pcc,v
after,250,110,0.71,0.71,1330000.0,0.1092418370649313,25.2,345000.0,0.95,159000.0,True,0
P_hpfp,P_rv,p_hpfp
39109.71960783964,9214.885052753845,1889258.861393996
Q,Q_phc
358097.8343973565,199097.8343973565
qm_cb,qm_phc/qm_t,qm_r,qm_v,qm,qm_pot
0.1092418370649313,0.001493989634403393,0.0262573909509559,0,0.1107358266993347,0.0006951254049314812
number of iterations,17,Execution time: ,7.601846933364868
