architecture,t_cbt,t_hxt,eta_hpfp,eta_r,p_cbt,qm_cb0,t0,p0,tpr_hx,Q_hx,pcc,v
after,250,100,0.71,0.71,1330000.0,0.11,25.2,345000.0,0.95,149000.0,True,0
P_hpfp,P_rv,p_hpfp
39187.79650973148,6687.733008366998,1889366.2728249172
Q,Q_phc
361410.4501850135,212410.45018501353
qm_cb,qm_phc/qm_t,qm_r,qm_v,qm,m_z
0.11,0.0016677609166108004,0.019048684495489417,0,0.1116677609166108,0.16677609166108004
number of iterations,14,Execution time: ,7.702906847000122
