architecture,t_cbt,t_hxt,eta_hpfp,eta_r,p_cbt,qm_cb0,t0,p0,tpr_hx,Q_hx,pcc,v
after,250,160,0.71,0.71,1330000.0,0.1092418370649313,25.2,345000.0,0.95,159000.0,True,0
P_hpfp,P_rv,p_hpfp
42700.87890804009,40489.74000094276,1889258.8597899457
Q,Q_phc
319876.72360202024,160876.72360202024
qm_cb,qm_phc/qm_t,qm_r,qm_v,qm
0.1092418370649313,0.0012692307841874056,0.07489092700982462,0,0.11051106784911871
number of iterations,14,Execution time: ,6.245550155639648
