architecture,t_cbt,t_hxt,eta_hpfp,eta_r,p_cbt,qm_cb0,t0,p0,tpr_hx,Q_hx,pcc,v
after,250,130,0.71,0.71,1330000.0,0.1092418370649313,25.2,345000.0,0.95,159000.0,True,0
P_hpfp,P_rv,p_hpfp
39125.82828434904,15696.991541593572,1889258.861393996
Q,Q_phc
351767.0182229128,192767.0182229128
qm_cb,qm_phc/qm_t,qm_r,qm_v,qm,qm_pot
0.1092418370649313,0.001467436399187799,0.04474471898997515,0,0.1107092734641191,0.0007675752913780368
number of iterations,17,Execution time: ,7.154966592788696
