architecture,t_cbt,t_hxt,eta_hpfp,eta_r,p_cbt,qm_cb0,t0,p0,tpr_hx,Q_hx,pcc,v
after,250,160,0.71,0.71,1330000.0,0.1092418370649313,25.2,345000.0,0.95,159000.0,True,0
P_hpfp,P_rv,p_hpfp
39115.10082150688,30626.14469390066,1889258.8612891329
Q,Q_phc
336737.11438387935,177737.11438387935
qm_cb,qm_phc/qm_t,qm_r,qm_v,qm,qm_pot
0.1092418370649313,0.0014002403051989398,0.08729720059000454,0,0.11064207737013025,0.0008042068417997773
number of iterations,16,Execution time: ,7.126611232757568
