architecture,t_cbt,t_hxt,eta_hpfp,eta_r,p_cbt,qm_cb0,t0,p0,tpr_hx,Q_hx,pcc,v
after,250,170,0.71,0.71,1330000.0,0.10998,25.2,345000.0,0.95,159000.0,True,0
P_hpfp,P_rv,p_hpfp
39087.457486806,37676.365180265355,1889258.8609416161
Q,Q_phc
329430.09135173174,170430.09135173174
qm_cb,qm_phc/qm_t,qm_r,qm_v,qm,m_z
0.10998,0.0013882962067452709,0.10739915966819559,0,0.11136829620674527,0.13882962067452653
number of iterations,15,Execution time: ,8.730586767196655
