architecture,t_cbt,t_hxt,eta_hpfp,eta_r,p_cbt,qm_cb0,t0,p0,tpr_hx,Q_hx,pcc,v
after,250,130,0.71,0.71,1330000.0,0.1092418370649313,25.2,345000.0,0.95,159000.0,True,0
P_hpfp,P_rv,p_hpfp
42751.24144482745,20699.13775002633,1889258.8609416161
Q,Q_phc
340092.3508364264,181092.35083642643
qm_cb,qm_phc/qm_t,qm_r,qm_v,qm
0.1092418370649313,0.0013995702509888852,0.03828219810179266,0,0.11064140731592019
number of iterations,15,Execution time: ,6.1854798793792725
