architecture,t_cbt,t_hxt,eta_hpfp,eta_r,p_cbt,qm_cb0,t0,p0,tpr_hx,Q_hx,pcc,v
after,250,130,0.71,0.71,1330000.0,0.1092418370649313,25.2,345000.0,0.95,159000.0,True,0
P_hpfp,P_rv,p_hpfp
38857.444750917006,15587.837877712016,1889258.861393996
Q,Q_phc
349355.5533165505,190355.5533165505
qm_cb,qm_phc/qm_t,qm_r,qm_v,qm
0.1092418370649313,0.0014703364906586691,0.044434912783036365,0,0.11071217355558997
number of iterations,17,Execution time: ,6.814996719360352
