architecture,t_cbt,t_hxt,eta_hpfp,eta_r,p_cbt,qm_cb0,t0,p0,tpr_hx,Q_hx,pcc,v
after,250,100,0.71,0.71,1330000.0,0.1092418370649313,25.2,345000.0,0.95,159000.0,True,0
P_hpfp,P_rv,p_hpfp
38872.428860650034,6631.820706284252,1889258.8614256384
Q,Q_phc
358452.2990183217,199452.29901832168
qm_cb,qm_phc/qm_t,qm_r,qm_v,qm
0.1092418370649313,0.0015130290343543379,0.01889923968791123,0,0.11075486609928564
number of iterations,18,Execution time: ,8.16912031173706
