architecture,t_cbt,t_hxt,eta_hpfp,eta_r,p_cbt,qm_cb0,t0,p0,tpr_hx,Q_hx,pcc,v
after,250,150,0.71,0.71,1330000.0,0.1092418370649313,25.2,345000.0,0.95,159000.0,True,0
P_hpfp,P_rv,p_hpfp
39145.08783643144,24776.716102888968,1889258.8612891329
Q,Q_phc
342868.17659723473,183868.17659723473
qm_cb,qm_phc/qm_t,qm_r,qm_v,qm,qm_pot
0.1092418370649313,0.0014215427777071552,0.07062044930540715,0,0.11066337984263847,0.000868343018758438
number of iterations,16,Execution time: ,6.841915130615234
