architecture,t_cbt,t_hxt,eta_hpfp,eta_r,p_cbt,qm_cb0,t0,p0,tpr_hx,Q_hx,pcc,v
after,250,160,0.71,0.71,1330000.0,0.11,25.2,345000.0,0.95,149000.0,True,0
P_hpfp,P_rv,p_hpfp
39139.73485560435,30660.98185989854,1889366.2728247393
Q,Q_phc
336985.7493731699,187985.7493731699
qm_cb,qm_phc/qm_t,qm_r,qm_v,qm,m_z
0.11,0.0015310695665430624,0.08734467920583598,0,0.11153106956654306,0.15310695665430624
number of iterations,12,Execution time: ,9.46422028541565
