architecture,t_cbt,t_hxt,eta_hpfp,eta_r,p_cbt,qm_cb0,t0,p0,tpr_hx,Q_hx,pcc,v
after,250,100,0.71,0.71,1330000.0,0.10998,25.2,345000.0,0.95,159000.0,True,0
P_hpfp,P_rv,p_hpfp
39154.4223194436,6685.345970226522,1889258.861393996
Q,Q_phc
361050.0389563647,202050.03895636467
qm_cb,qm_phc/qm_t,qm_r,qm_v,qm,m_z
0.10998,0.0015790928690877643,0.019046415243580108,0,0.11155909286908776,0.15790928690877595
number of iterations,17,Execution time: ,9.999544143676758
