architecture,t_cbt,t_hxt,eta_hpfp,eta_r,p_cbt,qm_cb0,t0,p0,tpr_hx,Q_hx,pcc,v
after,250,140,0.71,0.71,1330000.0,0.1092418370649313,25.2,345000.0,0.95,159000.0,True,0
P_hpfp,P_rv,p_hpfp
38849.36961530943,19708.699417611275,1889258.8612891329
Q,Q_phc
345158.8513557768,186158.85135577677
qm_cb,qm_phc/qm_t,qm_r,qm_v,qm
0.1092418370649313,0.0014473289264679695,0.0561723129881365,0,0.11068916599139927
number of iterations,16,Execution time: ,7.239535570144653
