architecture,t_cbt,t_hxt,eta_hpfp,eta_r,p_cbt,qm_cb0,t0,p0,tpr_hx,Q_hx,pcc,v
after,250,160,0.71,0.71,1330000.0,0.10998,25.2,345000.0,0.95,159000.0,True,0
P_hpfp,P_rv,p_hpfp
39104.878021532975,30616.858131061017,1889258.8609416161
Q,Q_phc
336653.210750925,177653.210750925
qm_cb,qm_phc/qm_t,qm_r,qm_v,qm,m_z
0.10998,0.0014379309334912604,0.0872718604735841,0,0.11141793093349125,0.1437930933491265
number of iterations,15,Execution time: ,8.886714696884155
