architecture,t_cbt,t_hxt,eta_hpfp,eta_r,p_cbt,qm_cb0,t0,p0,tpr_hx,Q_hx,pcc,v
after,250,170,0.71,0.71,1330000.0,0.1092418370649313,25.2,345000.0,0.95,159000.0,True,0
P_hpfp,P_rv,p_hpfp
39127.89058235087,37721.10739672274,1889258.8612891329
Q,Q_phc
329762.27122895035,170762.27122895035
qm_cb,qm_phc/qm_t,qm_r,qm_v,qm,qm_pot
0.1092418370649313,0.0013546754211674907,0.1075209977657106,0,0.1105965124860988,0.0008862121616753359
number of iterations,16,Execution time: ,6.385206460952759
