architecture,t_cbt,t_hxt,eta_hpfp,eta_r,p_cbt,qm_cb0,t0,p0,tpr_hx,Q_hx,pcc,v
after,250,170,0.71,0.71,1330000.0,0.1092418370649313,25.2,345000.0,0.95,159000.0,True,0
P_hpfp,P_rv,p_hpfp
42675.87301948783,49569.81326248619,1889258.8597899457
Q,Q_phc
310585.6175969533,151585.6175969533
qm_cb,qm_phc/qm_t,qm_r,qm_v,qm
0.1092418370649313,0.0012045148458485894,0.09169433908968184,0,0.1104463519107799
number of iterations,14,Execution time: ,6.45673680305481
