architecture,t_cbt,t_hxt,eta_hpfp,eta_r,p_cbt,qm_cb0,t0,p0,tpr_hx,Q_hx,pcc,v
after,250,190,0.71,0.71,1330000.0,0.1092418370649313,25.2,345000.0,0.95,159000.0,True,0
P_hpfp,P_rv,p_hpfp
39159.45136251047,57205.535947660566,1889258.861393996
Q,Q_phc
310574.25680888956,151574.25680888956
qm_cb,qm_phc/qm_t,qm_r,qm_v,qm,qm_pot
0.1092418370649313,0.0012195564580393847,0.1630790451662098,0,0.11046139352297069,0.0011112537104949016
number of iterations,17,Execution time: ,7.478113889694214
