architecture,t_cbt,t_hxt,eta_hpfp,eta_r,p_cbt,qm_cb0,t0,p0,tpr_hx,Q_hx,pcc,v
after,250,180,0.71,0.71,1330000.0,0.1092418370649313,25.2,345000.0,0.95,159000.0,True,0
P_hpfp,P_rv,p_hpfp
39181.702240681356,46455.79524613456,1889258.8612891329
Q,Q_phc
321532.9745396145,162532.97453961452
qm_cb,qm_phc/qm_t,qm_r,qm_v,qm,qm_pot
0.1092418370649313,0.0012876840633203107,0.1324119308574433,0,0.11052952112825161,0.001106523062161074
number of iterations,16,Execution time: ,7.002549886703491
