architecture,t_cbt,t_hxt,eta_hpfp,eta_r,p_cbt,qm_cb0,t0,p0,tpr_hx,Q_hx,pcc,v
after,250,150,0.71,0.71,1330000.0,0.1092418370649313,25.2,345000.0,0.95,159000.0,True,0
P_hpfp,P_rv,p_hpfp
39103.75490719443,24750.266785515567,1889258.8612891329
Q,Q_phc
342506.4331380887,183506.43313808867
qm_cb,qm_phc/qm_t,qm_r,qm_v,qm,qm_pot
0.1092418370649313,0.0014358185725554472,0.07054530821058204,0,0.11067765563748676,0.000736301929118241
number of iterations,16,Execution time: ,6.343282222747803
