architecture,t_cbt,t_hxt,eta_hpfp,eta_r,p_cbt,qm_cb0,t0,p0,tpr_hx,Q_hx,pcc,v
after,250,150,0.71,0.71,1330000.0,0.1092418370649313,25.2,345000.0,0.95,159000.0,True,0
P_hpfp,P_rv,p_hpfp
42721.30514112271,32790.01589000655,1889258.8609416161
Q,Q_phc
327748.8305926994,168748.8305926994
qm_cb,qm_phc/qm_t,qm_r,qm_v,qm
0.1092418370649313,0.0013220942605897956,0.06066436496139801,0,0.1105639313255211
number of iterations,15,Execution time: ,6.236046314239502
