architecture,t_cbt,t_hxt,eta_hpfp,eta_r,p_cbt,qm_cb0,t0,p0,tpr_hx,Q_hx,pcc,v
after,250,120,0.71,0.71,1330000.0,0.10998,25.2,345000.0,0.95,159000.0,True,0
P_hpfp,P_rv,p_hpfp
39144.896394301795,12204.203915357451,1889258.8612891329
Q,Q_phc
355441.71430235566,196441.71430235566
qm_cb,qm_phc/qm_t,qm_r,qm_v,qm,m_z
0.10998,0.0015519515442000004,0.034778240604528006,0,0.1115319515442,0.15519515441999968
number of iterations,16,Execution time: ,9.083718299865723
