architecture,t_cbt,t_hxt,eta_hpfp,eta_r,p_cbt,qm_cb0,t0,p0,tpr_hx,Q_hx,pcc,v
after,250,180,0.71,0.71,1330000.0,0.1092418370649313,25.2,345000.0,0.95,159000.0,True,0
P_hpfp,P_rv,p_hpfp
39142.51123837848,46408.9988352931,1889258.8612891329
Q,Q_phc
321211.6948358574,162211.69483585737
qm_cb,qm_phc/qm_t,qm_r,qm_v,qm,qm_pot
0.1092418370649313,0.0012958875190073793,0.13227879818369936,0,0.11053772458393868,0.0009866570646559997
number of iterations,16,Execution time: ,7.3504719734191895
