architecture,t_cbt,t_hxt,eta_hpfp,eta_r,p_cbt,qm_cb0,t0,p0,tpr_hx,Q_hx,pcc,v
after,250,230,0.71,0.71,1330000.0,0.10998,25.2,345000.0,0.95,159000.0,True,0
P_hpfp,P_rv,p_hpfp
38764.696871420434,149524.67228486264,1889258.861393996
Q,Q_phc
214550.44059186315,55550.44059186315
qm_cb,qm_phc/qm_t,qm_r,qm_v,qm,m_z
0.10998,0.0004686840091446959,0.42604009255058695,0,0.11044868400914469,0.046868400914469345
number of iterations,17,Execution time: ,10.16449761390686
