architecture,t_cbt,t_hxt,eta_hpfp,eta_r,p_cbt,qm_cb0,t0,p0,tpr_hx,Q_hx,pcc,v
after,250,220,0.71,0.71,1330000.0,0.1092418370649313,25.2,345000.0,0.95,159000.0,True,0
P_hpfp,P_rv,p_hpfp
38603.44358284118,112662.20068494884,1889258.8614256384
Q,Q_phc
249895.64897508878,90895.64897508878
qm_cb,qm_phc/qm_t,qm_r,qm_v,qm
0.1092418370649313,0.0007466393514972414,0.3210698332718344,0,0.10998847641642855
number of iterations,18,Execution time: ,8.661067008972168
