architecture,t_cbt,t_hxt,eta_hpfp,eta_r,p_cbt,qm_cb0,t0,p0,tpr_hx,Q_hx,pcc,v
after,250,210,0.71,0.71,1330000.0,0.1092418370649313,25.2,345000.0,0.95,159000.0,True,0
P_hpfp,P_rv,p_hpfp
39236.07978361166,89360.79122497868,1889258.8614256384
Q,Q_phc
279138.68434405926,120138.68434405926
qm_cb,qm_phc/qm_t,qm_r,qm_v,qm,qm_pot
0.1092418370649313,0.0009758676142330161,0.25471701450008893,0,0.11021770467916432,0.0015732713432722182
number of iterations,18,Execution time: ,8.191051483154297
