architecture,t_cbt,t_hxt,eta_hpfp,eta_r,p_cbt,qm_cb0,t0,p0,tpr_hx,Q_hx,pcc,v
after,250,220,0.71,0.71,1330000.0,0.1092418370649313,25.2,345000.0,0.95,159000.0,True,0
P_hpfp,P_rv,p_hpfp
42407.49653823411,136868.89019664124,1889258.8597899457
Q,Q_phc
221021.625140289,62021.62514028899
qm_cb,qm_phc/qm_t,qm_r,qm_v,qm
0.1092418370649313,0.0005099490128405715,0.2531842618273179,0,0.10975178607777188
number of iterations,14,Execution time: ,6.275108337402344
