architecture,t_cbt,t_hxt,eta_hpfp,eta_r,p_cbt,qm_cb0,t0,p0,tpr_hx,Q_hx,pcc,v
after,250,220,0.71,0.71,1330000.0,0.1092418370649313,25.2,345000.0,0.95,159000.0,True,0
P_hpfp,P_rv,p_hpfp
39237.69884346532,114461.3726806745,1889258.8614351866
Q,Q_phc
254053.3088540603,95053.3088540603
qm_cb,qm_phc/qm_t,qm_r,qm_v,qm,qm_pot
0.1092418370649313,0.0007808430878257135,0.32625304264450006,0,0.11002268015275701,0.0017729088743664943
number of iterations,19,Execution time: ,8.363220453262329
