architecture,t_cbt,t_hxt,eta_hpfp,eta_r,p_cbt,qm_cb0,t0,p0,tpr_hx,Q_hx,pcc,v
after,250,230,0.71,0.71,1330000.0,0.1092418370649313,25.2,345000.0,0.95,159000.0,True,0
P_hpfp,P_rv,p_hpfp
42288.597325091665,172966.5339793974,1889258.855973307
Q,Q_phc
183920.554841886,24920.554841886013
qm_cb,qm_phc/qm_t,qm_r,qm_v,qm
0.1092418370649313,0.0002022351355753793,0.3197774328226444,0,0.10944407220050668
number of iterations,13,Execution time: ,6.045891523361206
