architecture,t_cbt,t_hxt,eta_hpfp,eta_r,p_cbt,qm_cb0,t0,p0,tpr_hx,Q_hx,pcc,v
after,250,230,0.71,0.71,1330000.0,0.1092418370649313,25.2,345000.0,0.95,159000.0,True,0
P_hpfp,P_rv,p_hpfp
38498.24260520046,148433.71934323836,1889258.8614351866
Q,Q_phc
213136.0982421563,54136.098242156295
qm_cb,qm_phc/qm_t,qm_r,qm_v,qm
0.1092418370649313,0.00044690196453063546,0.42299810321615844,0,0.10968873902946194
number of iterations,19,Execution time: ,9.119536876678467
