architecture,t_cbt,t_hxt,eta_hpfp,eta_r,p_cbt,qm_cb0,t0,p0,tpr_hx,Q_hx,pcc,v
after,250,200,0.71,0.71,1330000.0,0.1092418370649313,25.2,345000.0,0.95,159000.0,True,0
P_hpfp,P_rv,p_hpfp
42556.60058810875,89808.49968957313,1889258.8597899457
Q,Q_phc
269340.3527246317,110340.35272463172
qm_cb,qm_phc/qm_t,qm_r,qm_v,qm
0.1092418370649313,0.0008958344604858143,0.16613706160789735,0,0.11013767152541712
number of iterations,14,Execution time: ,6.583900213241577
