architecture,t_cbt,t_hxt,eta_hpfp,eta_r,p_cbt,qm_cb0,t0,p0,tpr_hx,Q_hx,pcc,v
after,250,210,0.71,0.71,1330000.0,0.1092418370649313,25.2,345000.0,0.95,159000.0,True,0
P_hpfp,P_rv,p_hpfp
39204.975714731125,89290.12244683175,1889258.8614256384
Q,Q_phc
278917.2282938912,119917.22829389118
qm_cb,qm_phc/qm_t,qm_r,qm_v,qm,qm_pot
0.1092418370649313,0.0009784610907319913,0.25451528159119363,0,0.1102202981556633,0.0014820565203594038
number of iterations,18,Execution time: ,7.550220727920532
