architecture,t_cbt,t_hxt,eta_hpfp,eta_r,p_cbt,qm_cb0,t0,p0,tpr_hx,Q_hx,pcc,v
after,250,210,0.71,0.71,1330000.0,0.10998,25.2,345000.0,0.95,159000.0,True,0
P_hpfp,P_rv,p_hpfp
38946.53329887871,88710.00418973366,1889258.8612891329
Q,Q_phc
277072.90277811594,118072.90277811594
qm_cb,qm_phc/qm_t,qm_r,qm_v,qm,m_z
0.10998,0.0009867738279522864,0.25285121271066835,0,0.11096677382795228,0.09867738279522903
number of iterations,16,Execution time: ,9.858070373535156
