architecture,t_cbt,t_hxt,eta_hpfp,eta_r,p_cbt,qm_cb0,t0,p0,tpr_hx,Q_hx,pcc,v
after,250,210,0.71,0.71,1330000.0,0.1092418370649313,25.2,345000.0,0.95,159000.0,True,0
P_hpfp,P_rv,p_hpfp
38673.88175062097,88128.70307241299,1889258.861393996
Q,Q_phc
275090.69149121037,116090.69149121037
qm_cb,qm_phc/qm_t,qm_r,qm_v,qm
0.1092418370649313,0.0009473309539479585,0.2511539823802405,0,0.11018916801887926
number of iterations,17,Execution time: ,7.749093055725098
