architecture,t_cbt,t_hxt,eta_hpfp,eta_r,p_cbt,qm_cb0,t0,p0,tpr_hx,Q_hx,pcc,v
after,250,200,0.71,0.71,1330000.0,0.10998,25.2,345000.0,0.95,159000.0,True,0
P_hpfp,P_rv,p_hpfp
38998.08399781738,70744.55772122784,1889258.8609416161
Q,Q_phc
295522.5097340662,136522.5097340662
qm_cb,qm_phc/qm_t,qm_r,qm_v,qm,m_z
0.10998,0.0011336525477639997,0.20162392087648062,0,0.111113652547764,0.11336525477639978
number of iterations,15,Execution time: ,8.57694697380066
