architecture,t_cbt,t_hxt,eta_hpfp,eta_r,p_cbt,qm_cb0,t0,p0,tpr_hx,Q_hx,pcc,v
after,250,200,0.71,0.71,1330000.0,0.1092418370649313,25.2,345000.0,0.95,159000.0,True,0
P_hpfp,P_rv,p_hpfp
39214.768029904415,71118.5355777281,1889258.861393996
Q,Q_phc
297180.7831620079,138180.78316200792
qm_cb,qm_phc/qm_t,qm_r,qm_v,qm,qm_pot
0.1092418370649313,0.0011131168006067304,0.20271073314796864,0,0.11035495386553804,0.0013753009646260285
number of iterations,17,Execution time: ,7.347049951553345
