architecture,t_cbt,t_hxt,eta_hpfp,eta_r,p_cbt,qm_cb0,t0,p0,tpr_hx,Q_hx,pcc,v
after,250,220,0.71,0.71,1330000.0,0.1092418370649313,25.2,345000.0,0.95,159000.0,True,0
P_hpfp,P_rv,p_hpfp
39262.93672803486,114534.15314734745,1889258.8614351866
Q,Q_phc
254217.5588776783,95217.5588776783
qm_cb,qm_phc/qm_t,qm_r,qm_v,qm,qm_pot
0.1092418370649313,0.0007797052014306776,0.3264614646514475,0,0.11002154226636199,0.0018459542439833916
number of iterations,19,Execution time: ,8.430816173553467
