architecture,t_cbt,t_hxt,eta_hpfp,eta_r,p_cbt,qm_cb0,t0,p0,tpr_hx,Q_hx,pcc,v
after,260,170,0.71,0.71,1330000.0,0.10909949597353935,25.2,345000.0,0.95,159000.0,True,0
P_hpfp,P_rv,p_hpfp
38812.890852673205,35299.389222595164,1889258.8609416161
Q,Q_phc
346155.356525657,187155.356525657
qm_cb,qm_phc/qm_t,qm_r,qm_v,qm
0.10909949597353935,0.001485735213607453,0.09674145319053605,0,0.1105852311871468
number of iterations,15,Execution time: ,6.885549545288086
