architecture,t_cbt,t_hxt,eta_hpfp,eta_r,p_cbt,qm_cb0,t0,p0,tpr_hx,Q_hx,pcc,v
after,260,150,0.71,0.71,1330000.0,0.10909949597353935,25.2,345000.0,0.95,159000.0,True,0
P_hpfp,P_rv,p_hpfp
39144.29489313965,23734.811467965592,1889258.8612891329
Q,Q_phc
360976.98710080516,201976.98710080516
qm_cb,qm_phc/qm_t,qm_r,qm_v,qm,qm_pot
0.10909949597353935,0.0015618540843832561,0.06505623045525698,0,0.1106613500579226,0.000868113558793719
number of iterations,16,Execution time: ,7.146549701690674
