architecture,t_cbt,t_hxt,eta_hpfp,eta_r,p_cbt,qm_cb0,t0,p0,tpr_hx,Q_hx,pcc,v
after,260,100,0.71,0.71,1330000.0,0.10909949597353935,25.2,345000.0,0.95,159000.0,True,0
P_hpfp,P_rv,p_hpfp
39100.509120396186,6537.862337796082,1889258.8614256384
Q,Q_phc
377743.60770563775,218743.60770563775
qm_cb,qm_phc/qm_t,qm_r,qm_v,qm,qm_pot
0.10909949597353935,0.0016294531114213946,0.01791493521685618,0,0.11072894908496074,0.0006757606018874624
number of iterations,18,Execution time: ,7.949710130691528
