architecture,t_cbt,t_hxt,eta_hpfp,eta_r,p_cbt,qm_cb0,t0,p0,tpr_hx,Q_hx,pcc,v
after,260,170,0.71,0.71,1330000.0,0.10909949597353935,25.2,345000.0,0.95,159000.0,True,0
P_hpfp,P_rv,p_hpfp
42680.87790359627,47029.458590631286,1889258.8597899457
Q,Q_phc
330078.72959167405,171078.72959167405
qm_cb,qm_phc/qm_t,qm_r,qm_v,qm
0.10909949597353935,0.001359808717169883,0.08364990952727068,0,0.11045930469070923
number of iterations,14,Execution time: ,6.840068340301514
