architecture,t_cbt,t_hxt,eta_hpfp,eta_r,p_cbt,qm_cb0,t0,p0,tpr_hx,Q_hx,pcc,v
after,260,190,0.71,0.71,1330000.0,0.10909949597353935,25.2,345000.0,0.95,159000.0,True,0
P_hpfp,P_rv,p_hpfp
38771.462254745034,52227.99852804412,1889258.8609416161
Q,Q_phc
328819.585193824,169819.58519382402
qm_cb,qm_phc/qm_t,qm_r,qm_v,qm
0.10909949597353935,0.0013676973406482884,0.14312806454516003,0,0.11046719331418764
number of iterations,15,Execution time: ,7.004513502120972
