architecture,t_cbt,t_hxt,eta_hpfp,eta_r,p_cbt,qm_cb0,t0,p0,tpr_hx,Q_hx,pcc,v
after,260,160,0.71,0.71,1330000.0,0.10909949597353935,25.2,345000.0,0.95,159000.0,True,0
P_hpfp,P_rv,p_hpfp
42703.040025335504,38695.13836765447,1889258.8597899457
Q,Q_phc
338608.86391187337,179608.86391187337
qm_cb,qm_phc/qm_t,qm_r,qm_v,qm
0.10909949597353935,0.001417164907530244,0.0688188818343631,0,0.1105166608810696
number of iterations,14,Execution time: ,6.459378242492676
