architecture,t_cbt,t_hxt,eta_hpfp,eta_r,p_cbt,qm_cb0,t0,p0,tpr_hx,Q_hx,pcc,v
after,260,130,0.71,0.71,1330000.0,0.10998,25.2,345000.0,0.95,159000.0,True,0
P_hpfp,P_rv,p_hpfp
39188.82863724138,15236.857493464808,1889258.8612891329
Q,Q_phc
369915.56594091194,210915.56594091194
qm_cb,qm_phc/qm_t,qm_r,qm_v,qm,m_z
0.10998,0.0016771236417682245,0.041761672836064204,0,0.11165712364176822,0.16771236417682303
number of iterations,16,Execution time: ,9.140149116516113
