architecture,t_cbt,t_hxt,eta_hpfp,eta_r,p_cbt,qm_cb0,t0,p0,tpr_hx,Q_hx,pcc,v
after,260,120,0.71,0.71,1330000.0,0.10909949597353935,25.2,345000.0,0.95,159000.0,True,0
P_hpfp,P_rv,p_hpfp
38859.96610279723,11784.153877934312,1889258.861393996
Q,Q_phc
370133.24915643164,211133.24915643164
qm_cb,qm_phc/qm_t,qm_r,qm_v,qm
0.10909949597353935,0.0016198613881075324,0.03229735471520812,0,0.11071935736164688
number of iterations,17,Execution time: ,7.711781978607178
