architecture,t_cbt,t_hxt,eta_hpfp,eta_r,p_cbt,qm_cb0,t0,p0,tpr_hx,Q_hx,pcc,v
after,260,110,0.71,0.71,1330000.0,0.10909949597353935,25.2,345000.0,0.95,159000.0,True,0
P_hpfp,P_rv,p_hpfp
39107.91383301873,9000.502265252238,1889258.861393996
Q,Q_phc
375353.74162903515,216353.74162903515
qm_cb,qm_phc/qm_t,qm_r,qm_v,qm,qm_pot
0.10909949597353935,0.0016226957647407373,0.02466164156380593,0,0.11072219173828009,0.0007036153736517522
number of iterations,17,Execution time: ,7.540371894836426
