architecture,t_cbt,t_hxt,eta_hpfp,eta_r,p_cbt,qm_cb0,t0,p0,tpr_hx,Q_hx,pcc,v
after,260,160,0.71,0.71,1330000.0,0.11,25.2,345000.0,0.95,149000.0,True,0
P_hpfp,P_rv,p_hpfp
39194.89136959822,29199.172359239048,1889366.2728247393
Q,Q_phc
356064.26739816903,207064.26739816903
qm_cb,qm_phc/qm_t,qm_r,qm_v,qm,m_z
0.11,0.0016881465237709873,0.08000110950927168,0,0.11168814652377099,0.16881465237709872
number of iterations,12,Execution time: ,6.75910758972168
