architecture,t_cbt,t_hxt,eta_hpfp,eta_r,p_cbt,qm_cb0,t0,p0,tpr_hx,Q_hx,pcc,v
after,260,160,0.71,0.71,1330000.0,0.10909949597353935,25.2,345000.0,0.95,159000.0,True,0
P_hpfp,P_rv,p_hpfp
39155.31978049559,29157.60173238486,1889258.8612891329
Q,Q_phc
355662.54989920894,196662.54989920894
qm_cb,qm_phc/qm_t,qm_r,qm_v,qm,qm_pot
0.10909949597353935,0.0015333303955926024,0.07992479564223083,0,0.11063282636913195,0.0009280492266888458
number of iterations,16,Execution time: ,6.9873692989349365
