architecture,t_cbt,t_hxt,eta_hpfp,eta_r,p_cbt,qm_cb0,t0,p0,tpr_hx,Q_hx,pcc,v
after,260,100,0.71,0.71,1330000.0,0.10998,25.2,345000.0,0.95,159000.0,True,0
P_hpfp,P_rv,p_hpfp
39203.10831660085,6559.446234961218,1889258.861393996
Q,Q_phc
378733.3195048088,219733.3195048088
qm_cb,qm_phc/qm_t,qm_r,qm_v,qm,m_z
0.10998,0.0017178094011304906,0.017969767646956722,0,0.11169780940113049,0.17178094011304973
number of iterations,17,Execution time: ,9.853717803955078
