architecture,t_cbt,t_hxt,eta_hpfp,eta_r,p_cbt,qm_cb0,t0,p0,tpr_hx,Q_hx,pcc,v
after,260,100,0.71,0.71,1330000.0,0.10909949597353935,25.2,345000.0,0.95,159000.0,True,0
P_hpfp,P_rv,p_hpfp
42772.8028533686,8157.3852680897,1889258.8612891329
Q,Q_phc
369763.00767011696,210763.00767011696
qm_cb,qm_phc/qm_t,qm_r,qm_v,qm
0.10909949597353935,0.0015977128140300112,0.014495597691570881,0,0.11069720878756936
number of iterations,16,Execution time: ,7.540813446044922
