architecture,t_cbt,t_hxt,eta_hpfp,eta_r,p_cbt,qm_cb0,t0,p0,tpr_hx,Q_hx,pcc,v
after,260,180,0.71,0.71,1330000.0,0.10909949597353935,25.2,345000.0,0.95,159000.0,True,0
P_hpfp,P_rv,p_hpfp
38794.72286156703,42936.935105036646,1889258.8609416161
Q,Q_phc
338339.2548521906,179339.2548521906
qm_cb,qm_phc/qm_t,qm_r,qm_v,qm
0.10909949597353935,0.0014339711874670619,0.11767280057264122,0,0.11053346716100641
number of iterations,15,Execution time: ,6.9069178104400635
