architecture,t_cbt,t_hxt,eta_hpfp,eta_r,p_cbt,qm_cb0,t0,p0,tpr_hx,Q_hx,pcc,v
after,260,180,0.71,0.71,1330000.0,0.10909949597353935,25.2,345000.0,0.95,159000.0,True,0
P_hpfp,P_rv,p_hpfp
39180.38483142353,43339.362797491536,1889258.8612891329
Q,Q_phc
341727.12922291324,182727.12922291324
qm_cb,qm_phc/qm_t,qm_r,qm_v,qm,qm_pot
0.10909949597353935,0.0014489018010270713,0.1188015439397128,0,0.11054839777456642,0.0010838928689171448
number of iterations,16,Execution time: ,7.004050254821777
