architecture,t_cbt,t_hxt,eta_hpfp,eta_r,p_cbt,qm_cb0,t0,p0,tpr_hx,Q_hx,pcc,v
after,260,180,0.71,0.71,1330000.0,0.10909949597353935,25.2,345000.0,0.95,159000.0,True,0
P_hpfp,P_rv,p_hpfp
42653.44371445234,56885.74094585643,1889258.855973307
Q,Q_phc
319980.0539620646,160980.05396206462
qm_cb,qm_phc/qm_t,qm_r,qm_v,qm
0.10909949597353935,0.001288808883168291,0.10114766871763446,0,0.11038830485670764
number of iterations,13,Execution time: ,6.3216776847839355
