architecture,t_cbt,t_hxt,eta_hpfp,eta_r,p_cbt,qm_cb0,t0,p0,tpr_hx,Q_hx,pcc,v
after,260,120,0.71,0.71,1330000.0,0.10909949597353935,25.2,345000.0,0.95,159000.0,True,0
P_hpfp,P_rv,p_hpfp
39070.95286453675,11849.114116108287,1889258.861393996
Q,Q_phc
372141.87580469577,213141.87580469577
qm_cb,qm_phc/qm_t,qm_r,qm_v,qm,qm_pot
0.10909949597353935,0.0016347087630990001,0.03247454057193922,0,0.11073420473663835,0.0005862936195688277
number of iterations,17,Execution time: ,7.305883169174194
