architecture,t_cbt,t_hxt,eta_hpfp,eta_r,p_cbt,qm_cb0,t0,p0,tpr_hx,Q_hx,pcc,v
after,260,120,0.71,0.71,1330000.0,0.10909949597353935,25.2,345000.0,0.95,159000.0,True,0
P_hpfp,P_rv,p_hpfp
42758.20022677209,15532.88039035592,1889258.8609416161
Q,Q_phc
362258.4908120482,203258.4908120482
qm_cb,qm_phc/qm_t,qm_r,qm_v,qm
0.10909949597353935,0.0015599208644798274,0.027612625044184914,0,0.11065941683801918
number of iterations,15,Execution time: ,6.8427393436431885
