architecture,t_cbt,t_hxt,eta_hpfp,eta_r,p_cbt,qm_cb0,t0,p0,tpr_hx,Q_hx,pcc,v
after,260,110,0.71,0.71,1330000.0,0.10998,25.2,345000.0,0.95,159000.0,True,0
P_hpfp,P_rv,p_hpfp
39199.48874423387,9017.194100525207,1889258.861393996
Q,Q_phc
376239.99805572163,217239.99805572163
qm_cb,qm_phc/qm_t,qm_r,qm_v,qm,m_z
0.10998,0.001707496486626492,0.02471159937020239,0,0.11168749648662649,0.17074964866264872
number of iterations,17,Execution time: ,9.96360969543457
