architecture,t_cbt,t_hxt,eta_hpfp,eta_r,p_cbt,qm_cb0,t0,p0,tpr_hx,Q_hx,pcc,v
after,260,150,0.71,0.71,1330000.0,0.10909949597353935,25.2,345000.0,0.95,159000.0,True,0
P_hpfp,P_rv,p_hpfp
42721.179186232504,31560.37692649665,1889258.8597899457
Q,Q_phc
345903.8944580029,186903.89445800288
qm_cb,qm_phc/qm_t,qm_r,qm_v,qm
0.10909949597353935,0.0014641095628131345,0.056121272971271834,0,0.11056360553635249
number of iterations,14,Execution time: ,6.382815837860107
