architecture,t_cbt,t_hxt,eta_hpfp,eta_r,p_cbt,qm_cb0,t0,p0,tpr_hx,Q_hx,pcc,v
after,260,170,0.71,0.71,1330000.0,0.11,25.2,345000.0,0.95,149000.0,True,0
P_hpfp,P_rv,p_hpfp
39179.99548265632,35626.19772806175,1889366.2728247393
Q,Q_phc
349490.82395186374,200490.82395186374
qm_cb,qm_phc/qm_t,qm_r,qm_v,qm,m_z
0.11,0.00164574325508125,0.09761477260403216,0,0.11164574325508125,0.164574325508125
number of iterations,12,Execution time: ,14.189428806304932
