architecture,t_cbt,t_hxt,eta_hpfp,eta_r,p_cbt,qm_cb0,t0,p0,tpr_hx,Q_hx,pcc,v
after,260,170,0.71,0.71,1330000.0,0.10909949597353935,25.2,345000.0,0.95,159000.0,True,0
P_hpfp,P_rv,p_hpfp
39167.366951648546,35627.34107970649,1889258.8609416161
Q,Q_phc
349311.2108792638,190311.21087926382
qm_cb,qm_phc/qm_t,qm_r,qm_v,qm,qm_pot
0.10909949597353935,0.0014962494734536906,0.09763513563625804,0,0.11059574544699304,0.0009994548636674335
number of iterations,15,Execution time: ,6.64792537689209
