architecture,t_cbt,t_hxt,eta_hpfp,eta_r,p_cbt,qm_cb0,t0,p0,tpr_hx,Q_hx,pcc,v
after,260,150,0.71,0.71,1330000.0,0.10909949597353935,25.2,345000.0,0.95,159000.0,True,0
P_hpfp,P_rv,p_hpfp
39098.77235637479,23706.943722739725,1889258.8612891329
Q,Q_phc
360557.45741450164,201557.45741450164
qm_cb,qm_phc/qm_t,qm_r,qm_v,qm,qm_pot
0.10909949597353935,0.001577055930911685,0.06498007385067887,0,0.11067655190445104,0.0007232094370878583
number of iterations,16,Execution time: ,6.59156608581543
