architecture,t_cbt,t_hxt,eta_hpfp,eta_r,p_cbt,qm_cb0,t0,p0,tpr_hx,Q_hx,pcc,v
after,260,190,0.71,0.71,1330000.0,0.11,25.2,345000.0,0.95,149000.0,True,0
P_hpfp,P_rv,p_hpfp
39136.87463293196,52705.10186753442,1889366.2728247393
Q,Q_phc
331988.06643993466,182988.06643993466
qm_cb,qm_phc/qm_t,qm_r,qm_v,qm,m_z
0.11,0.0015230631755340077,0.14440498494131948,0,0.11152306317553401,0.15230631755340077
number of iterations,12,Execution time: ,7.140368223190308
