architecture,t_cbt,t_hxt,eta_hpfp,eta_r,p_cbt,qm_cb0,t0,p0,tpr_hx,Q_hx,pcc,v
after,260,150,0.71,0.71,1330000.0,0.11,25.2,345000.0,0.95,149000.0,True,0
P_hpfp,P_rv,p_hpfp
39206.65943264487,23783.520616632493,1889366.2728247393
Q,Q_phc
361595.5924923325,212595.5924923325
qm_cb,qm_phc/qm_t,qm_r,qm_v,qm,m_z
0.11,0.0017216525181047455,0.06515702049320246,0,0.11172165251810474,0.17216525181047454
number of iterations,12,Execution time: ,6.650639295578003
