architecture,t_cbt,t_hxt,eta_hpfp,eta_r,p_cbt,qm_cb0,t0,p0,tpr_hx,Q_hx,pcc,v
after,260,130,0.71,0.71,1330000.0,0.11,25.2,345000.0,0.95,149000.0,True,0
P_hpfp,P_rv,p_hpfp
39223.24897446574,15268.099411040677,1889366.2728247393
Q,Q_phc
370274.07943742705,221274.07943742705
qm_cb,qm_phc/qm_t,qm_r,qm_v,qm,m_z
0.11,0.0017688918136897372,0.04181271391617806,0,0.11176889181368974,0.17688918136897372
number of iterations,12,Execution time: ,13.275840282440186
