architecture,t_cbt,t_hxt,eta_hpfp,eta_r,p_cbt,qm_cb0,t0,p0,tpr_hx,Q_hx,pcc,v
after,260,120,0.71,0.71,1330000.0,0.10998,25.2,345000.0,0.95,159000.0,True,0
P_hpfp,P_rv,p_hpfp
39194.795949980944,11891.47947904123,1889258.8612891329
Q,Q_phc
373319.591407759,214319.591407759
qm_cb,qm_phc/qm_t,qm_r,qm_v,qm,m_z
0.10998,0.0016941257569000334,0.03258587376582327,0,0.11167412575690003,0.16941257569000345
number of iterations,16,Execution time: ,9.73113226890564
