architecture,t_cbt,t_hxt,eta_hpfp,eta_r,p_cbt,qm_cb0,t0,p0,tpr_hx,Q_hx,pcc,v
after,260,230,0.71,0.71,1330000.0,0.10909949597353935,25.2,345000.0,0.95,159000.0,True,0
P_hpfp,P_rv,p_hpfp
42366.42148573121,149411.16900490233,1889258.855973307
Q,Q_phc
224918.63230054724,65918.63230054724
qm_cb,qm_phc/qm_t,qm_r,qm_v,qm
0.10909949597353935,0.000545987330544534,0.26566228851981866,0,0.10964548330408388
number of iterations,13,Execution time: ,5.853750944137573
