architecture,t_cbt,t_hxt,eta_hpfp,eta_r,p_cbt,qm_cb0,t0,p0,tpr_hx,Q_hx,pcc,v
after,260,220,0.71,0.71,1330000.0,0.10909949597353935,25.2,345000.0,0.95,159000.0,True,0
P_hpfp,P_rv,p_hpfp
42456.66490470917,121503.20396130955,1889258.855973307
Q,Q_phc
253623.94580810028,94623.94580810028
qm_cb,qm_phc/qm_t,qm_r,qm_v,qm
0.10909949597353935,0.0007795398219246213,0.21604100007715324,0,0.10987903579546397
number of iterations,13,Execution time: ,6.609372615814209
