architecture,t_cbt,t_hxt,eta_hpfp,eta_r,p_cbt,qm_cb0,t0,p0,tpr_hx,Q_hx,pcc,v
after,260,200,0.71,0.71,1330000.0,0.10909949597353935,25.2,345000.0,0.95,159000.0,True,0
P_hpfp,P_rv,p_hpfp
39170.0191108911,64406.86860874119,1889258.8612891329
Q,Q_phc
320557.7486684761,161557.74866847612
qm_cb,qm_phc/qm_t,qm_r,qm_v,qm,qm_pot
0.10909949597353935,0.001310246582574119,0.1765266369985191,0,0.11040974255611347,0.0011930141986095891
number of iterations,16,Execution time: ,6.954373598098755
