architecture,t_cbt,t_hxt,eta_hpfp,eta_r,p_cbt,qm_cb0,t0,p0,tpr_hx,Q_hx,pcc,v
after,260,230,0.71,0.71,1330000.0,0.10909949597353935,25.2,345000.0,0.95,159000.0,True,0
P_hpfp,P_rv,p_hpfp
38572.93331144516,123331.79549370652,1889258.8614256384
Q,Q_phc
255764.63701482466,96764.63701482466
qm_cb,qm_phc/qm_t,qm_r,qm_v,qm
0.10909949597353935,0.0008020509372688167,0.3380286820588077,0,0.10990154691080817
number of iterations,18,Execution time: ,8.302112340927124
