architecture,t_cbt,t_hxt,eta_hpfp,eta_r,p_cbt,qm_cb0,t0,p0,tpr_hx,Q_hx,pcc,v
after,260,210,0.71,0.71,1330000.0,0.11,25.2,345000.0,0.95,149000.0,True,0
P_hpfp,P_rv,p_hpfp
39064.02813593303,79060.49730310899,1889366.2728247393
Q,Q_phc
304916.63146381284,155916.63146381284
qm_cb,qm_phc/qm_t,qm_r,qm_v,qm,m_z
0.11,0.0013161535247145553,0.21654564568454604,0,0.11131615352471455,0.13161535247145553
number of iterations,12,Execution time: ,15.691534996032715
