architecture,t_cbt,t_hxt,eta_hpfp,eta_r,p_cbt,qm_cb0,t0,p0,tpr_hx,Q_hx,pcc,v
after,260,200,0.71,0.71,1330000.0,0.10909949597353935,25.2,345000.0,0.95,159000.0,True,0
P_hpfp,P_rv,p_hpfp
38741.53017940047,63689.601318828856,1889258.8612891329
Q,Q_phc
317063.8084771812,158063.80847718118
qm_cb,qm_phc/qm_t,qm_r,qm_v,qm
0.10909949597353935,0.0012824151681688212,0.1745726096112854,0,0.11038191114170817
number of iterations,16,Execution time: ,7.478068590164185
