architecture,t_cbt,t_hxt,eta_hpfp,eta_r,p_cbt,qm_cb0,t0,p0,tpr_hx,Q_hx,pcc,v
after,260,240,0.71,0.71,1330000.0,0.11,25.2,345000.0,0.95,149000.0,True,0
P_hpfp,P_rv,p_hpfp
38813.46602631267,162493.08509412623,1889366.2728249172
Q,Q_phc
219021.16096376762,70021.16096376762
qm_cb,qm_phc/qm_t,qm_r,qm_v,qm,m_z
0.11,0.0006038132899242763,0.44504869037738093,0,0.11060381328992427,0.06038132899242763
number of iterations,14,Execution time: ,15.180057764053345
