architecture,t_cbt,t_hxt,eta_hpfp,eta_r,p_cbt,qm_cb0,t0,p0,tpr_hx,Q_hx,pcc,v
after,260,240,0.71,0.71,1330000.0,0.10909949597353935,25.2,345000.0,0.95,159000.0,True,0
P_hpfp,P_rv,p_hpfp
38460.695730940504,161051.7430154418,1889258.8614256384
Q,Q_phc
216941.61376848334,57941.61376848334
qm_cb,qm_phc/qm_t,qm_r,qm_v,qm
0.10909949597353935,0.0004822649459004097,0.4412539078857105,0,0.10958176091943976
number of iterations,18,Execution time: ,8.669986963272095
