architecture,t_cbt,t_hxt,eta_hpfp,eta_r,p_cbt,qm_cb0,t0,p0,tpr_hx,Q_hx,pcc,v
after,260,210,0.71,0.71,1330000.0,0.10909949597353935,25.2,345000.0,0.95,159000.0,True,0
P_hpfp,P_rv,p_hpfp
39229.854251385725,79319.05536647563,1889258.861393996
Q,Q_phc
306233.6241565113,147233.62415651127
qm_cb,qm_phc/qm_t,qm_r,qm_v,qm,qm_pot
0.10909949597353935,0.001197938676241387,0.21741984555795035,0,0.11029743464978074,0.00147580366480037
number of iterations,17,Execution time: ,7.571747303009033
