architecture,t_cbt,t_hxt,eta_hpfp,eta_r,p_cbt,qm_cb0,t0,p0,tpr_hx,Q_hx,pcc,v
after,260,220,0.71,0.71,1330000.0,0.10909949597353935,25.2,345000.0,0.95,159000.0,True,0
P_hpfp,P_rv,p_hpfp
38648.20904996036,97336.39544553483,1889258.861393996
Q,Q_phc
282499.85024865915,123499.85024865915
qm_cb,qm_phc/qm_t,qm_r,qm_v,qm
0.10909949597353935,0.0010165256892324115,0.26677610317686434,0,0.11011602166277176
number of iterations,17,Execution time: ,7.9172632694244385
