architecture,t_cbt,t_hxt,eta_hpfp,eta_r,p_cbt,qm_cb0,t0,p0,tpr_hx,Q_hx,pcc,v
after,260,220,0.71,0.71,1330000.0,0.10998,25.2,345000.0,0.95,159000.0,True,0
P_hpfp,P_rv,p_hpfp
38972.46466951572,98197.41365827527,1889258.8609416161
Q,Q_phc
284828.55943310016,125828.55943310016
qm_cb,qm_phc/qm_t,qm_r,qm_v,qm,m_z
0.10998,0.0010606577528510797,0.2690914852167864,0,0.11104065775285107,0.10606577528510729
number of iterations,15,Execution time: ,9.473429203033447
