architecture,t_cbt,t_hxt,eta_hpfp,eta_r,p_cbt,qm_cb0,t0,p0,tpr_hx,Q_hx,pcc,v
after,260,210,0.71,0.71,1330000.0,0.10998,25.2,345000.0,0.95,159000.0,True,0
P_hpfp,P_rv,p_hpfp
39028.390195075095,78924.48043629542,1889258.8609416161
Q,Q_phc
304651.1353073905,145651.13530739048
qm_cb,qm_phc/qm_t,qm_r,qm_v,qm,m_z
0.10998,0.0012200012071577754,0.21632409516358864,0,0.11120000120715777,0.12200012071577793
number of iterations,15,Execution time: ,8.937909603118896
