architecture,t_cbt,t_hxt,eta_hpfp,eta_r,p_cbt,qm_cb0,t0,p0,tpr_hx,Q_hx,pcc,v
after,260,200,0.71,0.71,1330000.0,0.10909949597353935,25.2,345000.0,0.95,159000.0,True,0
P_hpfp,P_rv,p_hpfp
42577.96228182298,82616.32845014613,1889258.855973307
Q,Q_phc
293582.54797168286,134582.54797168286
qm_cb,qm_phc/qm_t,qm_r,qm_v,qm
0.10909949597353935,0.0010934608251804562,0.14690793560809154,0,0.11019295679871981
number of iterations,13,Execution time: ,6.333604335784912
