architecture,t_cbt,t_hxt,eta_hpfp,eta_r,p_cbt,qm_cb0,t0,p0,tpr_hx,Q_hx,pcc,v
after,260,230,0.71,0.71,1330000.0,0.10909949597353935,25.2,345000.0,0.95,159000.0,True,0
P_hpfp,P_rv,p_hpfp
39252.19025547089,125562.33772897678,1889258.8614256384
Q,Q_phc
260209.86097440578,101209.86097440578
qm_cb,qm_phc/qm_t,qm_r,qm_v,qm,qm_pot
0.10909949597353935,0.0008384305577048437,0.3440875047240462,0,0.10993792653124419,0.0018989512577107356
number of iterations,18,Execution time: ,8.515984058380127
