architecture,t_cbt,t_hxt,eta_hpfp,eta_r,p_cbt,qm_cb0,t0,p0,tpr_hx,Q_hx,pcc,v
after,260,240,0.71,0.71,1330000.0,0.10909949597353935,25.2,345000.0,0.95,159000.0,True,0
P_hpfp,P_rv,p_hpfp
39316.68226142674,164579.55452644735,1889258.8614351866
Q,Q_phc
221826.47435407378,62826.47435407378
qm_cb,qm_phc/qm_t,qm_r,qm_v,qm,qm_pot
0.10909949597353935,0.0005233655305908161,0.45098764407350517,0,0.10962286150413017,0.002397766146425329
number of iterations,19,Execution time: ,9.229061603546143
