architecture,t_cbt,t_hxt,eta_hpfp,eta_r,p_cbt,qm_cb0,t0,p0,tpr_hx,Q_hx,pcc,v
after,260,240,0.71,0.71,1330000.0,0.10909949597353935,25.2,345000.0,0.95,159000.0,True,0
P_hpfp,P_rv,p_hpfp
39299.11795334796,164509.0417874417,1889258.8614351866
Q,Q_phc
221724.36432471802,62724.364324718015
qm_cb,qm_phc/qm_t,qm_r,qm_v,qm,qm_pot
0.10909949597353935,0.0005225086467644997,0.4507911320267731,0,0.10962200462030385,0.0023485790107143577
number of iterations,19,Execution time: ,8.793215274810791
