architecture,t_cbt,t_hxt,eta_hpfp,eta_r,p_cbt,qm_cb0,t0,p0,tpr_hx,Q_hx,pcc,v
after,270,130,0.71,0.71,1330000.0,0.10895862351703661,25.2,345000.0,0.95,159000.0,True,0
P_hpfp,P_rv,p_hpfp
38851.41027493514,14695.056881825616,1889258.8612891329
Q,Q_phc
383952.5219985334,224952.5219985334
qm_cb,qm_phc/qm_t,qm_r,qm_v,qm
0.10895862351703661,0.001736356697715033,0.03878241969102927,0,0.11069498021475165
number of iterations,16,Execution time: ,7.071540117263794
