architecture,t_cbt,t_hxt,eta_hpfp,eta_r,p_cbt,qm_cb0,t0,p0,tpr_hx,Q_hx,pcc,v
after,270,180,0.71,0.71,1330000.0,0.10998,25.2,345000.0,0.95,159000.0,True,0
P_hpfp,P_rv,p_hpfp
39183.68011565843,40856.83905293345,1889258.8597899457
Q,Q_phc
361203.1666218575,202203.1666218575
qm_cb,qm_phc/qm_t,qm_r,qm_v,qm,m_z
0.10998,0.0016624546780392019,0.1078478140062763,0,0.1116424546780392,0.16624546780391994
number of iterations,14,Execution time: ,8.067883253097534
