architecture,t_cbt,t_hxt,eta_hpfp,eta_r,p_cbt,qm_cb0,t0,p0,tpr_hx,Q_hx,pcc,v
after,270,100,0.71,0.71,1330000.0,0.10895862351703661,25.2,345000.0,0.95,159000.0,True,0
P_hpfp,P_rv,p_hpfp
42767.33962201812,8020.722766517321,1889258.8612891329
Q,Q_phc
386663.8532877586,227663.8532877586
qm_cb,qm_phc/qm_t,qm_r,qm_v,qm
0.10895862351703661,0.0017244462751638268,0.013723633293570096,0,0.11068306979220044
number of iterations,16,Execution time: ,7.477635860443115
