architecture,t_cbt,t_hxt,eta_hpfp,eta_r,p_cbt,qm_cb0,t0,p0,tpr_hx,Q_hx,pcc,v
after,270,120,0.71,0.71,1330000.0,0.10998,25.2,345000.0,0.95,159000.0,True,0
P_hpfp,P_rv,p_hpfp
39244.32548312403,11622.468114230178,1889258.8612891329
Q,Q_phc
391059.8129236579,232059.81292365788
qm_cb,qm_phc/qm_t,qm_r,qm_v,qm,m_z
0.10998,0.0018352456984341153,0.030671559918879723,0,0.11181524569843411,0.1835245698434121
number of iterations,16,Execution time: ,9.256743669509888
