architecture,t_cbt,t_hxt,eta_hpfp,eta_r,p_cbt,qm_cb0,t0,p0,tpr_hx,Q_hx,pcc,v
after,270,150,0.71,0.71,1330000.0,0.10895862351703661,25.2,345000.0,0.95,159000.0,True,0
P_hpfp,P_rv,p_hpfp
39094.158270888525,22845.215954888397,1889258.8609416161
Q,Q_phc
378293.1582115119,219293.1582115119
qm_cb,qm_phc/qm_t,qm_r,qm_v,qm,qm_pot
0.10895862351703661,0.0017156077525676229,0.060289070441394116,0,0.11067423126960424,0.0007123837306375239
number of iterations,15,Execution time: ,6.632427215576172
