architecture,t_cbt,t_hxt,eta_hpfp,eta_r,p_cbt,qm_cb0,t0,p0,tpr_hx,Q_hx,pcc,v
after,270,160,0.71,0.71,1330000.0,0.10895862351703661,25.2,345000.0,0.95,159000.0,True,0
P_hpfp,P_rv,p_hpfp
42704.38117480306,37190.837007615315,1889258.8597899457
Q,Q_phc
356912.71886995266,197912.71886995266
qm_cb,qm_phc/qm_t,qm_r,qm_v,qm
0.10895862351703661,0.0015615082963321425,0.06369148202875441,0,0.11052013181336875
number of iterations,14,Execution time: ,6.531775951385498
