architecture,t_cbt,t_hxt,eta_hpfp,eta_r,p_cbt,qm_cb0,t0,p0,tpr_hx,Q_hx,pcc,v
after,270,180,0.71,0.71,1330000.0,0.10895862351703661,25.2,345000.0,0.95,159000.0,True,0
P_hpfp,P_rv,p_hpfp
39179.884784050366,40858.886848819544,1889258.8609416161
Q,Q_phc
361159.1121933592,202159.11219335918
qm_cb,qm_phc/qm_t,qm_r,qm_v,qm,qm_pot
0.10895862351703661,0.0016039172458999738,0.10784736986150721,0,0.11056254076293659,0.0010683252082739243
number of iterations,15,Execution time: ,6.977782249450684
