architecture,t_cbt,t_hxt,eta_hpfp,eta_r,p_cbt,qm_cb0,t0,p0,tpr_hx,Q_hx,pcc,v
after,270,190,0.71,0.71,1330000.0,0.10895862351703661,25.2,345000.0,0.95,159000.0,True,0
P_hpfp,P_rv,p_hpfp
38779.969133920604,48707.14169282642,1889258.8609416161
Q,Q_phc
349207.39225911634,190207.39225911634
qm_cb,qm_phc/qm_t,qm_r,qm_v,qm
0.10895862351703661,0.0015328074970400174,0.12856776844333406,0,0.11049143101407663
number of iterations,15,Execution time: ,6.780869960784912
