architecture,t_cbt,t_hxt,eta_hpfp,eta_r,p_cbt,qm_cb0,t0,p0,tpr_hx,Q_hx,pcc,v
after,270,100,0.71,0.71,1330000.0,0.10895862351703661,25.2,345000.0,0.95,159000.0,True,0
P_hpfp,P_rv,p_hpfp
39098.42760531388,6420.86482529545,1889258.8614256384
Q,Q_phc
394761.315928736,235761.315928736
qm_cb,qm_phc/qm_t,qm_r,qm_v,qm,qm_pot
0.10895862351703661,0.0017550417108591733,0.016943687210662806,0,0.11071366522789579,0.000685113830715861
number of iterations,18,Execution time: ,8.404565334320068
