architecture,t_cbt,t_hxt,eta_hpfp,eta_r,p_cbt,qm_cb0,t0,p0,tpr_hx,Q_hx,pcc,v
after,270,120,0.71,0.71,1330000.0,0.10895862351703661,25.2,345000.0,0.95,159000.0,True,0
P_hpfp,P_rv,p_hpfp
38856.1229407011,11512.460173930247,1889258.8612891329
Q,Q_phc
387183.4745520564,228183.4745520564
qm_cb,qm_phc/qm_t,qm_r,qm_v,qm
0.10895862351703661,0.0017497839694673306,0.03037639321820674,0,0.11070840748650394
number of iterations,16,Execution time: ,7.167092323303223
