architecture,t_cbt,t_hxt,eta_hpfp,eta_r,p_cbt,qm_cb0,t0,p0,tpr_hx,Q_hx,pcc,v
after,270,110,0.71,0.71,1330000.0,0.10895862351703661,25.2,345000.0,0.95,159000.0,True,0
P_hpfp,P_rv,p_hpfp
39106.17754840509,8814.210166901554,1889258.861393996
Q,Q_phc
392447.49142871494,233447.49142871494
qm_cb,qm_phc/qm_t,qm_r,qm_v,qm,qm_pot
0.10895862351703661,0.0017499488965532033,0.02325849064280125,0,0.11070857241358982,0.000712287696687149
number of iterations,17,Execution time: ,7.581057548522949
