architecture,t_cbt,t_hxt,eta_hpfp,eta_r,p_cbt,qm_cb0,t0,p0,tpr_hx,Q_hx,pcc,v
after,270,150,0.71,0.71,1330000.0,0.11,25.2,345000.0,0.95,149000.0,True,0
P_hpfp,P_rv,p_hpfp
39259.32657807157,22946.151942837296,1889366.2728247393
Q,Q_phc
379943.6285438073,230943.6285438073
qm_cb,qm_phc/qm_t,qm_r,qm_v,qm,m_z
0.11,0.001871681699474909,0.06050961119657455,0,0.11187168169947491,0.1871681699474909
number of iterations,12,Execution time: ,15.254977941513062
