architecture,t_cbt,t_hxt,eta_hpfp,eta_r,p_cbt,qm_cb0,t0,p0,tpr_hx,Q_hx,pcc,v
after,270,190,0.71,0.71,1330000.0,0.10895862351703661,25.2,345000.0,0.95,159000.0,True,0
P_hpfp,P_rv,p_hpfp
39145.59204032187,49173.452483842186,1889258.8609416161
Q,Q_phc
352492.6746656197,193492.67466561968
qm_cb,qm_phc/qm_t,qm_r,qm_v,qm,qm_pot
0.10895862351703661,0.00155867685439042,0.1297920045776924,0,0.11051730037142703,0.0010158591185102457
number of iterations,15,Execution time: ,6.542363882064819
