architecture,t_cbt,t_hxt,eta_hpfp,eta_r,p_cbt,qm_cb0,t0,p0,tpr_hx,Q_hx,pcc,v
after,270,190,0.71,0.71,1330000.0,0.10895862351703661,25.2,345000.0,0.95,159000.0,True,0
P_hpfp,P_rv,p_hpfp
42631.01082211395,64463.08899435754,1889258.855973307
Q,Q_phc
328963.36040144775,169963.36040144775
qm_cb,qm_phc/qm_t,qm_r,qm_v,qm
0.10895862351703661,0.0013716243871106232,0.11038989482372638,0,0.11033024790414724
number of iterations,13,Execution time: ,5.7460737228393555
