architecture,t_cbt,t_hxt,eta_hpfp,eta_r,p_cbt,qm_cb0,t0,p0,tpr_hx,Q_hx,pcc,v
after,270,110,0.71,0.71,1330000.0,0.10895862351703661,25.2,345000.0,0.95,159000.0,True,0
P_hpfp,P_rv,p_hpfp
39058.01457949948,8803.166252650683,1889258.861393996
Q,Q_phc
391964.34347690985,232964.34347690985
qm_cb,qm_phc/qm_t,qm_r,qm_v,qm,qm_pot
0.10895862351703661,0.0017746513540909524,0.023229502518176258,0,0.11073327487112757,0.0005503598758603157
number of iterations,17,Execution time: ,7.20578408241272
