architecture,t_cbt,t_hxt,eta_hpfp,eta_r,p_cbt,qm_cb0,t0,p0,tpr_hx,Q_hx,pcc,v
after,270,180,0.71,0.71,1330000.0,0.11,25.2,345000.0,0.95,149000.0,True,0
P_hpfp,P_rv,p_hpfp
39219.63394162808,40940.49277784353,1889366.2728233607
Q,Q_phc
361541.9511881298,212541.95118812978
qm_cb,qm_phc/qm_t,qm_r,qm_v,qm,m_z
0.11,0.0017588484589763534,0.10794269107169745,0,0.11175884845897635,0.17588484589763534
number of iterations,11,Execution time: ,7.264665603637695
