architecture,t_cbt,t_hxt,eta_hpfp,eta_r,p_cbt,qm_cb0,t0,p0,tpr_hx,Q_hx,pcc,v
after,270,170,0.71,0.71,1330000.0,0.10895862351703661,25.2,345000.0,0.95,159000.0,True,0
P_hpfp,P_rv,p_hpfp
38815.32514737262,33545.34954704721,1889258.8609416161
Q,Q_phc
364731.9663237407,205731.96632374072
qm_cb,qm_phc/qm_t,qm_r,qm_v,qm
0.10895862351703661,0.0016335434338783372,0.08854494242360726,0,0.11059216695091495
number of iterations,15,Execution time: ,6.636235237121582
