architecture,t_cbt,t_hxt,eta_hpfp,eta_r,p_cbt,qm_cb0,t0,p0,tpr_hx,Q_hx,pcc,v
after,270,160,0.71,0.71,1330000.0,0.10895862351703661,25.2,345000.0,0.95,159000.0,True,0
P_hpfp,P_rv,p_hpfp
39105.25864929483,27891.89172023226,1889258.8609416161
Q,Q_phc
373360.3815027913,214360.3815027913
qm_cb,qm_phc/qm_t,qm_r,qm_v,qm,qm_pot
0.10895862351703661,0.0016890724974715425,0.07361499739561268,0,0.11064769601450815,0.0007705460530650706
number of iterations,15,Execution time: ,6.725115060806274
