architecture,t_cbt,t_hxt,eta_hpfp,eta_r,p_cbt,qm_cb0,t0,p0,tpr_hx,Q_hx,pcc,v
after,270,160,0.71,0.71,1330000.0,0.10895862351703661,25.2,345000.0,0.95,159000.0,True,0
P_hpfp,P_rv,p_hpfp
39154.97716245561,27927.714332538504,1889258.8609416161
Q,Q_phc
373834.7119265753,214834.71192657528
qm_cb,qm_phc/qm_t,qm_r,qm_v,qm,qm_pot
0.10895862351703661,0.0016753867843606802,0.07370923925015697,0,0.11063401030139729,0.0009258891679148421
number of iterations,15,Execution time: ,6.549288749694824
