architecture,t_cbt,t_hxt,eta_hpfp,eta_r,p_cbt,qm_cb0,t0,p0,tpr_hx,Q_hx,pcc,v
after,270,130,0.71,0.71,1330000.0,0.10895862351703661,25.2,345000.0,0.95,159000.0,True,0
P_hpfp,P_rv,p_hpfp
42745.168572917144,19590.355035039975,1889258.8609416161
Q,Q_phc
374889.6125090893,215889.6125090893
qm_cb,qm_phc/qm_t,qm_r,qm_v,qm
0.10895862351703661,0.001667067036705508,0.033543295017563673,0,0.11062569055374212
number of iterations,15,Execution time: ,6.329577207565308
