architecture,t_cbt,t_hxt,eta_hpfp,eta_r,p_cbt,qm_cb0,t0,p0,tpr_hx,Q_hx,pcc,v
after,270,170,0.71,0.71,1330000.0,0.10895862351703661,25.2,345000.0,0.95,159000.0,True,0
P_hpfp,P_rv,p_hpfp
39117.39270275276,33810.17120648428,1889258.8609416161
Q,Q_phc
367566.6074334979,208566.6074334979
qm_cb,qm_phc/qm_t,qm_r,qm_v,qm,qm_pot
0.10895862351703661,0.0016554343628983066,0.0892404873020428,0,0.11061405787993492,0.0008387563897444405
number of iterations,15,Execution time: ,6.022792100906372
