architecture,t_cbt,t_hxt,eta_hpfp,eta_r,p_cbt,qm_cb0,t0,p0,tpr_hx,Q_hx,pcc,v
after,270,140,0.71,0.71,1330000.0,0.11,25.2,345000.0,0.95,149000.0,True,0
P_hpfp,P_rv,p_hpfp
39267.44852455861,18607.097291345013,1889366.2728247393
Q,Q_phc
384366.03279710136,235366.03279710136
qm_cb,qm_phc/qm_t,qm_r,qm_v,qm,m_z
0.11,0.0018948156947856834,0.04906004670735159,0,0.11189481569478568,0.18948156947856834
number of iterations,12,Execution time: ,13.105539798736572
