architecture,t_cbt,t_hxt,eta_hpfp,eta_r,p_cbt,qm_cb0,t0,p0,tpr_hx,Q_hx,pcc,v
after,270,150,0.71,0.71,1330000.0,0.10895862351703661,25.2,345000.0,0.95,159000.0,True,0
P_hpfp,P_rv,p_hpfp
42720.67675274556,30492.720866035954,1889258.8597899457
Q,Q_phc
363761.2211085916,204761.2211085916
qm_cb,qm_phc/qm_t,qm_r,qm_v,qm
0.10895862351703661,0.0016036817074116388,0.052212763420232476,0,0.11056230522444825
number of iterations,14,Execution time: ,6.387161493301392
