architecture,t_cbt,t_hxt,eta_hpfp,eta_r,p_cbt,qm_cb0,t0,p0,tpr_hx,Q_hx,pcc,v
after,270,170,0.71,0.71,1330000.0,0.10895862351703661,25.2,345000.0,0.95,159000.0,True,0
P_hpfp,P_rv,p_hpfp
42684.43207528575,44960.78010667128,1889258.855973307
Q,Q_phc
348958.67505072284,189958.67505072284
qm_cb,qm_phc/qm_t,qm_r,qm_v,qm
0.10895862351703661,0.0015098800838940912,0.07697912301845034,0,0.1104685036009307
number of iterations,13,Execution time: ,5.700515031814575
