architecture,t_cbt,t_hxt,eta_hpfp,eta_r,p_cbt,qm_cb0,t0,p0,tpr_hx,Q_hx,pcc,v
after,270,160,0.71,0.71,1330000.0,0.10895862351703661,25.2,345000.0,0.95,159000.0,True,0
P_hpfp,P_rv,p_hpfp
38827.708102344295,27690.94659117623,1889258.8609416161
Q,Q_phc
370713.42863181187,211713.42863181187
qm_cb,qm_phc/qm_t,qm_r,qm_v,qm
0.10895862351703661,0.0016688248032439984,0.07308734230212577,0,0.11062744832028061
number of iterations,15,Execution time: ,6.8338799476623535
