architecture,t_cbt,t_hxt,eta_hpfp,eta_r,p_cbt,qm_cb0,t0,p0,tpr_hx,Q_hx,pcc,v
after,270,100,0.71,0.71,1330000.0,0.10895862351703661,25.2,345000.0,0.95,159000.0,True,0
P_hpfp,P_rv,p_hpfp
39050.814705441415,6420.653441630765,1889258.861393996
Q,Q_phc
394272.97962963866,235272.97962963866
qm_cb,qm_phc/qm_t,qm_r,qm_v,qm,qm_pot
0.10895862351703661,0.0017816020997421162,0.01693603975611166,0,0.11074022561677872,0.0005228953339107915
number of iterations,17,Execution time: ,7.1286633014678955
