architecture,t_cbt,t_hxt,eta_hpfp,eta_r,p_cbt,qm_cb0,t0,p0,tpr_hx,Q_hx,pcc,v
after,270,110,0.71,0.71,1330000.0,0.10895862351703661,25.2,345000.0,0.95,159000.0,True,0
P_hpfp,P_rv,p_hpfp
38859.74560759497,8757.665508830056,1889258.861393996
Q,Q_phc
389975.4407063102,230975.4407063102
qm_cb,qm_phc/qm_t,qm_r,qm_v,qm
0.10895862351703661,0.0017601056122790448,0.023110111226870535,0,0.11071872912931566
number of iterations,17,Execution time: ,7.81334114074707
