architecture,t_cbt,t_hxt,eta_hpfp,eta_r,p_cbt,qm_cb0,t0,p0,tpr_hx,Q_hx,pcc,v
after,270,120,0.71,0.71,1330000.0,0.10895862351703661,25.2,345000.0,0.95,159000.0,True,0
P_hpfp,P_rv,p_hpfp
39114.533800386154,11579.684736257663,1889258.861393996
Q,Q_phc
389767.7589108476,230767.7589108476
qm_cb,qm_phc/qm_t,qm_r,qm_v,qm,qm_pot
0.10895862351703661,0.0017425569496444468,0.03056285944605567,0,0.11070118046668107,0.0007434881782417749
number of iterations,17,Execution time: ,7.035499095916748
