architecture,t_cbt,t_hxt,eta_hpfp,eta_r,p_cbt,qm_cb0,t0,p0,tpr_hx,Q_hx,pcc,v
after,270,150,0.71,0.71,1330000.0,0.10998,25.2,345000.0,0.95,159000.0,True,0
P_hpfp,P_rv,p_hpfp
39224.02641525176,22906.97146584627,1889258.8609416161
Q,Q_phc
379567.0229973117,220567.02299731172
qm_cb,qm_phc/qm_t,qm_r,qm_v,qm,m_z
0.10998,0.0017774094889514425,0.060466056941090224,0,0.11175740948895144,0.17774094889514375
number of iterations,15,Execution time: ,8.882460117340088
