architecture,t_cbt,t_hxt,eta_hpfp,eta_r,p_cbt,qm_cb0,t0,p0,tpr_hx,Q_hx,pcc,v
after,270,140,0.71,0.71,1330000.0,0.10998,25.2,345000.0,0.95,159000.0,True,0
P_hpfp,P_rv,p_hpfp
39232.42376932575,18576.410746589423,1889258.8609416161
Q,Q_phc
383983.74816591135,224983.74816591135
qm_cb,qm_phc/qm_t,qm_r,qm_v,qm,m_z
0.10998,0.0018013352972796048,0.049027878367639034,0,0.1117813352972796,0.18013352972796
number of iterations,15,Execution time: ,9.421899318695068
