architecture,t_cbt,t_hxt,eta_hpfp,eta_r,p_cbt,qm_cb0,t0,p0,tpr_hx,Q_hx,pcc,v
after,270,170,0.71,0.71,1330000.0,0.10895862351703661,25.2,345000.0,0.95,159000.0,True,0
P_hpfp,P_rv,p_hpfp
39166.96517169474,33853.385387195165,1889258.8609416161
Q,Q_phc
368032.04775449063,209032.04775449063
qm_cb,qm_phc/qm_t,qm_r,qm_v,qm,qm_pot
0.10895862351703661,0.0016441359052840716,0.0893542397455285,0,0.11060275942232069,0.000991296141630602
number of iterations,15,Execution time: ,6.779153823852539
