architecture,t_cbt,t_hxt,eta_hpfp,eta_r,p_cbt,qm_cb0,t0,p0,tpr_hx,Q_hx,pcc,v
after,270,100,0.71,0.71,1330000.0,0.10998,25.2,345000.0,0.95,159000.0,True,0
P_hpfp,P_rv,p_hpfp
39251.49281408136,6450.256775306115,1889258.861393996
Q,Q_phc
396305.56749410945,237305.56749410945
qm_cb,qm_phc/qm_t,qm_r,qm_v,qm,m_z
0.10998,0.0018556668978856328,0.017017247716645725,0,0.11183566689788563,0.18556668978856367
number of iterations,17,Execution time: ,10.127953290939331
