architecture,t_cbt,t_hxt,eta_hpfp,eta_r,p_cbt,qm_cb0,t0,p0,tpr_hx,Q_hx,pcc,v
after,270,170,0.71,0.71,1330000.0,0.10998,25.2,345000.0,0.95,159000.0,True,0
P_hpfp,P_rv,p_hpfp
39200.21990251263,33880.08408673434,1889258.8597899457
Q,Q_phc
368349.6347639714,209349.63476397138
qm_cb,qm_phc/qm_t,qm_r,qm_v,qm,m_z
0.10998,0.001709579970987779,0.08942656073708796,0,0.11168957997098777,0.17095799709877813
number of iterations,14,Execution time: ,8.538198709487915
