architecture,t_cbt,t_hxt,eta_hpfp,eta_r,p_cbt,qm_cb0,t0,p0,tpr_hx,Q_hx,pcc,v
after,270,180,0.71,0.71,1330000.0,0.10895862351703661,25.2,345000.0,0.95,159000.0,True,0
P_hpfp,P_rv,p_hpfp
42660.37428004539,53945.05743020886,1889258.855973307
Q,Q_phc
339752.37688416097,180752.37688416097
qm_cb,qm_phc/qm_t,qm_r,qm_v,qm
0.10895862351703661,0.001447617837193646,0.09237181748319329,0,0.11040624135423026
number of iterations,13,Execution time: ,5.661986827850342
