architecture,t_cbt,t_hxt,eta_hpfp,eta_r,p_cbt,qm_cb0,t0,p0,tpr_hx,Q_hx,pcc,v
after,270,140,0.71,0.71,1330000.0,0.10895862351703661,25.2,345000.0,0.95,159000.0,True,0
P_hpfp,P_rv,p_hpfp
39133.3216187604,18525.75132476718,1889258.8612891329
Q,Q_phc
383014.4709340318,224014.47093403182
qm_cb,qm_phc/qm_t,qm_r,qm_v,qm,qm_pot
0.10895862351703661,0.0017182022036690379,0.04889794666911637,0,0.11067682572070565,0.0008213729719910065
number of iterations,16,Execution time: ,7.017855167388916
