architecture,t_cbt,t_hxt,eta_hpfp,eta_r,p_cbt,qm_cb0,t0,p0,tpr_hx,Q_hx,pcc,v
after,270,190,0.71,0.71,1330000.0,0.10895862351703661,25.2,345000.0,0.95,159000.0,True,0
P_hpfp,P_rv,p_hpfp
39193.91364892741,49234.546505244674,1889258.8609416161
Q,Q_phc
352927.40028506523,193927.40028506523
qm_cb,qm_phc/qm_t,qm_r,qm_v,qm,qm_pot
0.10895862351703661,0.0015521211335360072,0.12995294712874295,0,0.11051074465057262,0.0011600921971080377
number of iterations,15,Execution time: ,6.504731178283691
