architecture,t_cbt,t_hxt,eta_hpfp,eta_r,p_cbt,qm_cb0,t0,p0,tpr_hx,Q_hx,pcc,v
after,270,190,0.71,0.71,1330000.0,0.10998,25.2,345000.0,0.95,159000.0,True,0
P_hpfp,P_rv,p_hpfp
39162.864596922234,49183.76704132724,1889258.8597899457
Q,Q_phc
352662.6525803799,193662.65258037992
qm_cb,qm_phc/qm_t,qm_r,qm_v,qm,m_z
0.10998,0.0016031469356258543,0.12983053561776897,0,0.11158314693562585,0.16031469356258551
number of iterations,14,Execution time: ,8.329546689987183
