architecture,t_cbt,t_hxt,eta_hpfp,eta_r,p_cbt,qm_cb0,t0,p0,tpr_hx,Q_hx,pcc,v
after,270,230,0.71,0.71,1330000.0,0.10895862351703661,25.2,345000.0,0.95,159000.0,True,0
P_hpfp,P_rv,p_hpfp
38622.013787284275,106844.62984775881,1889258.8612891329
Q,Q_phc
289449.1514803741,130449.1514803741
qm_cb,qm_phc/qm_t,qm_r,qm_v,qm
0.10895862351703661,0.001082762928990802,0.281957044502805,0,0.11004138644602741
number of iterations,16,Execution time: ,7.514006853103638
