architecture,t_cbt,t_hxt,eta_hpfp,eta_r,p_cbt,qm_cb0,t0,p0,tpr_hx,Q_hx,pcc,v
after,270,250,0.71,0.71,1330000.0,0.10895862351703661,25.2,345000.0,0.95,159000.0,True,0
P_hpfp,P_rv,p_hpfp
39334.75074570354,177850.5836386925,1889258.8614256384
Q,Q_phc
225756.46784879215,66756.46784879215
qm_cb,qm_phc/qm_t,qm_r,qm_v,qm,qm_pot
0.10895862351703661,0.0005618000261619709,0.46924985302162986,0,0.10952042354319859,0.0025516846213417877
number of iterations,18,Execution time: ,8.121840476989746
