architecture,t_cbt,t_hxt,eta_hpfp,eta_r,p_cbt,qm_cb0,t0,p0,tpr_hx,Q_hx,pcc,v
after,270,210,0.71,0.71,1330000.0,0.10895862351703661,25.2,345000.0,0.95,159000.0,True,0
P_hpfp,P_rv,p_hpfp
39181.49501965233,71836.5018365545,1889258.8612891329
Q,Q_phc
330198.01932918513,171198.01932918513
qm_cb,qm_phc/qm_t,qm_r,qm_v,qm,qm_pot
0.10895862351703661,0.0013999069668613735,0.18962758310125002,0,0.11035853048389799,0.0012769232948012953
number of iterations,16,Execution time: ,6.943352937698364
