architecture,t_cbt,t_hxt,eta_hpfp,eta_r,p_cbt,qm_cb0,t0,p0,tpr_hx,Q_hx,pcc,v
after,270,210,0.71,0.71,1330000.0,0.10998,25.2,345000.0,0.95,159000.0,True,0
P_hpfp,P_rv,p_hpfp
39102.4445864847,71707.1946729903,1889258.8597899457
Q,Q_phc
329519.2609824002,170519.2609824002
qm_cb,qm_phc/qm_t,qm_r,qm_v,qm,m_z
0.10998,0.0014309977587999706,0.1892695314392334,0,0.11141099775879997,0.1430997758799964
number of iterations,14,Execution time: ,9.106261491775513
