architecture,t_cbt,t_hxt,eta_hpfp,eta_r,p_cbt,qm_cb0,t0,p0,tpr_hx,Q_hx,pcc,v
after,270,230,0.71,0.71,1330000.0,0.10895862351703661,25.2,345000.0,0.95,159000.0,True,0
P_hpfp,P_rv,p_hpfp
42421.389978621315,132787.92611860437,1889258.855973307
Q,Q_phc
258704.00700408733,99704.00700408733
qm_cb,qm_phc/qm_t,qm_r,qm_v,qm
0.10895862351703661,0.0008291197834801034,0.22740079830312568,0,0.10978774330051672
number of iterations,13,Execution time: ,6.2436134815216064
