architecture,t_cbt,t_hxt,eta_hpfp,eta_r,p_cbt,qm_cb0,t0,p0,tpr_hx,Q_hx,pcc,v
after,270,250,0.71,0.71,1330000.0,0.11,25.2,345000.0,0.95,149000.0,True,0
P_hpfp,P_rv,p_hpfp
38826.44883478209,175664.99764860488,1889366.2728248988
Q,Q_phc
222782.4748775333,73782.4748775333
qm_cb,qm_phc/qm_t,qm_r,qm_v,qm,m_z
0.11,0.0006422497785575942,0.4629136954550944,0,0.11064224977855759,0.06422497785575941
number of iterations,13,Execution time: ,11.232192993164062
