architecture,t_cbt,t_hxt,eta_hpfp,eta_r,p_cbt,qm_cb0,t0,p0,tpr_hx,Q_hx,pcc,v
after,270,220,0.71,0.71,1330000.0,0.10998,25.2,345000.0,0.95,159000.0,True,0
P_hpfp,P_rv,p_hpfp
39057.84536761112,87431.8611061433,1889258.8597899457
Q,Q_phc
313336.9662167252,154336.96621672518
qm_cb,qm_phc/qm_t,qm_r,qm_v,qm,m_z
0.10998,0.0013039253077929969,0.23074170702757382,0,0.11128392530779299,0.13039253077930002
number of iterations,14,Execution time: ,8.853527784347534
