architecture,t_cbt,t_hxt,eta_hpfp,eta_r,p_cbt,qm_cb0,t0,p0,tpr_hx,Q_hx,pcc,v
after,270,220,0.71,0.71,1330000.0,0.10895862351703661,25.2,345000.0,0.95,159000.0,True,0
P_hpfp,P_rv,p_hpfp
39204.22958689992,87744.10773635154,1889258.8612891329
Q,Q_phc
314523.68887874787,155523.68887874787
qm_cb,qm_phc/qm_t,qm_r,qm_v,qm,qm_pot
0.10895862351703661,0.0012811579986422008,0.2315830885060404,0,0.11023978151567881,0.0014604473240505548
number of iterations,16,Execution time: ,7.347830533981323
