architecture,t_cbt,t_hxt,eta_hpfp,eta_r,p_cbt,qm_cb0,t0,p0,tpr_hx,Q_hx,pcc,v
after,270,250,0.71,0.71,1330000.0,0.10998,25.2,345000.0,0.95,159000.0,True,0
P_hpfp,P_rv,p_hpfp
38792.47566144916,175337.09129235995,1889258.8612891329
Q,Q_phc
222708.80181839087,63708.80181839087
qm_cb,qm_phc/qm_t,qm_r,qm_v,qm,m_z
0.10998,0.0005478315765862218,0.4626735701031889,0,0.11052783157658622,0.05478315765862197
number of iterations,16,Execution time: ,9.916036367416382
