architecture,t_cbt,t_hxt,eta_hpfp,eta_r,p_cbt,qm_cb0,t0,p0,tpr_hx,Q_hx,pcc,v
after,270,200,0.71,0.71,1330000.0,0.10998,25.2,345000.0,0.95,159000.0,True,0
P_hpfp,P_rv,p_hpfp
39136.4410196018,59266.83946007081,1889258.8597899457
Q,Q_phc
342308.4503541235,183308.4503541235
qm_cb,qm_phc/qm_t,qm_r,qm_v,qm,m_z
0.10998,0.001527860667855166,0.15644393130995224,0,0.11150786066785516,0.15278606678551593
number of iterations,14,Execution time: ,8.130368709564209
