architecture,t_cbt,t_hxt,eta_hpfp,eta_r,p_cbt,qm_cb0,t0,p0,tpr_hx,Q_hx,pcc,v
after,270,220,0.71,0.71,1330000.0,0.10895862351703661,25.2,345000.0,0.95,159000.0,True,0
P_hpfp,P_rv,p_hpfp
38679.73729596945,86547.32774919525,1889258.8612891329
Q,Q_phc
310338.7444846984,151338.7444846984
qm_cb,qm_phc/qm_t,qm_r,qm_v,qm
0.10895862351703661,0.0012472280695510624,0.22844567146607764,0,0.11020585158658767
number of iterations,16,Execution time: ,7.1827545166015625
