architecture,t_cbt,t_hxt,eta_hpfp,eta_r,p_cbt,qm_cb0,t0,p0,tpr_hx,Q_hx,pcc,v
after,270,240,0.71,0.71,1330000.0,0.11,25.2,345000.0,0.95,149000.0,True,0
P_hpfp,P_rv,p_hpfp
38950.464448258965,135765.7377130295,1889366.2728248988
Q,Q_phc
263954.41643160826,114954.41643160826
qm_cb,qm_phc/qm_t,qm_r,qm_v,qm,m_z
0.11,0.0009933202211742983,0.357932788285871,0,0.1109933202211743,0.09933202211742982
number of iterations,13,Execution time: ,7.699315309524536
