architecture,t_cbt,t_hxt,eta_hpfp,eta_r,p_cbt,qm_cb0,t0,p0,tpr_hx,Q_hx,pcc,v
after,270,210,0.71,0.71,1330000.0,0.10895862351703661,25.2,345000.0,0.95,159000.0,True,0
P_hpfp,P_rv,p_hpfp
42550.118389772215,91837.9875681413,1889258.855973307
Q,Q_phc
300841.93431575503,141841.93431575503
qm_cb,qm_phc/qm_t,qm_r,qm_v,qm
0.10895862351703661,0.0011622725105840809,0.1572756894366057,0,0.1101208960276207
number of iterations,13,Execution time: ,6.373671770095825
