architecture,t_cbt,t_hxt,eta_hpfp,eta_r,p_cbt,qm_cb0,t0,p0,tpr_hx,Q_hx,pcc,v
after,270,220,0.71,0.71,1330000.0,0.10895862351703661,25.2,345000.0,0.95,159000.0,True,0
P_hpfp,P_rv,p_hpfp
39246.07332061681,87837.80206031963,1889258.8612891329
Q,Q_phc
314859.345845235,155859.345845235
qm_cb,qm_phc/qm_t,qm_r,qm_v,qm,qm_pot
0.10895862351703661,0.0012808834831513354,0.2318304863158972,0,0.11023950700018795,0.0015799425124365242
number of iterations,16,Execution time: ,7.7346837520599365
