architecture,t_cbt,t_hxt,eta_hpfp,eta_r,p_cbt,qm_cb0,t0,p0,tpr_hx,Q_hx,pcc,v
after,270,220,0.71,0.71,1330000.0,0.11,25.2,345000.0,0.95,149000.0,True,0
P_hpfp,P_rv,p_hpfp
39094.289138195956,87542.77719518234,1889366.2728247393
Q,Q_phc
313653.34464473696,164653.34464473696
qm_cb,qm_phc/qm_t,qm_r,qm_v,qm,m_z
0.11,0.0014022099147711416,0.23082869264877284,0,0.11140220991477114,0.14022099147711417
number of iterations,12,Execution time: ,14.676260471343994
