architecture,t_cbt,t_hxt,eta_hpfp,eta_r,p_cbt,qm_cb0,t0,p0,tpr_hx,Q_hx,pcc,v
after,270,200,0.71,0.71,1330000.0,0.10895862351703661,25.2,345000.0,0.95,159000.0,True,0
P_hpfp,P_rv,p_hpfp
42594.92295703868,76908.58087129708,1889258.855973307
Q,Q_phc
316184.8264420185,157184.8264420185
qm_cb,qm_phc/qm_t,qm_r,qm_v,qm
0.10895862351703661,0.0012782279833354476,0.1317070783349452,0,0.11023685150037206
number of iterations,13,Execution time: ,6.464243173599243
