architecture,t_cbt,t_hxt,eta_hpfp,eta_r,p_cbt,qm_cb0,t0,p0,tpr_hx,Q_hx,pcc,v
after,270,210,0.71,0.71,1330000.0,0.10895862351703661,25.2,345000.0,0.95,159000.0,True,0
P_hpfp,P_rv,p_hpfp
39226.42802637439,71919.12184078396,1889258.8612891329
Q,Q_phc
330576.44910963037,171576.44910963037
qm_cb,qm_phc/qm_t,qm_r,qm_v,qm,qm_pot
0.10895862351703661,0.0013977411948832826,0.18984553612520674,0,0.1103563647119199,0.0014071116599076881
number of iterations,16,Execution time: ,7.252139091491699
