architecture,t_cbt,t_hxt,eta_hpfp,eta_r,p_cbt,qm_cb0,t0,p0,tpr_hx,Q_hx,pcc,v
after,270,210,0.71,0.71,1330000.0,0.10895862351703661,25.2,345000.0,0.95,159000.0,True,0
P_hpfp,P_rv,p_hpfp
38722.24622079469,71029.30479634601,1889258.8609416161
Q,Q_phc
326292.9443604354,167292.94436043542
qm_cb,qm_phc/qm_t,qm_r,qm_v,qm
0.10895862351703661,0.00136834405325649,0.1874602380865427,0,0.1103269675702931
number of iterations,15,Execution time: ,7.2317023277282715
