architecture,t_cbt,t_hxt,eta_hpfp,eta_r,p_cbt,qm_cb0,t0,p0,tpr_hx,Q_hx,pcc,v
after,270,240,0.71,0.71,1330000.0,0.10895862351703661,25.2,345000.0,0.95,159000.0,True,0
P_hpfp,P_rv,p_hpfp
42326.44242128556,161920.71058791783,1889258.855973307
Q,Q_phc
228694.98526896565,69694.98526896565
qm_cb,qm_phc/qm_t,qm_r,qm_v,qm
0.10895862351703661,0.0005833928505096925,0.27730459678373587,0,0.1095420163675463
number of iterations,13,Execution time: ,6.117002725601196
