architecture,t_cbt,t_hxt,eta_hpfp,eta_r,p_cbt,qm_cb0,t0,p0,tpr_hx,Q_hx,pcc,v
after,280,130,0.71,0.71,1330000.0,0.1088190785213669,25.2,345000.0,0.95,159000.0,True,0
P_hpfp,P_rv,p_hpfp
39069.8035887809,14414.752038978622,1889258.8612891329
Q,Q_phc
403265.356204711,244265.35620471102
qm_cb,qm_phc/qm_t,qm_r,qm_v,qm,qm_pot
0.1088190785213669,0.001883887797797178,0.03668701277263631,0,0.11070296631916407,0.0006142575512004378
number of iterations,16,Execution time: ,7.268584966659546
