architecture,t_cbt,t_hxt,eta_hpfp,eta_r,p_cbt,qm_cb0,t0,p0,tpr_hx,Q_hx,pcc,v
after,280,170,0.71,0.71,1330000.0,0.1088190785213669,25.2,345000.0,0.95,159000.0,True,0
P_hpfp,P_rv,p_hpfp
39112.96576059019,32353.713352381204,1889258.8597899457
Q,Q_phc
385787.82592390984,226787.82592390984
qm_cb,qm_phc/qm_t,qm_r,qm_v,qm,qm_pot
0.1088190785213669,0.0018001254685973789,0.08233626282960617,0,0.11061920398996428,0.0008209972762217338
number of iterations,14,Execution time: ,6.0967066287994385
