architecture,t_cbt,t_hxt,eta_hpfp,eta_r,p_cbt,qm_cb0,t0,p0,tpr_hx,Q_hx,pcc,v
after,280,160,0.71,0.71,1330000.0,0.1088190785213669,25.2,345000.0,0.95,159000.0,True,0
P_hpfp,P_rv,p_hpfp
38827.74533882325,26643.55449226418,1889258.8609416161
Q,Q_phc
388448.8031683238,229448.80316832382
qm_cb,qm_phc/qm_t,qm_r,qm_v,qm
0.1088190785213669,0.0018084758926507072,0.06782125566816023,0,0.1106275544140176
number of iterations,15,Execution time: ,7.170991897583008
