architecture,t_cbt,t_hxt,eta_hpfp,eta_r,p_cbt,qm_cb0,t0,p0,tpr_hx,Q_hx,pcc,v
after,280,120,0.71,0.71,1330000.0,0.1088190785213669,25.2,345000.0,0.95,159000.0,True,0
P_hpfp,P_rv,p_hpfp
39060.98623471041,11326.790446907515,1889258.8612891329
Q,Q_phc
406259.05488618877,247259.05488618877
qm_cb,qm_phc/qm_t,qm_r,qm_v,qm,qm_pot
0.1088190785213669,0.0018943129231189506,0.028821435590122013,0,0.11071339144448585,0.0005787101245909458
number of iterations,16,Execution time: ,7.148984909057617
