architecture,t_cbt,t_hxt,eta_hpfp,eta_r,p_cbt,qm_cb0,t0,p0,tpr_hx,Q_hx,pcc,v
after,280,180,0.71,0.71,1330000.0,0.1088190785213669,25.2,345000.0,0.95,159000.0,True,0
P_hpfp,P_rv,p_hpfp
38803.42498348683,38444.59933780831,1889258.8597899457
Q,Q_phc
376387.7596068498,217387.7596068498
qm_cb,qm_phc/qm_t,qm_r,qm_v,qm
0.1088190785213669,0.0017391828093093614,0.09784732307865647,0,0.11055826133067626
number of iterations,14,Execution time: ,6.947158098220825
