architecture,t_cbt,t_hxt,eta_hpfp,eta_r,p_cbt,qm_cb0,t0,p0,tpr_hx,Q_hx,pcc,v
after,280,180,0.71,0.71,1330000.0,0.10998,25.2,345000.0,0.95,159000.0,True,0
P_hpfp,P_rv,p_hpfp
39240.48518036331,38878.372979588676,1889258.855973307
Q,Q_phc
380629.6136431264,221629.6136431264
qm_cb,qm_phc/qm_t,qm_r,qm_v,qm,m_z
0.10998,0.0018243047474553048,0.09895080452537995,0,0.1118043047474553,0.1824304747455307
number of iterations,13,Execution time: ,7.833067417144775
