architecture,t_cbt,t_hxt,eta_hpfp,eta_r,p_cbt,qm_cb0,t0,p0,tpr_hx,Q_hx,pcc,v
after,280,150,0.71,0.71,1330000.0,0.1088190785213669,25.2,345000.0,0.95,159000.0,True,0
P_hpfp,P_rv,p_hpfp
39143.44179635587,22123.257983305495,1889258.8609416161
Q,Q_phc
396344.0879934669,237344.08799346688
qm_cb,qm_phc/qm_t,qm_r,qm_v,qm,qm_pot
0.1088190785213669,0.0018353368823963057,0.05630673029771294,0,0.1106544154037632,0.0008726176364079007
number of iterations,15,Execution time: ,7.150088787078857
