architecture,t_cbt,t_hxt,eta_hpfp,eta_r,p_cbt,qm_cb0,t0,p0,tpr_hx,Q_hx,pcc,v
after,280,170,0.71,0.71,1330000.0,0.11,25.2,345000.0,0.95,149000.0,True,0
P_hpfp,P_rv,p_hpfp
39291.1356485123,32506.37589609167,1889366.2728233607
Q,Q_phc
387598.7602280332,238598.76022803318
qm_cb,qm_phc/qm_t,qm_r,qm_v,qm,m_z
0.11,0.0019624245275622625,0.08267062662004891,0,0.11196242452756226,0.19624245275622623
number of iterations,11,Execution time: ,10.453084707260132
