architecture,t_cbt,t_hxt,eta_hpfp,eta_r,p_cbt,qm_cb0,t0,p0,tpr_hx,Q_hx,pcc,v
after,280,100,0.71,0.71,1330000.0,0.1088190785213669,25.2,345000.0,0.95,159000.0,True,0
P_hpfp,P_rv,p_hpfp
39045.36540290364,6316.7136443198315,1889258.861393996
Q,Q_phc
411102.13536785386,252102.13536785386
qm_cb,qm_phc/qm_t,qm_r,qm_v,qm,qm_pot
0.1088190785213669,0.001907555463693185,0.016068346655814476,0,0.11072663398506008,0.0005209608770720004
number of iterations,17,Execution time: ,7.456614255905151
