architecture,t_cbt,t_hxt,eta_hpfp,eta_r,p_cbt,qm_cb0,t0,p0,tpr_hx,Q_hx,pcc,v
after,280,150,0.71,0.71,1330000.0,0.1088190785213669,25.2,345000.0,0.95,159000.0,True,0
P_hpfp,P_rv,p_hpfp
42719.77927726008,29574.848914399547,1889258.8597899457
Q,Q_phc
381348.21806607593,222348.21806607593
qm_cb,qm_phc/qm_t,qm_r,qm_v,qm
0.1088190785213669,0.0017409040114458457,0.04883368882440468,0,0.11055998253281274
number of iterations,14,Execution time: ,6.00539755821228
