architecture,t_cbt,t_hxt,eta_hpfp,eta_r,p_cbt,qm_cb0,t0,p0,tpr_hx,Q_hx,pcc,v
after,280,160,0.71,0.71,1330000.0,0.1088190785213669,25.2,345000.0,0.95,159000.0,True,0
P_hpfp,P_rv,p_hpfp
39100.84942581335,26833.334997477068,1889258.8609416161
Q,Q_phc
391178.6724745078,232178.67247450782
qm_cb,qm_phc/qm_t,qm_r,qm_v,qm,qm_pot
0.1088190785213669,0.0018293122169135334,0.06830221506275942,0,0.11064839073828042,0.0007572886217143643
number of iterations,15,Execution time: ,6.7909557819366455
