architecture,t_cbt,t_hxt,eta_hpfp,eta_r,p_cbt,qm_cb0,t0,p0,tpr_hx,Q_hx,pcc,v
after,280,180,0.71,0.71,1330000.0,0.1088190785213669,25.2,345000.0,0.95,159000.0,True,0
P_hpfp,P_rv,p_hpfp
42665.8107041637,51500.4993230804,1889258.855973307
Q,Q_phc
358903.44456560217,199903.44456560217
qm_cb,qm_phc/qm_t,qm_r,qm_v,qm
0.1088190785213669,0.0016012324504754705,0.08504320928997902,0,0.11042031097184236
number of iterations,13,Execution time: ,6.066945791244507
