architecture,t_cbt,t_hxt,eta_hpfp,eta_r,p_cbt,qm_cb0,t0,p0,tpr_hx,Q_hx,pcc,v
after,280,140,0.71,0.71,1330000.0,0.1088190785213669,25.2,345000.0,0.95,159000.0,True,0
P_hpfp,P_rv,p_hpfp
42731.89115640567,24025.678840903878,1889258.8597899457
Q,Q_phc
387013.892733219,228013.89273321902
qm_cb,qm_phc/qm_t,qm_r,qm_v,qm
0.1088190785213669,0.0017722498931294767,0.03966259003398681,0,0.11059132841449637
number of iterations,14,Execution time: ,6.107992887496948
