architecture,t_cbt,t_hxt,eta_hpfp,eta_r,p_cbt,qm_cb0,t0,p0,tpr_hx,Q_hx,pcc,v
after,280,110,0.71,0.71,1330000.0,0.11,25.2,345000.0,0.95,149000.0,True,0
P_hpfp,P_rv,p_hpfp
39331.45223239721,8707.420936441333,1889366.2728248988
Q,Q_phc
411828.7845262305,262828.7845262305
qm_cb,qm_phc/qm_t,qm_r,qm_v,qm,m_z
0.11,0.0020771134912566523,0.022137886584943905,0,0.11207711349125665,0.20771134912566522
number of iterations,13,Execution time: ,17.28208875656128
