architecture,t_cbt,t_hxt,eta_hpfp,eta_r,p_cbt,qm_cb0,t0,p0,tpr_hx,Q_hx,pcc,v
after,280,130,0.71,0.71,1330000.0,0.1088190785213669,25.2,345000.0,0.95,159000.0,True,0
P_hpfp,P_rv,p_hpfp
39122.63497264794,14434.49271888807,1889258.8612891329
Q,Q_phc
403810.41534730647,244810.41534730647
qm_cb,qm_phc/qm_t,qm_r,qm_v,qm,qm_pot
0.1088190785213669,0.0018621815331677542,0.036737051999347715,0,0.11068126005453464,0.0007864903720216328
number of iterations,16,Execution time: ,7.180704116821289
