architecture,t_cbt,t_hxt,eta_hpfp,eta_r,p_cbt,qm_cb0,t0,p0,tpr_hx,Q_hx,pcc,v
after,280,190,0.71,0.71,1330000.0,0.1088190785213669,25.2,345000.0,0.95,159000.0,True,0
P_hpfp,P_rv,p_hpfp
42639.88420035843,61114.260048759,1889258.855973307
Q,Q_phc
349040.29588180635,190040.29588180635
qm_cb,qm_phc/qm_t,qm_r,qm_v,qm
0.1088190785213669,0.0015341339337628518,0.1009260725958287,0,0.11035321245512975
number of iterations,13,Execution time: ,6.105504512786865
