architecture,t_cbt,t_hxt,eta_hpfp,eta_r,p_cbt,qm_cb0,t0,p0,tpr_hx,Q_hx,pcc,v
after,280,160,0.71,0.71,1330000.0,0.1088190785213669,25.2,345000.0,0.95,159000.0,True,0
P_hpfp,P_rv,p_hpfp
39154.833310926784,26870.713161172924,1889258.8609416161
Q,Q_phc
391718.41507720907,232718.41507720907
qm_cb,qm_phc/qm_t,qm_r,qm_v,qm,qm_pot
0.1088190785213669,0.0018150260077575368,0.06839707853436931,0,0.11063410452912444,0.0009253850801071354
number of iterations,15,Execution time: ,7.123067140579224
