architecture,t_cbt,t_hxt,eta_hpfp,eta_r,p_cbt,qm_cb0,t0,p0,tpr_hx,Q_hx,pcc,v
after,280,100,0.71,0.71,1330000.0,0.10998,25.2,345000.0,0.95,159000.0,True,0
P_hpfp,P_rv,p_hpfp
39299.6254052692,6354.782890749521,1889258.861393996
Q,Q_phc
413785.4500830034,254785.45008300338
qm_cb,qm_phc/qm_t,qm_r,qm_v,qm,m_z
0.10998,0.0019928066612192874,0.016167918675185192,0,0.11197280666121928,0.19928066612192818
number of iterations,17,Execution time: ,10.345990657806396
