architecture,t_cbt,t_hxt,eta_hpfp,eta_r,p_cbt,qm_cb0,t0,p0,tpr_hx,Q_hx,pcc,v
after,280,110,0.71,0.71,1330000.0,0.1088190785213669,25.2,345000.0,0.95,159000.0,True,0
P_hpfp,P_rv,p_hpfp
39052.81999074454,8639.191585896646,1889258.861393996
Q,Q_phc
408859.3515319487,249859.35153194872
qm_cb,qm_phc/qm_t,qm_r,qm_v,qm,qm_pot
0.1088190785213669,0.0019020539093715636,0.02198466448023173,0,0.11072113243073846,0.0005477019551995989
number of iterations,17,Execution time: ,7.630001783370972
