architecture,t_cbt,t_hxt,eta_hpfp,eta_r,p_cbt,qm_cb0,t0,p0,tpr_hx,Q_hx,pcc,v
after,280,130,0.71,0.71,1330000.0,0.1088190785213669,25.2,345000.0,0.95,159000.0,True,0
P_hpfp,P_rv,p_hpfp
38848.258076759776,14331.832184746498,1889258.8612891329
Q,Q_phc
400979.81896568916,241979.81896568916
qm_cb,qm_phc/qm_t,qm_r,qm_v,qm
0.1088190785213669,0.001866920487498383,0.03647696208456329,0,0.11068599900886528
number of iterations,16,Execution time: ,7.260204076766968
