architecture,t_cbt,t_hxt,eta_hpfp,eta_r,p_cbt,qm_cb0,t0,p0,tpr_hx,Q_hx,pcc,v
after,280,150,0.71,0.71,1330000.0,0.10998,25.2,345000.0,0.95,159000.0,True,0
P_hpfp,P_rv,p_hpfp
39275.791127239616,22201.78393024117,1889258.8597899457
Q,Q_phc
397683.64517109556,238683.64517109556
qm_cb,qm_phc/qm_t,qm_r,qm_v,qm,m_z
0.10998,0.0019248981087084532,0.056502811571030175,0,0.11190489810870845,0.19248981087084518
number of iterations,14,Execution time: ,8.001294374465942
