architecture,t_cbt,t_hxt,eta_hpfp,eta_r,p_cbt,qm_cb0,t0,p0,tpr_hx,Q_hx,pcc,v
after,280,120,0.71,0.71,1330000.0,0.11,25.2,345000.0,0.95,149000.0,True,0
P_hpfp,P_rv,p_hpfp
39328.260557525326,11416.020123408476,1889366.2728247393
Q,Q_phc
409086.0596013992,260086.05960139917
qm_cb,qm_phc/qm_t,qm_r,qm_v,qm,m_z
0.11,0.00206806281880251,0.029017265076162667,0,0.11206806281880251,0.206806281880251
number of iterations,12,Execution time: ,14.295255899429321
