architecture,t_cbt,t_hxt,eta_hpfp,eta_r,p_cbt,qm_cb0,t0,p0,tpr_hx,Q_hx,pcc,v
after,280,110,0.71,0.71,1330000.0,0.1088190785213669,25.2,345000.0,0.95,159000.0,True,0
P_hpfp,P_rv,p_hpfp
38855.29489779189,8594.747363689725,1889258.861393996
Q,Q_phc
406792.1316398487,247792.1316398487
qm_cb,qm_phc/qm_t,qm_r,qm_v,qm
0.1088190785213669,0.0018869696980402112,0.021872167013121724,0,0.1107060482194071
number of iterations,17,Execution time: ,8.004359722137451
