architecture,t_cbt,t_hxt,eta_hpfp,eta_r,p_cbt,qm_cb0,t0,p0,tpr_hx,Q_hx,pcc,v
after,280,130,0.71,0.71,1330000.0,0.1088190785213669,25.2,345000.0,0.95,159000.0,True,0
P_hpfp,P_rv,p_hpfp
42741.90730394521,19142.608633141775,1889258.8609416161
Q,Q_phc
391993.3078562892,232993.3078562892
qm_cb,qm_phc/qm_t,qm_r,qm_v,qm
0.1088190785213669,0.0017981717771570066,0.0316059789100021,0,0.1106172502985239
number of iterations,15,Execution time: ,6.20709228515625
