architecture,t_cbt,t_hxt,eta_hpfp,eta_r,p_cbt,qm_cb0,t0,p0,tpr_hx,Q_hx,pcc,v
after,280,170,0.71,0.71,1330000.0,0.1088190785213669,25.2,345000.0,0.95,159000.0,True,0
P_hpfp,P_rv,p_hpfp
42687.23645590237,43181.11459174925,1889258.855973307
Q,Q_phc
367428.9243615578,208428.92436155782
qm_cb,qm_phc/qm_t,qm_r,qm_v,qm
0.1088190785213669,0.001656682895005715,0.07129727184813815,0,0.11047576141637261
number of iterations,13,Execution time: ,6.192087650299072
