architecture,t_cbt,t_hxt,eta_hpfp,eta_r,p_cbt,qm_cb0,t0,p0,tpr_hx,Q_hx,pcc,v
after,280,170,0.71,0.71,1330000.0,0.10998,25.2,345000.0,0.95,159000.0,True,0
P_hpfp,P_rv,p_hpfp
39254.898098503036,32470.843856023006,1889258.855973307
Q,Q_phc
387191.2268521045,228191.22685210448
qm_cb,qm_phc/qm_t,qm_r,qm_v,qm,m_z
0.10998,0.0018653701492867963,0.0826343820910572,0,0.11184537014928679,0.18653701492867994
number of iterations,13,Execution time: ,7.656458616256714
