architecture,t_cbt,t_hxt,eta_hpfp,eta_r,p_cbt,qm_cb0,t0,p0,tpr_hx,Q_hx,pcc,v
after,280,160,0.71,0.71,1330000.0,0.11,25.2,345000.0,0.95,149000.0,True,0
P_hpfp,P_rv,p_hpfp
39302.42807987763,26997.51170224628,1889366.2728233607
Q,Q_phc
393228.36433783174,244228.36433783174
qm_cb,qm_phc/qm_t,qm_r,qm_v,qm,m_z
0.11,0.00199457981526805,0.06865243114149286,0,0.11199457981526804,0.199457981526805
number of iterations,11,Execution time: ,15.1600923538208
