architecture,t_cbt,t_hxt,eta_hpfp,eta_r,p_cbt,qm_cb0,t0,p0,tpr_hx,Q_hx,pcc,v
after,280,210,0.71,0.71,1330000.0,0.1088190785213669,25.2,345000.0,0.95,159000.0,True,0
P_hpfp,P_rv,p_hpfp
42569.40539572836,85580.48311600549,1889258.8433249607
Q,Q_phc
323896.14303158654,164896.14303158654
qm_cb,qm_phc/qm_t,qm_r,qm_v,qm
0.1088190785213669,0.0013517348481045521,0.14128819486742744,0,0.11017081336947145
number of iterations,12,Execution time: ,5.630511283874512
