architecture,t_cbt,t_hxt,eta_hpfp,eta_r,p_cbt,qm_cb0,t0,p0,tpr_hx,Q_hx,pcc,v
after,280,200,0.71,0.71,1330000.0,0.1088190785213669,25.2,345000.0,0.95,159000.0,True,0
P_hpfp,P_rv,p_hpfp
39156.14707303954,55320.32144880582,1889258.8597899457
Q,Q_phc
363282.85248250124,204282.85248250124
qm_cb,qm_phc/qm_t,qm_r,qm_v,qm,qm_pot
0.1088190785213669,0.0016586880524209942,0.14078899591574098,0,0.11047776657378788,0.0010854663791218615
number of iterations,14,Execution time: ,5.997705936431885
