architecture,t_cbt,t_hxt,eta_hpfp,eta_r,p_cbt,qm_cb0,t0,p0,tpr_hx,Q_hx,pcc,v
after,280,260,0.71,0.71,1330000.0,0.1088190785213669,25.2,345000.0,0.95,159000.0,True,0
P_hpfp,P_rv,p_hpfp
39331.93657592378,190955.66777827535,1889258.8614256384
Q,Q_phc
229526.80241238946,70526.80241238946
qm_cb,qm_phc/qm_t,qm_r,qm_v,qm,qm_pot
0.1088190785213669,0.0005984177345095898,0.48598103673222315,0,0.10941749625587649,0.002646593809299539
number of iterations,18,Execution time: ,8.804823875427246
