architecture,t_cbt,t_hxt,eta_hpfp,eta_r,p_cbt,qm_cb0,t0,p0,tpr_hx,Q_hx,pcc,v
after,280,260,0.71,0.71,1330000.0,0.1088190785213669,25.2,345000.0,0.95,159000.0,True,0
P_hpfp,P_rv,p_hpfp
39352.99942166981,191054.16359497522,1889258.8614256384
Q,Q_phc
229653.48130559587,70653.48130559587
qm_cb,qm_phc/qm_t,qm_r,qm_v,qm,qm_pot
0.1088190785213669,0.0006018047244441076,0.48623584685882504,0,0.10942088324581101,0.0027032188311853973
number of iterations,18,Execution time: ,8.689688920974731
