architecture,t_cbt,t_hxt,eta_hpfp,eta_r,p_cbt,qm_cb0,t0,p0,tpr_hx,Q_hx,pcc,v
after,280,250,0.71,0.71,1330000.0,0.1088190785213669,25.2,345000.0,0.95,159000.0,True,0
P_hpfp,P_rv,p_hpfp
39315.82709338411,148372.6863151296,1889258.861393996
Q,Q_phc
271937.5636706882,112937.56367068819
qm_cb,qm_phc/qm_t,qm_r,qm_v,qm,qm_pot
0.1088190785213669,0.0009544814763807756,0.3776007048165555,0,0.10977355999774767,0.002244631124857912
number of iterations,17,Execution time: ,8.320600032806396
