architecture,t_cbt,t_hxt,eta_hpfp,eta_r,p_cbt,qm_cb0,t0,p0,tpr_hx,Q_hx,pcc,v
after,280,250,0.71,0.71,1330000.0,0.1088190785213669,25.2,345000.0,0.95,159000.0,True,0
P_hpfp,P_rv,p_hpfp
42285.16868705262,174669.45037976475,1889258.8433249607
Q,Q_phc
232073.0927470783,73073.0927470783
qm_cb,qm_phc/qm_t,qm_r,qm_v,qm
0.1088190785213669,0.0006161222856746751,0.28837859852163517,0,0.10943520080704157
number of iterations,12,Execution time: ,5.514845609664917
