architecture,t_cbt,t_hxt,eta_hpfp,eta_r,p_cbt,qm_cb0,t0,p0,tpr_hx,Q_hx,pcc,v
after,280,220,0.71,0.71,1330000.0,0.1088190785213669,25.2,345000.0,0.95,159000.0,True,0
P_hpfp,P_rv,p_hpfp
39194.04570976819,79554.12774383281,1889258.8609416161
Q,Q_phc
339454.2050335346,180454.2050335346
qm_cb,qm_phc/qm_t,qm_r,qm_v,qm,qm_pot
0.1088190785213669,0.0014878394705132559,0.20248454672653227,0,0.11030691799188015,0.0013642951219916427
number of iterations,15,Execution time: ,7.026743173599243
