architecture,t_cbt,t_hxt,eta_hpfp,eta_r,p_cbt,qm_cb0,t0,p0,tpr_hx,Q_hx,pcc,v
after,280,210,0.71,0.71,1330000.0,0.1088190785213669,25.2,345000.0,0.95,159000.0,True,0
P_hpfp,P_rv,p_hpfp
39224.83373417157,66239.58861711563,1889258.8609416161
Q,Q_phc
353097.8869813399,194097.8869813399
qm_cb,qm_phc/qm_t,qm_r,qm_v,qm,qm_pot
0.1088190785213669,0.0015827455453950787,0.16861425827245044,0,0.11040182406676197,0.001357109923386898
number of iterations,15,Execution time: ,7.465033531188965
