architecture,t_cbt,t_hxt,eta_hpfp,eta_r,p_cbt,qm_cb0,t0,p0,tpr_hx,Q_hx,pcc,v
after,280,200,0.71,0.71,1330000.0,0.1088190785213669,25.2,345000.0,0.95,159000.0,True,0
P_hpfp,P_rv,p_hpfp
38765.09234826612,54757.78903837406,1889258.8597899457
Q,Q_phc
359664.77057800477,200664.77057800477
qm_cb,qm_phc/qm_t,qm_r,qm_v,qm
0.1088190785213669,0.0016299659166245373,0.1393667275747392,0,0.11044904443799143
number of iterations,14,Execution time: ,7.093382120132446
