architecture,t_cbt,t_hxt,eta_hpfp,eta_r,p_cbt,qm_cb0,t0,p0,tpr_hx,Q_hx,pcc,v
after,280,240,0.71,0.71,1330000.0,0.1088190785213669,25.2,345000.0,0.95,159000.0,True,0
P_hpfp,P_rv,p_hpfp
38596.19718880599,116445.77014726945,1889258.8612891329
Q,Q_phc
296171.1958680004,137171.1958680004
qm_cb,qm_phc/qm_t,qm_r,qm_v,qm
0.1088190785213669,0.0011487515765757905,0.2963859964351738,0,0.10996783009794268
number of iterations,16,Execution time: ,8.513160467147827
