architecture,t_cbt,t_hxt,eta_hpfp,eta_r,p_cbt,qm_cb0,t0,p0,tpr_hx,Q_hx,pcc,v
after,280,230,0.71,0.71,1330000.0,0.1088190785213669,25.2,345000.0,0.95,159000.0,True,0
P_hpfp,P_rv,p_hpfp
38657.361204645866,95077.75866667587,1889258.8609416161
Q,Q_phc
318193.0883358381,159193.0883358381
qm_cb,qm_phc/qm_t,qm_r,qm_v,qm
0.1088190785213669,0.0013230194256189515,0.24197704085548047,0,0.11014209794698585
number of iterations,15,Execution time: ,7.3621978759765625
