architecture,t_cbt,t_hxt,eta_hpfp,eta_r,p_cbt,qm_cb0,t0,p0,tpr_hx,Q_hx,pcc,v
after,280,220,0.71,0.71,1330000.0,0.10998,25.2,345000.0,0.95,159000.0,True,0
P_hpfp,P_rv,p_hpfp
39134.72511773101,79452.87802720125,1889258.855973307
Q,Q_phc
338924.46021703316,179924.46021703316
qm_cb,qm_phc/qm_t,qm_r,qm_v,qm,m_z
0.10998,0.0015229723297162656,0.20220610872087325,0,0.11150297232971626,0.1522972329716272
number of iterations,13,Execution time: ,8.109097957611084
