architecture,t_cbt,t_hxt,eta_hpfp,eta_r,p_cbt,qm_cb0,t0,p0,tpr_hx,Q_hx,pcc,v
after,280,220,0.71,0.71,1330000.0,0.1088190785213669,25.2,345000.0,0.95,159000.0,True,0
P_hpfp,P_rv,p_hpfp
39242.86018844908,79653.49101240205,1889258.8609416161
Q,Q_phc
339876.698413267,180876.69841326697
qm_cb,qm_phc/qm_t,qm_r,qm_v,qm,qm_pot
0.1088190785213669,0.0014883127426571611,0.20273731304763648,0,0.11030739126402406,0.0015029034872010873
number of iterations,15,Execution time: ,7.407475709915161
