architecture,t_cbt,t_hxt,eta_hpfp,eta_r,p_cbt,qm_cb0,t0,p0,tpr_hx,Q_hx,pcc,v
after,280,230,0.71,0.71,1330000.0,0.10998,25.2,345000.0,0.95,159000.0,True,0
P_hpfp,P_rv,p_hpfp
39087.20052833822,96102.67589290939,1889258.8597899457
Q,Q_phc
321766.58899450605,162766.58899450605
qm_cb,qm_phc/qm_t,qm_r,qm_v,qm,m_z
0.10998,0.0013875642664453874,0.24461833021841034,0,0.11136756426644538,0.13875642664453916
number of iterations,14,Execution time: ,8.99746584892273
