architecture,t_cbt,t_hxt,eta_hpfp,eta_r,p_cbt,qm_cb0,t0,p0,tpr_hx,Q_hx,pcc,v
after,280,260,0.71,0.71,1330000.0,0.10998,25.2,345000.0,0.95,159000.0,True,0
P_hpfp,P_rv,p_hpfp
38805.074927709386,188530.65179278038,1889258.8609416161
Q,Q_phc
226322.49411828688,67322.49411828688
qm_cb,qm_phc/qm_t,qm_r,qm_v,qm,m_z
0.10998,0.0005837295629387146,0.4796576763479362,0,0.11056372956293871,0.058372956293871986
number of iterations,15,Execution time: ,9.470962047576904
