architecture,t_cbt,t_hxt,eta_hpfp,eta_r,p_cbt,qm_cb0,t0,p0,tpr_hx,Q_hx,pcc,v
after,280,250,0.71,0.71,1330000.0,0.11,25.2,345000.0,0.95,149000.0,True,0
P_hpfp,P_rv,p_hpfp
38970.15254545247,147220.8433362368,1889366.2728247393
Q,Q_phc
269452.3062068637,120452.30620686372
qm_cb,qm_phc/qm_t,qm_r,qm_v,qm,m_z
0.11,0.0010505845741831546,0.3742167332274802,0,0.11105058457418315,0.10505845741831546
number of iterations,12,Execution time: ,10.21862268447876
