architecture,t_cbt,t_hxt,eta_hpfp,eta_r,p_cbt,qm_cb0,t0,p0,tpr_hx,Q_hx,pcc,v
after,280,200,0.71,0.71,1330000.0,0.1088190785213669,25.2,345000.0,0.95,159000.0,True,0
P_hpfp,P_rv,p_hpfp
39208.67742752987,55395.062630475244,1889258.8597899457
Q,Q_phc
363769.6929364398,204769.69293643982
qm_cb,qm_phc/qm_t,qm_r,qm_v,qm,qm_pot
0.1088190785213669,0.00165464613658827,0.14097880540772,0,0.11047372465795516,0.0012391771621230393
number of iterations,14,Execution time: ,6.594614028930664
