architecture,t_cbt,t_hxt,eta_hpfp,eta_r,p_cbt,qm_cb0,t0,p0,tpr_hx,Q_hx,pcc,v
after,280,210,0.71,0.71,1330000.0,0.1088190785213669,25.2,345000.0,0.95,159000.0,True,0
P_hpfp,P_rv,p_hpfp
38737.90624303764,65451.86973058311,1889258.8597899457
Q,Q_phc
348680.0537842854,189680.05378428538
qm_cb,qm_phc/qm_t,qm_r,qm_v,qm
0.1088190785213669,0.0015525075858794646,0.1665726912814301,0,0.11037158610724636
number of iterations,14,Execution time: ,7.167033433914185
