architecture,t_cbt,t_hxt,eta_hpfp,eta_r,p_cbt,qm_cb0,t0,p0,tpr_hx,Q_hx,pcc,v
after,280,240,0.71,0.71,1330000.0,0.1088190785213669,25.2,345000.0,0.95,159000.0,True,0
P_hpfp,P_rv,p_hpfp
39286.997219168064,118575.91620815315,1889258.8612891329
Q,Q_phc
301426.12485108816,142426.12485108816
qm_cb,qm_phc/qm_t,qm_r,qm_v,qm,qm_pot
0.1088190785213669,0.0011931727743043094,0.30176548016528093,0,0.1100122512956712,0.001923798106336553
number of iterations,16,Execution time: ,7.486940145492554
