architecture,t_cbt,t_hxt,eta_hpfp,eta_r,p_cbt,qm_cb0,t0,p0,tpr_hx,Q_hx,pcc,v
after,280,240,0.71,0.71,1330000.0,0.10998,25.2,345000.0,0.95,159000.0,True,0
P_hpfp,P_rv,p_hpfp
39023.08096020038,117784.77062207648,1889258.8597899457
Q,Q_phc
299399.0116408355,140399.0116408355
qm_cb,qm_phc/qm_t,qm_r,qm_v,qm,m_z
0.10998,0.001204874280240048,0.2997430143981289,0,0.11118487428024004,0.1204874280240043
number of iterations,14,Execution time: ,8.579051494598389
