architecture,t_cbt,t_hxt,eta_hpfp,eta_r,p_cbt,qm_cb0,t0,p0,tpr_hx,Q_hx,pcc,v
after,280,220,0.71,0.71,1330000.0,0.1088190785213669,25.2,345000.0,0.95,159000.0,True,0
P_hpfp,P_rv,p_hpfp
38703.17897316848,78540.28729511086,1889258.8609416161
Q,Q_phc
335220.37969032605,176220.37969032605
qm_cb,qm_phc/qm_t,qm_r,qm_v,qm
0.1088190785213669,0.0014535628717071286,0.19992042364386362,0,0.11027264139307402
number of iterations,15,Execution time: ,7.508781433105469
