architecture,t_cbt,t_hxt,eta_hpfp,eta_r,p_cbt,qm_cb0,t0,p0,tpr_hx,Q_hx,pcc,v
after,290,120,0.71,0.71,1330000.0,0.10868072680881756,25.2,345000.0,0.95,159000.0,True,0
P_hpfp,P_rv,p_hpfp
39112.00250014699,11123.541692737483,1889258.8612891329
Q,Q_phc
423715.4605718732,264715.4605718732
qm_cb,qm_phc/qm_t,qm_r,qm_v,qm,qm_pot
0.10868072680881756,0.0019969112286997446,0.027331457408675902,0,0.1106776380375173,0.0007598184737139655
number of iterations,16,Execution time: ,7.213192939758301
