architecture,t_cbt,t_hxt,eta_hpfp,eta_r,p_cbt,qm_cb0,t0,p0,tpr_hx,Q_hx,pcc,v
after,290,190,0.71,0.71,1330000.0,0.10998,25.2,345000.0,0.95,159000.0,True,0
P_hpfp,P_rv,p_hpfp
39280.68054797132,44099.11382604082,1889258.855973307
Q,Q_phc
392618.5230159266,233618.5230159266
qm_cb,qm_phc/qm_t,qm_r,qm_v,qm,m_z
0.10998,0.0019388297108655778,0.10839558993444058,0,0.11191882971086557,0.1938829710865579
number of iterations,13,Execution time: ,7.829993009567261
