architecture,t_cbt,t_hxt,eta_hpfp,eta_r,p_cbt,qm_cb0,t0,p0,tpr_hx,Q_hx,pcc,v
after,290,170,0.71,0.71,1330000.0,0.10998,25.2,345000.0,0.95,159000.0,True,0
P_hpfp,P_rv,p_hpfp
39308.897523513675,31255.63362335794,1889258.855973307
Q,Q_phc
405775.715982894,246775.715982894
qm_cb,qm_phc/qm_t,qm_r,qm_v,qm,m_z
0.10998,0.002019225743638567,0.07681327975916007,0,0.11199922574363856,0.20192257436385663
number of iterations,13,Execution time: ,7.887959003448486
