architecture,t_cbt,t_hxt,eta_hpfp,eta_r,p_cbt,qm_cb0,t0,p0,tpr_hx,Q_hx,pcc,v
after,290,130,0.71,0.71,1330000.0,0.10868072680881756,25.2,345000.0,0.95,159000.0,True,0
P_hpfp,P_rv,p_hpfp
42738.537134562066,18748.754051135587,1889258.8609416161
Q,Q_phc
408938.22569157154,249938.22569157154
qm_cb,qm_phc/qm_t,qm_r,qm_v,qm
0.10868072680881756,0.001927801397181253,0.029888948143806555,0,0.11060852820599881
number of iterations,15,Execution time: ,7.097868204116821
