architecture,t_cbt,t_hxt,eta_hpfp,eta_r,p_cbt,qm_cb0,t0,p0,tpr_hx,Q_hx,pcc,v
after,290,110,0.71,0.71,1330000.0,0.10868072680881756,25.2,345000.0,0.95,159000.0,True,0
P_hpfp,P_rv,p_hpfp
42751.760620612054,10975.260569812865,1889258.8612891329
Q,Q_phc
416844.0471139497,257844.04711394972
qm_cb,qm_phc/qm_t,qm_r,qm_v,qm
0.10868072680881756,0.001962024092491854,0.017492873867815385,0,0.11064275090130941
number of iterations,16,Execution time: ,7.870007753372192
