architecture,t_cbt,t_hxt,eta_hpfp,eta_r,p_cbt,qm_cb0,t0,p0,tpr_hx,Q_hx,pcc,v
after,290,170,0.71,0.71,1330000.0,0.10868072680881756,25.2,345000.0,0.95,159000.0,True,0
P_hpfp,P_rv,p_hpfp
39108.81301093992,31095.755625940677,1889258.8597899457
Q,Q_phc
403707.7876101618,244707.78761016182
qm_cb,qm_phc/qm_t,qm_r,qm_v,qm,qm_pot
0.10868072680881756,0.0019422550452505311,0.07642128116430628,0,0.11062298185406809,0.0008053874467367476
number of iterations,14,Execution time: ,6.092506170272827
