architecture,t_cbt,t_hxt,eta_hpfp,eta_r,p_cbt,qm_cb0,t0,p0,tpr_hx,Q_hx,pcc,v
after,290,120,0.71,0.71,1330000.0,0.10998,25.2,345000.0,0.95,159000.0,True,0
P_hpfp,P_rv,p_hpfp
39342.523436693424,11184.092262897126,1889258.8612891329
Q,Q_phc
426221.1022808054,267221.1022808054
qm_cb,qm_phc/qm_t,qm_r,qm_v,qm,m_z
0.10998,0.002115032092270014,0.027484717077244758,0,0.11209503209227001,0.21150320922700172
number of iterations,16,Execution time: ,9.370322942733765
