architecture,t_cbt,t_hxt,eta_hpfp,eta_r,p_cbt,qm_cb0,t0,p0,tpr_hx,Q_hx,pcc,v
after,290,160,0.71,0.71,1330000.0,0.10998,25.2,345000.0,0.95,159000.0,True,0
P_hpfp,P_rv,p_hpfp
39319.08083175437,26077.00753660495,1889258.8597899457
Q,Q_phc
411067.5561393947,252067.5561393947
qm_cb,qm_phc/qm_t,qm_r,qm_v,qm,m_z
0.10998,0.0020482394809340637,0.06409551268806965,0,0.11202823948093406,0.2048239480934069
number of iterations,14,Execution time: ,8.585538148880005
