architecture,t_cbt,t_hxt,eta_hpfp,eta_r,p_cbt,qm_cb0,t0,p0,tpr_hx,Q_hx,pcc,v
after,290,180,0.71,0.71,1330000.0,0.10868072680881756,25.2,345000.0,0.95,159000.0,True,0
P_hpfp,P_rv,p_hpfp
38806.35820359092,36735.66542397275,1889258.8597899457
Q,Q_phc
394705.24898810097,235705.24898810097
qm_cb,qm_phc/qm_t,qm_r,qm_v,qm
0.10868072680881756,0.0018858918180238299,0.09029185143468131,0,0.11056661862684139
number of iterations,14,Execution time: ,7.0490875244140625
