architecture,t_cbt,t_hxt,eta_hpfp,eta_r,p_cbt,qm_cb0,t0,p0,tpr_hx,Q_hx,pcc,v
after,290,140,0.71,0.71,1330000.0,0.10998,25.2,345000.0,0.95,159000.0,True,0
P_hpfp,P_rv,p_hpfp
39333.62495519489,17634.777255392724,1889258.8609416161
Q,Q_phc
419671.48534017627,260671.48534017627
qm_cb,qm_phc/qm_t,qm_r,qm_v,qm,m_z
0.10998,0.0020896785247241922,0.043342911397991825,0,0.11206967852472419,0.20896785247241878
number of iterations,15,Execution time: ,8.953279733657837
