architecture,t_cbt,t_hxt,eta_hpfp,eta_r,p_cbt,qm_cb0,t0,p0,tpr_hx,Q_hx,pcc,v
after,290,160,0.71,0.71,1330000.0,0.10868072680881756,25.2,345000.0,0.95,159000.0,True,0
P_hpfp,P_rv,p_hpfp
39154.97813746767,25984.57548980566,1889258.8597899457
Q,Q_phc
409332.22189652105,250332.22189652105
qm_cb,qm_phc/qm_t,qm_r,qm_v,qm,qm_pot
0.10868072680881756,0.001952374832482721,0.06385245115553953,0,0.11063310164130027,0.0009268007941489955
number of iterations,14,Execution time: ,6.563595533370972
