architecture,t_cbt,t_hxt,eta_hpfp,eta_r,p_cbt,qm_cb0,t0,p0,tpr_hx,Q_hx,pcc,v
after,290,110,0.71,0.71,1330000.0,0.10868072680881756,25.2,345000.0,0.95,159000.0,True,0
P_hpfp,P_rv,p_hpfp
38850.84285231167,8450.575120614521,1889258.861393996
Q,Q_phc
423484.909137634,264484.909137634
qm_cb,qm_phc/qm_t,qm_r,qm_v,qm
0.10868072680881756,0.0020126366950853763,0.020765895948476665,0,0.11069336350390294
number of iterations,17,Execution time: ,8.0872061252594
