architecture,t_cbt,t_hxt,eta_hpfp,eta_r,p_cbt,qm_cb0,t0,p0,tpr_hx,Q_hx,pcc,v
after,290,140,0.71,0.71,1330000.0,0.10868072680881756,25.2,345000.0,0.95,159000.0,True,0
P_hpfp,P_rv,p_hpfp
38840.561938626575,17420.4769549774,1889258.8609416161
Q,Q_phc
414400.70658308733,255400.70658308733
qm_cb,qm_phc/qm_t,qm_r,qm_v,qm
0.10868072680881756,0.0019833445103093206,0.04280971955185795,0,0.11066407131912688
number of iterations,15,Execution time: ,7.243454456329346
