architecture,t_cbt,t_hxt,eta_hpfp,eta_r,p_cbt,qm_cb0,t0,p0,tpr_hx,Q_hx,pcc,v
after,290,120,0.71,0.71,1330000.0,0.10868072680881756,25.2,345000.0,0.95,159000.0,True,0
P_hpfp,P_rv,p_hpfp
38848.38153498672,11047.29703342124,1889258.8612891329
Q,Q_phc
420860.8228897421,261860.8228897421
qm_cb,qm_phc/qm_t,qm_r,qm_v,qm
0.10868072680881756,0.0020056239557727368,0.027145123080165697,0,0.1106863507645903
number of iterations,16,Execution time: ,7.57093358039856
