architecture,t_cbt,t_hxt,eta_hpfp,eta_r,p_cbt,qm_cb0,t0,p0,tpr_hx,Q_hx,pcc,v
after,290,160,0.71,0.71,1330000.0,0.10868072680881756,25.2,345000.0,0.95,159000.0,True,0
P_hpfp,P_rv,p_hpfp
39096.78285535598,25945.498665798867,1889258.8597899457
Q,Q_phc
408724.2958351498,249724.29583514982
qm_cb,qm_phc/qm_t,qm_r,qm_v,qm,qm_pot
0.10868072680881756,0.00196718056188974,0.06375680407392256,0,0.1106479073707073,0.0007461857525316745
number of iterations,14,Execution time: ,5.872761964797974
