architecture,t_cbt,t_hxt,eta_hpfp,eta_r,p_cbt,qm_cb0,t0,p0,tpr_hx,Q_hx,pcc,v
after,290,110,0.71,0.71,1330000.0,0.10998,25.2,345000.0,0.95,159000.0,True,0
P_hpfp,P_rv,p_hpfp
39345.42286111057,8564.030833101746,1889258.8612891329
Q,Q_phc
428873.3991441841,269873.3991441841
qm_cb,qm_phc/qm_t,qm_r,qm_v,qm,m_z
0.10998,0.0021232931554834994,0.021039519405300022,0,0.1121032931554835,0.2123293155483498
number of iterations,16,Execution time: ,9.477451086044312
