architecture,t_cbt,t_hxt,eta_hpfp,eta_r,p_cbt,qm_cb0,t0,p0,tpr_hx,Q_hx,pcc,v
after,290,160,0.71,0.71,1330000.0,0.10868072680881756,25.2,345000.0,0.95,159000.0,True,0
P_hpfp,P_rv,p_hpfp
42705.23259329705,34828.06401746077,1889258.855973307
Q,Q_phc
392525.63868465694,233525.63868465694
qm_cb,qm_phc/qm_t,qm_r,qm_v,qm
0.10868072680881756,0.001841609114276388,0.055517885826176394,0,0.11052233592309395
number of iterations,13,Execution time: ,6.249636888504028
