architecture,t_cbt,t_hxt,eta_hpfp,eta_r,p_cbt,qm_cb0,t0,p0,tpr_hx,Q_hx,pcc,v
after,290,150,0.71,0.71,1330000.0,0.11,25.2,345000.0,0.95,149000.0,True,0
P_hpfp,P_rv,p_hpfp
39363.10765692203,21614.49491211175,1889366.2728233607
Q,Q_phc
416077.3565303009,267077.3565303009
qm_cb,qm_phc/qm_t,qm_r,qm_v,qm,m_z
0.11,0.0021674261723770506,0.05307580873373316,0,0.11216742617237706,0.21674261723770505
number of iterations,11,Execution time: ,16.604859828948975
