architecture,t_cbt,t_hxt,eta_hpfp,eta_r,p_cbt,qm_cb0,t0,p0,tpr_hx,Q_hx,pcc,v
after,290,130,0.71,0.71,1330000.0,0.10868072680881756,25.2,345000.0,0.95,159000.0,True,0
P_hpfp,P_rv,p_hpfp
38845.033238678225,14013.53546269471,1889258.8612891329
Q,Q_phc
417857.3588076509,258857.35880765092
qm_cb,qm_phc/qm_t,qm_r,qm_v,qm
0.10868072680881756,0.0019960840293968413,0.0344410591552513,0,0.1106768108382144
number of iterations,16,Execution time: ,7.365065097808838
