architecture,t_cbt,t_hxt,eta_hpfp,eta_r,p_cbt,qm_cb0,t0,p0,tpr_hx,Q_hx,pcc,v
after,290,110,0.71,0.71,1330000.0,0.10868072680881756,25.2,345000.0,0.95,159000.0,True,0
P_hpfp,P_rv,p_hpfp
39047.70336061801,8494.091957868923,1889258.861393996
Q,Q_phc
425630.0459496676,266630.0459496676
qm_cb,qm_phc/qm_t,qm_r,qm_v,qm,qm_pot
0.10868072680881756,0.002028255236756377,0.020872286016031426,0,0.11070898204557393,0.0005452740981194634
number of iterations,17,Execution time: ,7.7946038246154785
