architecture,t_cbt,t_hxt,eta_hpfp,eta_r,p_cbt,qm_cb0,t0,p0,tpr_hx,Q_hx,pcc,v
after,290,190,0.71,0.71,1330000.0,0.10868072680881756,25.2,345000.0,0.95,159000.0,True,0
P_hpfp,P_rv,p_hpfp
39194.10529165797,44008.37369434423,1889258.8597899457
Q,Q_phc
391743.43114858645,232743.43114858645
qm_cb,qm_phc/qm_t,qm_r,qm_v,qm,qm_pot
0.10868072680881756,0.0018647395210665747,0.10816627763607864,0,0.11054546632988413,0.0011259167323381196
number of iterations,14,Execution time: ,6.31139349937439
