architecture,t_cbt,t_hxt,eta_hpfp,eta_r,p_cbt,qm_cb0,t0,p0,tpr_hx,Q_hx,pcc,v
after,290,170,0.71,0.71,1330000.0,0.10868072680881756,25.2,345000.0,0.95,159000.0,True,0
P_hpfp,P_rv,p_hpfp
42689.28534938532,41662.150703208186,1889258.855973307
Q,Q_phc
385531.9670178727,226531.96701787272
qm_cb,qm_phc/qm_t,qm_r,qm_v,qm
0.10868072680881756,0.0018003372011727858,0.06642243634137818,0,0.11048106400999035
number of iterations,13,Execution time: ,6.401306867599487
