architecture,t_cbt,t_hxt,eta_hpfp,eta_r,p_cbt,qm_cb0,t0,p0,tpr_hx,Q_hx,pcc,v
after,290,180,0.71,0.71,1330000.0,0.10868072680881756,25.2,345000.0,0.95,159000.0,True,0
P_hpfp,P_rv,p_hpfp
42669.91967547954,49473.975624651284,1889258.8433249607
Q,Q_phc
377526.3573503516,218526.35735035158
qm_cb,qm_phc/qm_t,qm_r,qm_v,qm
0.10868072680881756,0.0017502203316683423,0.07885627027821938,0,0.1104309471404859
number of iterations,12,Execution time: ,5.532974481582642
