architecture,t_cbt,t_hxt,eta_hpfp,eta_r,p_cbt,qm_cb0,t0,p0,tpr_hx,Q_hx,pcc,v
after,290,170,0.71,0.71,1330000.0,0.10868072680881756,25.2,345000.0,0.95,159000.0,True,0
P_hpfp,P_rv,p_hpfp
38818.04583558572,30861.29263409643,1889258.8597899457
Q,Q_phc
400709.5624080332,241709.56240803318
qm_cb,qm_phc/qm_t,qm_r,qm_v,qm
0.10868072680881756,0.0019191920814146946,0.07584798999187245,0,0.11059991889023225
number of iterations,14,Execution time: ,6.7890801429748535
