architecture,t_cbt,t_hxt,eta_hpfp,eta_r,p_cbt,qm_cb0,t0,p0,tpr_hx,Q_hx,pcc,v
after,290,150,0.71,0.71,1330000.0,0.10868072680881756,25.2,345000.0,0.95,159000.0,True,0
P_hpfp,P_rv,p_hpfp
38834.78887192047,21303.306128712906,1889258.8609416161
Q,Q_phc
410453.6936701563,251453.6936701563
qm_cb,qm_phc/qm_t,qm_r,qm_v,qm
0.10868072680881756,0.001966895956688905,0.05235961919074464,0,0.11064762276550646
number of iterations,15,Execution time: ,7.337799787521362
