architecture,t_cbt,t_hxt,eta_hpfp,eta_r,p_cbt,qm_cb0,t0,p0,tpr_hx,Q_hx,pcc,v
after,290,130,0.71,0.71,1330000.0,0.11,25.2,345000.0,0.95,149000.0,True,0
P_hpfp,P_rv,p_hpfp
39373.973856461096,14216.598564670283,1889366.2728247393
Q,Q_phc
423596.0778628221,274596.0778628221
qm_cb,qm_phc/qm_t,qm_r,qm_v,qm,m_z
0.11,0.0021983097888982426,0.034910360108345605,0,0.11219830978889825,0.21983097888982425
number of iterations,12,Execution time: ,12.733217000961304
