architecture,t_cbt,t_hxt,eta_hpfp,eta_r,p_cbt,qm_cb0,t0,p0,tpr_hx,Q_hx,pcc,v
after,290,230,0.71,0.71,1330000.0,0.10868072680881756,25.2,345000.0,0.95,159000.0,True,0
P_hpfp,P_rv,p_hpfp
42493.58794943033,110983.98386631109,1889258.8433249607
Q,Q_phc
314251.78741488716,155251.78741488716
qm_cb,qm_phc/qm_t,qm_r,qm_v,qm
0.10868072680881756,0.0012938688862794978,0.17694854485882858,0,0.10997459569509706
number of iterations,12,Execution time: ,5.8147804737091064
