architecture,t_cbt,t_hxt,eta_hpfp,eta_r,p_cbt,qm_cb0,t0,p0,tpr_hx,Q_hx,pcc,v
after,290,210,0.71,0.71,1330000.0,0.10998,25.2,345000.0,0.95,159000.0,True,0
P_hpfp,P_rv,p_hpfp
39236.73611229747,61786.66111663633,1889258.8433249607
Q,Q_phc
374442.4158555928,215442.41585559282
qm_cb,qm_phc/qm_t,qm_r,qm_v,qm,m_z
0.10998,0.0018136249433266527,0.1518328746180051,0,0.11179362494332665,0.18136249433266474
number of iterations,12,Execution time: ,6.877365350723267
