architecture,t_cbt,t_hxt,eta_hpfp,eta_r,p_cbt,qm_cb0,t0,p0,tpr_hx,Q_hx,pcc,v
after,290,200,0.71,0.71,1330000.0,0.10868072680881756,25.2,345000.0,0.95,159000.0,True,0
P_hpfp,P_rv,p_hpfp
39150.8932679434,52039.85830028489,1889258.8597899457
Q,Q_phc
383231.52436731046,224231.52436731046
qm_cb,qm_phc/qm_t,qm_r,qm_v,qm,qm_pot
0.10868072680881756,0.0018213615811873039,0.1279071271406566,0,0.11050208839000486,0.0010461754833185723
number of iterations,14,Execution time: ,6.6533284187316895
