architecture,t_cbt,t_hxt,eta_hpfp,eta_r,p_cbt,qm_cb0,t0,p0,tpr_hx,Q_hx,pcc,v
after,290,210,0.71,0.71,1330000.0,0.10868072680881756,25.2,345000.0,0.95,159000.0,True,0
P_hpfp,P_rv,p_hpfp
39224.50938570153,61743.802351866645,1889258.8597899457
Q,Q_phc
374346.0288028144,215346.02880281443
qm_cb,qm_phc/qm_t,qm_r,qm_v,qm,qm_pot
0.10868072680881756,0.0017573376565489763,0.15175245655478106,0,0.11043806446536654,0.001319945583422511
number of iterations,14,Execution time: ,6.553927659988403
