architecture,t_cbt,t_hxt,eta_hpfp,eta_r,p_cbt,qm_cb0,t0,p0,tpr_hx,Q_hx,pcc,v
after,290,260,0.71,0.71,1330000.0,0.10868072680881756,25.2,345000.0,0.95,159000.0,True,0
P_hpfp,P_rv,p_hpfp
38479.98472465739,156482.4333074377,1889258.8612891329
Q,Q_phc
271329.9285056552,112329.9285056552
qm_cb,qm_phc/qm_t,qm_r,qm_v,qm
0.10868072680881756,0.0009559921060663251,0.3845515283404688,0,0.10963671891488388
number of iterations,16,Execution time: ,8.257121324539185
