architecture,t_cbt,t_hxt,eta_hpfp,eta_r,p_cbt,qm_cb0,t0,p0,tpr_hx,Q_hx,pcc,v
after,290,260,0.71,0.71,1330000.0,0.11,25.2,345000.0,0.95,149000.0,True,0
P_hpfp,P_rv,p_hpfp
38990.73242933701,158633.39222863753,1889366.2728247393
Q,Q_phc
274917.89174863487,125917.89174863487
qm_cb,qm_phc/qm_t,qm_r,qm_v,qm,m_z
0.11,0.0011086353586671524,0.38952210763901846,0,0.11110863535866715,0.11086353586671524
number of iterations,12,Execution time: ,14.210058212280273
