architecture,t_cbt,t_hxt,eta_hpfp,eta_r,p_cbt,qm_cb0,t0,p0,tpr_hx,Q_hx,pcc,v
after,290,250,0.71,0.71,1330000.0,0.11,25.2,345000.0,0.95,149000.0,True,0
P_hpfp,P_rv,p_hpfp
39085.50149252332,127957.97939183738,1889366.2728247393
Q,Q_phc
306647.0741985145,157647.0741985145
qm_cb,qm_phc/qm_t,qm_r,qm_v,qm,m_z
0.11,0.0013774291981700597,0.3142882315019748,0,0.11137742919817006,0.13774291981700595
number of iterations,12,Execution time: ,13.52229642868042
