architecture,t_cbt,t_hxt,eta_hpfp,eta_r,p_cbt,qm_cb0,t0,p0,tpr_hx,Q_hx,pcc,v
after,290,240,0.71,0.71,1330000.0,0.10998,25.2,345000.0,0.95,159000.0,True,0
P_hpfp,P_rv,p_hpfp
39115.87989991928,105051.62174397998,1889258.855973307
Q,Q_phc
329833.7823422586,170833.7823422586
qm_cb,qm_phc/qm_t,qm_r,qm_v,qm,m_z
0.10998,0.0014692783841503548,0.258154766169437,0,0.11144927838415035,0.14692783841503543
number of iterations,13,Execution time: ,8.346250534057617
