architecture,t_cbt,t_hxt,eta_hpfp,eta_r,p_cbt,qm_cb0,t0,p0,tpr_hx,Q_hx,pcc,v
after,290,240,0.71,0.71,1330000.0,0.10868072680881756,25.2,345000.0,0.95,159000.0,True,0
P_hpfp,P_rv,p_hpfp
39232.154572012514,105351.9944085345,1889258.8609416161
Q,Q_phc
330822.83351502346,171822.83351502346
qm_cb,qm_phc/qm_t,qm_r,qm_v,qm,qm_pot
0.10868072680881756,0.0014398781625911742,0.2589071235198536,0,0.11012060497140873,0.0016591874636366574
number of iterations,15,Execution time: ,7.027759552001953
