architecture,t_cbt,t_hxt,eta_hpfp,eta_r,p_cbt,qm_cb0,t0,p0,tpr_hx,Q_hx,pcc,v
after,290,250,0.71,0.71,1330000.0,0.10868072680881756,25.2,345000.0,0.95,159000.0,True,0
P_hpfp,P_rv,p_hpfp
38569.91101023611,126300.39154620716,1889258.8609416161
Q,Q_phc
302511.7519988748,143511.75199887482
qm_cb,qm_phc/qm_t,qm_r,qm_v,qm
0.10868072680881756,0.0012122090749024372,0.3103547074361935,0,0.10989293588372
number of iterations,15,Execution time: ,7.606871128082275
