architecture,t_cbt,t_hxt,eta_hpfp,eta_r,p_cbt,qm_cb0,t0,p0,tpr_hx,Q_hx,pcc,v
after,290,260,0.71,0.71,1330000.0,0.10868072680881756,25.2,345000.0,0.95,159000.0,True,0
P_hpfp,P_rv,p_hpfp
39334.91578176264,160056.88830586695,1889258.8612891329
Q,Q_phc
277260.41685230983,118260.41685230983
qm_cb,qm_phc/qm_t,qm_r,qm_v,qm,qm_pot
0.10868072680881756,0.0010100161169458587,0.3932438988388047,0,0.10969074292576342,0.00238183547997392
number of iterations,16,Execution time: ,8.025930881500244
