architecture,t_cbt,t_hxt,eta_hpfp,eta_r,p_cbt,qm_cb0,t0,p0,tpr_hx,Q_hx,pcc,v
after,290,220,0.71,0.71,1330000.0,0.10868072680881756,25.2,345000.0,0.95,159000.0,True,0
P_hpfp,P_rv,p_hpfp
39186.2805852166,73246.05220815683,1889258.8597899457
Q,Q_phc
362418.7591971428,203418.7591971428
qm_cb,qm_phc/qm_t,qm_r,qm_v,qm,qm_pot
0.10868072680881756,0.0016782472944841217,0.18000815845308374,0,0.11035897410330169,0.0012901148975084829
number of iterations,14,Execution time: ,6.523622512817383
