architecture,t_cbt,t_hxt,eta_hpfp,eta_r,p_cbt,qm_cb0,t0,p0,tpr_hx,Q_hx,pcc,v
after,290,250,0.71,0.71,1330000.0,0.10868072680881756,25.2,345000.0,0.95,159000.0,True,0
P_hpfp,P_rv,p_hpfp
39305.565327828794,128658.02035642027,1889258.8612891329
Q,Q_phc
308332.9726395357,149332.97263953573
qm_cb,qm_phc/qm_t,qm_r,qm_v,qm,qm_pot
0.10868072680881756,0.0012646902156008381,0.3162028095675703,0,0.1099454170244184,0.002043536413923689
number of iterations,16,Execution time: ,7.889469146728516
