architecture,t_cbt,t_hxt,eta_hpfp,eta_r,p_cbt,qm_cb0,t0,p0,tpr_hx,Q_hx,pcc,v
after,290,200,0.71,0.71,1330000.0,0.10868072680881756,25.2,345000.0,0.95,159000.0,True,0
P_hpfp,P_rv,p_hpfp
42619.04792607389,68582.91532955761,1889258.8433249607
Q,Q_phc
357908.3411320503,198908.34113205032
qm_cb,qm_phc/qm_t,qm_r,qm_v,qm
0.10868072680881756,0.0016185628194844703,0.109336886058065,0,0.11029928962830203
number of iterations,12,Execution time: ,5.866246223449707
