architecture,t_cbt,t_hxt,eta_hpfp,eta_r,p_cbt,qm_cb0,t0,p0,tpr_hx,Q_hx,pcc,v
after,290,240,0.71,0.71,1330000.0,0.10868072680881756,25.2,345000.0,0.95,159000.0,True,0
P_hpfp,P_rv,p_hpfp
38635.34820241982,103718.07832918194,1889258.8609416161
Q,Q_phc
325821.58213032654,166821.58213032654
qm_cb,qm_phc/qm_t,qm_r,qm_v,qm
0.10868072680881756,0.0013986519516606122,0.2549207787158277,0,0.11007937876047817
number of iterations,15,Execution time: ,7.414992332458496
