architecture,t_cbt,t_hxt,eta_hpfp,eta_r,p_cbt,qm_cb0,t0,p0,tpr_hx,Q_hx,pcc,v
after,290,210,0.71,0.71,1330000.0,0.10868072680881756,25.2,345000.0,0.95,159000.0,True,0
P_hpfp,P_rv,p_hpfp
42585.36512872275,80454.32543811896,1889258.8433249607
Q,Q_phc
345699.8653389541,186699.86533895409
qm_cb,qm_phc/qm_t,qm_r,qm_v,qm
0.10868072680881756,0.0015313907966141016,0.1282690737659326,0,0.11021211760543166
number of iterations,12,Execution time: ,5.215678453445435
