architecture,t_cbt,t_hxt,eta_hpfp,eta_r,p_cbt,qm_cb0,t0,p0,tpr_hx,Q_hx,pcc,v
after,290,220,0.71,0.71,1330000.0,0.11,25.2,345000.0,0.95,149000.0,True,0
P_hpfp,P_rv,p_hpfp
39243.50908160092,73413.51055812267,1889366.2728114282
Q,Q_phc
362948.4834587971,213948.4834587971
qm_cb,qm_phc/qm_t,qm_r,qm_v,qm,m_z
0.11,0.0018275314579666382,0.1802533953847669,0,0.11182753145796664,0.18275314579666382
number of iterations,10,Execution time: ,6.297128438949585
