architecture,t_cbt,t_hxt,eta_hpfp,eta_r,p_cbt,qm_cb0,t0,p0,tpr_hx,Q_hx,pcc,v
after,290,240,0.71,0.71,1330000.0,0.10868072680881756,25.2,345000.0,0.95,159000.0,True,0
P_hpfp,P_rv,p_hpfp
42430.27897013253,131067.7555366673,1889258.8433249607
Q,Q_phc
293534.4791584286,134534.4791584286
qm_cb,qm_phc/qm_t,qm_r,qm_v,qm
0.10868072680881756,0.0011300234748157778,0.20896945516685558,0,0.10981075028363334
number of iterations,12,Execution time: ,5.62911581993103
