architecture,t_cbt,t_hxt,eta_hpfp,eta_r,p_cbt,qm_cb0,t0,p0,tpr_hx,Q_hx,pcc,v
after,290,270,0.71,0.71,1330000.0,0.10868072680881756,25.2,345000.0,0.95,159000.0,True,0
P_hpfp,P_rv,p_hpfp
38348.7046272364,199274.07059249288,1889258.8612891329
Q,Q_phc
227078.74676031503,68078.74676031503
qm_cb,qm_phc/qm_t,qm_r,qm_v,qm
0.10868072680881756,0.0005819503998896469,0.48956918987257564,0,0.1092626772087072
number of iterations,16,Execution time: ,7.827058792114258
