architecture,t_cbt,t_hxt,eta_hpfp,eta_r,p_cbt,qm_cb0,t0,p0,tpr_hx,Q_hx,pcc,v
after,290,270,0.71,0.71,1330000.0,0.10868072680881756,25.2,345000.0,0.95,159000.0,True,0
P_hpfp,P_rv,p_hpfp
39371.95363394297,204547.2469154358,1889258.861393996
Q,Q_phc
233181.83720554304,74181.83720554304
qm_cb,qm_phc/qm_t,qm_r,qm_v,qm,qm_pot
0.10868072680881756,0.0006384396218774811,0.5025828845357335,0,0.10931916643069504,0.002858939769684144
number of iterations,17,Execution time: ,8.121005058288574
