architecture,t_cbt,t_hxt,eta_hpfp,eta_r,p_cbt,qm_cb0,t0,p0,tpr_hx,Q_hx,pcc,v
after,290,230,0.71,0.71,1330000.0,0.11,25.2,345000.0,0.95,149000.0,True,0
P_hpfp,P_rv,p_hpfp
39204.66967639574,87470.59004142148,1889366.2728233607
Q,Q_phc
348459.5353289604,199459.5353289604
qm_cb,qm_phc/qm_t,qm_r,qm_v,qm,m_z
0.11,0.0017165787884161363,0.21484245428204246,0,0.11171657878841613,0.17165787884161363
number of iterations,11,Execution time: ,16.290680408477783
