architecture,t_cbt,t_hxt,eta_hpfp,eta_r,p_cbt,qm_cb0,t0,p0,tpr_hx,Q_hx,pcc,v
after,300,160,0.71,0.71,1330000.0,0.10998,25.2,345000.0,0.95,159000.0,True,0
P_hpfp,P_rv,p_hpfp
39371.11169350331,25342.094966353405,1889258.855973307
Q,Q_phc
429111.0863738241,270111.0863738241
qm_cb,qm_phc/qm_t,qm_r,qm_v,qm,m_z
0.10998,0.002196486855196189,0.06020178379010586,0,0.11217648685519618,0.219648685519619
number of iterations,13,Execution time: ,7.507645606994629
