architecture,t_cbt,t_hxt,eta_hpfp,eta_r,p_cbt,qm_cb0,t0,p0,tpr_hx,Q_hx,pcc,v
after,300,190,0.71,0.71,1330000.0,0.10854344449863279,25.2,345000.0,0.95,159000.0,True,0
P_hpfp,P_rv,p_hpfp
38795.88414158381,41609.578559965514,1889258.855973307
Q,Q_phc
406200.4840867549,247200.4840867549
qm_cb,qm_phc/qm_t,qm_r,qm_v,qm
0.10854344449863279,0.001993332171921852,0.09886022108568056,0,0.11053677667055464
number of iterations,13,Execution time: ,5.7438554763793945
