architecture,t_cbt,t_hxt,eta_hpfp,eta_r,p_cbt,qm_cb0,t0,p0,tpr_hx,Q_hx,pcc,v
after,300,110,0.71,0.71,1330000.0,0.10998,25.2,345000.0,0.95,159000.0,True,0
P_hpfp,P_rv,p_hpfp
39393.658489822454,8445.352591086006,1889258.8612891329
Q,Q_phc
446268.0782427323,287268.0782427323
qm_cb,qm_phc/qm_t,qm_r,qm_v,qm,m_z
0.10998,0.0022607264941749,0.02005760457873371,0,0.1122407264941749,0.22607264941749022
number of iterations,16,Execution time: ,9.851044654846191
