architecture,t_cbt,t_hxt,eta_hpfp,eta_r,p_cbt,qm_cb0,t0,p0,tpr_hx,Q_hx,pcc,v
after,300,100,0.71,0.71,1330000.0,0.10854344449863279,25.2,345000.0,0.95,159000.0,True,0
P_hpfp,P_rv,p_hpfp
42751.0303790884,7695.66640865841,1889258.8612891329
Q,Q_phc
436617.45099855214,277617.45099855214
qm_cb,qm_phc/qm_t,qm_r,qm_v,qm
0.10854344449863279,0.0020974165172116255,0.011851218769664457,0,0.11064086101584442
number of iterations,16,Execution time: ,7.828506708145142
