architecture,t_cbt,t_hxt,eta_hpfp,eta_r,p_cbt,qm_cb0,t0,p0,tpr_hx,Q_hx,pcc,v
after,300,190,0.71,0.71,1330000.0,0.10998,25.2,345000.0,0.95,159000.0,True,0
P_hpfp,P_rv,p_hpfp
39337.55502319037,42192.66052806307,1889258.8433249607
Q,Q_phc
411873.191749819,252873.19174981897
qm_cb,qm_phc/qm_t,qm_r,qm_v,qm,m_z
0.10998,0.0021008789972647157,0.10023955630819609,0,0.11208087899726471,0.2100878997264709
number of iterations,12,Execution time: ,7.304576635360718
