architecture,t_cbt,t_hxt,eta_hpfp,eta_r,p_cbt,qm_cb0,t0,p0,tpr_hx,Q_hx,pcc,v
after,300,110,0.71,0.71,1330000.0,0.11,25.2,345000.0,0.95,149000.0,True,0
P_hpfp,P_rv,p_hpfp
39428.634076743394,8452.120725694458,1889366.2728248988
Q,Q_phc
446724.9573316117,297724.9573316117
qm_cb,qm_phc/qm_t,qm_r,qm_v,qm,m_z
0.11,0.002354018164705725,0.020065704412923508,0,0.11235401816470572,0.23540181647057248
number of iterations,13,Execution time: ,13.535436391830444
