architecture,t_cbt,t_hxt,eta_hpfp,eta_r,p_cbt,qm_cb0,t0,p0,tpr_hx,Q_hx,pcc,v
after,300,100,0.71,0.71,1330000.0,0.11,25.2,345000.0,0.95,149000.0,True,0
P_hpfp,P_rv,p_hpfp
39429.965371104474,6207.840231023272,1889366.2728248988
Q,Q_phc
448984.6067248385,299984.6067248385
qm_cb,qm_phc/qm_t,qm_r,qm_v,qm,m_z
0.11,0.00235780712666098,0.014730576823621003,0,0.11235780712666098,0.23578071266609799
number of iterations,13,Execution time: ,14.040482521057129
