architecture,t_cbt,t_hxt,eta_hpfp,eta_r,p_cbt,qm_cb0,t0,p0,tpr_hx,Q_hx,pcc,v
after,300,150,0.71,0.71,1330000.0,0.10854344449863279,25.2,345000.0,0.95,159000.0,True,0
P_hpfp,P_rv,p_hpfp
42717.021431608686,28100.671488266937,1889258.855973307
Q,Q_phc
415858.99337935424,256858.99337935424
qm_cb,qm_phc/qm_t,qm_r,qm_v,qm
0.10854344449863279,0.0020094012676092066,0.04329520521141389,0,0.110552845766242
number of iterations,13,Execution time: ,5.533444166183472
