architecture,t_cbt,t_hxt,eta_hpfp,eta_r,p_cbt,qm_cb0,t0,p0,tpr_hx,Q_hx,pcc,v
after,300,140,0.71,0.71,1330000.0,0.10854344449863279,25.2,345000.0,0.95,159000.0,True,0
P_hpfp,P_rv,p_hpfp
39131.74914403153,17149.074751458757,1889258.8609416161
Q,Q_phc
434537.78030704946,275537.78030704946
qm_cb,qm_phc/qm_t,qm_r,qm_v,qm,qm_pot
0.10854344449863279,0.002111579438769915,0.04074267141413615,0,0.1106550239374027,0.000838694535569919
number of iterations,15,Execution time: ,6.713367700576782
