architecture,t_cbt,t_hxt,eta_hpfp,eta_r,p_cbt,qm_cb0,t0,p0,tpr_hx,Q_hx,pcc,v
after,300,110,0.71,0.71,1330000.0,0.10854344449863279,25.2,345000.0,0.95,159000.0,True,0
P_hpfp,P_rv,p_hpfp
42746.89059567991,10819.47664844478,1889258.8612891329
Q,Q_phc
433450.61582918384,274450.61582918384
qm_cb,qm_phc/qm_t,qm_r,qm_v,qm
0.10854344449863279,0.002086702642091598,0.01667038159097896,0,0.11063014714072439
number of iterations,16,Execution time: ,7.760932445526123
