architecture,t_cbt,t_hxt,eta_hpfp,eta_r,p_cbt,qm_cb0,t0,p0,tpr_hx,Q_hx,pcc,v
after,300,130,0.71,0.71,1330000.0,0.11,25.2,345000.0,0.95,149000.0,True,0
P_hpfp,P_rv,p_hpfp
39423.67078975549,13948.36945091413,1889366.2728247393
Q,Q_phc
441171.4107945413,292171.4107945413
qm_cb,qm_phc/qm_t,qm_r,qm_v,qm,m_z
0.11,0.002339906697990929,0.03311834865053167,0,0.11233990669799093,0.2339906697990929
number of iterations,12,Execution time: ,16.31088662147522
