architecture,t_cbt,t_hxt,eta_hpfp,eta_r,p_cbt,qm_cb0,t0,p0,tpr_hx,Q_hx,pcc,v
after,300,120,0.71,0.71,1330000.0,0.11,25.2,345000.0,0.95,149000.0,True,0
P_hpfp,P_rv,p_hpfp
39426.57764026924,11026.045677196471,1889366.2728247393
Q,Q_phc
444127.29220357107,295127.29220357107
qm_cb,qm_phc/qm_t,qm_r,qm_v,qm,m_z
0.11,0.0023481858750437168,0.026171609969387513,0,0.11234818587504372,0.23481858750437168
number of iterations,12,Execution time: ,17.76189112663269
