architecture,t_cbt,t_hxt,eta_hpfp,eta_r,p_cbt,qm_cb0,t0,p0,tpr_hx,Q_hx,pcc,v
after,300,100,0.71,0.71,1330000.0,0.10854344449863279,25.2,345000.0,0.95,159000.0,True,0
P_hpfp,P_rv,p_hpfp
39034.659595784215,6141.891328002886,1889258.861393996
Q,Q_phc
444424.28585747106,285424.28585747106
qm_cb,qm_phc/qm_t,qm_r,qm_v,qm,qm_pot
0.10854344449863279,0.002156144899306266,0.014585472983565348,0,0.11069958939793906,0.0005175026047421213
number of iterations,17,Execution time: ,8.100050449371338
