architecture,t_cbt,t_hxt,eta_hpfp,eta_r,p_cbt,qm_cb0,t0,p0,tpr_hx,Q_hx,pcc,v
after,300,160,0.71,0.71,1330000.0,0.10854344449863279,25.2,345000.0,0.95,159000.0,True,0
P_hpfp,P_rv,p_hpfp
42705.094391124265,33862.05621388363,1889258.855973307
Q,Q_phc
409973.65045817837,250973.65045817837
qm_cb,qm_phc/qm_t,qm_r,qm_v,qm
0.10854344449863279,0.00197853375337409,0.052183549966034845,0,0.11052197825200688
number of iterations,13,Execution time: ,6.092358350753784
