architecture,t_cbt,t_hxt,eta_hpfp,eta_r,p_cbt,qm_cb0,t0,p0,tpr_hx,Q_hx,pcc,v
after,300,190,0.71,0.71,1330000.0,0.10854344449863279,25.2,345000.0,0.95,159000.0,True,0
P_hpfp,P_rv,p_hpfp
39131.73423006103,41975.44876988624,1889258.855973307
Q,Q_phc
409711.23771177564,250711.23771177564
qm_cb,qm_phc/qm_t,qm_r,qm_v,qm,qm_pot
0.10854344449863279,0.002020825077285558,0.09972430765454664,0,0.11056426957591835,0.0009294072155179565
number of iterations,13,Execution time: ,5.776211500167847
