architecture,t_cbt,t_hxt,eta_hpfp,eta_r,p_cbt,qm_cb0,t0,p0,tpr_hx,Q_hx,pcc,v
after,300,130,0.71,0.71,1330000.0,0.10998,25.2,345000.0,0.95,159000.0,True,0
P_hpfp,P_rv,p_hpfp
39388.05141257925,13931.757379910123,1889258.8609416161
Q,Q_phc
440716.9522900495,281716.9522900495
qm_cb,qm_phc/qm_t,qm_r,qm_v,qm,m_z
0.10998,0.0022447508220080625,0.03309589481263735,0,0.11222475082200806,0.22447508220080664
number of iterations,15,Execution time: ,9.115325689315796
