architecture,t_cbt,t_hxt,eta_hpfp,eta_r,p_cbt,qm_cb0,t0,p0,tpr_hx,Q_hx,pcc,v
after,300,180,0.71,0.71,1330000.0,0.11,25.2,345000.0,0.95,149000.0,True,0
P_hpfp,P_rv,p_hpfp
39388.407548091505,35844.882990956234,1889366.2728114282
Q,Q_phc
418867.80685718433,269867.80685718433
qm_cb,qm_phc/qm_t,qm_r,qm_v,qm,m_z
0.11,0.002239644837976275,0.085112408343322,0,0.11223964483797627,0.22396448379762748
number of iterations,10,Execution time: ,6.171030521392822
