architecture,t_cbt,t_hxt,eta_hpfp,eta_r,p_cbt,qm_cb0,t0,p0,tpr_hx,Q_hx,pcc,v
after,300,120,0.71,0.71,1330000.0,0.10854344449863279,25.2,345000.0,0.95,159000.0,True,0
P_hpfp,P_rv,p_hpfp
42741.62098970192,14379.245935018487,1889258.8609416161
Q,Q_phc
429836.07956989977,270836.07956989977
qm_cb,qm_phc/qm_t,qm_r,qm_v,qm
0.10854344449863279,0.0020730648106299376,0.022153954487831532,0,0.11061650930926273
number of iterations,15,Execution time: ,6.813531160354614
