architecture,t_cbt,t_hxt,eta_hpfp,eta_r,p_cbt,qm_cb0,t0,p0,tpr_hx,Q_hx,pcc,v
after,300,170,0.71,0.71,1330000.0,0.10854344449863279,25.2,345000.0,0.95,159000.0,True,0
P_hpfp,P_rv,p_hpfp
42690.59391027981,40382.30419798503,1889258.8433249607
Q,Q_phc
403302.7073800123,244302.70738001232
qm_cb,qm_phc/qm_t,qm_r,qm_v,qm
0.10854344449863279,0.0019410081405220048,0.06221723453182654,0,0.1104844526391548
number of iterations,12,Execution time: ,5.264195203781128
