architecture,t_cbt,t_hxt,eta_hpfp,eta_r,p_cbt,qm_cb0,t0,p0,tpr_hx,Q_hx,pcc,v
after,300,100,0.71,0.71,1330000.0,0.10998,25.2,345000.0,0.95,159000.0,True,0
P_hpfp,P_rv,p_hpfp
39395.31673582821,6196.415390783223,1889258.861393996
Q,Q_phc
448536.15618218493,289536.15618218493
qm_cb,qm_phc/qm_t,qm_r,qm_v,qm,m_z
0.10998,0.0022654511647061393,0.014716192173877556,0,0.11224545116470613,0.22654511647061432
number of iterations,17,Execution time: ,10.698718070983887
