architecture,t_cbt,t_hxt,eta_hpfp,eta_r,p_cbt,qm_cb0,t0,p0,tpr_hx,Q_hx,pcc,v
after,300,100,0.71,0.71,1330000.0,0.10854344449863279,25.2,345000.0,0.95,159000.0,True,0
P_hpfp,P_rv,p_hpfp
39092.47196095934,6151.198023552565,1889258.861393996
Q,Q_phc
445082.291151849,286082.291151849
qm_cb,qm_phc/qm_t,qm_r,qm_v,qm,qm_pot
0.10854344449863279,0.0021249264536374966,0.014607419932843283,0,0.11066837095227029,0.0007134393598096556
number of iterations,17,Execution time: ,8.069546937942505
