architecture,t_cbt,t_hxt,eta_hpfp,eta_r,p_cbt,qm_cb0,t0,p0,tpr_hx,Q_hx,pcc,v
after,300,140,0.71,0.71,1330000.0,0.10854344449863279,25.2,345000.0,0.95,159000.0,True,0
P_hpfp,P_rv,p_hpfp
39070.72498901548,17122.00708982403,1889258.8609416161
Q,Q_phc
433860.4631848518,274860.4631848518
qm_cb,qm_phc/qm_t,qm_r,qm_v,qm,qm_pot
0.10854344449863279,0.0021326580061244403,0.04067862166059207,0,0.11067610250475723,0.0006437466649453668
number of iterations,15,Execution time: ,6.599639892578125
