architecture,t_cbt,t_hxt,eta_hpfp,eta_r,p_cbt,qm_cb0,t0,p0,tpr_hx,Q_hx,pcc,v
after,300,130,0.71,0.71,1330000.0,0.10854344449863279,25.2,345000.0,0.95,159000.0,True,0
P_hpfp,P_rv,p_hpfp
38841.73235045179,13743.238264468999,1889258.8609416161
Q,Q_phc
434596.0339164115,275596.0339164115
qm_cb,qm_phc/qm_t,qm_r,qm_v,qm
0.10854344449863279,0.002123961544072586,0.0326450687242306,0,0.11066740604270538
number of iterations,15,Execution time: ,7.230924844741821
