architecture,t_cbt,t_hxt,eta_hpfp,eta_r,p_cbt,qm_cb0,t0,p0,tpr_hx,Q_hx,pcc,v
after,300,170,0.71,0.71,1330000.0,0.10998,25.2,345000.0,0.95,159000.0,True,0
P_hpfp,P_rv,p_hpfp
39362.27494080995,30217.479061981136,1889258.855973307
Q,Q_phc
424133.7013388914,265133.7013388914
qm_cb,qm_phc/qm_t,qm_r,qm_v,qm,m_z
0.10998,0.0021713091086274228,0.07179474778082916,0,0.11215130910862742,0.21713091086274222
number of iterations,13,Execution time: ,8.01547646522522
