architecture,t_cbt,t_hxt,eta_hpfp,eta_r,p_cbt,qm_cb0,t0,p0,tpr_hx,Q_hx,pcc,v
after,300,130,0.71,0.71,1330000.0,0.10854344449863279,25.2,345000.0,0.95,159000.0,True,0
P_hpfp,P_rv,p_hpfp
39120.92023856495,13832.033256727596,1889258.8612891329
Q,Q_phc
437729.826519628,278729.826519628
qm_cb,qm_phc/qm_t,qm_r,qm_v,qm,qm_pot
0.10854344449863279,0.002118284653848464,0.032865109559067664,0,0.11066172915248125,0.0008011356739372852
number of iterations,16,Execution time: ,6.647272109985352
