architecture,t_cbt,t_hxt,eta_hpfp,eta_r,p_cbt,qm_cb0,t0,p0,tpr_hx,Q_hx,pcc,v
after,300,190,0.71,0.71,1330000.0,0.10854344449863279,25.2,345000.0,0.95,159000.0,True,0
P_hpfp,P_rv,p_hpfp
42652.78573559627,55982.463286556376,1889258.8433249607
Q,Q_phc
387309.6064537738,228309.6064537738
qm_cb,qm_phc/qm_t,qm_r,qm_v,qm
0.10854344449863279,0.001843159525579452,0.08627880537084591,0,0.11038660402421224
number of iterations,12,Execution time: ,5.9482102394104
