architecture,t_cbt,t_hxt,eta_hpfp,eta_r,p_cbt,qm_cb0,t0,p0,tpr_hx,Q_hx,pcc,v
after,300,180,0.71,0.71,1330000.0,0.10854344449863279,25.2,345000.0,0.95,159000.0,True,0
P_hpfp,P_rv,p_hpfp
39117.853850072555,35569.58781250471,1889258.8597899457
Q,Q_phc
415956.8785747692,256956.8785747692
qm_cb,qm_phc/qm_t,qm_r,qm_v,qm,qm_pot
0.10854344449863279,0.0020550374114799725,0.08452412090973116,0,0.11059848191011276,0.000855646443041187
number of iterations,14,Execution time: ,6.7585132122039795
