architecture,t_cbt,t_hxt,eta_hpfp,eta_r,p_cbt,qm_cb0,t0,p0,tpr_hx,Q_hx,pcc,v
after,300,130,0.71,0.71,1330000.0,0.10854344449863279,25.2,345000.0,0.95,159000.0,True,0
P_hpfp,P_rv,p_hpfp
42735.02791003503,18416.58134893244,1889258.8597899457
Q,Q_phc
425730.22284051095,266730.22284051095
qm_cb,qm_phc/qm_t,qm_r,qm_v,qm
0.10854344449863279,0.002056001921909953,0.02837094996632595,0,0.11059944642054274
number of iterations,14,Execution time: ,6.409665822982788
