architecture,t_cbt,t_hxt,eta_hpfp,eta_r,p_cbt,qm_cb0,t0,p0,tpr_hx,Q_hx,pcc,v
after,300,140,0.71,0.71,1330000.0,0.10854344449863279,25.2,345000.0,0.95,159000.0,True,0
P_hpfp,P_rv,p_hpfp
42726.958304014595,22957.999690518332,1889258.8597899457
Q,Q_phc
421104.9367702648,262104.93677026482
qm_cb,qm_phc/qm_t,qm_r,qm_v,qm
0.10854344449863279,0.0020351175560316542,0.03537747446582284,0,0.11057856205466444
number of iterations,14,Execution time: ,6.373115062713623
