architecture,t_cbt,t_hxt,eta_hpfp,eta_r,p_cbt,qm_cb0,t0,p0,tpr_hx,Q_hx,pcc,v
after,300,220,0.71,0.71,1330000.0,0.10998,25.2,345000.0,0.95,159000.0,True,0
P_hpfp,P_rv,p_hpfp
39273.64398225128,68376.08345494501,1889258.8433249607
Q,Q_phc
384952.0559361837,225952.05593618372
qm_cb,qm_phc/qm_t,qm_r,qm_v,qm,m_z
0.10998,0.0019187831440307945,0.16245814459891966,0,0.11189878314403079,0.19187831440307956
number of iterations,12,Execution time: ,7.392704963684082
