architecture,t_cbt,t_hxt,eta_hpfp,eta_r,p_cbt,qm_cb0,t0,p0,tpr_hx,Q_hx,pcc,v
after,300,280,0.71,0.71,1330000.0,0.11,25.2,345000.0,0.95,149000.0,True,0
P_hpfp,P_rv,p_hpfp
38867.141516831325,215110.98658206206,1889366.2728247393
Q,Q_phc
233584.03728430896,84584.03728430896
qm_cb,qm_phc/qm_t,qm_r,qm_v,qm,m_z
0.11,0.0007577530706792595,0.5107284728180783,0,0.11075775307067925,0.07577530706792596
number of iterations,12,Execution time: ,7.504256248474121
