architecture,t_cbt,t_hxt,eta_hpfp,eta_r,p_cbt,qm_cb0,t0,p0,tpr_hx,Q_hx,pcc,v
after,300,220,0.71,0.71,1330000.0,0.10854344449863279,25.2,345000.0,0.95,159000.0,True,0
P_hpfp,P_rv,p_hpfp
39241.6277728958,68347.0226831081,1889258.855973307
Q,Q_phc
384608.1342920142,225608.13429201418
qm_cb,qm_phc/qm_t,qm_r,qm_v,qm,qm_pot
0.10854344449863279,0.0018595364977598515,0.16236977551587572,0,0.11040298099639265,0.0014038031844134148
number of iterations,13,Execution time: ,6.147661209106445
