architecture,t_cbt,t_hxt,eta_hpfp,eta_r,p_cbt,qm_cb0,t0,p0,tpr_hx,Q_hx,pcc,v
after,300,210,0.71,0.71,1330000.0,0.11,25.2,345000.0,0.95,149000.0,True,0
P_hpfp,P_rv,p_hpfp
39337.70967145503,58267.429393536586,1889366.2728114282
Q,Q_phc
395859.98754589824,246859.98754589824
qm_cb,qm_phc/qm_t,qm_r,qm_v,qm,m_z
0.11,0.0020953581034102694,0.13837222436889052,0,0.11209535810341027,0.20953581034102692
number of iterations,10,Execution time: ,8.228920698165894
