architecture,t_cbt,t_hxt,eta_hpfp,eta_r,p_cbt,qm_cb0,t0,p0,tpr_hx,Q_hx,pcc,v
after,300,210,0.71,0.71,1330000.0,0.10854344449863279,25.2,345000.0,0.95,159000.0,True,0
P_hpfp,P_rv,p_hpfp
39162.60657291329,58005.307991616384,1889258.855973307
Q,Q_phc
394037.72932706383,235037.72932706383
qm_cb,qm_phc/qm_t,qm_r,qm_v,qm,qm_pot
0.10854344449863279,0.0019246620007679798,0.13780974629551204,0,0.11046810649940077,0.0011135314080833842
number of iterations,13,Execution time: ,6.059096336364746
