architecture,t_cbt,t_hxt,eta_hpfp,eta_r,p_cbt,qm_cb0,t0,p0,tpr_hx,Q_hx,pcc,v
after,300,250,0.71,0.71,1330000.0,0.11,25.2,345000.0,0.95,149000.0,True,0
P_hpfp,P_rv,p_hpfp
39182.92010750847,114245.18439763303,1889366.2728233607
Q,Q_phc
338095.2910468981,189095.2910468981
qm_cb,qm_phc/qm_t,qm_r,qm_v,qm,m_z
0.11,0.0016549292706419057,0.2713019496368371,0,0.11165492927064191,0.16549292706419055
number of iterations,11,Execution time: ,11.900724172592163
