architecture,t_cbt,t_hxt,eta_hpfp,eta_r,p_cbt,qm_cb0,t0,p0,tpr_hx,Q_hx,pcc,v
after,300,210,0.71,0.71,1330000.0,0.10998,25.2,345000.0,0.95,159000.0,True,0
P_hpfp,P_rv,p_hpfp
39299.75368679715,58193.002483061595,1889258.8433249607
Q,Q_phc
395436.5162195256,236436.5162195256
qm_cb,qm_phc/qm_t,qm_r,qm_v,qm,m_z
0.10998,0.001993175124776314,0.13826516103662273,0,0.11197317512477631,0.1993175124776321
number of iterations,12,Execution time: ,7.571786642074585
