architecture,t_cbt,t_hxt,eta_hpfp,eta_r,p_cbt,qm_cb0,t0,p0,tpr_hx,Q_hx,pcc,v
after,300,260,0.71,0.71,1330000.0,0.10854344449863279,25.2,345000.0,0.95,159000.0,True,0
P_hpfp,P_rv,p_hpfp
38544.21370593812,136188.21033281286,1889258.8609416161
Q,Q_phc
308716.88719957386,149716.88719957386
qm_cb,qm_phc/qm_t,qm_r,qm_v,qm
0.10854344449863279,0.0012762749285376018,0.3235800784476929,0,0.10981971942717039
number of iterations,15,Execution time: ,8.04681396484375
