architecture,t_cbt,t_hxt,eta_hpfp,eta_r,p_cbt,qm_cb0,t0,p0,tpr_hx,Q_hx,pcc,v
after,300,270,0.71,0.71,1330000.0,0.10854344449863279,25.2,345000.0,0.95,159000.0,True,0
P_hpfp,P_rv,p_hpfp
39316.087125076054,171555.86201476186,1889258.8612891329
Q,Q_phc
282258.7546421143,123258.75464211428
qm_cb,qm_phc/qm_t,qm_r,qm_v,qm,qm_pot
0.10854344449863279,0.001058193858473545,0.4075599548313736,0,0.10960163835710633,0.002417293661932492
number of iterations,16,Execution time: ,7.530839443206787
