architecture,t_cbt,t_hxt,eta_hpfp,eta_r,p_cbt,qm_cb0,t0,p0,tpr_hx,Q_hx,pcc,v
after,300,210,0.71,0.71,1330000.0,0.10854344449863279,25.2,345000.0,0.95,159000.0,True,0
P_hpfp,P_rv,p_hpfp
42598.457019611786,76228.85760035408,1889258.8433249607
Q,Q_phc
366498.57167066674,207498.57167066674
qm_cb,qm_phc/qm_t,qm_r,qm_v,qm
0.10854344449863279,0.001702555287073207,0.11749834550007753,0,0.110245999785706
number of iterations,12,Execution time: ,5.796121120452881
