architecture,t_cbt,t_hxt,eta_hpfp,eta_r,p_cbt,qm_cb0,t0,p0,tpr_hx,Q_hx,pcc,v
after,300,230,0.71,0.71,1330000.0,0.10998,25.2,345000.0,0.95,159000.0,True,0
P_hpfp,P_rv,p_hpfp
39240.76670378188,80592.02557780167,1889258.8433249607
Q,Q_phc
372356.617694161,213356.61769416102
qm_cb,qm_phc/qm_t,qm_r,qm_v,qm,m_z
0.10998,0.001825108937087469,0.1914721060125866,0,0.11180510893708746,0.18251089370874704
number of iterations,12,Execution time: ,7.256092548370361
