architecture,t_cbt,t_hxt,eta_hpfp,eta_r,p_cbt,qm_cb0,t0,p0,tpr_hx,Q_hx,pcc,v
after,300,260,0.71,0.71,1330000.0,0.10854344449863279,25.2,345000.0,0.95,159000.0,True,0
P_hpfp,P_rv,p_hpfp
39325.118319412104,139008.98014382028,1889258.8609416161
Q,Q_phc
314909.8813187827,155909.8813187827
qm_cb,qm_phc/qm_t,qm_r,qm_v,qm,qm_pot
0.10854344449863279,0.001334484479991941,0.33022521404734123,0,0.10987792897862474,0.002166734669885003
number of iterations,15,Execution time: ,7.171450138092041
