architecture,t_cbt,t_hxt,eta_hpfp,eta_r,p_cbt,qm_cb0,t0,p0,tpr_hx,Q_hx,pcc,v
after,300,250,0.71,0.71,1330000.0,0.10854344449863279,25.2,345000.0,0.95,159000.0,True,0
P_hpfp,P_rv,p_hpfp
38613.02929880725,112593.5954880384,1889258.8597899457
Q,Q_phc
333105.8220367903,174105.8220367903
qm_cb,qm_phc/qm_t,qm_r,qm_v,qm
0.10854344449863279,0.001472343690252606,0.26748982436667446,0,0.1100157881888854
number of iterations,14,Execution time: ,7.382385015487671
