architecture,t_cbt,t_hxt,eta_hpfp,eta_r,p_cbt,qm_cb0,t0,p0,tpr_hx,Q_hx,pcc,v
after,300,280,0.71,0.71,1330000.0,0.10854344449863279,25.2,345000.0,0.95,159000.0,True,0
P_hpfp,P_rv,p_hpfp
39391.37415643271,218165.5426936734,1889258.8612891329
Q,Q_phc
236518.09114605864,77518.09114605864
qm_cb,qm_phc/qm_t,qm_r,qm_v,qm,qm_pot
0.10854344449863279,0.0006738942410223518,0.5181022572878223,0,0.10921733873965514,0.0030161002017187162
number of iterations,16,Execution time: ,7.590749979019165
