architecture,t_cbt,t_hxt,eta_hpfp,eta_r,p_cbt,qm_cb0,t0,p0,tpr_hx,Q_hx,pcc,v
after,300,270,0.71,0.71,1330000.0,0.10854344449863279,25.2,345000.0,0.95,159000.0,True,0
P_hpfp,P_rv,p_hpfp
39354.41108921247,171720.4480258865,1889258.8612891329
Q,Q_phc
282536.53144898853,123536.53144898853
qm_cb,qm_phc/qm_t,qm_r,qm_v,qm,qm_pot
0.10854344449863279,0.0010672261871697976,0.4079538549332413,0,0.10961067068580259,0.002517453520130123
number of iterations,16,Execution time: ,7.547045946121216
