architecture,t_cbt,t_hxt,eta_hpfp,eta_r,p_cbt,qm_cb0,t0,p0,tpr_hx,Q_hx,pcc,v
after,300,200,0.71,0.71,1330000.0,0.10854344449863279,25.2,345000.0,0.95,159000.0,True,0
P_hpfp,P_rv,p_hpfp
39146.55002579658,49364.13959494301,1889258.855973307
Q,Q_phc
402493.5614817796,243493.56148177962
qm_cb,qm_phc/qm_t,qm_r,qm_v,qm,qm_pot
0.10854344449863279,0.0019781807665994,0.1172814366796795,0,0.1105216252652322,0.001014264517109042
number of iterations,13,Execution time: ,5.7106499671936035
