architecture,t_cbt,t_hxt,eta_hpfp,eta_r,p_cbt,qm_cb0,t0,p0,tpr_hx,Q_hx,pcc,v
after,300,270,0.71,0.71,1330000.0,0.10854344449863279,25.2,345000.0,0.95,159000.0,True,0
P_hpfp,P_rv,p_hpfp
38448.69430404277,167823.89550645725,1889258.8609416161
Q,Q_phc
275978.6482382014,116978.6482382014
qm_cb,qm_phc/qm_t,qm_r,qm_v,qm
0.10854344449863279,0.0010041221744036682,0.39863404541915404,0,0.10954756667303646
number of iterations,15,Execution time: ,7.546138525009155
