architecture,t_cbt,t_hxt,eta_hpfp,eta_r,p_cbt,qm_cb0,t0,p0,tpr_hx,Q_hx,pcc,v
after,300,270,0.71,0.71,1330000.0,0.10998,25.2,345000.0,0.95,159000.0,True,0
P_hpfp,P_rv,p_hpfp
38973.48053464177,170042.0348337088,1889258.8597899457
Q,Q_phc
279821.36366981256,120821.36366981256
qm_cb,qm_phc/qm_t,qm_r,qm_v,qm,m_z
0.10998,0.0010635523511590417,0.4039573666202787,0,0.11104355235115904,0.10635523511590475
number of iterations,14,Execution time: ,8.721230506896973
