architecture,t_cbt,t_hxt,eta_hpfp,eta_r,p_cbt,qm_cb0,t0,p0,tpr_hx,Q_hx,pcc,v
after,300,280,0.71,0.71,1330000.0,0.10854344449863279,25.2,345000.0,0.95,159000.0,True,0
P_hpfp,P_rv,p_hpfp
42060.4056880708,242468.6539613908,1889258.8433249607
Q,Q_phc
194666.78678480347,35666.786784803466
qm_cb,qm_phc/qm_t,qm_r,qm_v,qm
0.10854344449863279,0.00031006337229666503,0.37387321591655587,0,0.10885350787092946
number of iterations,12,Execution time: ,5.818549156188965
