architecture,t_cbt,t_hxt,eta_hpfp,eta_r,p_cbt,qm_cb0,t0,p0,tpr_hx,Q_hx,pcc,v
after,300,230,0.71,0.71,1330000.0,0.10854344449863279,25.2,345000.0,0.95,159000.0,True,0
P_hpfp,P_rv,p_hpfp
42519.08697376409,103394.41442972733,1889258.8433249607
Q,Q_phc
338508.11885167833,179508.11885167833
qm_cb,qm_phc/qm_t,qm_r,qm_v,qm
0.10854344449863279,0.001497143385569652,0.15937935373561893,0,0.11004058788420244
number of iterations,12,Execution time: ,5.598434686660767
