architecture,t_cbt,t_hxt,eta_hpfp,eta_r,p_cbt,qm_cb0,t0,p0,tpr_hx,Q_hx,pcc,v
after,300,200,0.71,0.71,1330000.0,0.10998,25.2,345000.0,0.95,159000.0,True,0
P_hpfp,P_rv,p_hpfp
39320.68308898014,49575.16500725665,1889258.8433249607
Q,Q_phc
404295.93777025037,245295.93777025037
qm_cb,qm_phc/qm_t,qm_r,qm_v,qm,m_z
0.10998,0.0020528073462545843,0.11778625638138887,0,0.11203280734625458,0.20528073462545826
number of iterations,12,Execution time: ,7.485255002975464
