architecture,t_cbt,t_hxt,eta_hpfp,eta_r,p_cbt,qm_cb0,t0,p0,tpr_hx,Q_hx,pcc,v
after,300,240,0.71,0.71,1330000.0,0.10998,25.2,345000.0,0.95,159000.0,True,0
P_hpfp,P_rv,p_hpfp
39198.80160600542,95523.80095492561,1889258.8433249607
Q,Q_phc
356940.44724274846,197940.44724274846
qm_cb,qm_phc/qm_t,qm_r,qm_v,qm,m_z
0.10998,0.0017055416420885955,0.22692093352515216,0,0.11168554164208859,0.17055416420885958
number of iterations,12,Execution time: ,8.252480268478394
