architecture,t_cbt,t_hxt,eta_hpfp,eta_r,p_cbt,qm_cb0,t0,p0,tpr_hx,Q_hx,pcc,v
after,300,270,0.71,0.71,1330000.0,0.10854344449863279,25.2,345000.0,0.95,159000.0,True,0
P_hpfp,P_rv,p_hpfp
42205.38118961058,200085.67531691305,1889258.8433249607
Q,Q_phc
238556.50148487202,79556.50148487202
qm_cb,qm_phc/qm_t,qm_r,qm_v,qm
0.10854344449863279,0.0006852640304878532,0.3084690675893743,0,0.10922870852912064
number of iterations,12,Execution time: ,5.5588366985321045
