architecture,t_cbt,t_hxt,eta_hpfp,eta_r,p_cbt,qm_cb0,t0,p0,tpr_hx,Q_hx,pcc,v
after,300,220,0.71,0.71,1330000.0,0.10854344449863279,25.2,345000.0,0.95,159000.0,True,0
P_hpfp,P_rv,p_hpfp
38735.80383097883,67451.1844430192,1889258.855973307
Q,Q_phc
379665.3879469084,220665.38794690842
qm_cb,qm_phc/qm_t,qm_r,qm_v,qm
0.10854344449863279,0.001822152057778706,0.16025535423185577,0,0.1103655965564115
number of iterations,13,Execution time: ,6.679925203323364
