architecture,t_cbt,t_hxt,eta_hpfp,eta_r,p_cbt,qm_cb0,t0,p0,tpr_hx,Q_hx,pcc,v
after,300,260,0.71,0.71,1330000.0,0.11,25.2,345000.0,0.95,149000.0,True,0
P_hpfp,P_rv,p_hpfp
39110.11329241881,138275.7936919467,1889366.2728233607
Q,Q_phc
313224.1760102126,164224.17601021263
qm_cb,qm_phc/qm_t,qm_r,qm_v,qm,m_z
0.11,0.0014484562276525202,0.3282827729281711,0,0.11144845622765252,0.144845622765252
number of iterations,11,Execution time: ,6.859642744064331
