architecture,t_cbt,t_hxt,eta_hpfp,eta_r,p_cbt,qm_cb0,t0,p0,tpr_hx,Q_hx,pcc,v
after,300,210,0.71,0.71,1330000.0,0.10854344449863279,25.2,345000.0,0.95,159000.0,True,0
P_hpfp,P_rv,p_hpfp
38760.46422163945,57399.885399972954,1889258.855973307
Q,Q_phc
390001.33499659173,231001.33499659173
qm_cb,qm_phc/qm_t,qm_r,qm_v,qm
0.10854344449863279,0.0018924141527244948,0.13638054398430707,0,0.11043585865135729
number of iterations,13,Execution time: ,6.517016172409058
