architecture,t_cbt,t_hxt,eta_hpfp,eta_r,p_cbt,qm_cb0,t0,p0,tpr_hx,Q_hx,pcc,v
after,300,280,0.71,0.71,1330000.0,0.10854344449863279,25.2,345000.0,0.95,159000.0,True,0
P_hpfp,P_rv,p_hpfp
38312.335857184305,211986.65425627565,1889258.8612891329
Q,Q_phc
230241.94176207608,71241.94176207608
qm_cb,qm_phc/qm_t,qm_r,qm_v,qm
0.10854344449863279,0.0006156112391197399,0.5036361348403309,0,0.10915905573775253
number of iterations,16,Execution time: ,7.675846099853516
