architecture,t_cbt,t_hxt,eta_hpfp,eta_r,p_cbt,qm_cb0,t0,p0,tpr_hx,Q_hx,pcc,v
after,300,230,0.71,0.71,1330000.0,0.10854344449863279,25.2,345000.0,0.95,159000.0,True,0
P_hpfp,P_rv,p_hpfp
39259.288792655345,80610.68098387637,1889258.8597899457
Q,Q_phc
372548.3294609743,213548.32946097432
qm_cb,qm_phc/qm_t,qm_r,qm_v,qm,qm_pot
0.10854344449863279,0.0017769868712335243,0.19154538669954208,0,0.11032043136986631,0.001536671755489105
number of iterations,14,Execution time: ,6.808279037475586
