architecture,t_cbt,t_hxt,eta_hpfp,eta_r,p_cbt,qm_cb0,t0,p0,tpr_hx,Q_hx,pcc,v
after,300,200,0.71,0.71,1330000.0,0.10854344449863279,25.2,345000.0,0.95,159000.0,True,0
P_hpfp,P_rv,p_hpfp
42628.106902697626,65413.75329031457,1889258.8433249607
Q,Q_phc
377621.8283748349,218621.8283748349
qm_cb,qm_phc/qm_t,qm_r,qm_v,qm
0.10854344449863279,0.0017792900148785595,0.10082253522080889,0,0.11032273451351135
number of iterations,12,Execution time: ,5.962711572647095
