architecture,t_cbt,t_hxt,eta_hpfp,eta_r,p_cbt,qm_cb0,t0,p0,tpr_hx,Q_hx,pcc,v
after,310,170,0.71,0.71,1330000.0,0.11,25.2,345000.0,0.95,149000.0,True,0
P_hpfp,P_rv,p_hpfp
39452.36815471706,29365.077687514382,1889366.2728114282
Q,Q_phc
442777.0525801522,293777.0525801522
qm_cb,qm_phc/qm_t,qm_r,qm_v,qm,m_z
0.11,0.002421816660013831,0.06748920620548553,0,0.11242181666001383,0.2421816660013831
number of iterations,10,Execution time: ,10.361527681350708
