architecture,t_cbt,t_hxt,eta_hpfp,eta_r,p_cbt,qm_cb0,t0,p0,tpr_hx,Q_hx,pcc,v
after,310,110,0.71,0.71,1330000.0,0.11,25.2,345000.0,0.95,149000.0,True,0
P_hpfp,P_rv,p_hpfp
39476.998635167976,8345.378415214525,1889366.2728248988
Q,Q_phc
464091.514550189,315091.514550189
qm_cb,qm_phc/qm_t,qm_r,qm_v,qm,m_z
0.11,0.002491827246918629,0.01917750966993456,0,0.11249182724691863,0.2491827246918629
number of iterations,13,Execution time: ,12.033510208129883
