architecture,t_cbt,t_hxt,eta_hpfp,eta_r,p_cbt,qm_cb0,t0,p0,tpr_hx,Q_hx,pcc,v
after,310,160,0.71,0.71,1330000.0,0.10840711966136722,25.2,345000.0,0.95,159000.0,True,0
P_hpfp,P_rv,p_hpfp
39155.57727978995,24512.17435669576,1889258.8597899457
Q,Q_phc
444013.09620520426,285013.09620520426
qm_cb,qm_phc/qm_t,qm_r,qm_v,qm,qm_pot
0.10840711966136722,0.002222132467622157,0.056365599997981505,0,0.11062925212898937,0.0009323573757062189
number of iterations,14,Execution time: ,6.363155364990234
