architecture,t_cbt,t_hxt,eta_hpfp,eta_r,p_cbt,qm_cb0,t0,p0,tpr_hx,Q_hx,pcc,v
after,310,120,0.71,0.71,1330000.0,0.10840711966136722,25.2,345000.0,0.95,159000.0,True,0
P_hpfp,P_rv,p_hpfp
39109.630689162346,10756.304761545736,1889258.8612891329
Q,Q_phc
457219.1799488737,298219.1799488737
qm_cb,qm_phc/qm_t,qm_r,qm_v,qm,qm_pot
0.10840711966136722,0.0022469157863012376,0.024729564742246565,0,0.11065403544766846,0.0007766633276618361
number of iterations,16,Execution time: ,7.304255962371826
