architecture,t_cbt,t_hxt,eta_hpfp,eta_r,p_cbt,qm_cb0,t0,p0,tpr_hx,Q_hx,pcc,v
after,310,130,0.71,0.71,1330000.0,0.10840711966136722,25.2,345000.0,0.95,159000.0,True,0
P_hpfp,P_rv,p_hpfp
39056.29574620478,13569.064155875167,1889258.8609416161
Q,Q_phc
453768.229007753,294768.229007753
qm_cb,qm_phc/qm_t,qm_r,qm_v,qm,qm_pot
0.10840711966136722,0.002269485959035935,0.031193956012552183,0,0.11067660562040316,0.0006021319207393798
number of iterations,15,Execution time: ,7.012374401092529
