architecture,t_cbt,t_hxt,eta_hpfp,eta_r,p_cbt,qm_cb0,t0,p0,tpr_hx,Q_hx,pcc,v
after,310,120,0.71,0.71,1330000.0,0.10998,25.2,345000.0,0.95,159000.0,True,0
P_hpfp,P_rv,p_hpfp
39439.910863950834,10852.903426163366,1889258.8609416161
Q,Q_phc
461078.1760581714,302078.1760581714
qm_cb,qm_phc/qm_t,qm_r,qm_v,qm,m_z
0.10998,0.0023925091852482205,0.024946669672123258,0,0.11237250918524821,0.23925091852482158
number of iterations,15,Execution time: ,9.22335410118103
