architecture,t_cbt,t_hxt,eta_hpfp,eta_r,p_cbt,qm_cb0,t0,p0,tpr_hx,Q_hx,pcc,v
after,310,190,0.71,0.71,1330000.0,0.10840711966136722,25.2,345000.0,0.95,159000.0,True,0
P_hpfp,P_rv,p_hpfp
42657.690810774344,53943.7986214757,1889258.8433249607
Q,Q_phc
405790.05646322103,246790.05646322103
qm_cb,qm_phc/qm_t,qm_r,qm_v,qm
0.10840711966136722,0.0019921788347781744,0.08046557325628072,0,0.1103992984961454
number of iterations,12,Execution time: ,5.547005653381348
