architecture,t_cbt,t_hxt,eta_hpfp,eta_r,p_cbt,qm_cb0,t0,p0,tpr_hx,Q_hx,pcc,v
after,310,100,0.71,0.71,1330000.0,0.10840711966136722,25.2,345000.0,0.95,159000.0,True,0
P_hpfp,P_rv,p_hpfp
42745.6204954133,7608.613015086189,1889258.8612891329
Q,Q_phc
453072.8716715353,294072.8716715353
qm_cb,qm_phc/qm_t,qm_r,qm_v,qm
0.10840711966136722,0.002219740424382624,0.01133992052694412,0,0.11062686008574985
number of iterations,16,Execution time: ,7.515597343444824
