architecture,t_cbt,t_hxt,eta_hpfp,eta_r,p_cbt,qm_cb0,t0,p0,tpr_hx,Q_hx,pcc,v
after,310,100,0.71,0.71,1330000.0,0.10840711966136722,25.2,345000.0,0.95,159000.0,True,0
P_hpfp,P_rv,p_hpfp
39029.38714820742,6067.855384467405,1889258.861393996
Q,Q_phc
460947.4562854325,301947.4562854325
qm_cb,qm_phc/qm_t,qm_r,qm_v,qm,qm_pot
0.10840711966136722,0.002279010224728587,0.01394596535048099,0,0.1106861298860958,0.0005159399210980736
number of iterations,17,Execution time: ,7.473397254943848
