architecture,t_cbt,t_hxt,eta_hpfp,eta_r,p_cbt,qm_cb0,t0,p0,tpr_hx,Q_hx,pcc,v
after,310,160,0.71,0.71,1330000.0,0.10840711966136722,25.2,345000.0,0.95,159000.0,True,0
P_hpfp,P_rv,p_hpfp
42704.63791036286,33012.696754651115,1889258.855973307
Q,Q_phc
427227.1110695496,268227.1110695496
qm_cb,qm_phc/qm_t,qm_r,qm_v,qm
0.10840711966136722,0.0021136772056666447,0.04923853705271455,0,0.11052079686703387
number of iterations,13,Execution time: ,6.284033536911011
