architecture,t_cbt,t_hxt,eta_hpfp,eta_r,p_cbt,qm_cb0,t0,p0,tpr_hx,Q_hx,pcc,v
after,310,100,0.71,0.71,1330000.0,0.10840711966136722,25.2,345000.0,0.95,159000.0,True,0
P_hpfp,P_rv,p_hpfp
38842.74082634573,6038.2034826241825,1889258.861393996
Q,Q_phc
458743.74772365176,299743.74772365176
qm_cb,qm_phc/qm_t,qm_r,qm_v,qm
0.10840711966136722,0.002263159645655488,0.013878268533908403,0,0.11067027930702271
number of iterations,17,Execution time: ,8.515029191970825
