architecture,t_cbt,t_hxt,eta_hpfp,eta_r,p_cbt,qm_cb0,t0,p0,tpr_hx,Q_hx,pcc,v
after,310,180,0.71,0.71,1330000.0,0.10840711966136722,25.2,345000.0,0.95,159000.0,True,0
P_hpfp,P_rv,p_hpfp
38810.25217172315,34057.75212599413,1889258.855973307
Q,Q_phc
430335.4524364427,271335.4524364427
qm_cb,qm_phc/qm_t,qm_r,qm_v,qm
0.10840711966136722,0.002170594231623496,0.07831485018067141,0,0.11057771389299072
number of iterations,13,Execution time: ,6.227061033248901
