architecture,t_cbt,t_hxt,eta_hpfp,eta_r,p_cbt,qm_cb0,t0,p0,tpr_hx,Q_hx,pcc,v
after,310,170,0.71,0.71,1330000.0,0.10840711966136722,25.2,345000.0,0.95,159000.0,True,0
P_hpfp,P_rv,p_hpfp
38818.969697052096,28889.024339754174,1889258.855973307
Q,Q_phc
435608.4918232734,276608.4918232734
qm_cb,qm_phc/qm_t,qm_r,qm_v,qm
0.10840711966136722,0.002195432102230818,0.06642165608530957,0,0.11060255176359804
number of iterations,13,Execution time: ,6.506289958953857
