architecture,t_cbt,t_hxt,eta_hpfp,eta_r,p_cbt,qm_cb0,t0,p0,tpr_hx,Q_hx,pcc,v
after,310,110,0.71,0.71,1330000.0,0.10840711966136722,25.2,345000.0,0.95,159000.0,True,0
P_hpfp,P_rv,p_hpfp
42741.98731970604,10692.290240067472,1889258.8609416161
Q,Q_phc
449950.03895273496,290950.03895273496
qm_cb,qm_phc/qm_t,qm_r,qm_v,qm
0.10840711966136722,0.00221033772018131,0.015936190517217202,0,0.11061745738154853
number of iterations,15,Execution time: ,7.027605772018433
