architecture,t_cbt,t_hxt,eta_hpfp,eta_r,p_cbt,qm_cb0,t0,p0,tpr_hx,Q_hx,pcc,v
after,310,160,0.71,0.71,1330000.0,0.10998,25.2,345000.0,0.95,159000.0,True,0
P_hpfp,P_rv,p_hpfp
39422.85012301164,24682.900859315123,1889258.855973307
Q,Q_phc
447044.03649994597,288044.03649994597
qm_cb,qm_phc/qm_t,qm_r,qm_v,qm,m_z
0.10998,0.002343900403049007,0.056754880123134045,0,0.112323900403049,0.23439004030490002
number of iterations,13,Execution time: ,8.028269052505493
