architecture,t_cbt,t_hxt,eta_hpfp,eta_r,p_cbt,qm_cb0,t0,p0,tpr_hx,Q_hx,pcc,v
after,310,120,0.71,0.71,1330000.0,0.10840711966136722,25.2,345000.0,0.95,159000.0,True,0
P_hpfp,P_rv,p_hpfp
42737.36955501697,14165.466119049925,1889258.8609416161
Q,Q_phc
446427.0961346038,287427.0961346038
qm_cb,qm_phc/qm_t,qm_r,qm_v,qm
0.10840711966136722,0.002198386816147077,0.021122116828961875,0,0.1106055064775143
number of iterations,15,Execution time: ,6.686354637145996
