architecture,t_cbt,t_hxt,eta_hpfp,eta_r,p_cbt,qm_cb0,t0,p0,tpr_hx,Q_hx,pcc,v
after,310,180,0.71,0.71,1330000.0,0.10998,25.2,345000.0,0.95,159000.0,True,0
P_hpfp,P_rv,p_hpfp
39405.52131071673,34583.78504410016,1889258.8433249607
Q,Q_phc
436935.80823794886,277935.80823794886
qm_cb,qm_phc/qm_t,qm_r,qm_v,qm,m_z
0.10998,0.0022945290917773115,0.07952105015533983,0,0.1122745290917773,0.22945290917773145
number of iterations,12,Execution time: ,7.901180744171143
