architecture,t_cbt,t_hxt,eta_hpfp,eta_r,p_cbt,qm_cb0,t0,p0,tpr_hx,Q_hx,pcc,v
after,310,190,0.71,0.71,1330000.0,0.11,25.2,345000.0,0.95,149000.0,True,0
P_hpfp,P_rv,p_hpfp
39431.511333951064,40591.526517459,1889366.2728114282
Q,Q_phc
431301.0019075893,282301.0019075893
qm_cb,qm_phc/qm_t,qm_r,qm_v,qm,m_z
0.11,0.0023624082701725374,0.09331167136982584,0,0.11236240827017253,0.23624082701725374
number of iterations,10,Execution time: ,10.30433702468872
