architecture,t_cbt,t_hxt,eta_hpfp,eta_r,p_cbt,qm_cb0,t0,p0,tpr_hx,Q_hx,pcc,v
after,310,130,0.71,0.71,1330000.0,0.10840711966136722,25.2,345000.0,0.95,159000.0,True,0
P_hpfp,P_rv,p_hpfp
39120.21766908579,13591.616401992633,1889258.8609416161
Q,Q_phc
454510.54956491286,295510.54956491286
qm_cb,qm_phc/qm_t,qm_r,qm_v,qm,qm_pot
0.10840711966136722,0.0022446750117211,0.031245541041968174,0,0.11065179467308832,0.000809068457373397
number of iterations,15,Execution time: ,7.0299391746521
