architecture,t_cbt,t_hxt,eta_hpfp,eta_r,p_cbt,qm_cb0,t0,p0,tpr_hx,Q_hx,pcc,v
after,310,100,0.71,0.71,1330000.0,0.10998,25.2,345000.0,0.95,159000.0,True,0
P_hpfp,P_rv,p_hpfp
39442.95803634609,6129.789985707155,1889258.861393996
Q,Q_phc
465837.7510920905,306837.7510920905
qm_cb,qm_phc/qm_t,qm_r,qm_v,qm,m_z
0.10998,0.002401191138738115,0.014090236203044596,0,0.11238119113873811,0.24011911387381113
number of iterations,17,Execution time: ,9.955325841903687
