architecture,t_cbt,t_hxt,eta_hpfp,eta_r,p_cbt,qm_cb0,t0,p0,tpr_hx,Q_hx,pcc,v
after,310,160,0.71,0.71,1330000.0,0.11,25.2,345000.0,0.95,149000.0,True,0
P_hpfp,P_rv,p_hpfp
39459.71892673557,24723.827042752953,1889366.2728114282
Q,Q_phc
447506.27282781096,298506.27282781096
qm_cb,qm_phc/qm_t,qm_r,qm_v,qm,m_z
0.11,0.0024427570054751683,0.05681062179049181,0,0.11244275700547517,0.24427570054751682
number of iterations,10,Execution time: ,11.17564868927002
