architecture,t_cbt,t_hxt,eta_hpfp,eta_r,p_cbt,qm_cb0,t0,p0,tpr_hx,Q_hx,pcc,v
after,310,110,0.71,0.71,1330000.0,0.10840711966136722,25.2,345000.0,0.95,159000.0,True,0
P_hpfp,P_rv,p_hpfp
39037.7130469501,8257.348342310963,1889258.8612891329
Q,Q_phc
458857.5889049784,299857.5889049784
qm_cb,qm_phc/qm_t,qm_r,qm_v,qm,qm_pot
0.10840711966136722,0.0022775515727506586,0.018978162599515094,0,0.11068467123411788,0.0005411206427127053
number of iterations,16,Execution time: ,6.812480926513672
