architecture,t_cbt,t_hxt,eta_hpfp,eta_r,p_cbt,qm_cb0,t0,p0,tpr_hx,Q_hx,pcc,v
after,310,160,0.71,0.71,1330000.0,0.10840711966136722,25.2,345000.0,0.95,159000.0,True,0
P_hpfp,P_rv,p_hpfp
38825.91295568357,24303.402662129985,1889258.8597899457
Q,Q_phc
440277.1918822804,281277.1918822804
qm_cb,qm_phc/qm_t,qm_r,qm_v,qm
0.10840711966136722,0.002215214134767482,0.05588754715860306,0,0.1106223337961347
number of iterations,14,Execution time: ,6.887608766555786
