architecture,t_cbt,t_hxt,eta_hpfp,eta_r,p_cbt,qm_cb0,t0,p0,tpr_hx,Q_hx,pcc,v
after,310,170,0.71,0.71,1330000.0,0.10840711966136722,25.2,345000.0,0.95,159000.0,True,0
P_hpfp,P_rv,p_hpfp
42691.60467265824,39230.784537824715,1889258.8433249607
Q,Q_phc
420868.5697140411,261868.56971404108
qm_cb,qm_phc/qm_t,qm_r,qm_v,qm
0.10840711966136722,0.0020799488591305426,0.05850178898642108,0,0.11048706852049776
number of iterations,12,Execution time: ,5.726083755493164
