architecture,t_cbt,t_hxt,eta_hpfp,eta_r,p_cbt,qm_cb0,t0,p0,tpr_hx,Q_hx,pcc,v
after,310,160,0.71,0.71,1330000.0,0.10840711966136722,25.2,345000.0,0.95,159000.0,True,0
P_hpfp,P_rv,p_hpfp
39089.10121165964,24470.156975985457,1889258.8597899457
Q,Q_phc
443259.67855544394,284259.67855544394
qm_cb,qm_phc/qm_t,qm_r,qm_v,qm,qm_pot
0.10840711966136722,0.0022378431639198254,0.05626930882284299,0,0.11064496282528705,0.0007272438492276072
number of iterations,14,Execution time: ,6.1292948722839355
