architecture,t_cbt,t_hxt,eta_hpfp,eta_r,p_cbt,qm_cb0,t0,p0,tpr_hx,Q_hx,pcc,v
after,310,170,0.71,0.71,1330000.0,0.10840711966136722,25.2,345000.0,0.95,159000.0,True,0
P_hpfp,P_rv,p_hpfp
39168.594022011726,29153.086902255942,1889258.855973307
Q,Q_phc
439527.9413890251,280527.9413890251
qm_cb,qm_phc/qm_t,qm_r,qm_v,qm,qm_pot
0.10840711966136722,0.0022072093657204955,0.06702546936965777,0,0.11061432902708772,0.0009843682499265803
number of iterations,13,Execution time: ,5.832023620605469
