architecture,t_cbt,t_hxt,eta_hpfp,eta_r,p_cbt,qm_cb0,t0,p0,tpr_hx,Q_hx,pcc,v
after,310,180,0.71,0.71,1330000.0,0.10840711966136722,25.2,345000.0,0.95,159000.0,True,0
P_hpfp,P_rv,p_hpfp
39114.37578981117,34328.334469492074,1889258.855973307
Q,Q_phc
433703.9328066346,274703.9328066346
qm_cb,qm_phc/qm_t,qm_r,qm_v,qm,qm_pot
0.10840711966136722,0.002196660375875027,0.07893375262330553,0,0.11060378003724225,0.0008404392904526623
number of iterations,13,Execution time: ,5.796197414398193
