architecture,t_cbt,t_hxt,eta_hpfp,eta_r,p_cbt,qm_cb0,t0,p0,tpr_hx,Q_hx,pcc,v
after,310,130,0.71,0.71,1330000.0,0.11,25.2,345000.0,0.95,149000.0,True,0
P_hpfp,P_rv,p_hpfp
39473.18541656637,13710.830226877091,1889366.2728247393
Q,Q_phc
458680.4284401163,309680.4284401163
qm_cb,qm_phc/qm_t,qm_r,qm_v,qm,m_z
0.11,0.002480987049864142,0.03151180806971377,0,0.11248098704986415,0.24809870498641418
number of iterations,12,Execution time: ,12.40832233428955
