architecture,t_cbt,t_hxt,eta_hpfp,eta_r,p_cbt,qm_cb0,t0,p0,tpr_hx,Q_hx,pcc,v
after,310,140,0.71,0.71,1330000.0,0.10840711966136722,25.2,345000.0,0.95,159000.0,True,0
P_hpfp,P_rv,p_hpfp
42724.286851287725,22512.842587922176,1889258.8597899457
Q,Q_phc
437938.7245601716,278938.7245601716
qm_cb,qm_phc/qm_t,qm_r,qm_v,qm
0.10840711966136722,0.002164528598988899,0.033575260368892634,0,0.11057164826035612
number of iterations,14,Execution time: ,6.454668998718262
