architecture,t_cbt,t_hxt,eta_hpfp,eta_r,p_cbt,qm_cb0,t0,p0,tpr_hx,Q_hx,pcc,v
after,310,280,0.71,0.71,1330000.0,0.10840711966136722,25.2,345000.0,0.95,159000.0,True,0
P_hpfp,P_rv,p_hpfp
39374.80208790657,183685.9881141799,1889258.8609416161
Q,Q_phc
287462.46759680356,128462.46759680356
qm_cb,qm_phc/qm_t,qm_r,qm_v,qm,qm_pot
0.10840711966136722,0.0011216884078280647,0.42222903320475696,0,0.10952880806919528,0.0026574139869596164
number of iterations,15,Execution time: ,7.3561131954193115
