architecture,t_cbt,t_hxt,eta_hpfp,eta_r,p_cbt,qm_cb0,t0,p0,tpr_hx,Q_hx,pcc,v
after,310,220,0.71,0.71,1330000.0,0.10840711966136722,25.2,345000.0,0.95,159000.0,True,0
P_hpfp,P_rv,p_hpfp
42577.91000837595,84072.30430438938,1889258.8433249607
Q,Q_phc
374801.73077713215,215801.73077713215
qm_cb,qm_phc/qm_t,qm_r,qm_v,qm
0.10840711966136722,0.0017857038838176714,0.12542823563461308,0,0.11019282354518489
number of iterations,12,Execution time: ,5.6435370445251465
