architecture,t_cbt,t_hxt,eta_hpfp,eta_r,p_cbt,qm_cb0,t0,p0,tpr_hx,Q_hx,pcc,v
after,310,230,0.71,0.71,1330000.0,0.10840711966136722,25.2,345000.0,0.95,159000.0,True,0
P_hpfp,P_rv,p_hpfp
42539.98345154076,97216.58755664094,1889258.8433249607
Q,Q_phc
361248.70242282446,202248.70242282446
qm_cb,qm_phc/qm_t,qm_r,qm_v,qm
0.10840711966136722,0.0016875488925511967,0.1450415436630701,0,0.11009466855391842
number of iterations,12,Execution time: ,5.761116981506348
