architecture,t_cbt,t_hxt,eta_hpfp,eta_r,p_cbt,qm_cb0,t0,p0,tpr_hx,Q_hx,pcc,v
after,310,220,0.71,0.71,1330000.0,0.10840711966136722,25.2,345000.0,0.95,159000.0,True,0
P_hpfp,P_rv,p_hpfp
38747.8411839061,63413.454210110074,1889258.855973307
Q,Q_phc
400232.9569920563,241232.95699205628
qm_cb,qm_phc/qm_t,qm_r,qm_v,qm
0.10840711966136722,0.001992773579387666,0.14583611385876627,0,0.11039989324075489
number of iterations,13,Execution time: ,6.534618854522705
