architecture,t_cbt,t_hxt,eta_hpfp,eta_r,p_cbt,qm_cb0,t0,p0,tpr_hx,Q_hx,pcc,v
after,310,210,0.71,0.71,1330000.0,0.10840711966136722,25.2,345000.0,0.95,159000.0,True,0
P_hpfp,P_rv,p_hpfp
38768.86163303322,54396.30031597646,1889258.855973307
Q,Q_phc
409501.636016413,250501.636016413
qm_cb,qm_phc/qm_t,qm_r,qm_v,qm
0.10840711966136722,0.002052664795739373,0.12509997851569313,0,0.1104597844571066
number of iterations,13,Execution time: ,6.552565574645996
