architecture,t_cbt,t_hxt,eta_hpfp,eta_r,p_cbt,qm_cb0,t0,p0,tpr_hx,Q_hx,pcc,v
after,310,260,0.71,0.71,1330000.0,0.10840711966136722,25.2,345000.0,0.95,159000.0,True,0
P_hpfp,P_rv,p_hpfp
39263.303146544946,123690.48742274502,1889258.8597899457
Q,Q_phc
346123.8023383164,187123.8023383164
qm_cb,qm_phc/qm_t,qm_r,qm_v,qm,qm_pot
0.10840711966136722,0.0015959292225420276,0.2843886574402546,0,0.11000304888390924,0.0018654918912564353
number of iterations,14,Execution time: ,6.1173224449157715
