architecture,t_cbt,t_hxt,eta_hpfp,eta_r,p_cbt,qm_cb0,t0,p0,tpr_hx,Q_hx,pcc,v
after,310,240,0.71,0.71,1330000.0,0.10840711966136722,25.2,345000.0,0.95,159000.0,True,0
P_hpfp,P_rv,p_hpfp
39278.22921165473,88111.95093708509,1889258.855973307
Q,Q_phc
381880.94301345135,222880.94301345135
qm_cb,qm_phc/qm_t,qm_r,qm_v,qm,qm_pot
0.10840711966136722,0.0018739011810886262,0.20259170691988393,0,0.11028102084245585,0.0016300477270537197
number of iterations,13,Execution time: ,6.270074129104614
