architecture,t_cbt,t_hxt,eta_hpfp,eta_r,p_cbt,qm_cb0,t0,p0,tpr_hx,Q_hx,pcc,v
after,310,260,0.71,0.71,1330000.0,0.11,25.2,345000.0,0.95,149000.0,True,0
P_hpfp,P_rv,p_hpfp
39211.59279768863,123576.78545641656,1889366.2728114282
Q,Q_phc
345683.89066032175,196683.89066032175
qm_cb,qm_phc/qm_t,qm_r,qm_v,qm,m_z
0.11,0.001737565974896012,0.28395902013068447,0,0.11173756597489601,0.17375659748960118
number of iterations,10,Execution time: ,6.286531448364258
