architecture,t_cbt,t_hxt,eta_hpfp,eta_r,p_cbt,qm_cb0,t0,p0,tpr_hx,Q_hx,pcc,v
after,310,210,0.71,0.71,1330000.0,0.10998,25.2,345000.0,0.95,159000.0,True,0
P_hpfp,P_rv,p_hpfp
39360.84809649068,55222.24451731215,1889258.8433249607
Q,Q_phc
415762.7968770363,256762.79687703628
qm_cb,qm_phc/qm_t,qm_r,qm_v,qm,m_z
0.10998,0.0021672458095515212,0.1270045039126042,0,0.11214724580955152,0.21672458095515265
number of iterations,12,Execution time: ,7.534503221511841
