architecture,t_cbt,t_hxt,eta_hpfp,eta_r,p_cbt,qm_cb0,t0,p0,tpr_hx,Q_hx,pcc,v
after,310,200,0.71,0.71,1330000.0,0.10840711966136722,25.2,345000.0,0.95,159000.0,True,0
P_hpfp,P_rv,p_hpfp
42635.68089719115,62722.4887658321,1889258.8433249607
Q,Q_phc
396774.15932923707,237774.15932923707
qm_cb,qm_phc/qm_t,qm_r,qm_v,qm
0.10840711966136722,0.0019352165620118295,0.09356788821885073,0,0.11034233622337905
number of iterations,12,Execution time: ,5.886236667633057
