architecture,t_cbt,t_hxt,eta_hpfp,eta_r,p_cbt,qm_cb0,t0,p0,tpr_hx,Q_hx,pcc,v
after,310,200,0.71,0.71,1330000.0,0.10840711966136722,25.2,345000.0,0.95,159000.0,True,0
P_hpfp,P_rv,p_hpfp
39142.699268683165,47086.48594115557,1889258.855973307
Q,Q_phc
421284.6925860375,262284.6925860375
qm_cb,qm_phc/qm_t,qm_r,qm_v,qm,qm_pot
0.10840711966136722,0.002131061999239764,0.10828222736821029,0,0.11053818166060699,0.0009867365898700577
number of iterations,13,Execution time: ,5.874261379241943
