architecture,t_cbt,t_hxt,eta_hpfp,eta_r,p_cbt,qm_cb0,t0,p0,tpr_hx,Q_hx,pcc,v
after,310,220,0.71,0.71,1330000.0,0.10840711966136722,25.2,345000.0,0.95,159000.0,True,0
P_hpfp,P_rv,p_hpfp
39175.19708029696,64122.25398198761,1889258.855973307
Q,Q_phc
404637.78475693054,245637.78475693054
qm_cb,qm_phc/qm_t,qm_r,qm_v,qm,qm_pot
0.10840711966136722,0.0020282541580468744,0.1474572933136532,0,0.1104353738194141,0.0011821368135828683
number of iterations,13,Execution time: ,6.506115674972534
