architecture,t_cbt,t_hxt,eta_hpfp,eta_r,p_cbt,qm_cb0,t0,p0,tpr_hx,Q_hx,pcc,v
after,310,250,0.71,0.71,1330000.0,0.10840711966136722,25.2,345000.0,0.95,159000.0,True,0
P_hpfp,P_rv,p_hpfp
39298.1409417205,103961.04027204256,1889258.8597899457
Q,Q_phc
366270.1093221347,207270.1093221347
qm_cb,qm_phc/qm_t,qm_r,qm_v,qm,qm_pot
0.10840711966136722,0.001759766377505373,0.2390719015601792,0,0.11016688603887259,0.0018009141718929838
number of iterations,14,Execution time: ,6.788090467453003
