architecture,t_cbt,t_hxt,eta_hpfp,eta_r,p_cbt,qm_cb0,t0,p0,tpr_hx,Q_hx,pcc,v
after,310,230,0.71,0.71,1330000.0,0.10840711966136722,25.2,345000.0,0.95,159000.0,True,0
P_hpfp,P_rv,p_hpfp
39259.74816730992,75087.07067476721,1889258.855973307
Q,Q_phc
394684.6839910006,235684.68399100058
qm_cb,qm_phc/qm_t,qm_r,qm_v,qm,qm_pot
0.10840711966136722,0.0019625977320506696,0.17266227008008828,0,0.11036971739341789,0.0014886952019701441
number of iterations,13,Execution time: ,6.169405460357666
