architecture,t_cbt,t_hxt,eta_hpfp,eta_r,p_cbt,qm_cb0,t0,p0,tpr_hx,Q_hx,pcc,v
after,310,230,0.71,0.71,1330000.0,0.10840711966136722,25.2,345000.0,0.95,159000.0,True,0
P_hpfp,P_rv,p_hpfp
39193.60815205636,74960.00196470994,1889258.855973307
Q,Q_phc
394020.33878554136,235020.33878554136
qm_cb,qm_phc/qm_t,qm_r,qm_v,qm,qm_pot
0.10840711966136722,0.0019563512446226345,0.1723705028609851,0,0.11036347090598986,0.0013064963360615045
number of iterations,13,Execution time: ,6.123152017593384
