architecture,t_cbt,t_hxt,eta_hpfp,eta_r,p_cbt,qm_cb0,t0,p0,tpr_hx,Q_hx,pcc,v
after,310,280,0.71,0.71,1330000.0,0.10998,25.2,345000.0,0.95,159000.0,True,0
P_hpfp,P_rv,p_hpfp
38992.01049249042,181874.4465247674,1889258.855973307
Q,Q_phc
284697.13908380596,125697.13908380596
qm_cb,qm_phc/qm_t,qm_r,qm_v,qm,m_z
0.10998,0.001116348676135595,0.4180820134946633,0,0.11109634867613559,0.11163486761355902
number of iterations,13,Execution time: ,8.707460641860962
