architecture,t_cbt,t_hxt,eta_hpfp,eta_r,p_cbt,qm_cb0,t0,p0,tpr_hx,Q_hx,pcc,v
after,310,260,0.71,0.71,1330000.0,0.10840711966136722,25.2,345000.0,0.95,159000.0,True,0
P_hpfp,P_rv,p_hpfp
42367.50723932968,152535.84959678346,1889258.8433249607
Q,Q_phc
304070.61604308174,145070.61604308174
qm_cb,qm_phc/qm_t,qm_r,qm_v,qm
0.10840711966136722,0.0012411756249535583,0.2275833058983413,0,0.10964829528632078
number of iterations,12,Execution time: ,6.051060676574707
