architecture,t_cbt,t_hxt,eta_hpfp,eta_r,p_cbt,qm_cb0,t0,p0,tpr_hx,Q_hx,pcc,v
after,310,250,0.71,0.71,1330000.0,0.10840711966136722,25.2,345000.0,0.95,159000.0,True,0
P_hpfp,P_rv,p_hpfp
42437.54152126202,130710.90984454949,1889258.8433249607
Q,Q_phc
326650.33482364303,167650.33482364303
qm_cb,qm_phc/qm_t,qm_r,qm_v,qm
0.10840711966136722,0.00142242630798535,0.19501781242081004,0,0.10982954596935257
number of iterations,12,Execution time: ,6.012048244476318
