architecture,t_cbt,t_hxt,eta_hpfp,eta_r,p_cbt,qm_cb0,t0,p0,tpr_hx,Q_hx,pcc,v
after,310,210,0.71,0.71,1330000.0,0.10840711966136722,25.2,345000.0,0.95,159000.0,True,0
P_hpfp,P_rv,p_hpfp
42609.3982495815,72683.3515940452,1889258.8433249607
Q,Q_phc
386530.04106272524,227530.04106272524
qm_cb,qm_phc/qm_t,qm_r,qm_v,qm
0.10840711966136722,0.0018671963339221692,0.10843311728477263,0,0.11027431599528939
number of iterations,12,Execution time: ,5.33580207824707
