architecture,t_cbt,t_hxt,eta_hpfp,eta_r,p_cbt,qm_cb0,t0,p0,tpr_hx,Q_hx,pcc,v
after,310,270,0.71,0.71,1330000.0,0.10840711966136722,25.2,345000.0,0.95,159000.0,True,0
P_hpfp,P_rv,p_hpfp
39294.60121628653,149210.44965793347,1889258.8609416161
Q,Q_phc
320978.3436596721,161978.34365967207
qm_cb,qm_phc/qm_t,qm_r,qm_v,qm,qm_pot
0.10840711966136722,0.0013927649573178867,0.343092481788857,0,0.1097998846186851,0.002157830059259315
number of iterations,15,Execution time: ,7.484224796295166
