architecture,t_cbt,t_hxt,eta_hpfp,eta_r,p_cbt,qm_cb0,t0,p0,tpr_hx,Q_hx,pcc,v
after,310,270,0.71,0.71,1330000.0,0.11,25.2,345000.0,0.95,149000.0,True,0
P_hpfp,P_rv,p_hpfp
39135.429828817825,148616.6644080773,1889366.2728233607
Q,Q_phc
319732.53924286074,170732.53924286074
qm_cb,qm_phc/qm_t,qm_r,qm_v,qm,m_z
0.11,0.0015202157206130396,0.3415883760157186,0,0.11152021572061303,0.15202157206130396
number of iterations,11,Execution time: ,8.098803281784058
