architecture,t_cbt,t_hxt,eta_hpfp,eta_r,p_cbt,qm_cb0,t0,p0,tpr_hx,Q_hx,pcc,v
after,310,270,0.71,0.71,1330000.0,0.10998,25.2,345000.0,0.95,159000.0,True,0
P_hpfp,P_rv,p_hpfp
39096.954813321834,148454.58590302945,1889258.855973307
Q,Q_phc
319372.74511473114,160372.74511473114
qm_cb,qm_phc/qm_t,qm_r,qm_v,qm,m_z
0.10998,0.0014153568758003,0.3413561829398239,0,0.1113953568758003,0.14153568758002938
number of iterations,13,Execution time: ,8.88740348815918
