architecture,t_cbt,t_hxt,eta_hpfp,eta_r,p_cbt,qm_cb0,t0,p0,tpr_hx,Q_hx,pcc,v
after,310,200,0.71,0.71,1330000.0,0.10840711966136722,25.2,345000.0,0.95,159000.0,True,0
P_hpfp,P_rv,p_hpfp
39210.85190430444,47169.016284453064,1889258.855973307
Q,Q_phc
422017.6586408438,263017.6586408438
qm_cb,qm_phc/qm_t,qm_r,qm_v,qm,qm_pot
0.10840711966136722,0.002128283411232477,0.10847155493586617,0,0.1105354030725997,0.0011836948654876634
number of iterations,13,Execution time: ,6.0868377685546875
