architecture,t_cbt,t_hxt,eta_hpfp,eta_r,p_cbt,qm_cb0,t0,p0,tpr_hx,Q_hx,pcc,v
after,310,260,0.71,0.71,1330000.0,0.10998,25.2,345000.0,0.95,159000.0,True,0
P_hpfp,P_rv,p_hpfp
39173.02510748056,123414.32405541469,1889258.8433249607
Q,Q_phc
345323.2602202028,186323.2602202028
qm_cb,qm_phc/qm_t,qm_r,qm_v,qm,m_z
0.10998,0.0016320990346251757,0.28374240434631387,0,0.11161209903462517,0.16320990346251749
number of iterations,12,Execution time: ,7.638856887817383
