architecture,t_cbt,t_hxt,eta_hpfp,eta_r,p_cbt,qm_cb0,t0,p0,tpr_hx,Q_hx,pcc,v
after,310,250,0.71,0.71,1330000.0,0.10840711966136722,25.2,345000.0,0.95,159000.0,True,0
P_hpfp,P_rv,p_hpfp
39236.79573214512,103798.57466825545,1889258.8597899457
Q,Q_phc
365698.5343904291,206698.5343904291
qm_cb,qm_phc/qm_t,qm_r,qm_v,qm,qm_pot
0.10840711966136722,0.001748874943755129,0.23869829832953782,0,0.11015599460512235,0.0016370215572117633
number of iterations,14,Execution time: ,6.586369752883911
