architecture,t_cbt,t_hxt,eta_hpfp,eta_r,p_cbt,qm_cb0,t0,p0,tpr_hx,Q_hx,pcc,v
after,310,230,0.71,0.71,1330000.0,0.10998,25.2,345000.0,0.95,159000.0,True,0
P_hpfp,P_rv,p_hpfp
39310.542770141124,75155.74533741704,1889258.8433249607
Q,Q_phc
395227.35129814426,236227.35129814426
qm_cb,qm_phc/qm_t,qm_r,qm_v,qm,m_z
0.10998,0.00202391546804509,0.17284837525251825,0,0.11200391546804508,0.20239154680450877
number of iterations,12,Execution time: ,7.5025341510772705
