architecture,t_cbt,t_hxt,eta_hpfp,eta_r,p_cbt,qm_cb0,t0,p0,tpr_hx,Q_hx,pcc,v
after,320,120,0.71,0.71,1330000.0,0.10827165283985414,25.2,345000.0,0.95,159000.0,True,0
P_hpfp,P_rv,p_hpfp
39041.98958473555,10581.652272817517,1889258.8612891329
Q,Q_phc
473036.3769237642,314036.3769237642
qm_cb,qm_phc/qm_t,qm_r,qm_v,qm,qm_pot
0.10827165283985414,0.002399303846120975,0.0235716738378237,0,0.11067095668597511,0.0005670198519063342
number of iterations,16,Execution time: ,7.304733037948608
