architecture,t_cbt,t_hxt,eta_hpfp,eta_r,p_cbt,qm_cb0,t0,p0,tpr_hx,Q_hx,pcc,v
after,320,100,0.71,0.71,1330000.0,0.10827165283985414,25.2,345000.0,0.95,159000.0,True,0
P_hpfp,P_rv,p_hpfp
39024.158722979715,6000.4833282046675,1889258.861393996
Q,Q_phc
477396.672663783,318396.672663783
qm_cb,qm_phc/qm_t,qm_r,qm_v,qm,qm_pot
0.10827165283985414,0.0024010592636309787,0.013362166503927748,0,0.11067271210348512,0.0005144609361795971
number of iterations,17,Execution time: ,7.3665173053741455
