architecture,t_cbt,t_hxt,eta_hpfp,eta_r,p_cbt,qm_cb0,t0,p0,tpr_hx,Q_hx,pcc,v
after,320,110,0.71,0.71,1330000.0,0.10998,25.2,345000.0,0.95,159000.0,True,0
P_hpfp,P_rv,p_hpfp
39489.763562241504,8243.894549703891,1889258.8612891329
Q,Q_phc
480924.4365410898,321924.4365410898
qm_cb,qm_phc/qm_t,qm_r,qm_v,qm,m_z
0.10998,0.002534549834316724,0.01836084982243138,0,0.11251454983431672,0.25345498343167266
number of iterations,16,Execution time: ,9.587387561798096
