architecture,t_cbt,t_hxt,eta_hpfp,eta_r,p_cbt,qm_cb0,t0,p0,tpr_hx,Q_hx,pcc,v
after,320,180,0.71,0.71,1330000.0,0.11,25.2,345000.0,0.95,149000.0,True,0
P_hpfp,P_rv,p_hpfp
39497.14109942095,33586.16748212933,1889366.2727081615
Q,Q_phc
455737.62756894587,306737.62756894587
qm_cb,qm_phc/qm_t,qm_r,qm_v,qm,m_z
0.11,0.0025495281482004373,0.07477433907027943,0,0.11254952814820043,0.2549528148200437
number of iterations,9,Execution time: ,5.2158520221710205
