architecture,t_cbt,t_hxt,eta_hpfp,eta_r,p_cbt,qm_cb0,t0,p0,tpr_hx,Q_hx,pcc,v
after,320,150,0.71,0.71,1330000.0,0.10827165283985414,25.2,345000.0,0.95,159000.0,True,0
P_hpfp,P_rv,p_hpfp
38829.35434062651,19817.93469910118,1889258.8597899457
Q,Q_phc
461166.1561599823,302166.1561599823
qm_cb,qm_phc/qm_t,qm_r,qm_v,qm
0.10827165283985414,0.0023604861097179936,0.04414986937619951,0,0.11063213894957213
number of iterations,14,Execution time: ,6.520561695098877
