architecture,t_cbt,t_hxt,eta_hpfp,eta_r,p_cbt,qm_cb0,t0,p0,tpr_hx,Q_hx,pcc,v
after,320,100,0.71,0.71,1330000.0,0.10827165283985414,25.2,345000.0,0.95,159000.0,True,0
P_hpfp,P_rv,p_hpfp
39088.62407412521,6010.613911579246,1889258.861393996
Q,Q_phc
478185.0824826493,319185.0824826493
qm_cb,qm_phc/qm_t,qm_r,qm_v,qm,qm_pot
0.10827165283985414,0.002366945957324353,0.013384574604711126,0,0.1106385987971785,0.0007322481610902993
number of iterations,17,Execution time: ,8.023484945297241
