architecture,t_cbt,t_hxt,eta_hpfp,eta_r,p_cbt,qm_cb0,t0,p0,tpr_hx,Q_hx,pcc,v
after,320,140,0.71,0.71,1330000.0,0.10827165283985414,25.2,345000.0,0.95,159000.0,True,0
P_hpfp,P_rv,p_hpfp
39131.06751265004,16472.05872716016,1889258.8609416161
Q,Q_phc
468249.3902184969,309249.3902184969
qm_cb,qm_phc/qm_t,qm_r,qm_v,qm,qm_pot
0.10827165283985414,0.0023677538932277,0.036698257131256934,0,0.11063940673308184,0.0008523696437920395
number of iterations,15,Execution time: ,6.7278807163238525
