architecture,t_cbt,t_hxt,eta_hpfp,eta_r,p_cbt,qm_cb0,t0,p0,tpr_hx,Q_hx,pcc,v
after,320,150,0.71,0.71,1330000.0,0.10827165283985414,25.2,345000.0,0.95,159000.0,True,0
P_hpfp,P_rv,p_hpfp
39143.31847638882,19980.28556749004,1889258.8597899457
Q,Q_phc
464892.91848871903,305892.91848871903
qm_cb,qm_phc/qm_t,qm_r,qm_v,qm,qm_pot
0.10827165283985414,0.002362820628005876,0.044509867996215875,0,0.11063447346786001,0.0008922083986026099
number of iterations,14,Execution time: ,6.39243221282959
