architecture,t_cbt,t_hxt,eta_hpfp,eta_r,p_cbt,qm_cb0,t0,p0,tpr_hx,Q_hx,pcc,v
after,320,160,0.71,0.71,1330000.0,0.11,25.2,345000.0,0.95,149000.0,True,0
P_hpfp,P_rv,p_hpfp
39511.5009593265,24140.38428760817,1889366.2728114282
Q,Q_phc
465361.31257355545,316361.31257355545
qm_cb,qm_phc/qm_t,qm_r,qm_v,qm,m_z
0.11,0.002590267161283536,0.053752492790310816,0,0.11259026716128354,0.2590267161283536
number of iterations,10,Execution time: ,5.634181976318359
