architecture,t_cbt,t_hxt,eta_hpfp,eta_r,p_cbt,qm_cb0,t0,p0,tpr_hx,Q_hx,pcc,v
after,320,110,0.71,0.71,1330000.0,0.10827165283985414,25.2,345000.0,0.95,159000.0,True,0
P_hpfp,P_rv,p_hpfp
39032.77193870139,8151.838108281397,1889258.8612891329
Q,Q_phc
475352.0109490122,316352.0109490122
qm_cb,qm_phc/qm_t,qm_r,qm_v,qm,qm_pot
0.10827165283985414,0.002400886565811849,0.018153114532384624,0,0.11067253940566599,0.0005391743237831125
number of iterations,16,Execution time: ,7.038370847702026
