architecture,t_cbt,t_hxt,eta_hpfp,eta_r,p_cbt,qm_cb0,t0,p0,tpr_hx,Q_hx,pcc,v
after,320,130,0.71,0.71,1330000.0,0.10827165283985414,25.2,345000.0,0.95,159000.0,True,0
P_hpfp,P_rv,p_hpfp
39051.932388742935,13341.447910240966,1889258.8609416161
Q,Q_phc
470399.74431458046,311399.74431458046
qm_cb,qm_phc/qm_t,qm_r,qm_v,qm,qm_pot
0.10827165283985414,0.0023959394162849407,0.029717350930696582,0,0.11066759225613908,0.0005987132583476317
number of iterations,15,Execution time: ,6.723456621170044
