architecture,t_cbt,t_hxt,eta_hpfp,eta_r,p_cbt,qm_cb0,t0,p0,tpr_hx,Q_hx,pcc,v
after,320,120,0.71,0.71,1330000.0,0.10998,25.2,345000.0,0.95,159000.0,True,0
P_hpfp,P_rv,p_hpfp
39488.426882363165,10708.451215987056,1889258.8609416161
Q,Q_phc
478443.3223980669,319443.3223980669
qm_cb,qm_phc/qm_t,qm_r,qm_v,qm,m_z
0.10998,0.0025307414125845945,0.023849281945692247,0,0.11251074141258459,0.2530741412584595
number of iterations,15,Execution time: ,8.828219413757324
