architecture,t_cbt,t_hxt,eta_hpfp,eta_r,p_cbt,qm_cb0,t0,p0,tpr_hx,Q_hx,pcc,v
after,320,180,0.71,0.71,1330000.0,0.10827165283985414,25.2,345000.0,0.95,159000.0,True,0
P_hpfp,P_rv,p_hpfp
39111.06178798297,33226.821762242645,1889258.855973307
Q,Q_phc
451246.8175681755,292246.8175681755
qm_cb,qm_phc/qm_t,qm_r,qm_v,qm,qm_pot
0.10827165283985414,0.0023364295114830366,0.0740294023054077,0,0.11060808235133718,0.000826694761337372
number of iterations,13,Execution time: ,5.94800329208374
