architecture,t_cbt,t_hxt,eta_hpfp,eta_r,p_cbt,qm_cb0,t0,p0,tpr_hx,Q_hx,pcc,v
after,320,150,0.71,0.71,1330000.0,0.10827165283985414,25.2,345000.0,0.95,159000.0,True,0
P_hpfp,P_rv,p_hpfp
42713.54428822168,26924.99873380326,1889258.855973307
Q,Q_phc
449760.05495983537,290760.05495983537
qm_cb,qm_phc/qm_t,qm_r,qm_v,qm
0.10827165283985414,0.0022721939820867787,0.03890009714739573,0,0.11054384682194092
number of iterations,13,Execution time: ,6.239181756973267
