architecture,t_cbt,t_hxt,eta_hpfp,eta_r,p_cbt,qm_cb0,t0,p0,tpr_hx,Q_hx,pcc,v
after,320,100,0.71,0.71,1330000.0,0.10827165283985414,25.2,345000.0,0.95,159000.0,True,0
P_hpfp,P_rv,p_hpfp
38837.85403639101,5971.2288113321265,1889258.861393996
Q,Q_phc
475118.14762583515,316118.14762583515
qm_cb,qm_phc/qm_t,qm_r,qm_v,qm
0.10827165283985414,0.0023847030828321875,0.013297443033275663,0,0.11065635592268633
number of iterations,17,Execution time: ,8.186704874038696
