architecture,t_cbt,t_hxt,eta_hpfp,eta_r,p_cbt,qm_cb0,t0,p0,tpr_hx,Q_hx,pcc,v
after,320,110,0.71,0.71,1330000.0,0.11,25.2,345000.0,0.95,149000.0,True,0
P_hpfp,P_rv,p_hpfp
39525.263156284054,8249.749764885486,1889366.2728248988
Q,Q_phc
481422.44473678165,332422.44473678165
qm_cb,qm_phc/qm_t,qm_r,qm_v,qm,m_z
0.11,0.00262935213530689,0.018369346808426265,0,0.11262935213530689,0.262935213530689
number of iterations,13,Execution time: ,8.021861553192139
