architecture,t_cbt,t_hxt,eta_hpfp,eta_r,p_cbt,qm_cb0,t0,p0,tpr_hx,Q_hx,pcc,v
after,320,130,0.71,0.71,1330000.0,0.11,25.2,345000.0,0.95,149000.0,True,0
P_hpfp,P_rv,p_hpfp
39522.56299298432,13499.053048011616,1889366.2728247393
Q,Q_phc
476139.689560608,327139.689560608
qm_cb,qm_phc/qm_t,qm_r,qm_v,qm,m_z
0.11,0.0026216791289303473,0.030062493103555445,0,0.11262167912893034,0.2621679128930347
number of iterations,12,Execution time: ,6.685158967971802
