architecture,t_cbt,t_hxt,eta_hpfp,eta_r,p_cbt,qm_cb0,t0,p0,tpr_hx,Q_hx,pcc,v
after,320,160,0.71,0.71,1330000.0,0.10827165283985414,25.2,345000.0,0.95,159000.0,True,0
P_hpfp,P_rv,p_hpfp
38824.845897195926,23718.42385910907,1889258.855973307
Q,Q_phc
457209.8232496538,298209.8232496538
qm_cb,qm_phc/qm_t,qm_r,qm_v,qm
0.10827165283985414,0.002347641324061414,0.05283147886313716,0,0.11061929416391555
number of iterations,13,Execution time: ,6.326920032501221
