architecture,t_cbt,t_hxt,eta_hpfp,eta_r,p_cbt,qm_cb0,t0,p0,tpr_hx,Q_hx,pcc,v
after,320,120,0.71,0.71,1330000.0,0.10827165283985414,25.2,345000.0,0.95,159000.0,True,0
P_hpfp,P_rv,p_hpfp
38836.60586577286,10525.184592427491,1889258.8612891329
Q,Q_phc
470548.7306783455,311548.7306783455
qm_cb,qm_phc/qm_t,qm_r,qm_v,qm
0.10827165283985414,0.0023811468268115227,0.023446476201337718,0,0.11065279966666566
number of iterations,16,Execution time: ,7.2161126136779785
