architecture,t_cbt,t_hxt,eta_hpfp,eta_r,p_cbt,qm_cb0,t0,p0,tpr_hx,Q_hx,pcc,v
after,320,180,0.71,0.71,1330000.0,0.10827165283985414,25.2,345000.0,0.95,159000.0,True,0
P_hpfp,P_rv,p_hpfp
38811.552865694575,32969.39576282044,1889258.855973307
Q,Q_phc
447794.18889356236,288794.18889356236
qm_cb,qm_phc/qm_t,qm_r,qm_v,qm
0.10827165283985414,0.002309766975097549,0.07345848470430849,0,0.11058141981495169
number of iterations,13,Execution time: ,6.533636093139648
