architecture,t_cbt,t_hxt,eta_hpfp,eta_r,p_cbt,qm_cb0,t0,p0,tpr_hx,Q_hx,pcc,v
after,320,190,0.71,0.71,1330000.0,0.11,25.2,345000.0,0.95,149000.0,True,0
P_hpfp,P_rv,p_hpfp
39487.11590650437,39201.43376770432,1889366.2727081615
Q,Q_phc
449998.16076385195,300998.16076385195
qm_cb,qm_phc/qm_t,qm_r,qm_v,qm,m_z
0.11,0.002520981814248568,0.08729063853047857,0,0.11252098181424856,0.2520981814248568
number of iterations,9,Execution time: ,5.223800420761108
