architecture,t_cbt,t_hxt,eta_hpfp,eta_r,p_cbt,qm_cb0,t0,p0,tpr_hx,Q_hx,pcc,v
after,320,160,0.71,0.71,1330000.0,0.10827165283985414,25.2,345000.0,0.95,159000.0,True,0
P_hpfp,P_rv,p_hpfp
39085.49801935084,23862.084075086743,1889258.8597899457
Q,Q_phc
460294.89071504946,301294.89071504946
qm_cb,qm_phc/qm_t,qm_r,qm_v,qm,qm_pot
0.10827165283985414,0.002370974767945516,0.05316606980480396,0,0.11064262760779965,0.0007193128936369506
number of iterations,14,Execution time: ,6.434078216552734
