architecture,t_cbt,t_hxt,eta_hpfp,eta_r,p_cbt,qm_cb0,t0,p0,tpr_hx,Q_hx,pcc,v
after,320,130,0.71,0.71,1330000.0,0.10827165283985414,25.2,345000.0,0.95,159000.0,True,0
P_hpfp,P_rv,p_hpfp
39119.4973999337,13364.870568748785,1889258.8609416161
Q,Q_phc
471213.257937247,312213.257937247
qm_cb,qm_phc/qm_t,qm_r,qm_v,qm,qm_pot
0.10827165283985414,0.002370172599428259,0.029769271603394362,0,0.1106418254392824,0.0008169855087999408
number of iterations,15,Execution time: ,6.380962371826172
