architecture,t_cbt,t_hxt,eta_hpfp,eta_r,p_cbt,qm_cb0,t0,p0,tpr_hx,Q_hx,pcc,v
after,320,160,0.71,0.71,1330000.0,0.10827165283985414,25.2,345000.0,0.95,159000.0,True,0
P_hpfp,P_rv,p_hpfp
42703.92115092698,32259.558454263486,1889258.855973307
Q,Q_phc
444318.1005992332,285318.1005992332
qm_cb,qm_phc/qm_t,qm_r,qm_v,qm
0.10827165283985414,0.0022472890337202067,0.04661685195502028,0,0.11051894187357435
number of iterations,13,Execution time: ,6.306767702102661
