architecture,t_cbt,t_hxt,eta_hpfp,eta_r,p_cbt,qm_cb0,t0,p0,tpr_hx,Q_hx,pcc,v
after,320,110,0.71,0.71,1330000.0,0.10827165283985414,25.2,345000.0,0.95,159000.0,True,0
P_hpfp,P_rv,p_hpfp
38837.49450051497,8110.2277279743175,1889258.8612891329
Q,Q_phc
472974.695172974,313974.695172974
qm_cb,qm_phc/qm_t,qm_r,qm_v,qm
0.10827165283985414,0.0023836787144444482,0.018061040491063197,0,0.11065533155429859
number of iterations,16,Execution time: ,7.563882350921631
