architecture,t_cbt,t_hxt,eta_hpfp,eta_r,p_cbt,qm_cb0,t0,p0,tpr_hx,Q_hx,pcc,v
after,320,100,0.71,0.71,1330000.0,0.10998,25.2,345000.0,0.95,159000.0,True,0
P_hpfp,P_rv,p_hpfp
39490.509907763226,6069.999119867758,1889258.861393996
Q,Q_phc
483107.5770348226,324107.5770348226
qm_cb,qm_phc/qm_t,qm_r,qm_v,qm,m_z
0.10998,0.0025366763106618173,0.01351870285284537,0,0.11251667631066181,0.25366763106618123
number of iterations,17,Execution time: ,10.474212884902954
