architecture,t_cbt,t_hxt,eta_hpfp,eta_r,p_cbt,qm_cb0,t0,p0,tpr_hx,Q_hx,pcc,v
after,320,120,0.71,0.71,1330000.0,0.11,25.2,345000.0,0.95,149000.0,True,0
P_hpfp,P_rv,p_hpfp
39524.26655995139,10718.50970954957,1889366.2728247393
Q,Q_phc
478941.3381190897,329941.3381190897
qm_cb,qm_phc/qm_t,qm_r,qm_v,qm,m_z
0.11,0.002626528558539791,0.023863157629867147,0,0.11262652855853979,0.26265285585397913
number of iterations,12,Execution time: ,6.937112092971802
