architecture,t_cbt,t_hxt,eta_hpfp,eta_r,p_cbt,qm_cb0,t0,p0,tpr_hx,Q_hx,pcc,v
after,320,280,0.71,0.71,1330000.0,0.10827165283985414,25.2,345000.0,0.95,159000.0,True,0
P_hpfp,P_rv,p_hpfp
39366.45797337619,160057.36381319363,1889258.8597899457
Q,Q_phc
327579.8972281436,168579.89722814359
qm_cb,qm_phc/qm_t,qm_r,qm_v,qm,qm_pot
0.10827165283985414,0.0014750741075840678,0.3564991031179102,0,0.10974672694743821,0.002415721345096966
number of iterations,14,Execution time: ,6.725539684295654
