architecture,t_cbt,t_hxt,eta_hpfp,eta_r,p_cbt,qm_cb0,t0,p0,tpr_hx,Q_hx,pcc,v
after,320,230,0.71,0.71,1330000.0,0.10827165283985414,25.2,345000.0,0.95,159000.0,True,0
P_hpfp,P_rv,p_hpfp
42557.4792532519,92087.16086279052,1889258.8433249607
Q,Q_phc
382856.20964157867,223856.20964157867
qm_cb,qm_phc/qm_t,qm_r,qm_v,qm
0.10827165283985414,0.0018682953388828444,0.13311126292515696,0,0.11013994817873698
number of iterations,12,Execution time: ,6.232752084732056
