architecture,t_cbt,t_hxt,eta_hpfp,eta_r,p_cbt,qm_cb0,t0,p0,tpr_hx,Q_hx,pcc,v
after,320,220,0.71,0.71,1330000.0,0.10827165283985414,25.2,345000.0,0.95,159000.0,True,0
P_hpfp,P_rv,p_hpfp
39171.24848598033,60746.006837132525,1889258.8433249607
Q,Q_phc
424473.1824006883,265473.1824006883
qm_cb,qm_phc/qm_t,qm_r,qm_v,qm,qm_pot
0.10827165283985414,0.002192416726624859,0.13532608431701065,0,0.110464069566479,0.0011421928452168425
number of iterations,12,Execution time: ,6.050622463226318
