architecture,t_cbt,t_hxt,eta_hpfp,eta_r,p_cbt,qm_cb0,t0,p0,tpr_hx,Q_hx,pcc,v
after,320,220,0.71,0.71,1330000.0,0.10998,25.2,345000.0,0.95,159000.0,True,0
P_hpfp,P_rv,p_hpfp
39401.12893233378,61055.004181338794,1889258.8433249607
Q,Q_phc
427015.4042549946,268015.4042549946
qm_cb,qm_phc/qm_t,qm_r,qm_v,qm,m_z
0.10998,0.002282014291867654,0.1360624573083172,0,0.11226201429186765,0.22820142918676478
number of iterations,12,Execution time: ,7.700165510177612
