architecture,t_cbt,t_hxt,eta_hpfp,eta_r,p_cbt,qm_cb0,t0,p0,tpr_hx,Q_hx,pcc,v
after,320,200,0.71,0.71,1330000.0,0.10998,25.2,345000.0,0.95,159000.0,True,0
P_hpfp,P_rv,p_hpfp
39436.224147342255,45483.126796595585,1889258.8433249607
Q,Q_phc
443022.01374989556,284022.01374989556
qm_cb,qm_phc/qm_t,qm_r,qm_v,qm,m_z
0.10998,0.0023820078614840146,0.10135359659260262,0,0.11236200786148401,0.23820078614840198
number of iterations,12,Execution time: ,7.455943584442139
