architecture,t_cbt,t_hxt,eta_hpfp,eta_r,p_cbt,qm_cb0,t0,p0,tpr_hx,Q_hx,pcc,v
after,320,220,0.71,0.71,1330000.0,0.11,25.2,345000.0,0.95,149000.0,True,0
P_hpfp,P_rv,p_hpfp
39440.03101317904,61162.98495187784,1889366.2727081615
Q,Q_phc
427453.2823299028,278453.2823299028
qm_cb,qm_phc/qm_t,qm_r,qm_v,qm,m_z
0.11,0.0023869928710120837,0.13621778231415974,0,0.11238699287101209,0.23869928710120836
number of iterations,9,Execution time: ,5.454397916793823
