architecture,t_cbt,t_hxt,eta_hpfp,eta_r,p_cbt,qm_cb0,t0,p0,tpr_hx,Q_hx,pcc,v
after,320,210,0.71,0.71,1330000.0,0.10827165283985414,25.2,345000.0,0.95,159000.0,True,0
P_hpfp,P_rv,p_hpfp
38775.79762429572,51894.38096805877,1889258.8433249607
Q,Q_phc
428426.30863274686,269426.30863274686
qm_cb,qm_phc/qm_t,qm_r,qm_v,qm
0.10827165283985414,0.002207895608259472,0.11561422889456095,0,0.11047954844811361
number of iterations,12,Execution time: ,5.7147815227508545
