architecture,t_cbt,t_hxt,eta_hpfp,eta_r,p_cbt,qm_cb0,t0,p0,tpr_hx,Q_hx,pcc,v
after,320,250,0.71,0.71,1330000.0,0.10827165283985414,25.2,345000.0,0.95,159000.0,True,0
P_hpfp,P_rv,p_hpfp
38672.327741809306,94167.46125464446,1889258.855973307
Q,Q_phc
384871.5242890739,225871.5242890739
qm_cb,qm_phc/qm_t,qm_r,qm_v,qm
0.10827165283985414,0.0019130883900787682,0.20982147238653429,0,0.11018474122993291
number of iterations,13,Execution time: ,6.245959997177124
