architecture,t_cbt,t_hxt,eta_hpfp,eta_r,p_cbt,qm_cb0,t0,p0,tpr_hx,Q_hx,pcc,v
after,320,200,0.71,0.71,1330000.0,0.10827165283985414,25.2,345000.0,0.95,159000.0,True,0
P_hpfp,P_rv,p_hpfp
39212.581154198975,45258.823850435125,1889258.8433249607
Q,Q_phc
440472.3583551171,281472.3583551171
qm_cb,qm_phc/qm_t,qm_r,qm_v,qm,qm_pot
0.10827165283985414,0.0022780356272245673,0.10082037770478797,0,0.1105496884670787,0.001174338498816535
number of iterations,12,Execution time: ,5.933398962020874
