architecture,t_cbt,t_hxt,eta_hpfp,eta_r,p_cbt,qm_cb0,t0,p0,tpr_hx,Q_hx,pcc,v
after,320,260,0.71,0.71,1330000.0,0.10827165283985414,25.2,345000.0,0.95,159000.0,True,0
P_hpfp,P_rv,p_hpfp
39318.70039216533,112453.23414280753,1889258.855973307
Q,Q_phc
374592.45068151806,215592.45068151806
qm_cb,qm_phc/qm_t,qm_r,qm_v,qm,qm_pot
0.10827165283985414,0.0018500016662499417,0.2505029283170799,0,0.11012165450610409,0.0019047240747811147
number of iterations,13,Execution time: ,6.373394012451172
