architecture,t_cbt,t_hxt,eta_hpfp,eta_r,p_cbt,qm_cb0,t0,p0,tpr_hx,Q_hx,pcc,v
after,320,250,0.71,0.71,1330000.0,0.11,25.2,345000.0,0.95,149000.0,True,0
P_hpfp,P_rv,p_hpfp
39349.31170690262,95894.39270344444,1889366.2727081615
Q,Q_phc
391597.96753099223,242597.96753099223
qm_cb,qm_phc/qm_t,qm_r,qm_v,qm,m_z
0.11,0.0021293672538895267,0.21351999357391213,0,0.11212936725388953,0.21293672538895267
number of iterations,9,Execution time: ,5.47490930557251
