architecture,t_cbt,t_hxt,eta_hpfp,eta_r,p_cbt,qm_cb0,t0,p0,tpr_hx,Q_hx,pcc,v
after,320,270,0.71,0.71,1330000.0,0.10827165283985414,25.2,345000.0,0.95,159000.0,True,0
P_hpfp,P_rv,p_hpfp
39279.908153015036,133038.49741187404,1889258.8597899457
Q,Q_phc
353526.6601302589,194526.66013025888
qm_cb,qm_phc/qm_t,qm_r,qm_v,qm,qm_pot
0.10827165283985414,0.001674261487700519,0.29639746220297675,0,0.10994591432755466,0.001969937236426685
number of iterations,14,Execution time: ,6.890496253967285
