architecture,t_cbt,t_hxt,eta_hpfp,eta_r,p_cbt,qm_cb0,t0,p0,tpr_hx,Q_hx,pcc,v
after,320,230,0.71,0.71,1330000.0,0.11,25.2,345000.0,0.95,149000.0,True,0
P_hpfp,P_rv,p_hpfp
39416.27897487101,70858.37906864934,1889366.2727081615
Q,Q_phc
417463.6279907059,268463.6279907059
qm_cb,qm_phc/qm_t,qm_r,qm_v,qm,m_z
0.11,0.002319464282556494,0.15780711333047356,0,0.1123194642825565,0.2319464282556494
number of iterations,9,Execution time: ,6.419286489486694
