architecture,t_cbt,t_hxt,eta_hpfp,eta_r,p_cbt,qm_cb0,t0,p0,tpr_hx,Q_hx,pcc,v
after,320,240,0.71,0.71,1330000.0,0.10827165283985414,25.2,345000.0,0.95,159000.0,True,0
P_hpfp,P_rv,p_hpfp
38707.29151494624,80838.02881622032,1889258.8433249607
Q,Q_phc
398634.0669786389,239634.06697863888
qm_cb,qm_phc/qm_t,qm_r,qm_v,qm
0.10827165283985414,0.0020127088038460472,0.18008209986958928,0,0.11028436164370019
number of iterations,12,Execution time: ,5.987061262130737
