architecture,t_cbt,t_hxt,eta_hpfp,eta_r,p_cbt,qm_cb0,t0,p0,tpr_hx,Q_hx,pcc,v
after,320,210,0.71,0.71,1330000.0,0.10827165283985414,25.2,345000.0,0.95,159000.0,True,0
P_hpfp,P_rv,p_hpfp
39154.8325001986,52409.49209330692,1889258.8433249607
Q,Q_phc
432606.3502607809,273606.3502607809
qm_cb,qm_phc/qm_t,qm_r,qm_v,qm,qm_pot
0.10827165283985414,0.0022411729248434744,0.11675453201176757,0,0.11051282576469762,0.0010466644125733163
number of iterations,12,Execution time: ,5.016918182373047
