architecture,t_cbt,t_hxt,eta_hpfp,eta_r,p_cbt,qm_cb0,t0,p0,tpr_hx,Q_hx,pcc,v
after,320,210,0.71,0.71,1330000.0,0.10827165283985414,25.2,345000.0,0.95,159000.0,True,0
P_hpfp,P_rv,p_hpfp
39228.076004997194,52508.29993922431,1889258.8433249607
Q,Q_phc
433414.81893498846,274414.81893498846
qm_cb,qm_phc/qm_t,qm_r,qm_v,qm,qm_pot
0.10827165283985414,0.0022424066771704713,0.11697400518945043,0,0.11051405951702462,0.0012541151962888635
number of iterations,12,Execution time: ,5.7706298828125
