architecture,t_cbt,t_hxt,eta_hpfp,eta_r,p_cbt,qm_cb0,t0,p0,tpr_hx,Q_hx,pcc,v
after,320,270,0.71,0.71,1330000.0,0.10998,25.2,345000.0,0.95,159000.0,True,0
P_hpfp,P_rv,p_hpfp
39201.793045115955,132775.8126580221,1889258.8433249607
Q,Q_phc
352825.3785115294,193825.37851152942
qm_cb,qm_phc/qm_t,qm_r,qm_v,qm,m_z
0.10998,0.0017140648745258419,0.2958077962751539,0,0.11169406487452584,0.17140648745258405
number of iterations,12,Execution time: ,7.84251070022583
