architecture,t_cbt,t_hxt,eta_hpfp,eta_r,p_cbt,qm_cb0,t0,p0,tpr_hx,Q_hx,pcc,v
after,320,200,0.71,0.71,1330000.0,0.10827165283985414,25.2,345000.0,0.95,159000.0,True,0
P_hpfp,P_rv,p_hpfp
42642.093490228996,60407.10143521936,1889258.8433249607
Q,Q_phc
415480.5677355115,256480.56773551152
qm_cb,qm_phc/qm_t,qm_r,qm_v,qm
0.10827165283985414,0.0020872793538989215,0.08730862999844502,0,0.11035893219375306
number of iterations,12,Execution time: ,5.792358875274658
