architecture,t_cbt,t_hxt,eta_hpfp,eta_r,p_cbt,qm_cb0,t0,p0,tpr_hx,Q_hx,pcc,v
after,320,210,0.71,0.71,1330000.0,0.10998,25.2,345000.0,0.95,159000.0,True,0
P_hpfp,P_rv,p_hpfp
39420.494893415525,52726.438034424165,1889258.8433249607
Q,Q_phc
435583.86080076464,276583.86080076464
qm_cb,qm_phc/qm_t,qm_r,qm_v,qm,m_z
0.10998,0.002337191944352418,0.11749950780969624,0,0.11231719194435241,0.23371919443524136
number of iterations,12,Execution time: ,7.674124717712402
