architecture,t_cbt,t_hxt,eta_hpfp,eta_r,p_cbt,qm_cb0,t0,p0,tpr_hx,Q_hx,pcc,v
after,320,230,0.71,0.71,1330000.0,0.10827165283985414,25.2,345000.0,0.95,159000.0,True,0
P_hpfp,P_rv,p_hpfp
38735.31426935608,69623.937997783,1889258.8433249607
Q,Q_phc
410195.2791858626,251195.27918586257
qm_cb,qm_phc/qm_t,qm_r,qm_v,qm
0.10827165283985414,0.002092550907507415,0.1551108626063259,0,0.11036420374736156
number of iterations,12,Execution time: ,5.80090594291687
