architecture,t_cbt,t_hxt,eta_hpfp,eta_r,p_cbt,qm_cb0,t0,p0,tpr_hx,Q_hx,pcc,v
after,320,260,0.71,0.71,1330000.0,0.11,25.2,345000.0,0.95,149000.0,True,0
P_hpfp,P_rv,p_hpfp
39302.45816100652,112368.60029447741,1889366.2728114282
Q,Q_phc
374543.2986088823,225543.2986088823
qm_cb,qm_phc/qm_t,qm_r,qm_v,qm,m_z
0.11,0.0019954122412277646,0.25028256568212687,0,0.11199541224122776,0.19954122412277644
number of iterations,10,Execution time: ,8.710236072540283
