architecture,t_cbt,t_hxt,eta_hpfp,eta_r,p_cbt,qm_cb0,t0,p0,tpr_hx,Q_hx,pcc,v
after,320,270,0.71,0.71,1330000.0,0.11,25.2,345000.0,0.95,149000.0,True,0
P_hpfp,P_rv,p_hpfp
39241.05468450745,132942.10998728964,1889366.2728114282
Q,Q_phc
353209.07101850363,204209.07101850363
qm_cb,qm_phc/qm_t,qm_r,qm_v,qm,m_z
0.11,0.001821186587749043,0.2960515173106251,0,0.11182118658774905,0.1821186587749043
number of iterations,10,Execution time: ,8.43660044670105
