architecture,t_cbt,t_hxt,eta_hpfp,eta_r,p_cbt,qm_cb0,t0,p0,tpr_hx,Q_hx,pcc,v
after,330,140,0.71,0.71,1330000.0,0.10813695682332779,25.2,345000.0,0.95,159000.0,True,0
P_hpfp,P_rv,p_hpfp
38829.92421097493,16070.832459714782,1889258.8597899457
Q,Q_phc
481229.8246246067,322229.8246246067
qm_cb,qm_phc/qm_t,qm_r,qm_v,qm
0.10813695682332779,0.0024968057941276017,0.03471606295626344,0,0.11063376261745539
number of iterations,14,Execution time: ,6.913969278335571
