architecture,t_cbt,t_hxt,eta_hpfp,eta_r,p_cbt,qm_cb0,t0,p0,tpr_hx,Q_hx,pcc,v
after,330,170,0.71,0.71,1330000.0,0.11,25.2,345000.0,0.95,149000.0,True,0
P_hpfp,P_rv,p_hpfp
39557.75488257891,27892.68213056615,1889366.2728114282
Q,Q_phc
478799.3896692686,329799.3896692686
qm_cb,qm_phc/qm_t,qm_r,qm_v,qm,m_z
0.11,0.0027220352313362325,0.06021556795800746,0,0.11272203523133623,0.2722035231336232
number of iterations,10,Execution time: ,8.388969898223877
