architecture,t_cbt,t_hxt,eta_hpfp,eta_r,p_cbt,qm_cb0,t0,p0,tpr_hx,Q_hx,pcc,v
after,330,190,0.71,0.71,1330000.0,0.10813695682332779,25.2,345000.0,0.95,159000.0,True,0
P_hpfp,P_rv,p_hpfp
42665.21193274583,50624.11477913561,1889258.8433249607
Q,Q_phc
441799.36946127424,282799.36946127424
qm_cb,qm_phc/qm_t,qm_r,qm_v,qm
0.10813695682332779,0.0022818065471175014,0.07095292333192225,0,0.11041876337044529
number of iterations,12,Execution time: ,6.128325939178467
