architecture,t_cbt,t_hxt,eta_hpfp,eta_r,p_cbt,qm_cb0,t0,p0,tpr_hx,Q_hx,pcc,v
after,330,160,0.71,0.71,1330000.0,0.10813695682332779,25.2,345000.0,0.95,159000.0,True,0
P_hpfp,P_rv,p_hpfp
39156.72994192273,23382.11162850341,1889258.855973307
Q,Q_phc
478103.99843757367,319103.99843757367
qm_cb,qm_phc/qm_t,qm_r,qm_v,qm,qm_pot
0.10813695682332779,0.00248643211267455,0.0505123616308853,0,0.11062338893600233,0.0009415053436008762
number of iterations,13,Execution time: ,5.907575607299805
