architecture,t_cbt,t_hxt,eta_hpfp,eta_r,p_cbt,qm_cb0,t0,p0,tpr_hx,Q_hx,pcc,v
after,330,130,0.71,0.71,1330000.0,0.10813695682332779,25.2,345000.0,0.95,159000.0,True,0
P_hpfp,P_rv,p_hpfp
42724.29598029675,17566.06062867055,1889258.8597899457
Q,Q_phc
475539.333358946,316539.333358946
qm_cb,qm_phc/qm_t,qm_r,qm_v,qm
0.10813695682332779,0.0024347150631588016,0.02460754256163826,0,0.11057167188648659
number of iterations,14,Execution time: ,7.037645101547241
