architecture,t_cbt,t_hxt,eta_hpfp,eta_r,p_cbt,qm_cb0,t0,p0,tpr_hx,Q_hx,pcc,v
after,330,180,0.71,0.71,1330000.0,0.11,25.2,345000.0,0.95,149000.0,True,0
P_hpfp,P_rv,p_hpfp
39550.867183985574,32668.181191887146,1889366.2727081615
Q,Q_phc
473935.666851325,324935.666851325
qm_cb,qm_phc/qm_t,qm_r,qm_v,qm,m_z
0.11,0.0027025398264163268,0.07050596255850416,0,0.11270253982641633,0.2702539826416327
number of iterations,9,Execution time: ,7.1095826625823975
