architecture,t_cbt,t_hxt,eta_hpfp,eta_r,p_cbt,qm_cb0,t0,p0,tpr_hx,Q_hx,pcc,v
after,330,140,0.71,0.71,1330000.0,0.10813695682332779,25.2,345000.0,0.95,159000.0,True,0
P_hpfp,P_rv,p_hpfp
39058.5320143071,16166.969650709803,1889258.8597899457
Q,Q_phc
484061.50182217435,325061.50182217435
qm_cb,qm_phc/qm_t,qm_r,qm_v,qm,qm_pot
0.10813695682332779,0.00251781362366692,0.034922589770571416,0,0.1106547704469947,0.0006303388305502315
number of iterations,14,Execution time: ,6.793298006057739
