architecture,t_cbt,t_hxt,eta_hpfp,eta_r,p_cbt,qm_cb0,t0,p0,tpr_hx,Q_hx,pcc,v
after,330,160,0.71,0.71,1330000.0,0.10813695682332779,25.2,345000.0,0.95,159000.0,True,0
P_hpfp,P_rv,p_hpfp
39082.10624977461,23336.993896504915,1889258.855973307
Q,Q_phc
477193.3993579376,318193.3993579376
qm_cb,qm_phc/qm_t,qm_r,qm_v,qm,qm_pot
0.10813695682332779,0.002502829681536939,0.050415330453961786,0,0.11063978650486472,0.0007124908290025543
number of iterations,13,Execution time: ,5.75410008430481
