architecture,t_cbt,t_hxt,eta_hpfp,eta_r,p_cbt,qm_cb0,t0,p0,tpr_hx,Q_hx,pcc,v
after,330,170,0.71,0.71,1330000.0,0.10813695682332779,25.2,345000.0,0.95,159000.0,True,0
P_hpfp,P_rv,p_hpfp
39170.39446846533,27604.683132740854,1889258.855973307
Q,Q_phc
474056.43057311693,315056.43057311693
qm_cb,qm_phc/qm_t,qm_r,qm_v,qm,qm_pot
0.10813695682332779,0.002477849077863998,0.05964446767232903,0,0.11061480590119178,0.0009890211866762498
number of iterations,13,Execution time: ,6.009104490280151
