architecture,t_cbt,t_hxt,eta_hpfp,eta_r,p_cbt,qm_cb0,t0,p0,tpr_hx,Q_hx,pcc,v
after,330,170,0.71,0.71,1330000.0,0.10813695682332779,25.2,345000.0,0.95,159000.0,True,0
P_hpfp,P_rv,p_hpfp
39094.734570816305,27550.85454133865,1889258.855973307
Q,Q_phc
473141.27151370444,314141.27151370444
qm_cb,qm_phc/qm_t,qm_r,qm_v,qm,qm_pot
0.10813695682332779,0.002490616407352918,0.05952857438300372,0,0.1106275732306807,0.0007606845669289439
number of iterations,13,Execution time: ,6.418803691864014
