architecture,t_cbt,t_hxt,eta_hpfp,eta_r,p_cbt,qm_cb0,t0,p0,tpr_hx,Q_hx,pcc,v
after,330,190,0.71,0.71,1330000.0,0.11,25.2,345000.0,0.95,149000.0,True,0
P_hpfp,P_rv,p_hpfp
39542.24625051112,37983.952043751044,1889366.2727081615
Q,Q_phc
468509.47116221103,319509.47116221103
qm_cb,qm_phc/qm_t,qm_r,qm_v,qm,m_z
0.11,0.0026779828382642416,0.08199206043785179,0,0.11267798283826425,0.2677982838264242
number of iterations,9,Execution time: ,6.965015172958374
