architecture,t_cbt,t_hxt,eta_hpfp,eta_r,p_cbt,qm_cb0,t0,p0,tpr_hx,Q_hx,pcc,v
after,330,110,0.71,0.71,1330000.0,0.10813695682332779,25.2,345000.0,0.95,159000.0,True,0
P_hpfp,P_rv,p_hpfp
39027.87518532662,8055.965783020516,1889258.8612891329
Q,Q_phc
491779.8779049226,332779.8779049226
qm_cb,qm_phc/qm_t,qm_r,qm_v,qm,qm_pot
0.10813695682332779,0.002523458588125167,0.017398887944756625,0,0.11066041541145295,0.0005373465459986559
number of iterations,16,Execution time: ,7.588690757751465
