architecture,t_cbt,t_hxt,eta_hpfp,eta_r,p_cbt,qm_cb0,t0,p0,tpr_hx,Q_hx,pcc,v
after,330,180,0.71,0.71,1330000.0,0.10813695682332779,25.2,345000.0,0.95,159000.0,True,0
P_hpfp,P_rv,p_hpfp
39107.96378581378,32260.30301261141,1889258.855973307
Q,Q_phc
468601.25158199953,309601.25158199953
qm_cb,qm_phc/qm_t,qm_r,qm_v,qm,qm_pot
0.10813695682332779,0.0024744456407840955,0.06971214537371566,0,0.11061140246411189,0.0008145478572295666
number of iterations,13,Execution time: ,5.8325889110565186
