architecture,t_cbt,t_hxt,eta_hpfp,eta_r,p_cbt,qm_cb0,t0,p0,tpr_hx,Q_hx,pcc,v
after,330,140,0.71,0.71,1330000.0,0.10813695682332779,25.2,345000.0,0.95,159000.0,True,0
P_hpfp,P_rv,p_hpfp
39130.81120952826,16184.721167475383,1889258.8609416161
Q,Q_phc
484969.4398766923,325969.4398766923
qm_cb,qm_phc/qm_t,qm_r,qm_v,qm,qm_pot
0.10813695682332779,0.0024944347565813998,0.03497135338644864,0,0.11063139157990919,0.0008596545411307931
number of iterations,15,Execution time: ,6.853600025177002
