architecture,t_cbt,t_hxt,eta_hpfp,eta_r,p_cbt,qm_cb0,t0,p0,tpr_hx,Q_hx,pcc,v
after,330,150,0.71,0.71,1330000.0,0.10813695682332779,25.2,345000.0,0.95,159000.0,True,0
P_hpfp,P_rv,p_hpfp
42711.57568028675,26428.427394758113,1889258.855973307
Q,Q_phc
466530.1573574719,307530.1573574719
qm_cb,qm_phc/qm_t,qm_r,qm_v,qm
0.10813695682332779,0.0024017951862383147,0.03702901599980705,0,0.1105387520095661
number of iterations,13,Execution time: ,6.58174467086792
