architecture,t_cbt,t_hxt,eta_hpfp,eta_r,p_cbt,qm_cb0,t0,p0,tpr_hx,Q_hx,pcc,v
after,330,170,0.71,0.71,1330000.0,0.10813695682332779,25.2,345000.0,0.95,159000.0,True,0
P_hpfp,P_rv,p_hpfp
42692.51786586347,37316.69636758118,1889258.8433249607
Q,Q_phc
455421.9411819795,296421.9411819795
qm_cb,qm_phc/qm_t,qm_r,qm_v,qm
0.10813695682332779,0.002352475066760132,0.05228820188492548,0,0.11048943189008792
number of iterations,12,Execution time: ,5.630865812301636
