architecture,t_cbt,t_hxt,eta_hpfp,eta_r,p_cbt,qm_cb0,t0,p0,tpr_hx,Q_hx,pcc,v
after,330,120,0.71,0.71,1330000.0,0.10813695682332779,25.2,345000.0,0.95,159000.0,True,0
P_hpfp,P_rv,p_hpfp
39107.407506352254,10458.320198261921,1889258.8612891329
Q,Q_phc
490396.1058386185,331396.1058386185
qm_cb,qm_phc/qm_t,qm_r,qm_v,qm,qm_pot
0.10813695682332779,0.002493469574547047,0.022594455834204746,0,0.11063042639787483,0.0007939381111975311
number of iterations,16,Execution time: ,7.331154823303223
