architecture,t_cbt,t_hxt,eta_hpfp,eta_r,p_cbt,qm_cb0,t0,p0,tpr_hx,Q_hx,pcc,v
after,330,130,0.71,0.71,1330000.0,0.10998,25.2,345000.0,0.95,159000.0,True,0
P_hpfp,P_rv,p_hpfp
39535.382850087815,13295.252474355519,1889258.8609416161
Q,Q_phc
493044.1070643368,334044.1070643368
qm_cb,qm_phc/qm_t,qm_r,qm_v,qm,m_z
0.10998,0.002664528731035745,0.028726064159757377,0,0.11264452873103574,0.26645287310357435
number of iterations,15,Execution time: ,9.050062656402588
