architecture,t_cbt,t_hxt,eta_hpfp,eta_r,p_cbt,qm_cb0,t0,p0,tpr_hx,Q_hx,pcc,v
after,330,120,0.71,0.71,1330000.0,0.10813695682332779,25.2,345000.0,0.95,159000.0,True,0
P_hpfp,P_rv,p_hpfp
42728.7910529585,13797.616602644435,1889258.8609416161
Q,Q_phc
479359.65667496173,320359.65667496173
qm_cb,qm_phc/qm_t,qm_r,qm_v,qm
0.10813695682332779,0.00244634825117844,0.019329811173964862,0,0.11058330507450623
number of iterations,15,Execution time: ,7.160279273986816
