architecture,t_cbt,t_hxt,eta_hpfp,eta_r,p_cbt,qm_cb0,t0,p0,tpr_hx,Q_hx,pcc,v
after,330,110,0.71,0.71,1330000.0,0.10813695682332779,25.2,345000.0,0.95,159000.0,True,0
P_hpfp,P_rv,p_hpfp
39096.75142488221,8070.468369781306,1889258.8612891329
Q,Q_phc
492647.4836354821,333647.4836354821
qm_cb,qm_phc/qm_t,qm_r,qm_v,qm,qm_pot
0.10813695682332779,0.002490709552603368,0.017430013502010185,0,0.11062766637593116,0.0007663369514197329
number of iterations,16,Execution time: ,7.764648914337158
