architecture,t_cbt,t_hxt,eta_hpfp,eta_r,p_cbt,qm_cb0,t0,p0,tpr_hx,Q_hx,pcc,v
after,330,150,0.71,0.71,1330000.0,0.10813695682332779,25.2,345000.0,0.95,159000.0,True,0
P_hpfp,P_rv,p_hpfp
39143.48155992065,19582.773721793754,1889258.8597899457
Q,Q_phc
481733.65930937475,322733.65930937475
qm_cb,qm_phc/qm_t,qm_r,qm_v,qm,qm_pot
0.10813695682332779,0.002491797726769277,0.042310261674104586,0,0.11062875455009706,0.0008983919720432187
number of iterations,14,Execution time: ,6.584762811660767
