architecture,t_cbt,t_hxt,eta_hpfp,eta_r,p_cbt,qm_cb0,t0,p0,tpr_hx,Q_hx,pcc,v
after,330,180,0.71,0.71,1330000.0,0.10998,25.2,345000.0,0.95,159000.0,True,0
P_hpfp,P_rv,p_hpfp
39512.75218501636,32595.306531928618,1889258.8433249607
Q,Q_phc
473454.2305943814,314454.2305943814
qm_cb,qm_phc/qm_t,qm_r,qm_v,qm,m_z
0.10998,0.002600052163561073,0.07043499216875765,0,0.11258005216356107,0.26000521635610757
number of iterations,12,Execution time: ,7.876867771148682
