architecture,t_cbt,t_hxt,eta_hpfp,eta_r,p_cbt,qm_cb0,t0,p0,tpr_hx,Q_hx,pcc,v
after,330,100,0.71,0.71,1330000.0,0.10813695682332779,25.2,345000.0,0.95,159000.0,True,0
P_hpfp,P_rv,p_hpfp
39018.969482432796,5939.108889449165,1889258.861393996
Q,Q_phc
493782.67804477166,334782.67804477166
qm_cb,qm_phc/qm_t,qm_r,qm_v,qm,qm_pot
0.10813695682332779,0.002522373939187021,0.012826734430312315,0,0.1106593307625148,0.0005130571541513347
number of iterations,17,Execution time: ,8.374484300613403
