architecture,t_cbt,t_hxt,eta_hpfp,eta_r,p_cbt,qm_cb0,t0,p0,tpr_hx,Q_hx,pcc,v
after,330,190,0.71,0.71,1330000.0,0.10998,25.2,345000.0,0.95,159000.0,True,0
P_hpfp,P_rv,p_hpfp
39503.8023988624,37901.88059403854,1889258.8433249607
Q,Q_phc
468033.03441940557,309033.03441940557
qm_cb,qm_phc/qm_t,qm_r,qm_v,qm,m_z
0.10998,0.002574552360678495,0.08191041384376731,0,0.11255455236067849,0.25745523606784876
number of iterations,12,Execution time: ,7.682166337966919
