architecture,t_cbt,t_hxt,eta_hpfp,eta_r,p_cbt,qm_cb0,t0,p0,tpr_hx,Q_hx,pcc,v
after,330,190,0.71,0.71,1330000.0,0.10813695682332779,25.2,345000.0,0.95,159000.0,True,0
P_hpfp,P_rv,p_hpfp
39199.3306347774,37633.30774058167,1889258.8433249607
Q,Q_phc
464398.40580952686,305398.40580952686
qm_cb,qm_phc/qm_t,qm_r,qm_v,qm,qm_pot
0.10813695682332779,0.00244810329705703,0.08130719052207326,0,0.11058506012038481,0.0011012136207648546
number of iterations,12,Execution time: ,5.616687059402466
