architecture,t_cbt,t_hxt,eta_hpfp,eta_r,p_cbt,qm_cb0,t0,p0,tpr_hx,Q_hx,pcc,v
after,330,120,0.71,0.71,1330000.0,0.10813695682332779,25.2,345000.0,0.95,159000.0,True,0
P_hpfp,P_rv,p_hpfp
39037.3907400063,10439.341181592099,1889258.8612891329
Q,Q_phc
489518.3696405184,330518.3696405184
qm_cb,qm_phc/qm_t,qm_r,qm_v,qm,qm_pot
0.10813695682332779,0.0025232866648907185,0.02255363410193728,0,0.11066024348821851,0.0005646300754668446
number of iterations,16,Execution time: ,7.350929498672485
