architecture,t_cbt,t_hxt,eta_hpfp,eta_r,p_cbt,qm_cb0,t0,p0,tpr_hx,Q_hx,pcc,v
after,330,160,0.71,0.71,1330000.0,0.10813695682332779,25.2,345000.0,0.95,159000.0,True,0
P_hpfp,P_rv,p_hpfp
38823.67096364959,23180.41135812197,1889258.855973307
Q,Q_phc
474040.16244676814,315040.16244676814
qm_cb,qm_phc/qm_t,qm_r,qm_v,qm
0.10813695682332779,0.002478989733750381,0.05007889407453525,0,0.11061594655707817
number of iterations,13,Execution time: ,6.262838363647461
