architecture,t_cbt,t_hxt,eta_hpfp,eta_r,p_cbt,qm_cb0,t0,p0,tpr_hx,Q_hx,pcc,v
after,330,120,0.71,0.71,1330000.0,0.10813695682332779,25.2,345000.0,0.95,159000.0,True,0
P_hpfp,P_rv,p_hpfp
38832.65634128067,10383.840226557917,1889258.8612891329
Q,Q_phc
486951.8064828374,327951.8064828374
qm_cb,qm_phc/qm_t,qm_r,qm_v,qm
0.10813695682332779,0.002504589904707699,0.022434265987816157,0,0.11064154672803549
number of iterations,16,Execution time: ,7.8059303760528564
