architecture,t_cbt,t_hxt,eta_hpfp,eta_r,p_cbt,qm_cb0,t0,p0,tpr_hx,Q_hx,pcc,v
after,330,110,0.71,0.71,1330000.0,0.10813695682332779,25.2,345000.0,0.95,159000.0,True,0
P_hpfp,P_rv,p_hpfp
38833.05628911243,8014.9653913420525,1889258.8612891329
Q,Q_phc
489325.8035098448,330325.8035098448
qm_cb,qm_phc/qm_t,qm_r,qm_v,qm
0.10813695682332779,0.002505729431355755,0.01731088079649386,0,0.11064268625468354
number of iterations,16,Execution time: ,7.948055744171143
