architecture,t_cbt,t_hxt,eta_hpfp,eta_r,p_cbt,qm_cb0,t0,p0,tpr_hx,Q_hx,pcc,v
after,330,170,0.71,0.71,1330000.0,0.10998,25.2,345000.0,0.95,159000.0,True,0
P_hpfp,P_rv,p_hpfp
39519.89692833387,27853.989416003373,1889258.8433249607
Q,Q_phc
478287.05219553655,319287.05219553655
qm_cb,qm_phc/qm_t,qm_r,qm_v,qm,m_z
0.10998,0.002620409023837811,0.06018022456271605,0,0.1126004090238378,0.26204090238378064
number of iterations,12,Execution time: ,7.440944194793701
