architecture,t_cbt,t_hxt,eta_hpfp,eta_r,p_cbt,qm_cb0,t0,p0,tpr_hx,Q_hx,pcc,v
after,330,130,0.71,0.71,1330000.0,0.10813695682332779,25.2,345000.0,0.95,159000.0,True,0
P_hpfp,P_rv,p_hpfp
38831.65734502172,13062.279542251366,1889258.8609416161
Q,Q_phc
484260.57314525766,325260.57314525766
qm_cb,qm_phc/qm_t,qm_r,qm_v,qm
0.10813695682332779,0.0025017436326454506,0.02821953450914558,0,0.11063870045597324
number of iterations,15,Execution time: ,7.700759410858154
