architecture,t_cbt,t_hxt,eta_hpfp,eta_r,p_cbt,qm_cb0,t0,p0,tpr_hx,Q_hx,pcc,v
after,330,130,0.71,0.71,1330000.0,0.10813695682332779,25.2,345000.0,0.95,159000.0,True,0
P_hpfp,P_rv,p_hpfp
39047.631319750435,13135.990053268824,1889258.8609416161
Q,Q_phc
486952.87368197914,327952.87368197914
qm_cb,qm_phc/qm_t,qm_r,qm_v,qm,qm_pot
0.10813695682332779,0.002521532684008099,0.02837799778980865,0,0.11065848950733588,0.0005955614520677609
number of iterations,15,Execution time: ,6.797866344451904
