architecture,t_cbt,t_hxt,eta_hpfp,eta_r,p_cbt,qm_cb0,t0,p0,tpr_hx,Q_hx,pcc,v
after,330,260,0.71,0.71,1330000.0,0.10813695682332779,25.2,345000.0,0.95,159000.0,True,0
P_hpfp,P_rv,p_hpfp
39319.039569728295,103467.76527675014,1889258.855973307
Q,Q_phc
400097.0685232856,241097.06852328562
qm_cb,qm_phc/qm_t,qm_r,qm_v,qm,qm_pot
0.10813695682332779,0.0020709248631968526,0.2235892898655513,0,0.11020788168652464,0.0018194632750825996
number of iterations,13,Execution time: ,6.433256149291992
