architecture,t_cbt,t_hxt,eta_hpfp,eta_r,p_cbt,qm_cb0,t0,p0,tpr_hx,Q_hx,pcc,v
after,330,240,0.71,0.71,1330000.0,0.11,25.2,345000.0,0.95,149000.0,True,0
P_hpfp,P_rv,p_hpfp
39455.86388499227,77417.21540601837,1889366.2727081615
Q,Q_phc
427969.7430902992,278969.7430902992
qm_cb,qm_phc/qm_t,qm_r,qm_v,qm,m_z
0.11,0.0024321271932870605,0.16714297123410046,0,0.11243212719328706,0.24321271932870606
number of iterations,9,Execution time: ,6.792330503463745
