architecture,t_cbt,t_hxt,eta_hpfp,eta_r,p_cbt,qm_cb0,t0,p0,tpr_hx,Q_hx,pcc,v
after,330,240,0.71,0.71,1330000.0,0.10813695682332779,25.2,345000.0,0.95,159000.0,True,0
P_hpfp,P_rv,p_hpfp
39280.96858377126,77043.05157991075,1889258.8433249607
Q,Q_phc
426034.2114415897,267034.2114415897
qm_cb,qm_phc/qm_t,qm_r,qm_v,qm,qm_pot
0.10813695682332779,0.0022481472112159716,0.16646912402010716,0,0.11038510403454375,0.0015337715947337056
number of iterations,12,Execution time: ,6.024020671844482
