architecture,t_cbt,t_hxt,eta_hpfp,eta_r,p_cbt,qm_cb0,t0,p0,tpr_hx,Q_hx,pcc,v
after,330,210,0.71,0.71,1330000.0,0.10813695682332779,25.2,345000.0,0.95,159000.0,True,0
P_hpfp,P_rv,p_hpfp
38781.831815564794,49727.67248491782,1889258.8433249607
Q,Q_phc
446957.07099656155,287957.07099656155
qm_cb,qm_phc/qm_t,qm_r,qm_v,qm
0.10813695682332779,0.002359784171877058,0.10745725215481448,0,0.11049674099520485
number of iterations,12,Execution time: ,5.914028167724609
