architecture,t_cbt,t_hxt,eta_hpfp,eta_r,p_cbt,qm_cb0,t0,p0,tpr_hx,Q_hx,pcc,v
after,330,220,0.71,0.71,1330000.0,0.10813695682332779,25.2,345000.0,0.95,159000.0,True,0
P_hpfp,P_rv,p_hpfp
42601.85994078715,76783.34411551505,1889258.8433249607
Q,Q_phc
414908.95874313964,255908.95874313964
qm_cb,qm_phc/qm_t,qm_r,qm_v,qm
0.10813695682332779,0.0021178498176828014,0.10763262477821485,0,0.11025480664101059
number of iterations,12,Execution time: ,5.736483573913574
