architecture,t_cbt,t_hxt,eta_hpfp,eta_r,p_cbt,qm_cb0,t0,p0,tpr_hx,Q_hx,pcc,v
after,330,240,0.71,0.71,1330000.0,0.10813695682332779,25.2,345000.0,0.95,159000.0,True,0
P_hpfp,P_rv,p_hpfp
39203.42049378979,76890.23965567208,1889258.8433249607
Q,Q_phc
425193.853332935,266193.853332935
qm_cb,qm_phc/qm_t,qm_r,qm_v,qm,qm_pot
0.10813695682332779,0.002235582841451491,0.16613950120400708,0,0.11037253966477928,0.0013253868547679771
number of iterations,12,Execution time: ,5.836530447006226
