architecture,t_cbt,t_hxt,eta_hpfp,eta_r,p_cbt,qm_cb0,t0,p0,tpr_hx,Q_hx,pcc,v
after,330,200,0.71,0.71,1330000.0,0.10813695682332779,25.2,345000.0,0.95,159000.0,True,0
P_hpfp,P_rv,p_hpfp
39136.4408520603,43493.06172927677,1889258.8433249607
Q,Q_phc
457733.21293014195,298733.21293014195
qm_cb,qm_phc/qm_t,qm_r,qm_v,qm,qm_pot
0.10813695682332779,0.0024269014631640947,0.09397564273164274,0,0.11056385828649189,0.0009432306223068112
number of iterations,12,Execution time: ,5.845104932785034
