architecture,t_cbt,t_hxt,eta_hpfp,eta_r,p_cbt,qm_cb0,t0,p0,tpr_hx,Q_hx,pcc,v
after,330,250,0.71,0.71,1330000.0,0.11,25.2,345000.0,0.95,149000.0,True,0
P_hpfp,P_rv,p_hpfp
39424.382219849285,89420.50197296985,1889366.2727081615
Q,Q_phc
415563.21042939846,266563.21042939846
qm_cb,qm_phc/qm_t,qm_r,qm_v,qm,m_z
0.11,0.002342644409148055,0.1930465002111475,0,0.11234264440914805,0.2342644409148055
number of iterations,9,Execution time: ,7.050883531570435
