architecture,t_cbt,t_hxt,eta_hpfp,eta_r,p_cbt,qm_cb0,t0,p0,tpr_hx,Q_hx,pcc,v
after,330,230,0.71,0.71,1330000.0,0.10813695682332779,25.2,345000.0,0.95,159000.0,True,0
P_hpfp,P_rv,p_hpfp
39263.31045723476,66794.45631233334,1889258.8433249607
Q,Q_phc
436056.6564310972,277056.6564310972
qm_cb,qm_phc/qm_t,qm_r,qm_v,qm,qm_pot
0.10813695682332779,0.0023094983016545786,0.14433047493056472,0,0.11044645512498237,0.0014221091769796627
number of iterations,12,Execution time: ,5.577033281326294
