architecture,t_cbt,t_hxt,eta_hpfp,eta_r,p_cbt,qm_cb0,t0,p0,tpr_hx,Q_hx,pcc,v
after,330,220,0.71,0.71,1330000.0,0.11,25.2,345000.0,0.95,149000.0,True,0
P_hpfp,P_rv,p_hpfp
39501.560108366655,58384.05269161614,1889366.2727081615
Q,Q_phc
447588.2250214664,298588.2250214664
qm_cb,qm_phc/qm_t,qm_r,qm_v,qm,m_z
0.11,0.002562133164464755,0.12605304807708512,0,0.11256213316446476,0.2562133164464755
number of iterations,9,Execution time: ,6.191408634185791
