architecture,t_cbt,t_hxt,eta_hpfp,eta_r,p_cbt,qm_cb0,t0,p0,tpr_hx,Q_hx,pcc,v
after,330,280,0.71,0.71,1330000.0,0.10813695682332779,25.2,345000.0,0.95,159000.0,True,0
P_hpfp,P_rv,p_hpfp
39363.01296617453,142871.70882855947,1889258.855973307
Q,Q_phc
361256.29885149444,202256.29885149444
qm_cb,qm_phc/qm_t,qm_r,qm_v,qm,qm_pot
0.10813695682332779,0.001772184016771029,0.30862993426865265,0,0.10990914084009881,0.002243492605325022
number of iterations,13,Execution time: ,6.475132703781128
