architecture,t_cbt,t_hxt,eta_hpfp,eta_r,p_cbt,qm_cb0,t0,p0,tpr_hx,Q_hx,pcc,v
after,330,270,0.71,0.71,1330000.0,0.10813695682332779,25.2,345000.0,0.95,159000.0,True,0
P_hpfp,P_rv,p_hpfp
39340.09496407325,121012.67415538529,1889258.855973307
Q,Q_phc
382821.81923628686,223821.81923628686
qm_cb,qm_phc/qm_t,qm_r,qm_v,qm,qm_pot
0.10813695682332779,0.0019418734636549168,0.26146887593091056,0,0.1100788302869827,0.0020085054564797644
number of iterations,13,Execution time: ,6.425276517868042
