architecture,t_cbt,t_hxt,eta_hpfp,eta_r,p_cbt,qm_cb0,t0,p0,tpr_hx,Q_hx,pcc,v
after,330,200,0.71,0.71,1330000.0,0.10813695682332779,25.2,345000.0,0.95,159000.0,True,0
P_hpfp,P_rv,p_hpfp
42647.57513442483,58394.411669482746,1889258.8433249607
Q,Q_phc
433825.51624748105,274825.51624748105
qm_cb,qm_phc/qm_t,qm_r,qm_v,qm
0.10813695682332779,0.002236162019123855,0.08184918935253901,0,0.11037311884245164
number of iterations,12,Execution time: ,5.521786451339722
