architecture,t_cbt,t_hxt,eta_hpfp,eta_r,p_cbt,qm_cb0,t0,p0,tpr_hx,Q_hx,pcc,v
after,330,270,0.71,0.71,1330000.0,0.10813695682332779,25.2,345000.0,0.95,159000.0,True,0
P_hpfp,P_rv,p_hpfp
42381.84246469588,150944.12290083728,1889258.8433249607
Q,Q_phc
338208.83309270814,179208.83309270814
qm_cb,qm_phc/qm_t,qm_r,qm_v,qm
0.10813695682332779,0.0015484384277152652,0.21160176408048198,0,0.10968539525104305
number of iterations,12,Execution time: ,5.98977518081665
