architecture,t_cbt,t_hxt,eta_hpfp,eta_r,p_cbt,qm_cb0,t0,p0,tpr_hx,Q_hx,pcc,v
after,330,230,0.71,0.71,1330000.0,0.11,25.2,345000.0,0.95,149000.0,True,0
P_hpfp,P_rv,p_hpfp
39481.144126028805,67196.54052839258,1889366.2727081615
Q,Q_phc
438514.23052376567,289514.23052376567
qm_cb,qm_phc/qm_t,qm_r,qm_v,qm,m_z
0.11,0.002504033912678402,0.14508012815442553,0,0.11250403391267841,0.2504033912678402
number of iterations,9,Execution time: ,7.930237770080566
