architecture,t_cbt,t_hxt,eta_hpfp,eta_r,p_cbt,qm_cb0,t0,p0,tpr_hx,Q_hx,pcc,v
after,330,220,0.71,0.71,1330000.0,0.10813695682332779,25.2,345000.0,0.95,159000.0,True,0
P_hpfp,P_rv,p_hpfp
38766.31683370397,57260.061495313894,1889258.8433249607
Q,Q_phc
439225.9792837684,280225.9792837684
qm_cb,qm_phc/qm_t,qm_r,qm_v,qm
0.10813695682332779,0.0023155790672710203,0.12373698258631269,0,0.11045253589059881
number of iterations,12,Execution time: ,6.2352800369262695
