architecture,t_cbt,t_hxt,eta_hpfp,eta_r,p_cbt,qm_cb0,t0,p0,tpr_hx,Q_hx,pcc,v
after,330,270,0.71,0.71,1330000.0,0.11,25.2,345000.0,0.95,149000.0,True,0
P_hpfp,P_rv,p_hpfp
39334.45619201526,121100.52351718984,1889366.2727081615
Q,Q_phc
382731.3336925217,233731.33369252167
qm_cb,qm_phc/qm_t,qm_r,qm_v,qm,m_z
0.11,0.0020875519890488073,0.2613607474899312,0,0.11208755198904881,0.20875519890488073
number of iterations,9,Execution time: ,5.471598148345947
