architecture,t_cbt,t_hxt,eta_hpfp,eta_r,p_cbt,qm_cb0,t0,p0,tpr_hx,Q_hx,pcc,v
after,330,270,0.71,0.71,1330000.0,0.10998,25.2,345000.0,0.95,159000.0,True,0
P_hpfp,P_rv,p_hpfp
39295.11088063121,120812.09352900945,1889258.8433249607
Q,Q_phc
382450.05787362426,223450.05787362426
qm_cb,qm_phc/qm_t,qm_r,qm_v,qm,m_z
0.10998,0.0019799468040078844,0.2610958261879683,0,0.11195994680400788,0.19799468040078835
number of iterations,12,Execution time: ,7.985093116760254
