architecture,t_cbt,t_hxt,eta_hpfp,eta_r,p_cbt,qm_cb0,t0,p0,tpr_hx,Q_hx,pcc,v
after,330,230,0.71,0.71,1330000.0,0.10813695682332779,25.2,345000.0,0.95,159000.0,True,0
P_hpfp,P_rv,p_hpfp
39185.0160869234,66660.5607499829,1889258.8433249607
Q,Q_phc
435187.8242363092,276187.8242363092
qm_cb,qm_phc/qm_t,qm_r,qm_v,qm,qm_pot
0.10813695682332779,0.0023002357610887947,0.14404173329443776,0,0.11043719258441659,0.0012082963146397903
number of iterations,12,Execution time: ,5.564223527908325
