architecture,t_cbt,t_hxt,eta_hpfp,eta_r,p_cbt,qm_cb0,t0,p0,tpr_hx,Q_hx,pcc,v
after,330,220,0.71,0.71,1330000.0,0.10813695682332779,25.2,345000.0,0.95,159000.0,True,0
P_hpfp,P_rv,p_hpfp
39167.85357865651,57860.48758983133,1889258.8433249607
Q,Q_phc
443768.0945759912,284768.0945759912
qm_cb,qm_phc/qm_t,qm_r,qm_v,qm,qm_pot
0.10813695682332779,0.002352035692327553,0.12502756098862425,0,0.11048899251565535,0.0011075971658547124
number of iterations,12,Execution time: ,5.618790864944458
