architecture,t_cbt,t_hxt,eta_hpfp,eta_r,p_cbt,qm_cb0,t0,p0,tpr_hx,Q_hx,pcc,v
after,330,220,0.71,0.71,1330000.0,0.10998,25.2,345000.0,0.95,159000.0,True,0
P_hpfp,P_rv,p_hpfp
39462.245658441105,58262.552138254556,1889258.8433249607
Q,Q_phc
447140.13547791267,288140.13547791267
qm_cb,qm_phc/qm_t,qm_r,qm_v,qm,m_z
0.10998,0.0024561485607490358,0.12592954090346695,0,0.11243614856074903,0.2456148560749041
number of iterations,12,Execution time: ,7.8167884349823
