architecture,t_cbt,t_hxt,eta_hpfp,eta_r,p_cbt,qm_cb0,t0,p0,tpr_hx,Q_hx,pcc,v
after,330,240,0.71,0.71,1330000.0,0.10813695682332779,25.2,345000.0,0.95,159000.0,True,0
P_hpfp,P_rv,p_hpfp
38723.30335673978,75935.14529068636,1889258.8433249607
Q,Q_phc
420000.0154300788,261000.01543007878
qm_cb,qm_phc/qm_t,qm_r,qm_v,qm
0.10813695682332779,0.0021930255724794956,0.16408857625087492,0,0.11032998239580728
number of iterations,12,Execution time: ,5.733895301818848
