architecture,t_cbt,t_hxt,eta_hpfp,eta_r,p_cbt,qm_cb0,t0,p0,tpr_hx,Q_hx,pcc,v
after,330,250,0.71,0.71,1330000.0,0.10813695682332779,25.2,345000.0,0.95,159000.0,True,0
P_hpfp,P_rv,p_hpfp
42495.032681108685,114614.07752471011,1889258.8433249607
Q,Q_phc
375845.2711532494,216845.27115324943
qm_cb,qm_phc/qm_t,qm_r,qm_v,qm
0.10813695682332779,0.0018413778778142431,0.1606697832199482,0,0.10997833470114203
number of iterations,12,Execution time: ,6.225905418395996
