architecture,t_cbt,t_hxt,eta_hpfp,eta_r,p_cbt,qm_cb0,t0,p0,tpr_hx,Q_hx,pcc,v
after,330,270,0.71,0.71,1330000.0,0.10813695682332779,25.2,345000.0,0.95,159000.0,True,0
P_hpfp,P_rv,p_hpfp
39269.551268652474,120795.6352097235,1889258.855973307
Q,Q_phc
382135.39450000384,223135.39450000384
qm_cb,qm_phc/qm_t,qm_r,qm_v,qm,qm_pot
0.10813695682332779,0.0019217960042151525,0.26099972546893185,0,0.11005875282754293,0.001827590648858811
number of iterations,13,Execution time: ,6.340857744216919
