architecture,t_cbt,t_hxt,eta_hpfp,eta_r,p_cbt,qm_cb0,t0,p0,tpr_hx,Q_hx,pcc,v
after,330,260,0.71,0.71,1330000.0,0.10813695682332779,25.2,345000.0,0.95,159000.0,True,0
P_hpfp,P_rv,p_hpfp
39245.09735436923,103272.83104798585,1889258.855973307
Q,Q_phc
399345.01371580805,240345.01371580805
qm_cb,qm_phc/qm_t,qm_r,qm_v,qm,qm_pot
0.10813695682332779,0.002052797888720935,0.22316823946109762,0,0.11018975471204873,0.001626914959472513
number of iterations,13,Execution time: ,6.375547170639038
