architecture,t_cbt,t_hxt,eta_hpfp,eta_r,p_cbt,qm_cb0,t0,p0,tpr_hx,Q_hx,pcc,v
after,330,240,0.71,0.71,1330000.0,0.10813695682332779,25.2,345000.0,0.95,159000.0,True,0
P_hpfp,P_rv,p_hpfp
42537.2172542882,100255.08553933323,1889258.8433249607
Q,Q_phc
390691.1392975681,231691.13929756812
qm_cb,qm_phc/qm_t,qm_r,qm_v,qm
0.10813695682332779,0.0019505527346304757,0.1405395209560173,0,0.11008750955795826
number of iterations,12,Execution time: ,6.475139379501343
