architecture,t_cbt,t_hxt,eta_hpfp,eta_r,p_cbt,qm_cb0,t0,p0,tpr_hx,Q_hx,pcc,v
after,330,260,0.71,0.71,1330000.0,0.11,25.2,345000.0,0.95,149000.0,True,0
P_hpfp,P_rv,p_hpfp
39384.82127341596,103730.11013497495,1889366.2727081615
Q,Q_phc
400746.86931506346,251746.86931506346
qm_cb,qm_phc/qm_t,qm_r,qm_v,qm,m_z
0.11,0.0022303171200265303,0.22391433234300298,0,0.11223031712002653,0.223031712002653
number of iterations,9,Execution time: ,6.920905590057373
