architecture,t_cbt,t_hxt,eta_hpfp,eta_r,p_cbt,qm_cb0,t0,p0,tpr_hx,Q_hx,pcc,v
after,330,200,0.71,0.71,1330000.0,0.10998,25.2,345000.0,0.95,159000.0,True,0
P_hpfp,P_rv,p_hpfp
39492.70729168754,43864.115357383605,1889258.8433249607
Q,Q_phc
461928.7018891442,302928.7018891442
qm_cb,qm_phc/qm_t,qm_r,qm_v,qm,m_z
0.10998,0.0025429400918429296,0.09480198418688926,0,0.11252294009184292,0.25429400918429307
number of iterations,12,Execution time: ,7.523498058319092
