architecture,t_cbt,t_hxt,eta_hpfp,eta_r,p_cbt,qm_cb0,t0,p0,tpr_hx,Q_hx,pcc,v
after,330,260,0.71,0.71,1330000.0,0.10813695682332779,25.2,345000.0,0.95,159000.0,True,0
P_hpfp,P_rv,p_hpfp
42444.04957701323,131300.05098149792,1889258.8433249607
Q,Q_phc
358570.87268651096,199570.87268651096
qm_cb,qm_phc/qm_t,qm_r,qm_v,qm
0.10813695682332779,0.0017094321765745296,0.18406212130754238,0,0.10984638899990232
number of iterations,12,Execution time: ,6.176866292953491
