architecture,t_cbt,t_hxt,eta_hpfp,eta_r,p_cbt,qm_cb0,t0,p0,tpr_hx,Q_hx,pcc,v
after,330,200,0.71,0.71,1330000.0,0.10813695682332779,25.2,345000.0,0.95,159000.0,True,0
P_hpfp,P_rv,p_hpfp
38794.35735060488,43108.037070367405,1889258.8433249607
Q,Q_phc
453737.12281918526,294737.12281918526
qm_cb,qm_phc/qm_t,qm_r,qm_v,qm
0.10813695682332779,0.002395471779613925,0.093148155214588,0,0.11053242860294171
number of iterations,12,Execution time: ,5.925068140029907
