architecture,t_cbt,t_hxt,eta_hpfp,eta_r,p_cbt,qm_cb0,t0,p0,tpr_hx,Q_hx,pcc,v
after,340,120,0.71,0.71,1330000.0,0.10800295595780073,25.2,345000.0,0.95,159000.0,True,0
P_hpfp,P_rv,p_hpfp
39032.837144216566,10309.702539156851,1889258.8612891329
Q,Q_phc
505939.8447807537,346939.8447807537
qm_cb,qm_phc/qm_t,qm_r,qm_v,qm,qm_pot
0.10800295595780073,0.002646549439994395,0.021622028642415986,0,0.11064950539779513,0.000562394114439221
number of iterations,16,Execution time: ,7.13003134727478
