architecture,t_cbt,t_hxt,eta_hpfp,eta_r,p_cbt,qm_cb0,t0,p0,tpr_hx,Q_hx,pcc,v
after,340,150,0.71,0.71,1330000.0,0.10800295595780073,25.2,345000.0,0.95,159000.0,True,0
P_hpfp,P_rv,p_hpfp
39066.3235749172,19186.60039683176,1889258.8597899457
Q,Q_phc
497505.84074221837,338505.84074221837
qm_cb,qm_phc/qm_t,qm_r,qm_v,qm,qm_pot
0.10800295595780073,0.0026403465963415152,0.04024276823598178,0,0.11064330255414224,0.0006640063461028122
number of iterations,14,Execution time: ,6.608517169952393
