architecture,t_cbt,t_hxt,eta_hpfp,eta_r,p_cbt,qm_cb0,t0,p0,tpr_hx,Q_hx,pcc,v
after,340,150,0.71,0.71,1330000.0,0.10800295595780073,25.2,345000.0,0.95,159000.0,True,0
P_hpfp,P_rv,p_hpfp
42709.49036986695,25979.093992206108,1889258.855973307
Q,Q_phc
483205.81983069406,324205.81983069406
qm_cb,qm_phc/qm_t,qm_r,qm_v,qm
0.10800295595780073,0.0025303992100969286,0.03533388250662252,0,0.11053335516789765
number of iterations,13,Execution time: ,6.149228572845459
