architecture,t_cbt,t_hxt,eta_hpfp,eta_r,p_cbt,qm_cb0,t0,p0,tpr_hx,Q_hx,pcc,v
after,340,140,0.71,0.71,1330000.0,0.10800295595780073,25.2,345000.0,0.95,159000.0,True,0
P_hpfp,P_rv,p_hpfp
39054.5878734976,15905.072212104931,1889258.8597899457
Q,Q_phc
500632.1521658044,341632.1521658044
qm_cb,qm_phc/qm_t,qm_r,qm_v,qm,qm_pot
0.10800295595780073,0.0026444069506461015,0.03335271600176153,0,0.11064736290844683,0.000626508769568494
number of iterations,14,Execution time: ,6.514986515045166
