architecture,t_cbt,t_hxt,eta_hpfp,eta_r,p_cbt,qm_cb0,t0,p0,tpr_hx,Q_hx,pcc,v
after,340,130,0.71,0.71,1330000.0,0.10800295595780073,25.2,345000.0,0.95,159000.0,True,0
P_hpfp,P_rv,p_hpfp
38828.24164465162,12877.13259278447,1889258.8609416161
Q,Q_phc
500666.428414327,341666.428414327
qm_cb,qm_phc/qm_t,qm_r,qm_v,qm
0.10800295595780073,0.0026260125249338434,0.027006031974221037,0,0.11062896848273457
number of iterations,15,Execution time: ,7.352591276168823
