architecture,t_cbt,t_hxt,eta_hpfp,eta_r,p_cbt,qm_cb0,t0,p0,tpr_hx,Q_hx,pcc,v
after,340,160,0.71,0.71,1330000.0,0.10998,25.2,345000.0,0.95,159000.0,True,0
P_hpfp,P_rv,p_hpfp
39576.63976490983,23130.94446892213,1889258.855973307
Q,Q_phc
500314.8659253876,341314.8659253876
qm_cb,qm_phc/qm_t,qm_r,qm_v,qm,m_z
0.10998,0.00278207908281701,0.04851987175848702,0,0.112762079082817,0.27820790828170067
number of iterations,13,Execution time: ,8.371339082717896
