architecture,t_cbt,t_hxt,eta_hpfp,eta_r,p_cbt,qm_cb0,t0,p0,tpr_hx,Q_hx,pcc,v
after,340,120,0.71,0.71,1330000.0,0.10800295595780073,25.2,345000.0,0.95,159000.0,True,0
P_hpfp,P_rv,p_hpfp
42724.47424452131,13637.56506434692,1889258.8609416161
Q,Q_phc
495725.98334528017,336725.98334528017
qm_cb,qm_phc/qm_t,qm_r,qm_v,qm
0.10800295595780073,0.0025691770958597426,0.018545930972964808,0,0.11057213305366047
number of iterations,15,Execution time: ,7.1897053718566895
