architecture,t_cbt,t_hxt,eta_hpfp,eta_r,p_cbt,qm_cb0,t0,p0,tpr_hx,Q_hx,pcc,v
after,340,110,0.71,0.71,1330000.0,0.10800295595780073,25.2,345000.0,0.95,159000.0,True,0
P_hpfp,P_rv,p_hpfp
39023.01751027739,7968.394206324941,1889258.8612891329
Q,Q_phc
508151.2783223369,349151.2783223369
qm_cb,qm_phc/qm_t,qm_r,qm_v,qm,qm_pot
0.10800295595780073,0.002645344552434206,0.016706414487420954,0,0.11064830051023493,0.0005356210167236892
number of iterations,16,Execution time: ,7.142544746398926
