architecture,t_cbt,t_hxt,eta_hpfp,eta_r,p_cbt,qm_cb0,t0,p0,tpr_hx,Q_hx,pcc,v
after,340,100,0.71,0.71,1330000.0,0.10998,25.2,345000.0,0.95,159000.0,True,0
P_hpfp,P_rv,p_hpfp
39585.462187962316,5967.200677589725,1889258.861393996
Q,Q_phc
517595.29176690726,358595.29176690726
qm_cb,qm_phc/qm_t,qm_r,qm_v,qm,m_z
0.10998,0.0028072151059590766,0.012511811647481651,0,0.11278721510595907,0.28072151059590766
number of iterations,17,Execution time: ,11.099404335021973
