architecture,t_cbt,t_hxt,eta_hpfp,eta_r,p_cbt,qm_cb0,t0,p0,tpr_hx,Q_hx,pcc,v
after,340,110,0.71,0.71,1330000.0,0.10800295595780073,25.2,345000.0,0.95,159000.0,True,0
P_hpfp,P_rv,p_hpfp
38828.62217654161,7927.948247202966,1889258.8612891329
Q,Q_phc
505620.6454057061,346620.6454057061
qm_cb,qm_phc/qm_t,qm_r,qm_v,qm
0.10800295595780073,0.0026270966756108266,0.016622121625676622,0,0.11063005263341155
number of iterations,16,Execution time: ,7.6762964725494385
