architecture,t_cbt,t_hxt,eta_hpfp,eta_r,p_cbt,qm_cb0,t0,p0,tpr_hx,Q_hx,pcc,v
after,340,190,0.71,0.71,1330000.0,0.10800295595780073,25.2,345000.0,0.95,159000.0,True,0
P_hpfp,P_rv,p_hpfp
39201.15562926847,36510.88642107985,1889258.8433249607
Q,Q_phc
481964.8612137791,322964.8612137791
qm_cb,qm_phc/qm_t,qm_r,qm_v,qm,qm_pot
0.10800295595780073,0.002588619305172888,0.07657990072613251,0,0.11059157526297361,0.0010998982311056496
number of iterations,12,Execution time: ,5.7973792552948
