architecture,t_cbt,t_hxt,eta_hpfp,eta_r,p_cbt,qm_cb0,t0,p0,tpr_hx,Q_hx,pcc,v
after,340,140,0.71,0.71,1330000.0,0.10800295595780073,25.2,345000.0,0.95,159000.0,True,0
P_hpfp,P_rv,p_hpfp
42715.66520437748,21446.81081201001,1889258.855973307
Q,Q_phc
487811.71973052033,328811.71973052033
qm_cb,qm_phc/qm_t,qm_r,qm_v,qm
0.10800295595780073,0.002546379854448902,0.029161122325504326,0,0.11054933581224963
number of iterations,13,Execution time: ,6.2873454093933105
