architecture,t_cbt,t_hxt,eta_hpfp,eta_r,p_cbt,qm_cb0,t0,p0,tpr_hx,Q_hx,pcc,v
after,340,180,0.71,0.71,1330000.0,0.10800295595780073,25.2,345000.0,0.95,159000.0,True,0
P_hpfp,P_rv,p_hpfp
42681.40971587338,42573.06080950721,1889258.8433249607
Q,Q_phc
466277.0840669931,307277.0840669931
qm_cb,qm_phc/qm_t,qm_r,qm_v,qm
0.10800295595780073,0.0024577277290162847,0.05791630906028932,0,0.11046068368681701
number of iterations,12,Execution time: ,6.089187860488892
