architecture,t_cbt,t_hxt,eta_hpfp,eta_r,p_cbt,qm_cb0,t0,p0,tpr_hx,Q_hx,pcc,v
after,340,100,0.71,0.71,1330000.0,0.10800295595780073,25.2,345000.0,0.95,159000.0,True,0
P_hpfp,P_rv,p_hpfp
42729.46199955166,7391.5447489831395,1889258.8612891329
Q,Q_phc
502031.46767268534,343031.46767268534
qm_cb,qm_phc/qm_t,qm_r,qm_v,qm
0.10800295595780073,0.002582085489216915,0.01004702501069861,0,0.11058504144701764
number of iterations,16,Execution time: ,7.745373964309692
