architecture,t_cbt,t_hxt,eta_hpfp,eta_r,p_cbt,qm_cb0,t0,p0,tpr_hx,Q_hx,pcc,v
after,340,130,0.71,0.71,1330000.0,0.11,25.2,345000.0,0.95,149000.0,True,0
P_hpfp,P_rv,p_hpfp
39621.03100119105,13156.460784602823,1889366.2728233607
Q,Q_phc
510944.77502727276,361944.77502727276
qm_cb,qm_phc/qm_t,qm_r,qm_v,qm,m_z
0.11,0.0029022612046753333,0.027560356750293176,0,0.11290226120467534,0.2902261204675333
number of iterations,11,Execution time: ,5.919561862945557
