architecture,t_cbt,t_hxt,eta_hpfp,eta_r,p_cbt,qm_cb0,t0,p0,tpr_hx,Q_hx,pcc,v
after,340,110,0.71,0.71,1330000.0,0.10800295595780073,25.2,345000.0,0.95,159000.0,True,0
P_hpfp,P_rv,p_hpfp
39095.272624853606,7983.437072218005,1889258.8612891329
Q,Q_phc
509091.88390325545,350091.88390325545
qm_cb,qm_phc/qm_t,qm_r,qm_v,qm,qm_pot
0.10800295595780073,0.0026113817759978123,0.016737759459244106,0,0.11061433773379854,0.0007754522139414212
number of iterations,16,Execution time: ,7.601623296737671
