architecture,t_cbt,t_hxt,eta_hpfp,eta_r,p_cbt,qm_cb0,t0,p0,tpr_hx,Q_hx,pcc,v
after,340,160,0.71,0.71,1330000.0,0.10800295595780073,25.2,345000.0,0.95,159000.0,True,0
P_hpfp,P_rv,p_hpfp
39157.38061245152,22896.93149591355,1889258.855973307
Q,Q_phc
494999.8360380885,335999.8360380885
qm_cb,qm_phc/qm_t,qm_r,qm_v,qm,qm_pot
0.10800295595780073,0.0026170206621316506,0.048019264220741556,0,0.11061997661993238,0.0009467715424864457
number of iterations,13,Execution time: ,6.1157753467559814
