architecture,t_cbt,t_hxt,eta_hpfp,eta_r,p_cbt,qm_cb0,t0,p0,tpr_hx,Q_hx,pcc,v
after,340,150,0.71,0.71,1330000.0,0.10800295595780073,25.2,345000.0,0.95,159000.0,True,0
P_hpfp,P_rv,p_hpfp
39143.7049312807,19224.99518289049,1889258.8597899457
Q,Q_phc
498490.8942425445,339490.8942425445
qm_cb,qm_phc/qm_t,qm_r,qm_v,qm,qm_pot
0.10800295595780073,0.002619883137813635,0.04032300341277069,0,0.11062283909561436,0.0009049438535734851
number of iterations,14,Execution time: ,6.951432704925537
