architecture,t_cbt,t_hxt,eta_hpfp,eta_r,p_cbt,qm_cb0,t0,p0,tpr_hx,Q_hx,pcc,v
after,340,190,0.71,0.71,1330000.0,0.10998,25.2,345000.0,0.95,159000.0,True,0
P_hpfp,P_rv,p_hpfp
39558.17364018867,36824.47195964919,1889258.8433249607
Q,Q_phc
486377.113478912,327377.113478912
qm_cb,qm_phc/qm_t,qm_r,qm_v,qm,m_z
0.10998,0.0027294673399248653,0.07725576518143794,0,0.11270946733992486,0.2729467339924863
number of iterations,12,Execution time: ,7.620175361633301
