architecture,t_cbt,t_hxt,eta_hpfp,eta_r,p_cbt,qm_cb0,t0,p0,tpr_hx,Q_hx,pcc,v
after,340,150,0.71,0.71,1330000.0,0.10998,25.2,345000.0,0.95,159000.0,True,0
P_hpfp,P_rv,p_hpfp
39580.147034554946,19444.41887230552,1889258.855973307
Q,Q_phc
504047.7791287481,345047.7791287481
qm_cb,qm_phc/qm_t,qm_r,qm_v,qm,m_z
0.10998,0.0027920720235880547,0.04077879864087735,0,0.11277207202358805,0.2792072023588061
number of iterations,13,Execution time: ,8.357837200164795
