architecture,t_cbt,t_hxt,eta_hpfp,eta_r,p_cbt,qm_cb0,t0,p0,tpr_hx,Q_hx,pcc,v
after,340,190,0.71,0.71,1330000.0,0.10800295595780073,25.2,345000.0,0.95,159000.0,True,0
P_hpfp,P_rv,p_hpfp
39119.14612823202,36433.85584143393,1889258.8433249607
Q,Q_phc
480957.2314899087,321957.2314899087
qm_cb,qm_phc/qm_t,qm_r,qm_v,qm,qm_pot
0.10800295595780073,0.0025935209138392905,0.0764188765786678,0,0.11059647687164001,0.0008613361125833432
number of iterations,12,Execution time: ,5.575202703475952
