architecture,t_cbt,t_hxt,eta_hpfp,eta_r,p_cbt,qm_cb0,t0,p0,tpr_hx,Q_hx,pcc,v
after,340,100,0.71,0.71,1330000.0,0.10800295595780073,25.2,345000.0,0.95,159000.0,True,0
P_hpfp,P_rv,p_hpfp
38828.1208453918,5854.348645081955,1889258.861393996
Q,Q_phc
507687.6143012493,348687.6143012493
qm_cb,qm_phc/qm_t,qm_r,qm_v,qm
0.10800295595780073,0.0026256682718197866,0.012274151683429518,0,0.11062862422962051
number of iterations,17,Execution time: ,8.23391580581665
