architecture,t_cbt,t_hxt,eta_hpfp,eta_r,p_cbt,qm_cb0,t0,p0,tpr_hx,Q_hx,pcc,v
after,340,160,0.71,0.71,1330000.0,0.10800295595780073,25.2,345000.0,0.95,159000.0,True,0
P_hpfp,P_rv,p_hpfp
39078.72888721879,22850.40630297944,1889258.855973307
Q,Q_phc
494006.11099921697,335006.11099921697
qm_cb,qm_phc/qm_t,qm_r,qm_v,qm,qm_pot
0.10800295595780073,0.0026337100705266865,0.047922105895289904,0,0.11063666602832742,0.0007059885638798011
number of iterations,13,Execution time: ,6.306538343429565
