architecture,t_cbt,t_hxt,eta_hpfp,eta_r,p_cbt,qm_cb0,t0,p0,tpr_hx,Q_hx,pcc,v
after,340,160,0.71,0.71,1330000.0,0.11,25.2,345000.0,0.95,149000.0,True,0
P_hpfp,P_rv,p_hpfp
39614.4246771879,23173.831921839435,1889366.2728114282
Q,Q_phc
500840.01642262615,351840.01642262615
qm_cb,qm_phc/qm_t,qm_r,qm_v,qm,m_z
0.11,0.0028834899802536924,0.04856393288166521,0,0.11288348998025369,0.28834899802536923
number of iterations,10,Execution time: ,5.485851287841797
