architecture,t_cbt,t_hxt,eta_hpfp,eta_r,p_cbt,qm_cb0,t0,p0,tpr_hx,Q_hx,pcc,v
after,340,110,0.71,0.71,1330000.0,0.10800295595780073,25.2,345000.0,0.95,159000.0,True,0
P_hpfp,P_rv,p_hpfp
42727.35753810383,10342.530121827269,1889258.8609416161
Q,Q_phc
499055.3930735934,340055.3930735934
qm_cb,qm_phc/qm_t,qm_r,qm_v,qm
0.10800295595780073,0.002576639140209655,0.014058934083829184,0,0.11057959509801038
number of iterations,15,Execution time: ,7.454530477523804
