architecture,t_cbt,t_hxt,eta_hpfp,eta_r,p_cbt,qm_cb0,t0,p0,tpr_hx,Q_hx,pcc,v
after,340,140,0.71,0.71,1330000.0,0.10998,25.2,345000.0,0.95,159000.0,True,0
P_hpfp,P_rv,p_hpfp
39582.66552737553,16113.313621545603,1889258.8597899457
Q,Q_phc
507412.1911475175,348412.1911475175
qm_cb,qm_phc/qm_t,qm_r,qm_v,qm,m_z
0.10998,0.002799247103185201,0.03379508088157607,0,0.1127792471031852,0.27992471031852045
number of iterations,14,Execution time: ,9.09599494934082
