architecture,t_cbt,t_hxt,eta_hpfp,eta_r,p_cbt,qm_cb0,t0,p0,tpr_hx,Q_hx,pcc,v
after,340,180,0.71,0.71,1330000.0,0.10800295595780073,25.2,345000.0,0.95,159000.0,True,0
P_hpfp,P_rv,p_hpfp
39105.14754073853,31424.048596238805,1889258.8433249607
Q,Q_phc
485781.89296580164,326781.89296580164
qm_cb,qm_phc/qm_t,qm_r,qm_v,qm,qm_pot
0.10800295595780073,0.0026108621250558093,0.06590281064310957,0,0.11061381808285653,0.0008041102898321502
number of iterations,12,Execution time: ,5.597743034362793
