architecture,t_cbt,t_hxt,eta_hpfp,eta_r,p_cbt,qm_cb0,t0,p0,tpr_hx,Q_hx,pcc,v
after,340,100,0.71,0.71,1330000.0,0.11,25.2,345000.0,0.95,149000.0,True,0
P_hpfp,P_rv,p_hpfp
39621.124805466745,5979.342798094155,1889366.2728248988
Q,Q_phc
518123.1338397827,369123.1338397827
qm_cb,qm_phc/qm_t,qm_r,qm_v,qm,m_z
0.11,0.0029024933280457875,0.012523375049427032,0,0.11290249332804579,0.29024933280457876
number of iterations,13,Execution time: ,7.302624702453613
