architecture,t_cbt,t_hxt,eta_hpfp,eta_r,p_cbt,qm_cb0,t0,p0,tpr_hx,Q_hx,pcc,v
after,340,160,0.71,0.71,1330000.0,0.10800295595780073,25.2,345000.0,0.95,159000.0,True,0
P_hpfp,P_rv,p_hpfp
42701.805472868145,31003.7708851038,1889258.8433249607
Q,Q_phc
478089.53334275674,319089.53334275674
qm_cb,qm_phc/qm_t,qm_r,qm_v,qm
0.10800295595780073,0.00251051251932545,0.042162060148430526,0,0.11051346847712618
number of iterations,12,Execution time: ,5.785512208938599
