architecture,t_cbt,t_hxt,eta_hpfp,eta_r,p_cbt,qm_cb0,t0,p0,tpr_hx,Q_hx,pcc,v
after,340,120,0.71,0.71,1330000.0,0.10800295595780073,25.2,345000.0,0.95,159000.0,True,0
P_hpfp,P_rv,p_hpfp
38828.69893552704,10255.07674153385,1889258.8612891329
Q,Q_phc
503294.5321281613,344294.5321281613
qm_cb,qm_phc/qm_t,qm_r,qm_v,qm
0.10800295595780073,0.002627315376407355,0.02150795948849816,0,0.11063027133420808
number of iterations,16,Execution time: ,7.86277174949646
