architecture,t_cbt,t_hxt,eta_hpfp,eta_r,p_cbt,qm_cb0,t0,p0,tpr_hx,Q_hx,pcc,v
after,340,140,0.71,0.71,1330000.0,0.10800295595780073,25.2,345000.0,0.95,159000.0,True,0
P_hpfp,P_rv,p_hpfp
38827.123468295686,15811.050211078666,1889258.8597899457
Q,Q_phc
497717.7226914665,338717.7226914665
qm_cb,qm_phc/qm_t,qm_r,qm_v,qm
0.10800295595780073,0.0026228268166077207,0.03315657803088134,0,0.11062578277440845
number of iterations,14,Execution time: ,6.9451329708099365
