architecture,t_cbt,t_hxt,eta_hpfp,eta_r,p_cbt,qm_cb0,t0,p0,tpr_hx,Q_hx,pcc,v
after,340,210,0.71,0.71,1330000.0,0.10800295595780073,25.2,345000.0,0.95,159000.0,True,0
P_hpfp,P_rv,p_hpfp
39232.56821367093,48411.3311482972,1889258.8433249607
Q,Q_phc
470479.88034015923,311479.88034015923
qm_cb,qm_phc/qm_t,qm_r,qm_v,qm,qm_pot
0.10800295595780073,0.0025460615975470115,0.1015542909445124,0,0.11054901755534774,0.0012319563063061005
number of iterations,12,Execution time: ,6.020180702209473
