architecture,t_cbt,t_hxt,eta_hpfp,eta_r,p_cbt,qm_cb0,t0,p0,tpr_hx,Q_hx,pcc,v
after,340,250,0.71,0.71,1330000.0,0.10800295595780073,25.2,345000.0,0.95,159000.0,True,0
P_hpfp,P_rv,p_hpfp
38711.63883556405,82380.57366004713,1889258.8433249607
Q,Q_phc
429620.8090862875,270620.8090862875
qm_cb,qm_phc/qm_t,qm_r,qm_v,qm
0.10800295595780073,0.002293792020887808,0.17282225805065698,0,0.11029674797868853
number of iterations,12,Execution time: ,6.237353324890137
