architecture,t_cbt,t_hxt,eta_hpfp,eta_r,p_cbt,qm_cb0,t0,p0,tpr_hx,Q_hx,pcc,v
after,340,240,0.71,0.71,1330000.0,0.10998,25.2,345000.0,0.95,159000.0,True,0
P_hpfp,P_rv,p_hpfp
39482.366356303544,73212.72787954836,1889258.8433249607
Q,Q_phc
448986.2204939843,289986.2204939843
qm_cb,qm_phc/qm_t,qm_r,qm_v,qm,m_z
0.10998,0.00251347661535567,0.15361979525683656,0,0.11249347661535566,0.2513476615355674
number of iterations,12,Execution time: ,7.822274208068848
