architecture,t_cbt,t_hxt,eta_hpfp,eta_r,p_cbt,qm_cb0,t0,p0,tpr_hx,Q_hx,pcc,v
after,340,250,0.71,0.71,1330000.0,0.10800295595780073,25.2,345000.0,0.95,159000.0,True,0
P_hpfp,P_rv,p_hpfp
42517.19209585619,108554.32991438279,1889258.8433249607
Q,Q_phc
398338.00334592944,239338.00334592944
qm_cb,qm_phc/qm_t,qm_r,qm_v,qm
0.10800295595780073,0.002032727929307823,0.14771711528027917,0,0.11003568388710855
number of iterations,12,Execution time: ,6.055695295333862
