architecture,t_cbt,t_hxt,eta_hpfp,eta_r,p_cbt,qm_cb0,t0,p0,tpr_hx,Q_hx,pcc,v
after,340,250,0.71,0.71,1330000.0,0.10800295595780073,25.2,345000.0,0.95,159000.0,True,0
P_hpfp,P_rv,p_hpfp
39218.88342731146,83472.87657996401,1889258.8433249607
Q,Q_phc
435237.3394831012,276237.3394831012
qm_cb,qm_phc/qm_t,qm_r,qm_v,qm,qm_pot
0.10800295595780073,0.0023402095681396926,0.1751014275414914,0,0.11034316552594042,0.0013988178026945652
number of iterations,12,Execution time: ,5.6032469272613525
