architecture,t_cbt,t_hxt,eta_hpfp,eta_r,p_cbt,qm_cb0,t0,p0,tpr_hx,Q_hx,pcc,v
after,340,220,0.71,0.71,1330000.0,0.10998,25.2,345000.0,0.95,159000.0,True,0
P_hpfp,P_rv,p_hpfp
39522.15909566421,55878.58977882737,1889258.8433249607
Q,Q_phc
466846.6625770836,307846.6625770836
qm_cb,qm_phc/qm_t,qm_r,qm_v,qm,m_z
0.10998,0.002626854409237961,0.11724589130605255,0,0.11260685440923796,0.2626854409237964
number of iterations,12,Execution time: ,7.712682723999023
