architecture,t_cbt,t_hxt,eta_hpfp,eta_r,p_cbt,qm_cb0,t0,p0,tpr_hx,Q_hx,pcc,v
after,340,270,0.71,0.71,1330000.0,0.10800295595780073,25.2,345000.0,0.95,159000.0,True,0
P_hpfp,P_rv,p_hpfp
39341.23090151343,111431.39152002304,1889258.8433249607
Q,Q_phc
408896.9961795624,249896.9961795624
qm_cb,qm_phc/qm_t,qm_r,qm_v,qm,qm_pot
0.10800295595780073,0.00216981110310358,0.23370442863531507,0,0.1101727670609043,0.0019178072582904885
number of iterations,12,Execution time: ,6.163625240325928
