architecture,t_cbt,t_hxt,eta_hpfp,eta_r,p_cbt,qm_cb0,t0,p0,tpr_hx,Q_hx,pcc,v
after,340,260,0.71,0.71,1330000.0,0.10800295595780073,25.2,345000.0,0.95,159000.0,True,0
P_hpfp,P_rv,p_hpfp
39321.043930424064,96313.67851809104,1889258.8433249607
Q,Q_phc
423747.71565132856,264747.71565132856
qm_cb,qm_phc/qm_t,qm_r,qm_v,qm,qm_pot
0.10800295595780073,0.0022755297869079517,0.20202254725644356,0,0.11027848574470868,0.00175457209288857
number of iterations,12,Execution time: ,6.0094006061553955
