architecture,t_cbt,t_hxt,eta_hpfp,eta_r,p_cbt,qm_cb0,t0,p0,tpr_hx,Q_hx,pcc,v
after,340,200,0.71,0.71,1330000.0,0.10800295595780073,25.2,345000.0,0.95,159000.0,True,0
P_hpfp,P_rv,p_hpfp
39133.75070082626,42029.065677395905,1889258.8433249607
Q,Q_phc
475555.1822017197,316555.1822017197
qm_cb,qm_phc/qm_t,qm_r,qm_v,qm,qm_pot
0.10800295595780073,0.002571215042077544,0.08816190646184124,0,0.11057417099987826,0.0009252531615315047
number of iterations,12,Execution time: ,5.238808631896973
