architecture,t_cbt,t_hxt,eta_hpfp,eta_r,p_cbt,qm_cb0,t0,p0,tpr_hx,Q_hx,pcc,v
after,340,250,0.71,0.71,1330000.0,0.10800295595780073,25.2,345000.0,0.95,159000.0,True,0
P_hpfp,P_rv,p_hpfp
39301.89117628824,83650.18297119463,1889258.8433249607
Q,Q_phc
436157.8962548149,277157.8962548149
qm_cb,qm_phc/qm_t,qm_r,qm_v,qm,qm_pot
0.10800295595780073,0.0023581541063755354,0.1754728627507051,0,0.11036111006417626,0.0016173779706546976
number of iterations,12,Execution time: ,5.960810661315918
