architecture,t_cbt,t_hxt,eta_hpfp,eta_r,p_cbt,qm_cb0,t0,p0,tpr_hx,Q_hx,pcc,v
after,340,200,0.71,0.71,1330000.0,0.10800295595780073,25.2,345000.0,0.95,159000.0,True,0
P_hpfp,P_rv,p_hpfp
39216.62729270151,42118.691430260704,1889258.8433249607
Q,Q_phc
476561.68492374785,317561.68492374785
qm_cb,qm_phc/qm_t,qm_r,qm_v,qm,qm_pot
0.10800295595780073,0.0025703117879502827,0.08834938121444011,0,0.110573267745751,0.0011622874305771804
number of iterations,12,Execution time: ,6.275068044662476
