architecture,t_cbt,t_hxt,eta_hpfp,eta_r,p_cbt,qm_cb0,t0,p0,tpr_hx,Q_hx,pcc,v
after,340,220,0.71,0.71,1330000.0,0.10800295595780073,25.2,345000.0,0.95,159000.0,True,0
P_hpfp,P_rv,p_hpfp
42611.476664289534,73881.28706399877,1889258.8433249607
Q,Q_phc
434135.1120747908,275135.1120747908
qm_cb,qm_phc/qm_t,qm_r,qm_v,qm
0.10800295595780073,0.0022767390329614667,0.1005311792871019,0,0.11027969499076219
number of iterations,12,Execution time: ,5.971081256866455
