architecture,t_cbt,t_hxt,eta_hpfp,eta_r,p_cbt,qm_cb0,t0,p0,tpr_hx,Q_hx,pcc,v
after,340,260,0.71,0.71,1330000.0,0.10800295595780073,25.2,345000.0,0.95,159000.0,True,0
P_hpfp,P_rv,p_hpfp
42472.859826274755,123504.36228898092,1889258.8433249607
Q,Q_phc
382859.4391831503,223859.4391831503
qm_cb,qm_phc/qm_t,qm_r,qm_v,qm
0.10800295595780073,0.0019179947740547015,0.16806168477931646,0,0.10992095073185543
number of iterations,12,Execution time: ,6.014154672622681
