architecture,t_cbt,t_hxt,eta_hpfp,eta_r,p_cbt,qm_cb0,t0,p0,tpr_hx,Q_hx,pcc,v
after,340,280,0.71,0.71,1330000.0,0.11,25.2,345000.0,0.95,149000.0,True,0
P_hpfp,P_rv,p_hpfp
39367.541049513144,129819.13836842327,1889366.2727081615
Q,Q_phc
390928.9694756106,241928.9694756106
qm_cb,qm_phc/qm_t,qm_r,qm_v,qm,m_z
0.11,0.002181505536809165,0.2720596230555188,0,0.11218150553680917,0.21815055368091651
number of iterations,9,Execution time: ,5.18992805480957
