architecture,t_cbt,t_hxt,eta_hpfp,eta_r,p_cbt,qm_cb0,t0,p0,tpr_hx,Q_hx,pcc,v
after,340,210,0.71,0.71,1330000.0,0.10800295595780073,25.2,345000.0,0.95,159000.0,True,0
P_hpfp,P_rv,p_hpfp
39149.01527737255,48307.632288795234,1889258.8433249607
Q,Q_phc
469478.50537163235,310478.50537163235
qm_cb,qm_phc/qm_t,qm_r,qm_v,qm,qm_pot
0.10800295595780073,0.0025429791652713785,0.10133727535641313,0,0.1105459351230721,0.0009969806910542938
number of iterations,12,Execution time: ,5.424032688140869
