architecture,t_cbt,t_hxt,eta_hpfp,eta_r,p_cbt,qm_cb0,t0,p0,tpr_hx,Q_hx,pcc,v
after,340,250,0.71,0.71,1330000.0,0.11,25.2,345000.0,0.95,149000.0,True,0
P_hpfp,P_rv,p_hpfp
39495.433376834,84147.08116058262,1889366.271814466
Q,Q_phc
438292.7697103352,289292.7697103352
qm_cb,qm_phc/qm_t,qm_r,qm_v,qm,m_z
0.11,0.0025454506374580784,0.17632503414712433,0,0.11254545063745808,0.2545450637458078
number of iterations,8,Execution time: ,4.415769577026367
