architecture,t_cbt,t_hxt,eta_hpfp,eta_r,p_cbt,qm_cb0,t0,p0,tpr_hx,Q_hx,pcc,v
after,340,260,0.71,0.71,1330000.0,0.11,25.2,345000.0,0.95,149000.0,True,0
P_hpfp,P_rv,p_hpfp
39461.91597991543,96759.64902319721,1889366.271814466
Q,Q_phc
425236.83859403385,276236.83859403385
qm_cb,qm_phc/qm_t,qm_r,qm_v,qm,m_z
0.11,0.002450433755005337,0.20272875580152613,0,0.11245043375500534,0.2450433755005337
number of iterations,8,Execution time: ,4.5098278522491455
