architecture,t_cbt,t_hxt,eta_hpfp,eta_r,p_cbt,qm_cb0,t0,p0,tpr_hx,Q_hx,pcc,v
after,340,210,0.71,0.71,1330000.0,0.10998,25.2,345000.0,0.95,159000.0,True,0
P_hpfp,P_rv,p_hpfp
39536.730366736956,48765.467813332856,1889258.8433249607
Q,Q_phc
474152.5060821634,315152.5060821634
qm_cb,qm_phc/qm_t,qm_r,qm_v,qm,m_z
0.10998,0.002668370992283814,0.10231827791912573,0,0.11264837099228381,0.26683709922838167
number of iterations,12,Execution time: ,7.8142688274383545
