architecture,t_cbt,t_hxt,eta_hpfp,eta_r,p_cbt,qm_cb0,t0,p0,tpr_hx,Q_hx,pcc,v
after,340,220,0.71,0.71,1330000.0,0.10800295595780073,25.2,345000.0,0.95,159000.0,True,0
P_hpfp,P_rv,p_hpfp
38773.69818959318,54837.869346736356,1889258.8433249607
Q,Q_phc
457984.3124158897,298984.3124158897
qm_cb,qm_phc/qm_t,qm_r,qm_v,qm
0.10800295595780073,0.00247061080554703,0.1150442075053329,0,0.11047356676334776
number of iterations,12,Execution time: ,6.13537859916687
