architecture,t_cbt,t_hxt,eta_hpfp,eta_r,p_cbt,qm_cb0,t0,p0,tpr_hx,Q_hx,pcc,v
after,340,230,0.71,0.71,1330000.0,0.10800295595780073,25.2,345000.0,0.95,159000.0,True,0
P_hpfp,P_rv,p_hpfp
39265.98842068496,63598.87834383178,1889258.8433249607
Q,Q_phc
455734.3498795796,296734.3498795796
qm_cb,qm_phc/qm_t,qm_r,qm_v,qm,qm_pot
0.10800295595780073,0.0024743394780774282,0.13341838379870355,0,0.11047729543587816,0.0013988988881818317
number of iterations,12,Execution time: ,5.919656753540039
