architecture,t_cbt,t_hxt,eta_hpfp,eta_r,p_cbt,qm_cb0,t0,p0,tpr_hx,Q_hx,pcc,v
after,340,260,0.71,0.71,1330000.0,0.10800295595780073,25.2,345000.0,0.95,159000.0,True,0
P_hpfp,P_rv,p_hpfp
38680.24319863864,94724.32652348065,1889258.8433249607
Q,Q_phc
416861.816517134,257861.81651713402
qm_cb,qm_phc/qm_t,qm_r,qm_v,qm
0.10800295595780073,0.0022043399398663233,0.19870747658697419,0,0.11020729589766705
number of iterations,12,Execution time: ,6.317528963088989
