architecture,t_cbt,t_hxt,eta_hpfp,eta_r,p_cbt,qm_cb0,t0,p0,tpr_hx,Q_hx,pcc,v
after,340,210,0.71,0.71,1330000.0,0.10800295595780073,25.2,345000.0,0.95,159000.0,True,0
P_hpfp,P_rv,p_hpfp
42633.60544530801,64792.1257945066,1889258.8433249607
Q,Q_phc
443488.0939046192,284488.0939046192
qm_cb,qm_phc/qm_t,qm_r,qm_v,qm
0.10800295595780073,0.0023340089379793177,0.08816097097694521,0,0.11033696489578004
number of iterations,12,Execution time: ,6.260341167449951
