architecture,t_cbt,t_hxt,eta_hpfp,eta_r,p_cbt,qm_cb0,t0,p0,tpr_hx,Q_hx,pcc,v
after,350,140,0.71,0.71,1330000.0,0.11,25.2,345000.0,0.95,149000.0,True,0
P_hpfp,P_rv,p_hpfp
39669.5381681109,15919.002441405082,1889366.2728233607
Q,Q_phc
525405.2097728109,376405.2097728109
qm_cb,qm_phc/qm_t,qm_r,qm_v,qm,m_z
0.11,0.0030404800764992227,0.03241448550875382,0,0.11304048007649922,0.30404800764992224
number of iterations,11,Execution time: ,5.817705869674683
