architecture,t_cbt,t_hxt,eta_hpfp,eta_r,p_cbt,qm_cb0,t0,p0,tpr_hx,Q_hx,pcc,v
after,350,190,0.71,0.71,1330000.0,0.10998,25.2,345000.0,0.95,159000.0,True,0
P_hpfp,P_rv,p_hpfp
39612.20962683258,35872.208523361216,1889258.8433249607
Q,Q_phc
504599.42624951445,345599.42624951445
qm_cb,qm_phc/qm_t,qm_r,qm_v,qm,m_z
0.10998,0.0028834271088267055,0.07312098373998813,0,0.1128634271088267,0.28834271088267077
number of iterations,12,Execution time: ,7.73209810256958
