architecture,t_cbt,t_hxt,eta_hpfp,eta_r,p_cbt,qm_cb0,t0,p0,tpr_hx,Q_hx,pcc,v
after,350,180,0.71,0.71,1330000.0,0.10998,25.2,345000.0,0.95,159000.0,True,0
P_hpfp,P_rv,p_hpfp
39618.72290371411,31048.17447887666,1889258.8433249607
Q,Q_phc
509512.3278789446,350512.3278789446
qm_cb,qm_phc/qm_t,qm_r,qm_v,qm,m_z
0.10998,0.0029019847898418133,0.06328191825385611,0,0.11288198478984181,0.29019847898418166
number of iterations,12,Execution time: ,7.193111419677734
