architecture,t_cbt,t_hxt,eta_hpfp,eta_r,p_cbt,qm_cb0,t0,p0,tpr_hx,Q_hx,pcc,v
after,350,170,0.71,0.71,1330000.0,0.1078695851944048,25.2,345000.0,0.95,159000.0,True,0
P_hpfp,P_rv,p_hpfp
38817.83827378252,26154.434384333246,1889258.8433249607
Q,Q_phc
503474.7989840521,344474.7989840521
qm_cb,qm_phc/qm_t,qm_r,qm_v,qm
0.1078695851944048,0.002729744979845544,0.05328881123235601,0,0.11059933017425035
number of iterations,12,Execution time: ,5.824205160140991
