architecture,t_cbt,t_hxt,eta_hpfp,eta_r,p_cbt,qm_cb0,t0,p0,tpr_hx,Q_hx,pcc,v
after,350,110,0.71,0.71,1330000.0,0.1078695851944048,25.2,345000.0,0.95,159000.0,True,0
P_hpfp,P_rv,p_hpfp
42722.479732872795,10244.768118193266,1889258.8609416161
Q,Q_phc
515313.5084697653,356313.5084697653
qm_cb,qm_phc/qm_t,qm_r,qm_v,qm
0.1078695851944048,0.0026973860073832567,0.01352998877784564,0,0.11056697120178806
number of iterations,15,Execution time: ,7.263764381408691
