architecture,t_cbt,t_hxt,eta_hpfp,eta_r,p_cbt,qm_cb0,t0,p0,tpr_hx,Q_hx,pcc,v
after,350,140,0.71,0.71,1330000.0,0.1078695851944048,25.2,345000.0,0.95,159000.0,True,0
P_hpfp,P_rv,p_hpfp
39050.70184613313,15666.964955691257,1889258.8597899457
Q,Q_phc
517139.4370950671,358139.4370950671
qm_cb,qm_phc/qm_t,qm_r,qm_v,qm,qm_pot
0.1078695851944048,0.002770250289527777,0.031920755865081515,0,0.11063983548393258,0.0006229641706961156
number of iterations,14,Execution time: ,6.500722169876099
