architecture,t_cbt,t_hxt,eta_hpfp,eta_r,p_cbt,qm_cb0,t0,p0,tpr_hx,Q_hx,pcc,v
after,350,120,0.71,0.71,1330000.0,0.1078695851944048,25.2,345000.0,0.95,159000.0,True,0
P_hpfp,P_rv,p_hpfp
39028.32347404791,10191.02609157411,1889258.8612891329
Q,Q_phc
522310.0449830756,363310.0449830756
qm_cb,qm_phc/qm_t,qm_r,qm_v,qm,qm_pot
0.1078695851944048,0.002769162676987271,0.020765947921165654,0,0.11063874787139208,0.0005602913450002615
number of iterations,16,Execution time: ,7.281652212142944
