architecture,t_cbt,t_hxt,eta_hpfp,eta_r,p_cbt,qm_cb0,t0,p0,tpr_hx,Q_hx,pcc,v
after,350,160,0.71,0.71,1330000.0,0.11,25.2,345000.0,0.95,149000.0,True,0
P_hpfp,P_rv,p_hpfp
39665.70376904556,22759.12886816592,1889366.2728114282
Q,Q_phc
518512.7597724021,369512.7597724021
qm_cb,qm_phc/qm_t,qm_r,qm_v,qm,m_z
0.11,0.0030295898122165927,0.046346037447628004,0,0.1130295898122166,0.30295898122165926
number of iterations,10,Execution time: ,5.306292295455933
