architecture,t_cbt,t_hxt,eta_hpfp,eta_r,p_cbt,qm_cb0,t0,p0,tpr_hx,Q_hx,pcc,v
after,350,130,0.71,0.71,1330000.0,0.10998,25.2,345000.0,0.95,159000.0,True,0
P_hpfp,P_rv,p_hpfp
39633.22019157356,12980.077788217191,1889258.8597899457
Q,Q_phc
527778.2125399557,368778.21253995574
qm_cb,qm_phc/qm_t,qm_r,qm_v,qm,m_z
0.10998,0.002943287856627258,0.02644306204395676,0,0.11292328785662725,0.2943287856627254
number of iterations,14,Execution time: ,8.256532192230225
