architecture,t_cbt,t_hxt,eta_hpfp,eta_r,p_cbt,qm_cb0,t0,p0,tpr_hx,Q_hx,pcc,v
after,350,140,0.71,0.71,1330000.0,0.1078695851944048,25.2,345000.0,0.95,159000.0,True,0
P_hpfp,P_rv,p_hpfp
42712.67322398768,21148.109303953974,1889258.855973307
Q,Q_phc
504289.53486386925,345289.53486386925
qm_cb,qm_phc/qm_t,qm_r,qm_v,qm
0.1078695851944048,0.0026720072889449276,0.0279377323885005,0,0.11054159248334973
number of iterations,13,Execution time: ,6.416100740432739
