architecture,t_cbt,t_hxt,eta_hpfp,eta_r,p_cbt,qm_cb0,t0,p0,tpr_hx,Q_hx,pcc,v
after,350,180,0.71,0.71,1330000.0,0.1078695851944048,25.2,345000.0,0.95,159000.0,True,0
P_hpfp,P_rv,p_hpfp
39102.37022021681,30658.244198327902,1889258.8433249607
Q,Q_phc
502853.133136858,343853.133136858
qm_cb,qm_phc/qm_t,qm_r,qm_v,qm,qm_pot
0.1078695851944048,0.002746117076732577,0.06247352984578888,0,0.11061570227113737,0.0007943129924488722
number of iterations,12,Execution time: ,5.961201906204224
