architecture,t_cbt,t_hxt,eta_hpfp,eta_r,p_cbt,qm_cb0,t0,p0,tpr_hx,Q_hx,pcc,v
after,350,160,0.71,0.71,1330000.0,0.1078695851944048,25.2,345000.0,0.95,159000.0,True,0
P_hpfp,P_rv,p_hpfp
39158.09947033949,22459.767835540595,1889258.855973307
Q,Q_phc
511811.9668261809,352811.9668261809
qm_cb,qm_phc/qm_t,qm_r,qm_v,qm,qm_pot
0.1078695851944048,0.0027467080959884486,0.04576580471514761,0,0.11061629329039326,0.0009525030334627726
number of iterations,13,Execution time: ,6.536928415298462
