architecture,t_cbt,t_hxt,eta_hpfp,eta_r,p_cbt,qm_cb0,t0,p0,tpr_hx,Q_hx,pcc,v
after,350,180,0.71,0.71,1330000.0,0.11,25.2,345000.0,0.95,149000.0,True,0
P_hpfp,P_rv,p_hpfp
39657.53446874237,31107.661676023905,1889366.2727081615
Q,Q_phc
510052.7502204872,361052.7502204872
qm_cb,qm_phc/qm_t,qm_r,qm_v,qm,m_z
0.11,0.0030063831805134896,0.06334606890066001,0,0.1130063831805135,0.30063831805134894
number of iterations,9,Execution time: ,4.673279285430908
