architecture,t_cbt,t_hxt,eta_hpfp,eta_r,p_cbt,qm_cb0,t0,p0,tpr_hx,Q_hx,pcc,v
after,350,140,0.71,0.71,1330000.0,0.10998,25.2,345000.0,0.95,159000.0,True,0
P_hpfp,P_rv,p_hpfp
39632.17731412,15894.14525454647,1889258.8597899457
Q,Q_phc
524849.9159843404,365849.91598434036
qm_cb,qm_phc/qm_t,qm_r,qm_v,qm,m_z
0.10998,0.002940316481848268,0.03238861133793703,0,0.11292031648184826,0.2940316481848266
number of iterations,14,Execution time: ,8.919806003570557
