architecture,t_cbt,t_hxt,eta_hpfp,eta_r,p_cbt,qm_cb0,t0,p0,tpr_hx,Q_hx,pcc,v
after,350,150,0.71,0.71,1330000.0,0.1078695851944048,25.2,345000.0,0.95,159000.0,True,0
P_hpfp,P_rv,p_hpfp
38823.04773959486,18744.535871071777,1889258.8597899457
Q,Q_phc
510955.7615597322,351955.7615597322
qm_cb,qm_phc/qm_t,qm_r,qm_v,qm
0.1078695851944048,0.0027445850618042777,0.038200156565579214,0,0.11061417025620908
number of iterations,14,Execution time: ,6.762143850326538
