architecture,t_cbt,t_hxt,eta_hpfp,eta_r,p_cbt,qm_cb0,t0,p0,tpr_hx,Q_hx,pcc,v
after,350,150,0.71,0.71,1330000.0,0.10998,25.2,345000.0,0.95,159000.0,True,0
P_hpfp,P_rv,p_hpfp
39630.34582588395,19140.784166604048,1889258.855973307
Q,Q_phc
521578.2913686455,362578.2913686455
qm_cb,qm_phc/qm_t,qm_r,qm_v,qm,m_z
0.10998,0.0029350988220056967,0.039002323290170296,0,0.11291509882200569,0.29350988220056956
number of iterations,13,Execution time: ,7.559436082839966
