architecture,t_cbt,t_hxt,eta_hpfp,eta_r,p_cbt,qm_cb0,t0,p0,tpr_hx,Q_hx,pcc,v
after,350,110,0.71,0.71,1330000.0,0.1078695851944048,25.2,345000.0,0.95,159000.0,True,0
P_hpfp,P_rv,p_hpfp
39093.813153874704,7903.60308026601,1889258.8612891329
Q,Q_phc
525491.006879683,366491.006879683
qm_cb,qm_phc/qm_t,qm_r,qm_v,qm,qm_pot
0.1078695851944048,0.002731466220781598,0.016099691810308642,0,0.1106010514151864,0.0007845802250432321
number of iterations,16,Execution time: ,7.273859739303589
