architecture,t_cbt,t_hxt,eta_hpfp,eta_r,p_cbt,qm_cb0,t0,p0,tpr_hx,Q_hx,pcc,v
after,350,160,0.71,0.71,1330000.0,0.1078695851944048,25.2,345000.0,0.95,159000.0,True,0
P_hpfp,P_rv,p_hpfp
39075.4432380725,22411.844837576482,1889258.855973307
Q,Q_phc
510732.1310924594,351732.1310924594
qm_cb,qm_phc/qm_t,qm_r,qm_v,qm,qm_pot
0.1078695851944048,0.0027636497987098495,0.04566854618642419,0,0.11063323499311466,0.0007000581661999377
number of iterations,13,Execution time: ,6.04377555847168
