architecture,t_cbt,t_hxt,eta_hpfp,eta_r,p_cbt,qm_cb0,t0,p0,tpr_hx,Q_hx,pcc,v
after,350,160,0.71,0.71,1330000.0,0.1078695851944048,25.2,345000.0,0.95,159000.0,True,0
P_hpfp,P_rv,p_hpfp
42700.552567223494,30454.06998128175,1889258.8433249607
Q,Q_phc
494834.4802157973,335834.4802157973
qm_cb,qm_phc/qm_t,qm_r,qm_v,qm
0.1078695851944048,0.0026406407278239397,0.04023790812820351,0,0.11051022592222874
number of iterations,12,Execution time: ,5.7611424922943115
