architecture,t_cbt,t_hxt,eta_hpfp,eta_r,p_cbt,qm_cb0,t0,p0,tpr_hx,Q_hx,pcc,v
after,350,120,0.71,0.71,1330000.0,0.1078695851944048,25.2,345000.0,0.95,159000.0,True,0
P_hpfp,P_rv,p_hpfp
39105.29480929011,10211.380408026569,1889258.8612891329
Q,Q_phc
523339.8848540772,364339.8848540772
qm_cb,qm_phc/qm_t,qm_r,qm_v,qm,qm_pot
0.1078695851944048,0.0027372704532756796,0.020807249781373886,0,0.11060685564768048,0.0008114893898247558
number of iterations,16,Execution time: ,7.515603065490723
