architecture,t_cbt,t_hxt,eta_hpfp,eta_r,p_cbt,qm_cb0,t0,p0,tpr_hx,Q_hx,pcc,v
after,350,150,0.71,0.71,1330000.0,0.1078695851944048,25.2,345000.0,0.95,159000.0,True,0
P_hpfp,P_rv,p_hpfp
42707.30373918898,25570.999450771506,1889258.855973307
Q,Q_phc
499800.5910325112,340800.5910325112
qm_cb,qm_phc/qm_t,qm_r,qm_v,qm
0.1078695851944048,0.002658110912163475,0.03379010765263508,0,0.11052769610656828
number of iterations,13,Execution time: ,6.327639102935791
