architecture,t_cbt,t_hxt,eta_hpfp,eta_r,p_cbt,qm_cb0,t0,p0,tpr_hx,Q_hx,pcc,v
after,350,180,0.71,0.71,1330000.0,0.1078695851944048,25.2,345000.0,0.95,159000.0,True,0
P_hpfp,P_rv,p_hpfp
39187.72040605036,30725.817721372456,1889258.8433249607
Q,Q_phc
503950.0745765491,344950.0745765491
qm_cb,qm_phc/qm_t,qm_r,qm_v,qm,qm_pot
0.1078695851944048,0.002737445089439108,0.06261069638893405,0,0.11060703028384392,0.001046163729595948
number of iterations,12,Execution time: ,5.403597116470337
