architecture,t_cbt,t_hxt,eta_hpfp,eta_r,p_cbt,qm_cb0,t0,p0,tpr_hx,Q_hx,pcc,v
after,350,170,0.71,0.71,1330000.0,0.1078695851944048,25.2,345000.0,0.95,159000.0,True,0
P_hpfp,P_rv,p_hpfp
39088.59439346581,26321.114264733253,1889258.855973307
Q,Q_phc
507002.2955678626,348002.2955678626
qm_cb,qm_phc/qm_t,qm_r,qm_v,qm,qm_pot
0.1078695851944048,0.0027565110405319325,0.05364279660106303,0,0.11062609623493673,0.0007446670416038318
number of iterations,13,Execution time: ,6.4206483364105225
