architecture,t_cbt,t_hxt,eta_hpfp,eta_r,p_cbt,qm_cb0,t0,p0,tpr_hx,Q_hx,pcc,v
after,350,150,0.71,0.71,1330000.0,0.1078695851944048,25.2,345000.0,0.95,159000.0,True,0
P_hpfp,P_rv,p_hpfp
39062.746395332,18861.48680288367,1889258.8597899457
Q,Q_phc
514109.2506533752,355109.2506533752
qm_cb,qm_phc/qm_t,qm_r,qm_v,qm,qm_pot
0.1078695851944048,0.002768103854726184,0.03843756906629029,0,0.11063768904913099,0.0006594277931816381
number of iterations,14,Execution time: ,6.6814234256744385
