architecture,t_cbt,t_hxt,eta_hpfp,eta_r,p_cbt,qm_cb0,t0,p0,tpr_hx,Q_hx,pcc,v
after,350,120,0.71,0.71,1330000.0,0.1078695851944048,25.2,345000.0,0.95,159000.0,True,0
P_hpfp,P_rv,p_hpfp
38824.73743524491,10146.076571219777,1889258.8609416161
Q,Q_phc
519577.27404873533,360577.27404873533
qm_cb,qm_phc/qm_t,qm_r,qm_v,qm
0.1078695851944048,0.0027493991361871167,0.02066793394359884,0,0.11061898433059192
number of iterations,15,Execution time: ,6.730371713638306
