architecture,t_cbt,t_hxt,eta_hpfp,eta_r,p_cbt,qm_cb0,t0,p0,tpr_hx,Q_hx,pcc,v
after,350,190,0.71,0.71,1330000.0,0.1078695851944048,25.2,345000.0,0.95,159000.0,True,0
P_hpfp,P_rv,p_hpfp
38807.95012966673,35155.411992643945,1889258.8433249607
Q,Q_phc
494338.90788183303,335338.90788183303
qm_cb,qm_phc/qm_t,qm_r,qm_v,qm
0.1078695851944048,0.0027015717954409907,0.07164867571674721,0,0.11057115698984579
number of iterations,12,Execution time: ,5.889890432357788
