architecture,t_cbt,t_hxt,eta_hpfp,eta_r,p_cbt,qm_cb0,t0,p0,tpr_hx,Q_hx,pcc,v
after,350,160,0.71,0.71,1330000.0,0.10998,25.2,345000.0,0.95,159000.0,True,0
P_hpfp,P_rv,p_hpfp
39627.586096784886,22734.469066449114,1889258.8433249607
Q,Q_phc
517946.9632898094,358946.9632898094
qm_cb,qm_phc/qm_t,qm_r,qm_v,qm,m_z
0.10998,0.0029272378710134828,0.04632073951570539,0,0.11290723787101348,0.29272378710134833
number of iterations,12,Execution time: ,7.620487928390503
