architecture,t_cbt,t_hxt,eta_hpfp,eta_r,p_cbt,qm_cb0,t0,p0,tpr_hx,Q_hx,pcc,v
after,350,110,0.71,0.71,1330000.0,0.1078695851944048,25.2,345000.0,0.95,159000.0,True,0
P_hpfp,P_rv,p_hpfp
39018.194504730774,7888.023959403276,1889258.8612891329
Q,Q_phc
524474.847814581,365474.847814581
qm_cb,qm_phc/qm_t,qm_r,qm_v,qm,qm_pot
0.1078695851944048,0.0027666103514575463,0.016068147773345795,0,0.11063619554586235,0.0005339843305414981
number of iterations,16,Execution time: ,7.723288536071777
