architecture,t_cbt,t_hxt,eta_hpfp,eta_r,p_cbt,qm_cb0,t0,p0,tpr_hx,Q_hx,pcc,v
after,350,130,0.71,0.71,1330000.0,0.1078695851944048,25.2,345000.0,0.95,159000.0,True,0
P_hpfp,P_rv,p_hpfp
39117.56029130539,12805.249575469406,1889258.8609416161
Q,Q_phc
520913.36578282877,361913.36578282877
qm_cb,qm_phc/qm_t,qm_r,qm_v,qm,qm_pot
0.1078695851944048,0.0027420760449838235,0.02609166793679559,0,0.11061166123938862,0.0008416305216197659
number of iterations,15,Execution time: ,7.067584276199341
