architecture,t_cbt,t_hxt,eta_hpfp,eta_r,p_cbt,qm_cb0,t0,p0,tpr_hx,Q_hx,pcc,v
after,350,120,0.71,0.71,1330000.0,0.10998,25.2,345000.0,0.95,159000.0,True,0
P_hpfp,P_rv,p_hpfp
39633.61753914512,10354.351267101378,1889258.8609416161
Q,Q_phc
530409.3595189139,371409.3595189139
qm_cb,qm_phc/qm_t,qm_r,qm_v,qm,m_z
0.10998,0.0029444197920596993,0.021094682263669562,0,0.1129244197920597,0.2944419792059696
number of iterations,15,Execution time: ,8.841732501983643
