architecture,t_cbt,t_hxt,eta_hpfp,eta_r,p_cbt,qm_cb0,t0,p0,tpr_hx,Q_hx,pcc,v
after,350,110,0.71,0.71,1330000.0,0.10998,25.2,345000.0,0.95,159000.0,True,0
P_hpfp,P_rv,p_hpfp
39633.47868274389,8009.726920772303,1889258.8612891329
Q,Q_phc
532752.0890039188,373752.0890039188
qm_cb,qm_phc/qm_t,qm_r,qm_v,qm,m_z
0.10998,0.002944024103825188,0.0163180706907896,0,0.11292402410382518,0.29440241038251935
number of iterations,16,Execution time: ,9.78966999053955
