architecture,t_cbt,t_hxt,eta_hpfp,eta_r,p_cbt,qm_cb0,t0,p0,tpr_hx,Q_hx,pcc,v
after,350,280,0.71,0.71,1330000.0,0.1078695851944048,25.2,345000.0,0.95,159000.0,True,0
P_hpfp,P_rv,p_hpfp
42394.923487935484,150491.85884643323,1889258.8433249607
Q,Q_phc
371036.9400990778,212036.94009907782
qm_cb,qm_phc/qm_t,qm_r,qm_v,qm
0.1078695851944048,0.0018496641111314799,0.1989604524565976,0,0.10971924930553628
number of iterations,12,Execution time: ,5.950210809707642
