architecture,t_cbt,t_hxt,eta_hpfp,eta_r,p_cbt,qm_cb0,t0,p0,tpr_hx,Q_hx,pcc,v
after,350,270,0.71,0.71,1330000.0,0.1078695851944048,25.2,345000.0,0.95,159000.0,True,0
P_hpfp,P_rv,p_hpfp
42450.93690584608,132507.84452457933,1889258.8433249607
Q,Q_phc
389710.01358567027,230710.01358567027
qm_cb,qm_phc/qm_t,qm_r,qm_v,qm
0.1078695851944048,0.0019946284054045277,0.17518367414447839,0,0.10986421359980933
number of iterations,12,Execution time: ,5.955719709396362
