architecture,t_cbt,t_hxt,eta_hpfp,eta_r,p_cbt,qm_cb0,t0,p0,tpr_hx,Q_hx,pcc,v
after,350,230,0.71,0.71,1330000.0,0.10998,25.2,345000.0,0.95,159000.0,True,0
P_hpfp,P_rv,p_hpfp
39565.65810724499,61306.07380281565,1889258.8433249607
Q,Q_phc
478530.40892654425,319530.40892654425
qm_cb,qm_phc/qm_t,qm_r,qm_v,qm,m_z
0.10998,0.0027507921438178623,0.1249823158365774,0,0.11273079214381786,0.2750792143817865
number of iterations,12,Execution time: ,8.005531311035156
