architecture,t_cbt,t_hxt,eta_hpfp,eta_r,p_cbt,qm_cb0,t0,p0,tpr_hx,Q_hx,pcc,v
after,350,230,0.71,0.71,1330000.0,0.1078695851944048,25.2,345000.0,0.95,159000.0,True,0
P_hpfp,P_rv,p_hpfp
38765.99604237759,60080.92077611878,1889258.8433249607
Q,Q_phc
468840.9789926611,309840.9789926611
qm_cb,qm_phc/qm_t,qm_r,qm_v,qm
0.1078695851944048,0.0025820367013040108,0.12247017994655811,0,0.11045162189570881
number of iterations,12,Execution time: ,5.890938758850098
