architecture,t_cbt,t_hxt,eta_hpfp,eta_r,p_cbt,qm_cb0,t0,p0,tpr_hx,Q_hx,pcc,v
after,350,250,0.71,0.71,1330000.0,0.10998,25.2,345000.0,0.95,159000.0,True,0
P_hpfp,P_rv,p_hpfp
39523.46315932149,79513.10405447798,1889258.8433249607
Q,Q_phc
459747.6679862279,300747.6679862279
qm_cb,qm_phc/qm_t,qm_r,qm_v,qm,m_z
0.10998,0.0026305699579264874,0.16210176857910838,0,0.11261056995792648,0.2630569957926492
number of iterations,12,Execution time: ,7.92245888710022
