architecture,t_cbt,t_hxt,eta_hpfp,eta_r,p_cbt,qm_cb0,t0,p0,tpr_hx,Q_hx,pcc,v
after,350,270,0.71,0.71,1330000.0,0.10998,25.2,345000.0,0.95,159000.0,True,0
P_hpfp,P_rv,p_hpfp
39459.566538357096,103905.19935386634,1889258.8433249607
Q,Q_phc
434483.7629212542,275483.7629212542
qm_cb,qm_phc/qm_t,qm_r,qm_v,qm,m_z
0.10998,0.002448515190200784,0.2118256192063681,0,0.11242851519020078,0.24485151902007832
number of iterations,12,Execution time: ,8.259791374206543
