architecture,t_cbt,t_hxt,eta_hpfp,eta_r,p_cbt,qm_cb0,t0,p0,tpr_hx,Q_hx,pcc,v
after,350,210,0.71,0.71,1330000.0,0.1078695851944048,25.2,345000.0,0.95,159000.0,True,0
P_hpfp,P_rv,p_hpfp
38791.55799647477,46223.3856875139,1889258.8433249607
Q,Q_phc
483047.28049263573,324047.28049263573
qm_cb,qm_phc/qm_t,qm_r,qm_v,qm
0.1078695851944048,0.0026548675215355005,0.09421809795977641,0,0.1105244527159403
number of iterations,12,Execution time: ,5.917915344238281
