architecture,t_cbt,t_hxt,eta_hpfp,eta_r,p_cbt,qm_cb0,t0,p0,tpr_hx,Q_hx,pcc,v
after,350,210,0.71,0.71,1330000.0,0.11,25.2,345000.0,0.95,149000.0,True,0
P_hpfp,P_rv,p_hpfp
39633.52322115683,47277.24427838482,1889366.271814466
Q,Q_phc
493555.51593368675,344555.51593368675
qm_cb,qm_phc/qm_t,qm_r,qm_v,qm,m_z
0.11,0.0029381706822269754,0.09627112518984501,0,0.11293817068222697,0.29381706822269754
number of iterations,8,Execution time: ,4.138804197311401
