architecture,t_cbt,t_hxt,eta_hpfp,eta_r,p_cbt,qm_cb0,t0,p0,tpr_hx,Q_hx,pcc,v
after,350,260,0.71,0.71,1330000.0,0.10998,25.2,345000.0,0.95,159000.0,True,0
P_hpfp,P_rv,p_hpfp
39494.896804407734,90749.7792483951,1889258.8433249607
Q,Q_phc
448121.2315372537,289121.2315372537
qm_cb,qm_phc/qm_t,qm_r,qm_v,qm,m_z
0.10998,0.0025491784691419467,0.1850088217193663,0,0.11252917846914194,0.2549178469141946
number of iterations,12,Execution time: ,7.944479465484619
