architecture,t_cbt,t_hxt,eta_hpfp,eta_r,p_cbt,qm_cb0,t0,p0,tpr_hx,Q_hx,pcc,v
after,350,270,0.71,0.71,1330000.0,0.1078695851944048,25.2,345000.0,0.95,159000.0,True,0
P_hpfp,P_rv,p_hpfp
39343.70910211469,103656.28350280254,1889258.8433249607
Q,Q_phc
433147.9131310791,274147.9131310791
qm_cb,qm_phc/qm_t,qm_r,qm_v,qm,qm_pot
0.1078695851944048,0.0023821703571166144,0.21126193047492187,0,0.11025175555152142,0.0018458796278017664
number of iterations,12,Execution time: ,5.839493751525879
