architecture,t_cbt,t_hxt,eta_hpfp,eta_r,p_cbt,qm_cb0,t0,p0,tpr_hx,Q_hx,pcc,v
after,350,260,0.71,0.71,1330000.0,0.1078695851944048,25.2,345000.0,0.95,159000.0,True,0
P_hpfp,P_rv,p_hpfp
39235.29487221131,90192.10951932045,1889258.8433249607
Q,Q_phc
445132.88713786553,286132.88713786553
qm_cb,qm_phc/qm_t,qm_r,qm_v,qm,qm_pot
0.1078695851944048,0.002445507477308784,0.18383259328209592,0,0.11031509267171359,0.0014736499535188045
number of iterations,12,Execution time: ,5.8209075927734375
