architecture,t_cbt,t_hxt,eta_hpfp,eta_r,p_cbt,qm_cb0,t0,p0,tpr_hx,Q_hx,pcc,v
after,350,230,0.71,0.71,1330000.0,0.11,25.2,345000.0,0.95,149000.0,True,0
P_hpfp,P_rv,p_hpfp
39606.03261283901,61440.27522671792,1889366.271814466
Q,Q_phc
479017.35251243494,330017.35251243494
qm_cb,qm_phc/qm_t,qm_r,qm_v,qm,m_z
0.11,0.002859915953389867,0.12512732518595107,0,0.11285991595338987,0.28599159533898666
number of iterations,8,Execution time: ,4.316466569900513
