architecture,t_cbt,t_hxt,eta_hpfp,eta_r,p_cbt,qm_cb0,t0,p0,tpr_hx,Q_hx,pcc,v
after,350,250,0.71,0.71,1330000.0,0.1078695851944048,25.2,345000.0,0.95,159000.0,True,0
P_hpfp,P_rv,p_hpfp
42536.31394369037,103414.80484030183,1889258.8433249607
Q,Q_phc
419853.3343022304,260853.3343022304
qm_cb,qm_phc/qm_t,qm_r,qm_v,qm
0.1078695851944048,0.0022155865704280298,0.1367195649123126,0,0.11008517176483283
number of iterations,12,Execution time: ,6.102372407913208
