architecture,t_cbt,t_hxt,eta_hpfp,eta_r,p_cbt,qm_cb0,t0,p0,tpr_hx,Q_hx,pcc,v
after,350,240,0.71,0.71,1330000.0,0.1078695851944048,25.2,345000.0,0.95,159000.0,True,0
P_hpfp,P_rv,p_hpfp
42568.998936713644,91464.72766712931,1889258.8433249607
Q,Q_phc
432205.49181315425,273205.49181315425
qm_cb,qm_phc/qm_t,qm_r,qm_v,qm
0.1078695851944048,0.002300176247753208,0.12092006205115442,0,0.11016976144215801
number of iterations,12,Execution time: ,6.292555809020996
