architecture,t_cbt,t_hxt,eta_hpfp,eta_r,p_cbt,qm_cb0,t0,p0,tpr_hx,Q_hx,pcc,v
after,350,240,0.71,0.71,1330000.0,0.1078695851944048,25.2,345000.0,0.95,159000.0,True,0
P_hpfp,P_rv,p_hpfp
38748.5366469011,68404.33189525585,1889258.8433249607
Q,Q_phc
460279.3524897597,301279.3524897597
qm_cb,qm_phc/qm_t,qm_r,qm_v,qm
0.1078695851944048,0.0025322915961972225,0.13943734845583522,0,0.11040187679060202
number of iterations,12,Execution time: ,6.308429479598999
