architecture,t_cbt,t_hxt,eta_hpfp,eta_r,p_cbt,qm_cb0,t0,p0,tpr_hx,Q_hx,pcc,v
after,350,230,0.71,0.71,1330000.0,0.1078695851944048,25.2,345000.0,0.95,159000.0,True,0
P_hpfp,P_rv,p_hpfp
39269.131967439134,60866.05837894746,1889258.8433249607
Q,Q_phc
474920.610426969,315920.610426969
qm_cb,qm_phc/qm_t,qm_r,qm_v,qm,qm_pot
0.1078695851944048,0.002634868025566355,0.12406553435725917,0,0.11050445321997115,0.0013806976606835343
number of iterations,12,Execution time: ,6.0036725997924805
