architecture,t_cbt,t_hxt,eta_hpfp,eta_r,p_cbt,qm_cb0,t0,p0,tpr_hx,Q_hx,pcc,v
after,350,280,0.71,0.71,1330000.0,0.1078695851944048,25.2,345000.0,0.95,159000.0,True,0
P_hpfp,P_rv,p_hpfp
38625.698120644156,117189.62036699391,1889258.8433249607
Q,Q_phc
409818.0594442813,250818.05944428127
qm_cb,qm_phc/qm_t,qm_r,qm_v,qm
0.1078695851944048,0.0021823015058735767,0.2388474785507675,0,0.11005188670027838
number of iterations,12,Execution time: ,6.56403374671936
