architecture,t_cbt,t_hxt,eta_hpfp,eta_r,p_cbt,qm_cb0,t0,p0,tpr_hx,Q_hx,pcc,v
after,350,260,0.71,0.71,1330000.0,0.1078695851944048,25.2,345000.0,0.95,159000.0,True,0
P_hpfp,P_rv,p_hpfp
38700.35344899517,88950.55913317819,1889258.8433249607
Q,Q_phc
439075.71537784673,280075.71537784673
qm_cb,qm_phc/qm_t,qm_r,qm_v,qm
0.1078695851944048,0.00239500859304638,0.18131343980448578,0,0.11026459378745118
number of iterations,12,Execution time: ,6.269690036773682
