architecture,t_cbt,t_hxt,eta_hpfp,eta_r,p_cbt,qm_cb0,t0,p0,tpr_hx,Q_hx,pcc,v
after,350,220,0.71,0.71,1330000.0,0.1078695851944048,25.2,345000.0,0.95,159000.0,True,0
P_hpfp,P_rv,p_hpfp
39162.637545625235,53266.99633752203,1889258.8433249607
Q,Q_phc
481066.666286404,322066.666286404
qm_cb,qm_phc/qm_t,qm_r,qm_v,qm,qm_pot
0.1078695851944048,0.00265986896901656,0.10857495408954718,0,0.11052945416342136,0.0010522740578662703
number of iterations,12,Execution time: ,6.286374807357788
