architecture,t_cbt,t_hxt,eta_hpfp,eta_r,p_cbt,qm_cb0,t0,p0,tpr_hx,Q_hx,pcc,v
after,350,270,0.71,0.71,1330000.0,0.1078695851944048,25.2,345000.0,0.95,159000.0,True,0
P_hpfp,P_rv,p_hpfp
39256.61103640551,103426.2971928606,1889258.8433249607
Q,Q_phc
432189.53646614146,273189.53646614146
qm_cb,qm_phc/qm_t,qm_r,qm_v,qm,qm_pot
0.1078695851944048,0.0023551478293253486,0.2107935459702797,0,0.11022473302373015,0.0016247433668689754
number of iterations,12,Execution time: ,5.955213785171509
