architecture,t_cbt,t_hxt,eta_hpfp,eta_r,p_cbt,qm_cb0,t0,p0,tpr_hx,Q_hx,pcc,v
after,350,270,0.71,0.71,1330000.0,0.11,25.2,345000.0,0.95,149000.0,True,0
P_hpfp,P_rv,p_hpfp
39500.38969310789,104152.72846308742,1889366.271814466
Q,Q_phc
434863.3127798,285863.3127798
qm_cb,qm_phc/qm_t,qm_r,qm_v,qm,m_z
0.11,0.0025597835080153914,0.2120804994973045,0,0.11255978350801539,0.25597835080153913
number of iterations,8,Execution time: ,4.137774705886841
