architecture,t_cbt,t_hxt,eta_hpfp,eta_r,p_cbt,qm_cb0,t0,p0,tpr_hx,Q_hx,pcc,v
after,350,280,0.71,0.71,1330000.0,0.1078695851944048,25.2,345000.0,0.95,159000.0,True,0
P_hpfp,P_rv,p_hpfp
39364.3465074221,119461.04487302624,1889258.8433249607
Q,Q_phc
417624.7278000614,258624.7278000614
qm_cb,qm_phc/qm_t,qm_r,qm_v,qm,qm_pot
0.1078695851944048,0.002270683693013268,0.24344839417821573,0,0.11014026888741807,0.0020161661454012178
number of iterations,12,Execution time: ,6.002691745758057
