architecture,t_cbt,t_hxt,eta_hpfp,eta_r,p_cbt,qm_cb0,t0,p0,tpr_hx,Q_hx,pcc,v
after,350,280,0.71,0.71,1330000.0,0.1078695851944048,25.2,345000.0,0.95,159000.0,True,0
P_hpfp,P_rv,p_hpfp
39279.851770895606,119204.30272849454,1889258.8433249607
Q,Q_phc
416728.6267024074,257728.62670240737
qm_cb,qm_phc/qm_t,qm_r,qm_v,qm,qm_pot
0.1078695851944048,0.002241134309161419,0.24292526234920384,0,0.11011071950356623,0.0018049741155460647
number of iterations,12,Execution time: ,5.617681980133057
