architecture,t_cbt,t_hxt,eta_hpfp,eta_r,p_cbt,qm_cb0,t0,p0,tpr_hx,Q_hx,pcc,v
after,350,230,0.71,0.71,1330000.0,0.1078695851944048,25.2,345000.0,0.95,159000.0,True,0
P_hpfp,P_rv,p_hpfp
39179.35301436811,60726.388723924894,1889258.8433249607
Q,Q_phc
473835.33917332336,314835.33917332336
qm_cb,qm_phc/qm_t,qm_r,qm_v,qm,qm_pot
0.1078695851944048,0.002622381096502099,0.12378129284902806,0,0.1104919662909069,0.001137387448150984
number of iterations,12,Execution time: ,5.897449254989624
