architecture,t_cbt,t_hxt,eta_hpfp,eta_r,p_cbt,qm_cb0,t0,p0,tpr_hx,Q_hx,pcc,v
after,350,250,0.71,0.71,1330000.0,0.1078695851944048,25.2,345000.0,0.95,159000.0,True,0
P_hpfp,P_rv,p_hpfp
39305.0837225819,79103.15744694519,1889258.8433249607
Q,Q_phc
457174.0358539267,298174.0358539267
qm_cb,qm_phc/qm_t,qm_r,qm_v,qm,qm_pot
0.1078695851944048,0.002538076506228086,0.1612361282912547,0,0.11040766170063289,0.0015799224997067748
number of iterations,12,Execution time: ,5.950168132781982
