architecture,t_cbt,t_hxt,eta_hpfp,eta_r,p_cbt,qm_cb0,t0,p0,tpr_hx,Q_hx,pcc,v
after,350,230,0.71,0.71,1330000.0,0.1078695851944048,25.2,345000.0,0.95,159000.0,True,0
P_hpfp,P_rv,p_hpfp
42596.58666958121,80847.37309675897,1889258.8433249607
Q,Q_phc
443162.2218559711,284162.2218559711
qm_cb,qm_phc/qm_t,qm_r,qm_v,qm
0.1078695851944048,0.0023715740730407553,0.10688231924665414,0,0.11024115926744556
number of iterations,12,Execution time: ,5.550389289855957
