architecture,t_cbt,t_hxt,eta_hpfp,eta_r,p_cbt,qm_cb0,t0,p0,tpr_hx,Q_hx,pcc,v
after,350,240,0.71,0.71,1330000.0,0.1078695851944048,25.2,345000.0,0.95,159000.0,True,0
P_hpfp,P_rv,p_hpfp
39286.820224112045,69361.3033329839,1889258.8433249607
Q,Q_phc
466666.7034308895,307666.7034308895
qm_cb,qm_phc/qm_t,qm_r,qm_v,qm,qm_pot
0.1078695851944048,0.002592238754319672,0.14138164204911094,0,0.11046182394872447,0.0014737241056774076
number of iterations,12,Execution time: ,6.106776237487793
