architecture,t_cbt,t_hxt,eta_hpfp,eta_r,p_cbt,qm_cb0,t0,p0,tpr_hx,Q_hx,pcc,v
after,360,170,0.71,0.71,1330000.0,0.10773678901529868,25.2,345000.0,0.95,159000.0,True,0
P_hpfp,P_rv,p_hpfp
39173.97701336754,25871.736829806105,1889258.8433249607
Q,Q_phc
524958.0149081284,365958.0149081284
qm_cb,qm_phc/qm_t,qm_r,qm_v,qm,qm_pot
0.10773678901529868,0.002875091757272771,0.051257049190625854,0,0.11061188077257145,0.0010021557273994484
number of iterations,12,Execution time: ,5.743207216262817
