architecture,t_cbt,t_hxt,eta_hpfp,eta_r,p_cbt,qm_cb0,t0,p0,tpr_hx,Q_hx,pcc,v
after,360,110,0.71,0.71,1330000.0,0.11,25.2,345000.0,0.95,149000.0,True,0
P_hpfp,P_rv,p_hpfp
39717.9052661264,7962.31789268129,1889366.2728247393
Q,Q_phc
550592.2992057471,401592.2992057471
qm_cb,qm_phc/qm_t,qm_r,qm_v,qm,m_z
0.11,0.0031782598021160425,0.015757037180576576,0,0.11317825980211604,0.31782598021160424
number of iterations,12,Execution time: ,6.592114448547363
