architecture,t_cbt,t_hxt,eta_hpfp,eta_r,p_cbt,qm_cb0,t0,p0,tpr_hx,Q_hx,pcc,v
after,360,160,0.71,0.71,1330000.0,0.10773678901529868,25.2,345000.0,0.95,159000.0,True,0
P_hpfp,P_rv,p_hpfp
39072.236819724734,22014.31274643563,1889258.855973307
Q,Q_phc
527384.8476433118,368384.84764331183
qm_cb,qm_phc/qm_t,qm_r,qm_v,qm,qm_pot
0.10773678901529868,0.0028927523218963778,0.043620911123365226,0,0.11062954133719506,0.0006946161326859458
number of iterations,13,Execution time: ,6.249583005905151
