architecture,t_cbt,t_hxt,eta_hpfp,eta_r,p_cbt,qm_cb0,t0,p0,tpr_hx,Q_hx,pcc,v
after,360,170,0.71,0.71,1330000.0,0.10998,25.2,345000.0,0.95,159000.0,True,0
P_hpfp,P_rv,p_hpfp
39675.51590967129,26189.086524615104,1889258.8433249607
Q,Q_phc
531697.0083911748,372697.00839117484
qm_cb,qm_phc/qm_t,qm_r,qm_v,qm,m_z
0.10998,0.0030637998804041444,0.051897964808718076,0,0.11304379988040414,0.3063799880404149
number of iterations,12,Execution time: ,7.83519434928894
