architecture,t_cbt,t_hxt,eta_hpfp,eta_r,p_cbt,qm_cb0,t0,p0,tpr_hx,Q_hx,pcc,v
after,360,150,0.71,0.71,1330000.0,0.10773678901529868,25.2,345000.0,0.95,159000.0,True,0
P_hpfp,P_rv,p_hpfp
42705.030508716685,25198.501439322936,1889258.855973307
Q,Q_phc
516326.586211654,357326.586211654
qm_cb,qm_phc/qm_t,qm_r,qm_v,qm
0.10773678901529868,0.002785023907251327,0.03237779791827836,0,0.11052181292255
number of iterations,13,Execution time: ,6.08180832862854
