architecture,t_cbt,t_hxt,eta_hpfp,eta_r,p_cbt,qm_cb0,t0,p0,tpr_hx,Q_hx,pcc,v
after,360,180,0.71,0.71,1330000.0,0.10773678901529868,25.2,345000.0,0.95,159000.0,True,0
P_hpfp,P_rv,p_hpfp
39099.722234013774,29970.985839595985,1889258.8433249607
Q,Q_phc
519814.6609900514,360814.6609900514
qm_cb,qm_phc/qm_t,qm_r,qm_v,qm,qm_pot
0.10773678901529868,0.0028802346571311665,0.05938910019289936,0,0.11061702367242984,0.0007854469798799757
number of iterations,12,Execution time: ,5.357996463775635
