architecture,t_cbt,t_hxt,eta_hpfp,eta_r,p_cbt,qm_cb0,t0,p0,tpr_hx,Q_hx,pcc,v
after,360,140,0.71,0.71,1330000.0,0.10773678901529868,25.2,345000.0,0.95,159000.0,True,0
P_hpfp,P_rv,p_hpfp
39130.369751695194,15482.882320077484,1889258.8597899457
Q,Q_phc
534733.6885359316,375733.68853593164
qm_cb,qm_phc/qm_t,qm_r,qm_v,qm,qm_pot
0.10773678901529868,0.002870048637371861,0.030674833382799534,0,0.11060683765267054,0.0008829508599403094
number of iterations,14,Execution time: ,6.230279445648193
