architecture,t_cbt,t_hxt,eta_hpfp,eta_r,p_cbt,qm_cb0,t0,p0,tpr_hx,Q_hx,pcc,v
after,360,190,0.71,0.71,1330000.0,0.10773678901529868,25.2,345000.0,0.95,159000.0,True,0
P_hpfp,P_rv,p_hpfp
39114.158042595554,34549.12504637294,1889258.8433249607
Q,Q_phc
515439.50533162645,356439.50533162645
qm_cb,qm_phc/qm_t,qm_r,qm_v,qm,qm_pot
0.10773678901529868,0.0028691917428685055,0.06846875689972014,0,0.11060598075816719,0.0008376202308813295
number of iterations,12,Execution time: ,5.1868603229522705
