architecture,t_cbt,t_hxt,eta_hpfp,eta_r,p_cbt,qm_cb0,t0,p0,tpr_hx,Q_hx,pcc,v
after,360,130,0.71,0.71,1330000.0,0.11,25.2,345000.0,0.95,149000.0,True,0
P_hpfp,P_rv,p_hpfp
39719.38828134288,12856.994522340658,1889366.2728233607
Q,Q_phc
545718.4782862805,396718.47828628053
qm_cb,qm_phc/qm_t,qm_r,qm_v,qm,m_z
0.11,0.003182507317665407,0.025451128330675896,0,0.11318250731766541,0.3182507317665407
number of iterations,11,Execution time: ,5.760887861251831
