architecture,t_cbt,t_hxt,eta_hpfp,eta_r,p_cbt,qm_cb0,t0,p0,tpr_hx,Q_hx,pcc,v
after,360,150,0.71,0.71,1330000.0,0.10773678901529868,25.2,345000.0,0.95,159000.0,True,0
P_hpfp,P_rv,p_hpfp
39144.29918390324,18606.307416312564,1889258.8597899457
Q,Q_phc
531806.1267671356,372806.1267671356
qm_cb,qm_phc/qm_t,qm_r,qm_v,qm,qm_pot
0.10773678901529868,0.0028737644050454724,0.03687065899289828,0,0.11061055342034415,0.0009189226664151318
number of iterations,14,Execution time: ,6.430497646331787
