architecture,t_cbt,t_hxt,eta_hpfp,eta_r,p_cbt,qm_cb0,t0,p0,tpr_hx,Q_hx,pcc,v
after,360,120,0.71,0.71,1330000.0,0.10773678901529868,25.2,345000.0,0.95,159000.0,True,0
P_hpfp,P_rv,p_hpfp
38820.77222717518,10037.240871292102,1889258.8609416161
Q,Q_phc
535826.0430632589,376826.04306325887
qm_cb,qm_phc/qm_t,qm_r,qm_v,qm
0.10773678901529868,0.0028708976911930167,0.019881843741126358,0,0.1106076867064917
number of iterations,15,Execution time: ,7.130112409591675
