architecture,t_cbt,t_hxt,eta_hpfp,eta_r,p_cbt,qm_cb0,t0,p0,tpr_hx,Q_hx,pcc,v
after,360,150,0.71,0.71,1330000.0,0.10998,25.2,345000.0,0.95,159000.0,True,0
P_hpfp,P_rv,p_hpfp
39680.49651630995,18865.81673834769,1889258.855973307
Q,Q_phc
539090.3005058088,380090.3005058088
qm_cb,qm_phc/qm_t,qm_r,qm_v,qm,m_z
0.10998,0.0030779885709451005,0.03738103956262298,0,0.1130579885709451,0.3077988570945103
number of iterations,13,Execution time: ,8.556385517120361
