architecture,t_cbt,t_hxt,eta_hpfp,eta_r,p_cbt,qm_cb0,t0,p0,tpr_hx,Q_hx,pcc,v
after,360,110,0.71,0.71,1330000.0,0.10773678901529868,25.2,345000.0,0.95,159000.0,True,0
P_hpfp,P_rv,p_hpfp
39013.40248485613,7813.944371744487,1889258.8612891329
Q,Q_phc
540757.935178045,381757.93517804495
qm_cb,qm_phc/qm_t,qm_r,qm_v,qm,qm_pot
0.10773678901529868,0.0028873121138226834,0.015477755241677502,0,0.11062410112912135,0.0005324253807390755
number of iterations,16,Execution time: ,7.178446531295776
