architecture,t_cbt,t_hxt,eta_hpfp,eta_r,p_cbt,qm_cb0,t0,p0,tpr_hx,Q_hx,pcc,v
after,360,100,0.71,0.71,1330000.0,0.10998,25.2,345000.0,0.95,159000.0,True,0
P_hpfp,P_rv,p_hpfp
39680.37000453668,5882.132025768444,1889258.861393996
Q,Q_phc
552072.2015647538,393072.2015647538
qm_cb,qm_phc/qm_t,qm_r,qm_v,qm,m_z
0.10998,0.003077627215141543,0.011651954694976261,0,0.11305762721514154,0.3077627215141547
number of iterations,17,Execution time: ,10.550323486328125
