architecture,t_cbt,t_hxt,eta_hpfp,eta_r,p_cbt,qm_cb0,t0,p0,tpr_hx,Q_hx,pcc,v
after,360,180,0.71,0.71,1330000.0,0.10998,25.2,345000.0,0.95,159000.0,True,0
P_hpfp,P_rv,p_hpfp
39671.411477980866,30396.68016972773,1889258.8433249607
Q,Q_phc
527431.7014355955,368431.7014355955
qm_cb,qm_phc/qm_t,qm_r,qm_v,qm,m_z
0.10998,0.003052105500532906,0.06024407880866961,0,0.1130321055005329,0.30521055005329045
number of iterations,12,Execution time: ,7.921788454055786
