architecture,t_cbt,t_hxt,eta_hpfp,eta_r,p_cbt,qm_cb0,t0,p0,tpr_hx,Q_hx,pcc,v
after,360,120,0.71,0.71,1330000.0,0.10773678901529868,25.2,345000.0,0.95,159000.0,True,0
P_hpfp,P_rv,p_hpfp
42715.79961201136,13355.556559756305,1889258.8609416161
Q,Q_phc
528306.0854691161,369306.0854691161
qm_cb,qm_phc/qm_t,qm_r,qm_v,qm
0.10773678901529868,0.0028128938470594333,0.01715800646244898,0,0.11054968286235811
number of iterations,15,Execution time: ,7.081632852554321
