architecture,t_cbt,t_hxt,eta_hpfp,eta_r,p_cbt,qm_cb0,t0,p0,tpr_hx,Q_hx,pcc,v
after,360,100,0.71,0.71,1330000.0,0.10773678901529868,25.2,345000.0,0.95,159000.0,True,0
P_hpfp,P_rv,p_hpfp
39081.160619755035,5795.207801165898,1889258.861393996
Q,Q_phc
543729.4264821904,384729.4264821904
qm_cb,qm_phc/qm_t,qm_r,qm_v,qm,qm_pot
0.10773678901529868,0.0028430917918087694,0.01147843256160751,0,0.11057988080710744,0.0007697013649446353
number of iterations,17,Execution time: ,7.782298803329468
