architecture,t_cbt,t_hxt,eta_hpfp,eta_r,p_cbt,qm_cb0,t0,p0,tpr_hx,Q_hx,pcc,v
after,360,130,0.71,0.71,1330000.0,0.10773678901529868,25.2,345000.0,0.95,159000.0,True,0
P_hpfp,P_rv,p_hpfp
39035.02769587567,12623.216749489857,1889258.8609416161
Q,Q_phc
536252.737645643,377252.73764564295
qm_cb,qm_phc/qm_t,qm_r,qm_v,qm,qm_pot
0.10773678901529868,0.002893997167481706,0.025010909739193374,0,0.11063078618278038,0.0005873546800196206
number of iterations,15,Execution time: ,7.273621559143066
