architecture,t_cbt,t_hxt,eta_hpfp,eta_r,p_cbt,qm_cb0,t0,p0,tpr_hx,Q_hx,pcc,v
after,360,190,0.71,0.71,1330000.0,0.11,25.2,345000.0,0.95,149000.0,True,0
P_hpfp,P_rv,p_hpfp
39705.43324583607,35111.132210325224,1889366.271814466
Q,Q_phc
523268.0926385125,374268.0926385125
qm_cb,qm_phc/qm_t,qm_r,qm_v,qm,m_z
0.11,0.0031429678377038668,0.06951321685419183,0,0.11314296783770386,0.31429678377038667
number of iterations,8,Execution time: ,4.496744155883789
