architecture,t_cbt,t_hxt,eta_hpfp,eta_r,p_cbt,qm_cb0,t0,p0,tpr_hx,Q_hx,pcc,v
after,360,160,0.71,0.71,1330000.0,0.10773678901529868,25.2,345000.0,0.95,159000.0,True,0
P_hpfp,P_rv,p_hpfp
38819.4446217921,21870.281733628653,1889258.855973307
Q,Q_phc
523974.33884469053,364974.33884469053
qm_cb,qm_phc/qm_t,qm_r,qm_v,qm
0.10773678901529868,0.002867115898281175,0.04333675097906061,0,0.11060390491357985
number of iterations,13,Execution time: ,6.766132593154907
