architecture,t_cbt,t_hxt,eta_hpfp,eta_r,p_cbt,qm_cb0,t0,p0,tpr_hx,Q_hx,pcc,v
after,360,170,0.71,0.71,1330000.0,0.10773678901529868,25.2,345000.0,0.95,159000.0,True,0
P_hpfp,P_rv,p_hpfp
42691.96969585373,35127.61299143326,1889258.8433249607
Q,Q_phc
506231.86658256326,347231.86658256326
qm_cb,qm_phc/qm_t,qm_r,qm_v,qm
0.10773678901529868,0.0027512241954519012,0.04514019273408941,0,0.11048801321075058
number of iterations,12,Execution time: ,5.725493431091309
