architecture,t_cbt,t_hxt,eta_hpfp,eta_r,p_cbt,qm_cb0,t0,p0,tpr_hx,Q_hx,pcc,v
after,360,150,0.71,0.71,1330000.0,0.11,25.2,345000.0,0.95,149000.0,True,0
P_hpfp,P_rv,p_hpfp
39718.51639879569,18897.6266286502,1889366.2728114282
Q,Q_phc
539665.5848853511,390665.5848853511
qm_cb,qm_phc/qm_t,qm_r,qm_v,qm,m_z
0.11,0.0031800563730313173,0.0374147462740289,0,0.11318005637303132,0.31800563730313175
number of iterations,10,Execution time: ,5.547671556472778
