architecture,t_cbt,t_hxt,eta_hpfp,eta_r,p_cbt,qm_cb0,t0,p0,tpr_hx,Q_hx,pcc,v
after,360,110,0.71,0.71,1330000.0,0.10773678901529868,25.2,345000.0,0.95,159000.0,True,0
P_hpfp,P_rv,p_hpfp
39092.37074726793,7830.05611202609,1889258.8612891329
Q,Q_phc
541852.2051367919,382852.2051367919
qm_cb,qm_phc/qm_t,qm_r,qm_v,qm,qm_pot
0.10773678901529868,0.0028510178184073002,0.015509480421942737,0,0.11058780683370598,0.0007937151186212355
number of iterations,16,Execution time: ,7.201366901397705
