architecture,t_cbt,t_hxt,eta_hpfp,eta_r,p_cbt,qm_cb0,t0,p0,tpr_hx,Q_hx,pcc,v
after,360,190,0.71,0.71,1330000.0,0.10998,25.2,345000.0,0.95,159000.0,True,0
P_hpfp,P_rv,p_hpfp
39665.98805466852,35024.53208984518,1889258.8433249607
Q,Q_phc
522727.58957572863,363727.58957572863
qm_cb,qm_phc/qm_t,qm_r,qm_v,qm,m_z
0.10998,0.0030366530390959073,0.06942223340411074,0,0.1130166530390959,0.303665303909591
number of iterations,12,Execution time: ,7.691065549850464
