architecture,t_cbt,t_hxt,eta_hpfp,eta_r,p_cbt,qm_cb0,t0,p0,tpr_hx,Q_hx,pcc,v
after,360,180,0.71,0.71,1330000.0,0.10773678901529868,25.2,345000.0,0.95,159000.0,True,0
P_hpfp,P_rv,p_hpfp
39189.3979520856,30040.341089474405,1889258.8433249607
Q,Q_phc
521006.24622384075,362006.24622384075
qm_cb,qm_phc/qm_t,qm_r,qm_v,qm,qm_pot
0.10773678901529868,0.00287181111376877,0.059526035448521086,0,0.11060860012906745,0.0010493735288885542
number of iterations,12,Execution time: ,6.030027866363525
