architecture,t_cbt,t_hxt,eta_hpfp,eta_r,p_cbt,qm_cb0,t0,p0,tpr_hx,Q_hx,pcc,v
after,360,110,0.71,0.71,1330000.0,0.10998,25.2,345000.0,0.95,159000.0,True,0
P_hpfp,P_rv,p_hpfp
39681.36537140361,7945.223136332289,1889258.8612891329
Q,Q_phc
550023.1066164873,391023.10661648726
qm_cb,qm_phc/qm_t,qm_r,qm_v,qm,m_z
0.10998,0.003080463239732212,0.01573962221635973,0,0.1130604632397322,0.30804632397322074
number of iterations,16,Execution time: ,10.498722076416016
