architecture,t_cbt,t_hxt,eta_hpfp,eta_r,p_cbt,qm_cb0,t0,p0,tpr_hx,Q_hx,pcc,v
after,360,190,0.71,0.71,1330000.0,0.10773678901529868,25.2,345000.0,0.95,159000.0,True,0
P_hpfp,P_rv,p_hpfp
38809.262712935284,34277.37996311117,1889258.8433249607
Q,Q_phc
511424.0824644523,352424.0824644523
qm_cb,qm_phc/qm_t,qm_r,qm_v,qm
0.10773678901529868,0.0028381077714228764,0.06793232507087194,0,0.11057489678672155
number of iterations,12,Execution time: ,6.097030878067017
