architecture,t_cbt,t_hxt,eta_hpfp,eta_r,p_cbt,qm_cb0,t0,p0,tpr_hx,Q_hx,pcc,v
after,360,110,0.71,0.71,1330000.0,0.10773678901529868,25.2,345000.0,0.95,159000.0,True,0
P_hpfp,P_rv,p_hpfp
42717.60249015297,10154.519011785962,1889258.8609416161
Q,Q_phc
531529.9845798672,372529.9845798672
qm_cb,qm_phc/qm_t,qm_r,qm_v,qm
0.10773678901529868,0.002817559746061779,0.013040121344073067,0,0.11055434876136046
number of iterations,15,Execution time: ,6.856544494628906
