architecture,t_cbt,t_hxt,eta_hpfp,eta_r,p_cbt,qm_cb0,t0,p0,tpr_hx,Q_hx,pcc,v
after,360,180,0.71,0.71,1330000.0,0.10773678901529868,25.2,345000.0,0.95,159000.0,True,0
P_hpfp,P_rv,p_hpfp
42683.19952182667,40772.714044608045,1889258.8433249607
Q,Q_phc
500475.5545245814,341475.5545245814
qm_cb,qm_phc/qm_t,qm_r,qm_v,qm
0.10773678901529868,0.0027285267394510093,0.05240115862599347,0,0.11046531575474969
number of iterations,12,Execution time: ,5.79355788230896
