architecture,t_cbt,t_hxt,eta_hpfp,eta_r,p_cbt,qm_cb0,t0,p0,tpr_hx,Q_hx,pcc,v
after,360,120,0.71,0.71,1330000.0,0.10773678901529868,25.2,345000.0,0.95,159000.0,True,0
P_hpfp,P_rv,p_hpfp
39023.910649735255,10090.695173608497,1889258.8609416161
Q,Q_phc
538628.941174105,379628.94117410504
qm_cb,qm_phc/qm_t,qm_r,qm_v,qm,qm_pot
0.10773678901529868,0.002891210388022045,0.0199871137646478,0,0.11062799940332073,0.0005584669026362146
number of iterations,15,Execution time: ,7.2350804805755615
