architecture,t_cbt,t_hxt,eta_hpfp,eta_r,p_cbt,qm_cb0,t0,p0,tpr_hx,Q_hx,pcc,v
after,360,120,0.71,0.71,1330000.0,0.11,25.2,345000.0,0.95,149000.0,True,0
P_hpfp,P_rv,p_hpfp
39718.88087276463,10269.453173868447,1889366.2728247393
Q,Q_phc
548298.8839228479,399298.8839228479
qm_cb,qm_phc/qm_t,qm_r,qm_v,qm,m_z
0.11,0.0031810542090723384,0.02033176280945301,0,0.11318105420907235,0.3181054209072338
number of iterations,12,Execution time: ,6.453493356704712
