architecture,t_cbt,t_hxt,eta_hpfp,eta_r,p_cbt,qm_cb0,t0,p0,tpr_hx,Q_hx,pcc,v
after,360,140,0.71,0.71,1330000.0,0.10773678901529868,25.2,345000.0,0.95,159000.0,True,0
P_hpfp,P_rv,p_hpfp
39046.86680479009,15449.413209480943,1889258.8597899457
Q,Q_phc
533593.0132314856,374593.0132314856
qm_cb,qm_phc/qm_t,qm_r,qm_v,qm,qm_pot
0.10773678901529868,0.002895417615193904,0.03060882500958865,0,0.11063220663049259,0.0006196662695210382
number of iterations,14,Execution time: ,6.72552227973938
