architecture,t_cbt,t_hxt,eta_hpfp,eta_r,p_cbt,qm_cb0,t0,p0,tpr_hx,Q_hx,pcc,v
after,360,150,0.71,0.71,1330000.0,0.10773678901529868,25.2,345000.0,0.95,159000.0,True,0
P_hpfp,P_rv,p_hpfp
39059.32345987079,18578.948869201453,1889258.855973307
Q,Q_phc
530638.6353007279,371638.6353007279
qm_cb,qm_phc/qm_t,qm_r,qm_v,qm,qm_pot
0.10773678901529868,0.0028951160444875158,0.03680564467267131,0,0.11063190505978619,0.0006554598171219904
number of iterations,13,Execution time: ,6.239555597305298
