architecture,t_cbt,t_hxt,eta_hpfp,eta_r,p_cbt,qm_cb0,t0,p0,tpr_hx,Q_hx,pcc,v
after,360,130,0.71,0.71,1330000.0,0.10773678901529868,25.2,345000.0,0.95,159000.0,True,0
P_hpfp,P_rv,p_hpfp
42713.18390951415,16925.89101117487,1889258.8597899457
Q,Q_phc
524702.5833415582,365702.58334155823
qm_cb,qm_phc/qm_t,qm_r,qm_v,qm
0.10773678901529868,0.002806124521486375,0.021743997589504408,0,0.11054291353678505
number of iterations,14,Execution time: ,6.86548638343811
