architecture,t_cbt,t_hxt,eta_hpfp,eta_r,p_cbt,qm_cb0,t0,p0,tpr_hx,Q_hx,pcc,v
after,360,190,0.71,0.71,1330000.0,0.10773678901529868,25.2,345000.0,0.95,159000.0,True,0
P_hpfp,P_rv,p_hpfp
42672.64125606775,46931.612045962866,1889258.8433249607
Q,Q_phc
494182.77145544527,335182.77145544527
qm_cb,qm_phc/qm_t,qm_r,qm_v,qm
0.10773678901529868,0.0027012016519705195,0.06032163049313076,0,0.1104379906672692
number of iterations,12,Execution time: ,6.058822870254517
