architecture,t_cbt,t_hxt,eta_hpfp,eta_r,p_cbt,qm_cb0,t0,p0,tpr_hx,Q_hx,pcc,v
after,360,170,0.71,0.71,1330000.0,0.10773678901529868,25.2,345000.0,0.95,159000.0,True,0
P_hpfp,P_rv,p_hpfp
38817.15724891491,25632.97194042936,1889258.8433249607
Q,Q_phc
520179.49645653734,361179.49645653734
qm_cb,qm_phc/qm_t,qm_r,qm_v,qm
0.10773678901529868,0.002860600790875051,0.05078646802851327,0,0.11059738980617373
number of iterations,12,Execution time: ,5.955791234970093
