architecture,t_cbt,t_hxt,eta_hpfp,eta_r,p_cbt,qm_cb0,t0,p0,tpr_hx,Q_hx,pcc,v
after,360,190,0.71,0.71,1330000.0,0.10773678901529868,25.2,345000.0,0.95,159000.0,True,0
P_hpfp,P_rv,p_hpfp
39205.24677205206,34630.13573674125,1889258.8433249607
Q,Q_phc
516639.3036389133,357639.3036389133
qm_cb,qm_phc/qm_t,qm_r,qm_v,qm,qm_pot
0.10773678901529868,0.0028652476804112413,0.06862884226309225,0,0.11060203669570992,0.0011010932344727871
number of iterations,12,Execution time: ,5.340235471725464
