architecture,t_cbt,t_hxt,eta_hpfp,eta_r,p_cbt,qm_cb0,t0,p0,tpr_hx,Q_hx,pcc,v
after,360,120,0.71,0.71,1330000.0,0.10773678901529868,25.2,345000.0,0.95,159000.0,True,0
P_hpfp,P_rv,p_hpfp
39104.34677384384,10111.873491569302,1889258.8609416161
Q,Q_phc
539738.7843256796,380738.78432567965
qm_cb,qm_phc/qm_t,qm_r,qm_v,qm,qm_pot
0.10773678901529868,0.002858351079098562,0.020028814239771462,0,0.11059514009439723,0.0008205038683879391
number of iterations,15,Execution time: ,6.6637122631073
