architecture,t_cbt,t_hxt,eta_hpfp,eta_r,p_cbt,qm_cb0,t0,p0,tpr_hx,Q_hx,pcc,v
after,360,270,0.71,0.71,1330000.0,0.10773678901529868,25.2,345000.0,0.95,159000.0,True,0
P_hpfp,P_rv,p_hpfp
42477.98167472393,125508.81408158786,1889258.8433249607
Q,Q_phc
413137.1705522784,254137.1705522784
qm_cb,qm_phc/qm_t,qm_r,qm_v,qm
0.10773678901529868,0.002197417203786481,0.1613413932314968,0,0.10993420621908516
number of iterations,12,Execution time: ,5.729455471038818
