architecture,t_cbt,t_hxt,eta_hpfp,eta_r,p_cbt,qm_cb0,t0,p0,tpr_hx,Q_hx,pcc,v
after,360,210,0.71,0.71,1330000.0,0.10773678901529868,25.2,345000.0,0.95,159000.0,True,0
P_hpfp,P_rv,p_hpfp
39238.14639253615,45298.88689488167,1889258.8433249607
Q,Q_phc
506433.1577908578,347433.1577908578
qm_cb,qm_phc/qm_t,qm_r,qm_v,qm,qm_pot
0.10773678901529868,0.0028397115709951817,0.08978345073474137,0,0.11057650058629385,0.0012203665572510186
number of iterations,12,Execution time: ,5.537966728210449
