architecture,t_cbt,t_hxt,eta_hpfp,eta_r,p_cbt,qm_cb0,t0,p0,tpr_hx,Q_hx,pcc,v
after,360,210,0.71,0.71,1330000.0,0.10773678901529868,25.2,345000.0,0.95,159000.0,True,0
P_hpfp,P_rv,p_hpfp
39144.57153025645,45190.39131589792,1889258.8433249607
Q,Q_phc
505225.8865754501,346225.8865754501
qm_cb,qm_phc/qm_t,qm_r,qm_v,qm,qm_pot
0.10773678901529868,0.0028345712649566236,0.0895688179757398,0,0.1105713602802553,0.0009588944616331742
number of iterations,12,Execution time: ,5.776992321014404
