architecture,t_cbt,t_hxt,eta_hpfp,eta_r,p_cbt,qm_cb0,t0,p0,tpr_hx,Q_hx,pcc,v
after,360,210,0.71,0.71,1330000.0,0.10998,25.2,345000.0,0.95,159000.0,True,0
P_hpfp,P_rv,p_hpfp
39650.271630532,45762.37347689795,1889258.8433249607
Q,Q_phc
511768.75611619663,352768.75611619663
qm_cb,qm_phc/qm_t,qm_r,qm_v,qm,m_z
0.10998,0.0029918736767060167,0.09071421857814929,0,0.11297187367670601,0.299187367670601
number of iterations,12,Execution time: ,8.300003051757812
