architecture,t_cbt,t_hxt,eta_hpfp,eta_r,p_cbt,qm_cb0,t0,p0,tpr_hx,Q_hx,pcc,v
after,360,220,0.71,0.71,1330000.0,0.10773678901529868,25.2,345000.0,0.95,159000.0,True,0
P_hpfp,P_rv,p_hpfp
39255.18996831842,51531.37205774535,1889258.8433249607
Q,Q_phc
500440.3242879127,341440.3242879127
qm_cb,qm_phc/qm_t,qm_r,qm_v,qm,qm_pot
0.10773678901529868,0.0028191211255039496,0.10213970686644264,0,0.11055591014080263,0.0012895173592463297
number of iterations,12,Execution time: ,6.014996767044067
