architecture,t_cbt,t_hxt,eta_hpfp,eta_r,p_cbt,qm_cb0,t0,p0,tpr_hx,Q_hx,pcc,v
after,360,200,0.71,0.71,1330000.0,0.10773678901529868,25.2,345000.0,0.95,159000.0,True,0
P_hpfp,P_rv,p_hpfp
42660.04082424311,53658.72297749573,1889258.8433249607
Q,Q_phc
487295.8795800115,328295.8795800115
qm_cb,qm_phc/qm_t,qm_r,qm_v,qm
0.10773678901529868,0.0026685913815187035,0.0689717409212717,0,0.11040538039681738
number of iterations,12,Execution time: ,6.261508941650391
