architecture,t_cbt,t_hxt,eta_hpfp,eta_r,p_cbt,qm_cb0,t0,p0,tpr_hx,Q_hx,pcc,v
after,360,220,0.71,0.71,1330000.0,0.10773678901529868,25.2,345000.0,0.95,159000.0,True,0
P_hpfp,P_rv,p_hpfp
38785.82816695339,50911.79108820824,1889258.8433249607
Q,Q_phc
494460.1555196852,335460.1555196852
qm_cb,qm_phc/qm_t,qm_r,qm_v,qm
0.10773678901529868,0.002771338337477197,0.10091485234250056,0,0.11050812735277588
number of iterations,12,Execution time: ,5.603445053100586
