architecture,t_cbt,t_hxt,eta_hpfp,eta_r,p_cbt,qm_cb0,t0,p0,tpr_hx,Q_hx,pcc,v
after,360,210,0.71,0.71,1330000.0,0.10773678901529868,25.2,345000.0,0.95,159000.0,True,0
P_hpfp,P_rv,p_hpfp
38795.54156023361,44784.75911805249,1889258.8433249607
Q,Q_phc
500723.7686188708,341723.7686188708
qm_cb,qm_phc/qm_t,qm_r,qm_v,qm
0.10773678901529868,0.0027990136238477126,0.08876732272993981,0,0.11053580263914639
number of iterations,12,Execution time: ,5.7080700397491455
