architecture,t_cbt,t_hxt,eta_hpfp,eta_r,p_cbt,qm_cb0,t0,p0,tpr_hx,Q_hx,pcc,v
after,360,220,0.71,0.71,1330000.0,0.10773678901529868,25.2,345000.0,0.95,159000.0,True,0
P_hpfp,P_rv,p_hpfp
39160.615332478854,51406.775714898286,1889258.8433249607
Q,Q_phc
499235.0959064934,340235.0959064934
qm_cb,qm_phc/qm_t,qm_r,qm_v,qm,qm_pot
0.10773678901529868,0.0028094389731408145,0.10189314070793937,0,0.1105462279884395,0.0010297385668356647
number of iterations,12,Execution time: ,5.847081661224365
