architecture,t_cbt,t_hxt,eta_hpfp,eta_r,p_cbt,qm_cb0,t0,p0,tpr_hx,Q_hx,pcc,v
after,360,240,0.71,0.71,1330000.0,0.10998,25.2,345000.0,0.95,159000.0,True,0
P_hpfp,P_rv,p_hpfp
39609.598935447924,66871.15654959562,1889258.8433249607
Q,Q_phc
490088.0653944133,331088.0653944133
qm_cb,qm_phc/qm_t,qm_r,qm_v,qm,m_z
0.10998,0.002875988705880475,0.13256408772915074,0,0.11285598870588047,0.2875988705880474
number of iterations,12,Execution time: ,8.219937086105347
