architecture,t_cbt,t_hxt,eta_hpfp,eta_r,p_cbt,qm_cb0,t0,p0,tpr_hx,Q_hx,pcc,v
after,360,200,0.71,0.71,1330000.0,0.11,25.2,345000.0,0.95,149000.0,True,0
P_hpfp,P_rv,p_hpfp
39698.846638897696,40214.98768324695,1889366.271814466
Q,Q_phc
518071.60942737,369071.60942737
qm_cb,qm_phc/qm_t,qm_r,qm_v,qm,m_z
0.11,0.0031242033872461556,0.07963300061512638,0,0.11312420338724616,0.31242033872461555
number of iterations,8,Execution time: ,4.574347496032715
