architecture,t_cbt,t_hxt,eta_hpfp,eta_r,p_cbt,qm_cb0,t0,p0,tpr_hx,Q_hx,pcc,v
after,360,260,0.71,0.71,1330000.0,0.10773678901529868,25.2,345000.0,0.95,159000.0,True,0
P_hpfp,P_rv,p_hpfp
38717.569426954535,84124.87892433887,1889258.8433249607
Q,Q_phc
460287.27376743825,301287.27376743825
qm_cb,qm_phc/qm_t,qm_r,qm_v,qm
0.10773678901529868,0.0025768563349203855,0.16675119037815084,0,0.11031364535021906
number of iterations,12,Execution time: ,6.59504246711731
