architecture,t_cbt,t_hxt,eta_hpfp,eta_r,p_cbt,qm_cb0,t0,p0,tpr_hx,Q_hx,pcc,v
after,360,230,0.71,0.71,1330000.0,0.10773678901529868,25.2,345000.0,0.95,159000.0,True,0
P_hpfp,P_rv,p_hpfp
42606.60080527986,78042.02286628244,1889258.8433249607
Q,Q_phc
462234.9285764957,303234.9285764957
qm_cb,qm_phc/qm_t,qm_r,qm_v,qm
0.10773678901529868,0.0025302871157924095,0.10032057546185728,0,0.11026707613109109
number of iterations,12,Execution time: ,6.363525152206421
