architecture,t_cbt,t_hxt,eta_hpfp,eta_r,p_cbt,qm_cb0,t0,p0,tpr_hx,Q_hx,pcc,v
after,360,230,0.71,0.71,1330000.0,0.10773678901529868,25.2,345000.0,0.95,159000.0,True,0
P_hpfp,P_rv,p_hpfp
38773.728959785054,57753.850876276505,1889258.8433249607
Q,Q_phc
487447.9674018207,328447.9674018207
qm_cb,qm_phc/qm_t,qm_r,qm_v,qm
0.10773678901529868,0.0027368654181193774,0.11447900717075682,0,0.11047365443341806
number of iterations,12,Execution time: ,6.245688199996948
