architecture,t_cbt,t_hxt,eta_hpfp,eta_r,p_cbt,qm_cb0,t0,p0,tpr_hx,Q_hx,pcc,v
after,360,240,0.71,0.71,1330000.0,0.11,25.2,345000.0,0.95,149000.0,True,0
P_hpfp,P_rv,p_hpfp
39650.45439014762,67048.40449729543,1889366.2640801906
Q,Q_phc
490557.667989401,341557.667989401
qm_cb,qm_phc/qm_t,qm_r,qm_v,qm,m_z
0.11,0.0029869683751323458,0.13274493628578635,0,0.11298696837513235,0.29869683751323456
number of iterations,7,Execution time: ,3.920787811279297
