architecture,t_cbt,t_hxt,eta_hpfp,eta_r,p_cbt,qm_cb0,t0,p0,tpr_hx,Q_hx,pcc,v
after,360,240,0.71,0.71,1330000.0,0.10773678901529868,25.2,345000.0,0.95,159000.0,True,0
P_hpfp,P_rv,p_hpfp
39194.70011290338,66186.07700407952,1889258.8433249607
Q,Q_phc
484935.0645962803,325935.0645962803
qm_cb,qm_phc/qm_t,qm_r,qm_v,qm,qm_pot
0.10773678901529868,0.0027381306015110364,0.13119025667472034,0,0.11047491961680972,0.0011981608956492988
number of iterations,12,Execution time: ,6.141900300979614
