architecture,t_cbt,t_hxt,eta_hpfp,eta_r,p_cbt,qm_cb0,t0,p0,tpr_hx,Q_hx,pcc,v
after,360,270,0.71,0.71,1330000.0,0.10773678901529868,25.2,345000.0,0.95,159000.0,True,0
P_hpfp,P_rv,p_hpfp
39252.65485187632,97040.8710391234,1889258.8433249607
Q,Q_phc
454895.1787455549,295895.1787455549
qm_cb,qm_phc/qm_t,qm_r,qm_v,qm,qm_pot
0.10773678901529868,0.0025516181806258392,0.19233836316908554,0,0.11028840719592452,0.0015497972800489618
number of iterations,12,Execution time: ,5.774003505706787
