architecture,t_cbt,t_hxt,eta_hpfp,eta_r,p_cbt,qm_cb0,t0,p0,tpr_hx,Q_hx,pcc,v
after,360,270,0.71,0.71,1330000.0,0.11,25.2,345000.0,0.95,149000.0,True,0
P_hpfp,P_rv,p_hpfp
39576.50571888135,97903.52364414255,1889366.271814466
Q,Q_phc
458662.5878174937,309662.5878174937
qm_cb,qm_phc/qm_t,qm_r,qm_v,qm,m_z
0.11,0.0027760590133195117,0.19390861866162634,0,0.11277605901331951,0.2776059013319512
number of iterations,8,Execution time: ,4.674487113952637
