architecture,t_cbt,t_hxt,eta_hpfp,eta_r,p_cbt,qm_cb0,t0,p0,tpr_hx,Q_hx,pcc,v
after,360,260,0.71,0.71,1330000.0,0.10773678901529868,25.2,345000.0,0.95,159000.0,True,0
P_hpfp,P_rv,p_hpfp
39232.19685759929,85250.70194054428,1889258.8433249607
Q,Q_phc
466397.68565694185,307397.68565694185
qm_cb,qm_phc/qm_t,qm_r,qm_v,qm,qm_pot
0.10773678901529868,0.0026277074529437302,0.16897535324550994,0,0.11036449646824241,0.001415419330041427
number of iterations,12,Execution time: ,6.061263799667358
