architecture,t_cbt,t_hxt,eta_hpfp,eta_r,p_cbt,qm_cb0,t0,p0,tpr_hx,Q_hx,pcc,v
after,360,240,0.71,0.71,1330000.0,0.10773678901529868,25.2,345000.0,0.95,159000.0,True,0
P_hpfp,P_rv,p_hpfp
39290.54050678932,66348.36013697284,1889258.8433249607
Q,Q_phc
486120.40415568184,327120.40415568184
qm_cb,qm_phc/qm_t,qm_r,qm_v,qm,qm_pot
0.10773678901529868,0.0027566980645106947,0.1315115320508413,0,0.11049348707980937,0.001452660760424561
number of iterations,12,Execution time: ,5.967957496643066
