architecture,t_cbt,t_hxt,eta_hpfp,eta_r,p_cbt,qm_cb0,t0,p0,tpr_hx,Q_hx,pcc,v
after,360,250,0.71,0.71,1330000.0,0.10773678901529868,25.2,345000.0,0.95,159000.0,True,0
P_hpfp,P_rv,p_hpfp
39212.9482230264,75070.94627135829,1889258.8433249607
Q,Q_phc
476306.7840834523,317306.7840834523
qm_cb,qm_phc/qm_t,qm_r,qm_v,qm,qm_pot
0.10773678901529868,0.0026888740592739884,0.14880060048781418,0,0.11042566307457266,0.0012994097395265462
number of iterations,12,Execution time: ,5.555224180221558
