architecture,t_cbt,t_hxt,eta_hpfp,eta_r,p_cbt,qm_cb0,t0,p0,tpr_hx,Q_hx,pcc,v
after,360,220,0.71,0.71,1330000.0,0.11,25.2,345000.0,0.95,149000.0,True,0
P_hpfp,P_rv,p_hpfp
39679.931816956,52128.775520482974,1889366.271814466
Q,Q_phc
505891.8216311719,356891.8216311719
qm_cb,qm_phc/qm_t,qm_r,qm_v,qm,m_z
0.11,0.0030703221787846662,0.10324552974312427,0,0.11307032217878467,0.30703221787846663
number of iterations,8,Execution time: ,4.592877149581909
