architecture,t_cbt,t_hxt,eta_hpfp,eta_r,p_cbt,qm_cb0,t0,p0,tpr_hx,Q_hx,pcc,v
after,370,170,0.71,0.71,1330000.0,0.10998,25.2,345000.0,0.95,159000.0,True,0
P_hpfp,P_rv,p_hpfp
39727.16636774494,25742.48741953909,1889258.8433249607
Q,Q_phc
549416.5287275398,390416.5287275398
qm_cb,qm_phc/qm_t,qm_r,qm_v,qm,m_z
0.10998,0.0032109627820662567,0.049640188624715545,0,0.11319096278206625,0.32109627820662534
number of iterations,12,Execution time: ,7.63664174079895
