architecture,t_cbt,t_hxt,eta_hpfp,eta_r,p_cbt,qm_cb0,t0,p0,tpr_hx,Q_hx,pcc,v
after,370,180,0.71,0.71,1330000.0,0.10998,25.2,345000.0,0.95,159000.0,True,0
P_hpfp,P_rv,p_hpfp
39723.96526727295,29812.01415315604,1889258.8433249607
Q,Q_phc
545300.6573394611,386300.65733946115
qm_cb,qm_phc/qm_t,qm_r,qm_v,qm,m_z
0.10998,0.003201842180787215,0.057494956621763786,0,0.11318184218078721,0.320184218078721
number of iterations,12,Execution time: ,8.03299856185913
