architecture,t_cbt,t_hxt,eta_hpfp,eta_r,p_cbt,qm_cb0,t0,p0,tpr_hx,Q_hx,pcc,v
after,370,160,0.71,0.71,1330000.0,0.11,25.2,345000.0,0.95,149000.0,True,0
P_hpfp,P_rv,p_hpfp
39768.031055028994,22065.046798421237,1889366.2727081615
Q,Q_phc
553760.1718128913,404760.17181289126
qm_cb,qm_phc/qm_t,qm_r,qm_v,qm,m_z
0.11,0.0033211685913319784,0.042506508596750835,0,0.11332116859133198,0.33211685913319783
number of iterations,9,Execution time: ,4.919085741043091
