architecture,t_cbt,t_hxt,eta_hpfp,eta_r,p_cbt,qm_cb0,t0,p0,tpr_hx,Q_hx,pcc,v
after,370,100,0.71,0.71,1330000.0,0.10760452033055456,25.2,345000.0,0.95,159000.0,True,0
P_hpfp,P_rv,p_hpfp
39079.33089969013,5751.325535057836,1889258.861393996
Q,Q_phc
560024.2921286807,401024.29212868074
qm_cb,qm_phc/qm_t,qm_r,qm_v,qm,qm_pot
0.10760452033055456,0.0029608313073094623,0.01108546696743309,0,0.11056535163786403,0.0007790173173468129
number of iterations,17,Execution time: ,7.864681243896484
