architecture,t_cbt,t_hxt,eta_hpfp,eta_r,p_cbt,qm_cb0,t0,p0,tpr_hx,Q_hx,pcc,v
after,370,190,0.71,0.71,1330000.0,0.10760452033055456,25.2,345000.0,0.95,159000.0,True,0
P_hpfp,P_rv,p_hpfp
38810.339801006354,33488.45094323045,1889258.8433249607
Q,Q_phc
528392.8322894307,369392.83228943066
qm_cb,qm_phc/qm_t,qm_r,qm_v,qm
0.10760452033055456,0.0029734452828842073,0.06458747108711752,0,0.11057796561343877
number of iterations,12,Execution time: ,5.968368053436279
