architecture,t_cbt,t_hxt,eta_hpfp,eta_r,p_cbt,qm_cb0,t0,p0,tpr_hx,Q_hx,pcc,v
after,370,110,0.71,0.71,1330000.0,0.11,25.2,345000.0,0.95,149000.0,True,0
P_hpfp,P_rv,p_hpfp
39766.078131358176,7902.486216940408,1889366.2728247393
Q,Q_phc
567894.4545646191,418894.4545646191
qm_cb,qm_phc/qm_t,qm_r,qm_v,qm,m_z
0.11,0.0033155215719650453,0.015219675600563611,0,0.11331552157196505,0.33155215719650455
number of iterations,12,Execution time: ,6.6176111698150635
