architecture,t_cbt,t_hxt,eta_hpfp,eta_r,p_cbt,qm_cb0,t0,p0,tpr_hx,Q_hx,pcc,v
after,370,110,0.71,0.71,1330000.0,0.10998,25.2,345000.0,0.95,159000.0,True,0
P_hpfp,P_rv,p_hpfp
39729.27314915917,7886.580790371282,1889258.8612891329
Q,Q_phc
567302.9205837774,408302.92058377736
qm_cb,qm_phc/qm_t,qm_r,qm_v,qm,m_z
0.10998,0.00321696246285956,0.015202728001162027,0,0.11319696246285955,0.32169624628595567
number of iterations,16,Execution time: ,10.393067598342896
