architecture,t_cbt,t_hxt,eta_hpfp,eta_r,p_cbt,qm_cb0,t0,p0,tpr_hx,Q_hx,pcc,v
after,370,150,0.71,0.71,1330000.0,0.10760452033055456,25.2,345000.0,0.95,159000.0,True,0
P_hpfp,P_rv,p_hpfp
39055.86165079811,18307.11337998488,1889258.855973307
Q,Q_phc
547128.7302660615,388128.7302660615
qm_cb,qm_phc/qm_t,qm_r,qm_v,qm,qm_pot
0.10760452033055456,0.0030214720880024585,0.0352938640873932,0,0.11062599241855703,0.0006515091126687632
number of iterations,13,Execution time: ,6.130472183227539
