architecture,t_cbt,t_hxt,eta_hpfp,eta_r,p_cbt,qm_cb0,t0,p0,tpr_hx,Q_hx,pcc,v
after,370,120,0.71,0.71,1330000.0,0.10760452033055456,25.2,345000.0,0.95,159000.0,True,0
P_hpfp,P_rv,p_hpfp
39019.46431660638,9989.542795454136,1889258.8609416161
Q,Q_phc
554919.3497579222,395919.34975792223
qm_cb,qm_phc/qm_t,qm_r,qm_v,qm,qm_pot
0.10760452033055456,0.00301270249349494,0.019255421427718272,0,0.11061722282404951,0.0005565750419590144
number of iterations,15,Execution time: ,6.790660381317139
