architecture,t_cbt,t_hxt,eta_hpfp,eta_r,p_cbt,qm_cb0,t0,p0,tpr_hx,Q_hx,pcc,v
after,370,140,0.71,0.71,1330000.0,0.11,25.2,345000.0,0.95,149000.0,True,0
P_hpfp,P_rv,p_hpfp
39769.07178788322,15535.872141322325,1889366.2728233607
Q,Q_phc
560304.4155952039,411304.4155952039
qm_cb,qm_phc/qm_t,qm_r,qm_v,qm,m_z
0.11,0.0033240851874762633,0.02993954811138472,0,0.11332408518747626,0.33240851874762634
number of iterations,11,Execution time: ,6.087165355682373
