architecture,t_cbt,t_hxt,eta_hpfp,eta_r,p_cbt,qm_cb0,t0,p0,tpr_hx,Q_hx,pcc,v
after,370,120,0.71,0.71,1330000.0,0.10760452033055456,25.2,345000.0,0.95,159000.0,True,0
P_hpfp,P_rv,p_hpfp
42711.434486498074,13244.347011898586,1889258.8597899457
Q,Q_phc
544520.8334779544,385520.8334779544
qm_cb,qm_phc/qm_t,qm_r,qm_v,qm
0.10760452033055456,0.0029338656505789318,0.016550427489015185,0,0.1105383859811335
number of iterations,14,Execution time: ,6.421673774719238
