architecture,t_cbt,t_hxt,eta_hpfp,eta_r,p_cbt,qm_cb0,t0,p0,tpr_hx,Q_hx,pcc,v
after,370,100,0.71,0.71,1330000.0,0.10760452033055456,25.2,345000.0,0.95,159000.0,True,0
P_hpfp,P_rv,p_hpfp
42713.39800488658,7221.839675544738,1889258.8612891329
Q,Q_phc
550568.9809304132,391568.98093041324
qm_cb,qm_phc/qm_t,qm_r,qm_v,qm
0.10760452033055456,0.0029389470494677605,0.009024038695678556,0,0.11054346738002233
number of iterations,16,Execution time: ,8.25022292137146
