architecture,t_cbt,t_hxt,eta_hpfp,eta_r,p_cbt,qm_cb0,t0,p0,tpr_hx,Q_hx,pcc,v
after,370,120,0.71,0.71,1330000.0,0.11,25.2,345000.0,0.95,149000.0,True,0
P_hpfp,P_rv,p_hpfp
39767.52872759531,10179.821655263602,1889366.2728247393
Q,Q_phc
565638.1231808795,416638.1231808795
qm_cb,qm_phc/qm_t,qm_r,qm_v,qm,m_z
0.11,0.003319671335093223,0.01961425809176798,0,0.11331967133509323,0.3319671335093223
number of iterations,12,Execution time: ,6.352418422698975
