architecture,t_cbt,t_hxt,eta_hpfp,eta_r,p_cbt,qm_cb0,t0,p0,tpr_hx,Q_hx,pcc,v
after,370,170,0.71,0.71,1330000.0,0.10760452033055456,25.2,345000.0,0.95,159000.0,True,0
P_hpfp,P_rv,p_hpfp
39082.95678672411,25334.914266363085,1889258.8433249607
Q,Q_phc
540493.2136100581,381493.21361005807
qm_cb,qm_phc/qm_t,qm_r,qm_v,qm,qm_pot
0.10760452033055456,0.0030185187089970867,0.04884759637445464,0,0.11062303903955165,0.0007316636966977707
number of iterations,12,Execution time: ,6.036315202713013
