architecture,t_cbt,t_hxt,eta_hpfp,eta_r,p_cbt,qm_cb0,t0,p0,tpr_hx,Q_hx,pcc,v
after,370,170,0.71,0.71,1330000.0,0.10760452033055456,25.2,345000.0,0.95,159000.0,True,0
P_hpfp,P_rv,p_hpfp
42691.421880910966,34529.34228792628,1889258.8433249607
Q,Q_phc
522974.5096033271,363974.5096033271
qm_cb,qm_phc/qm_t,qm_r,qm_v,qm
0.10760452033055456,0.002882075119781946,0.043178949918048194,0,0.11048659545033651
number of iterations,12,Execution time: ,6.363573789596558
