architecture,t_cbt,t_hxt,eta_hpfp,eta_r,p_cbt,qm_cb0,t0,p0,tpr_hx,Q_hx,pcc,v
after,370,110,0.71,0.71,1330000.0,0.10760452033055456,25.2,345000.0,0.95,159000.0,True,0
P_hpfp,P_rv,p_hpfp
38815.34633647587,7706.349751414486,1889258.8612891329
Q,Q_phc
554247.4003863835,395247.4003863835
qm_cb,qm_phc/qm_t,qm_r,qm_v,qm
0.10760452033055456,0.0029877069358236613,0.014855033502971607,0,0.11059222726637823
number of iterations,16,Execution time: ,8.087058782577515
