architecture,t_cbt,t_hxt,eta_hpfp,eta_r,p_cbt,qm_cb0,t0,p0,tpr_hx,Q_hx,pcc,v
after,370,140,0.71,0.71,1330000.0,0.10760452033055456,25.2,345000.0,0.95,159000.0,True,0
P_hpfp,P_rv,p_hpfp
38818.49661461252,15160.927925282518,1889258.8597899457
Q,Q_phc
546838.4320544566,387838.43205445656
qm_cb,qm_phc/qm_t,qm_r,qm_v,qm
0.10760452033055456,0.0029966829139703444,0.02923157887198908,0,0.11060120324452491
number of iterations,14,Execution time: ,6.917789459228516
