architecture,t_cbt,t_hxt,eta_hpfp,eta_r,p_cbt,qm_cb0,t0,p0,tpr_hx,Q_hx,pcc,v
after,370,170,0.71,0.71,1330000.0,0.10760452033055456,25.2,345000.0,0.95,159000.0,True,0
P_hpfp,P_rv,p_hpfp
39175.27214921102,25395.421827619983,1889258.8433249607
Q,Q_phc
541769.2126241672,382769.2126241672
qm_cb,qm_phc/qm_t,qm_r,qm_v,qm,qm_pot
0.10760452033055456,0.003005743291488873,0.048963750174107805,0,0.11061026362204343,0.0010074629638040578
number of iterations,12,Execution time: ,6.204883813858032
