architecture,t_cbt,t_hxt,eta_hpfp,eta_r,p_cbt,qm_cb0,t0,p0,tpr_hx,Q_hx,pcc,v
after,370,180,0.71,0.71,1330000.0,0.10760452033055456,25.2,345000.0,0.95,159000.0,True,0
P_hpfp,P_rv,p_hpfp
42683.730858207266,39998.84198401532,1889258.8433249607
Q,Q_phc
517404.57345903886,358404.57345903886
qm_cb,qm_phc/qm_t,qm_r,qm_v,qm
0.10760452033055456,0.0028621705376288137,0.05002471431440828,0,0.11046669086818338
number of iterations,12,Execution time: ,5.343207359313965
