architecture,t_cbt,t_hxt,eta_hpfp,eta_r,p_cbt,qm_cb0,t0,p0,tpr_hx,Q_hx,pcc,v
after,370,180,0.71,0.71,1330000.0,0.10760452033055456,25.2,345000.0,0.95,159000.0,True,0
P_hpfp,P_rv,p_hpfp
39097.18501832241,29350.480526431213,1889258.8433249607
Q,Q_phc
536683.6382552377,377683.6382552377
qm_cb,qm_phc/qm_t,qm_r,qm_v,qm,qm_pot
0.10760452033055456,0.003013349548065574,0.056599055694456425,0,0.11061786987862014,0.0007773717684577718
number of iterations,12,Execution time: ,5.939216375350952
