architecture,t_cbt,t_hxt,eta_hpfp,eta_r,p_cbt,qm_cb0,t0,p0,tpr_hx,Q_hx,pcc,v
after,370,140,0.71,0.71,1330000.0,0.10760452033055456,25.2,345000.0,0.95,159000.0,True,0
P_hpfp,P_rv,p_hpfp
39043.07684052849,15249.752220660454,1889258.8597899457
Q,Q_phc
550000.9944493445,391000.99444934446
qm_cb,qm_phc/qm_t,qm_r,qm_v,qm,qm_pot
0.10760452033055456,0.00301997109718455,0.029402066037618822,0,0.11062449142773911,0.0006165831507488878
number of iterations,14,Execution time: ,6.435817003250122
