architecture,t_cbt,t_hxt,eta_hpfp,eta_r,p_cbt,qm_cb0,t0,p0,tpr_hx,Q_hx,pcc,v
after,370,100,0.71,0.71,1330000.0,0.10760452033055456,25.2,345000.0,0.95,159000.0,True,0
P_hpfp,P_rv,p_hpfp
38998.524801934764,5739.194416338238,1889258.861393996
Q,Q_phc
558866.5434460831,399866.5434460831
qm_cb,qm_phc/qm_t,qm_r,qm_v,qm,qm_pot
0.10760452033055456,0.00300160057378287,0.011062229771340252,0,0.11060612090433744,0.0005080162696435908
number of iterations,17,Execution time: ,7.783124685287476
