architecture,t_cbt,t_hxt,eta_hpfp,eta_r,p_cbt,qm_cb0,t0,p0,tpr_hx,Q_hx,pcc,v
after,370,130,0.71,0.71,1330000.0,0.10760452033055456,25.2,345000.0,0.95,159000.0,True,0
P_hpfp,P_rv,p_hpfp
39116.40943173081,12507.214879505558,1889258.8609416161
Q,Q_phc
553805.2120017393,394805.2120017393
qm_cb,qm_phc/qm_t,qm_r,qm_v,qm,qm_pot
0.10760452033055456,0.002986922896425592,0.024115296424926425,0,0.11059144322698015,0.0008585695184918197
number of iterations,15,Execution time: ,7.137346267700195
