architecture,t_cbt,t_hxt,eta_hpfp,eta_r,p_cbt,qm_cb0,t0,p0,tpr_hx,Q_hx,pcc,v
after,370,100,0.71,0.71,1330000.0,0.10998,25.2,345000.0,0.95,159000.0,True,0
P_hpfp,P_rv,p_hpfp
39727.85325756178,5845.2601050249095,1889258.861393996
Q,Q_phc
569323.6843742558,410323.6843742558
qm_cb,qm_phc/qm_t,qm_r,qm_v,qm,m_z
0.10998,0.0032129168789944706,0.01126705794764438,0,0.11319291687899447,0.32129168789944634
number of iterations,17,Execution time: ,11.111003637313843
