architecture,t_cbt,t_hxt,eta_hpfp,eta_r,p_cbt,qm_cb0,t0,p0,tpr_hx,Q_hx,pcc,v
after,370,190,0.71,0.71,1330000.0,0.10760452033055456,25.2,345000.0,0.95,159000.0,True,0
P_hpfp,P_rv,p_hpfp
39207.466947618064,33833.72421651561,1889258.8433249607
Q,Q_phc
533797.0142357806,374797.0142357806
qm_cb,qm_phc/qm_t,qm_r,qm_v,qm,qm_pot
0.10760452033055456,0.0030017480726342908,0.06525116889302769,0,0.11060626840318885,0.001103187225213765
number of iterations,12,Execution time: ,5.72278904914856
