architecture,t_cbt,t_hxt,eta_hpfp,eta_r,p_cbt,qm_cb0,t0,p0,tpr_hx,Q_hx,pcc,v
after,370,280,0.71,0.71,1330000.0,0.10760452033055456,25.2,345000.0,0.95,159000.0,True,0
P_hpfp,P_rv,p_hpfp
39270.968484984136,104014.54813769287,1889258.8433249607
Q,Q_phc
464535.5413299628,305535.5413299628
qm_cb,qm_phc/qm_t,qm_r,qm_v,qm,qm_pot
0.10760452033055456,0.0026586619942426336,0.2006282878820843,0,0.1102631823247972,0.0016272011401373605
number of iterations,12,Execution time: ,6.0978710651397705
