architecture,t_cbt,t_hxt,eta_hpfp,eta_r,p_cbt,qm_cb0,t0,p0,tpr_hx,Q_hx,pcc,v
after,370,220,0.71,0.71,1330000.0,0.11,25.2,345000.0,0.95,149000.0,True,0
P_hpfp,P_rv,p_hpfp
39737.873179628274,50569.535952196726,1889366.2640801906
Q,Q_phc
524819.0289525943,375819.02895259426
qm_cb,qm_phc/qm_t,qm_r,qm_v,qm,m_z
0.11,0.0032356506227039362,0.09743865301017744,0,0.11323565062270394,0.3235650622703936
number of iterations,7,Execution time: ,4.069889068603516
