architecture,t_cbt,t_hxt,eta_hpfp,eta_r,p_cbt,qm_cb0,t0,p0,tpr_hx,Q_hx,pcc,v
after,370,230,0.71,0.71,1330000.0,0.10998,25.2,345000.0,0.95,159000.0,True,0
P_hpfp,P_rv,p_hpfp
39685.54959951146,57013.76119592513,1889258.8433249607
Q,Q_phc
517542.7387975773,358542.7387975773
qm_cb,qm_phc/qm_t,qm_r,qm_v,qm,m_z
0.10998,0.0030923879504102525,0.10997821612557457,0,0.11307238795041025,0.3092387950410248
number of iterations,12,Execution time: ,8.105069160461426
