architecture,t_cbt,t_hxt,eta_hpfp,eta_r,p_cbt,qm_cb0,t0,p0,tpr_hx,Q_hx,pcc,v
after,370,280,0.71,0.71,1330000.0,0.10760452033055456,25.2,345000.0,0.95,159000.0,True,0
P_hpfp,P_rv,p_hpfp
42458.85548183093,134148.65536826447,1889258.8433249607
Q,Q_phc
420318.13058338914,261318.13058338914
qm_cb,qm_phc/qm_t,qm_r,qm_v,qm
0.10760452033055456,0.002280186765672404,0.1678089010751081,0,0.10988470709622697
number of iterations,12,Execution time: ,6.477615118026733
