architecture,t_cbt,t_hxt,eta_hpfp,eta_r,p_cbt,qm_cb0,t0,p0,tpr_hx,Q_hx,pcc,v
after,370,200,0.71,0.71,1330000.0,0.10760452033055456,25.2,345000.0,0.95,159000.0,True,0
P_hpfp,P_rv,p_hpfp
42663.216808360536,52402.42103515076,1889258.8433249607
Q,Q_phc
504733.10307743074,345733.10307743074
qm_cb,qm_phc/qm_t,qm_r,qm_v,qm
0.10760452033055456,0.0028090796021058295,0.06554562173113901,0,0.1104135999326604
number of iterations,12,Execution time: ,6.485632419586182
