architecture,t_cbt,t_hxt,eta_hpfp,eta_r,p_cbt,qm_cb0,t0,p0,tpr_hx,Q_hx,pcc,v
after,370,220,0.71,0.71,1330000.0,0.10760452033055456,25.2,345000.0,0.95,159000.0,True,0
P_hpfp,P_rv,p_hpfp
42634.14710140679,67131.66602917161,1889258.8433249607
Q,Q_phc
489624.2391134615,330624.2391134615
qm_cb,qm_phc/qm_t,qm_r,qm_v,qm
0.10760452033055456,0.00273384638637883,0.08397336612829483,0,0.1103383667169334
number of iterations,12,Execution time: ,6.353005647659302
