architecture,t_cbt,t_hxt,eta_hpfp,eta_r,p_cbt,qm_cb0,t0,p0,tpr_hx,Q_hx,pcc,v
after,370,250,0.71,0.71,1330000.0,0.10998,25.2,345000.0,0.95,159000.0,True,0
P_hpfp,P_rv,p_hpfp
39654.02619237297,72569.13479234076,1889258.8433249607
Q,Q_phc
501530.9779605631,342530.9779605631
qm_cb,qm_phc/qm_t,qm_r,qm_v,qm,m_z
0.10998,0.0030025712045807923,0.13998597075420252,0,0.11298257120458079,0.3002571204580796
number of iterations,12,Execution time: ,8.035975456237793
