architecture,t_cbt,t_hxt,eta_hpfp,eta_r,p_cbt,qm_cb0,t0,p0,tpr_hx,Q_hx,pcc,v
after,370,220,0.71,0.71,1330000.0,0.10760452033055456,25.2,345000.0,0.95,159000.0,True,0
P_hpfp,P_rv,p_hpfp
39158.89047656332,49767.15374512771,1889258.8433249607
Q,Q_phc
517160.31310400553,358160.31310400553
qm_cb,qm_phc/qm_t,qm_r,qm_v,qm,qm_pot
0.10760452033055456,0.002956743899926412,0.09599537215657089,0,0.11056126423048097,0.001009787885521193
number of iterations,12,Execution time: ,5.925177812576294
