architecture,t_cbt,t_hxt,eta_hpfp,eta_r,p_cbt,qm_cb0,t0,p0,tpr_hx,Q_hx,pcc,v
after,370,270,0.71,0.71,1330000.0,0.10760452033055456,25.2,345000.0,0.95,159000.0,True,0
P_hpfp,P_rv,p_hpfp
39249.87628768463,91702.1008199242,1889258.8433249607
Q,Q_phc
476542.6238674792,317542.6238674792
qm_cb,qm_phc/qm_t,qm_r,qm_v,qm,qm_pot
0.10760452033055456,0.002738703287091032,0.17688449629384687,0,0.11034322361764559,0.001487064205775513
number of iterations,12,Execution time: ,5.711506366729736
