architecture,t_cbt,t_hxt,eta_hpfp,eta_r,p_cbt,qm_cb0,t0,p0,tpr_hx,Q_hx,pcc,v
after,370,230,0.71,0.71,1330000.0,0.10760452033055456,25.2,345000.0,0.95,159000.0,True,0
P_hpfp,P_rv,p_hpfp
42615.558627655715,75566.9769042328,1889258.8433249607
Q,Q_phc
480946.1828516126,321946.1828516126
qm_cb,qm_phc/qm_t,qm_r,qm_v,qm
0.10760452033055456,0.0026857388957194084,0.09452605696931346,0,0.11029025922627397
number of iterations,12,Execution time: ,5.652011156082153
