architecture,t_cbt,t_hxt,eta_hpfp,eta_r,p_cbt,qm_cb0,t0,p0,tpr_hx,Q_hx,pcc,v
after,370,270,0.71,0.71,1330000.0,0.10760452033055456,25.2,345000.0,0.95,159000.0,True,0
P_hpfp,P_rv,p_hpfp
42501.52385490924,119547.51041498297,1889258.8433249607
Q,Q_phc
435476.47839609865,276476.47839609865
qm_cb,qm_phc/qm_t,qm_r,qm_v,qm
0.10760452033055456,0.002390613710176112,0.14954378506741053,0,0.10999513404073068
number of iterations,12,Execution time: ,6.388007640838623
