architecture,t_cbt,t_hxt,eta_hpfp,eta_r,p_cbt,qm_cb0,t0,p0,tpr_hx,Q_hx,pcc,v
after,370,230,0.71,0.71,1330000.0,0.10760452033055456,25.2,345000.0,0.95,159000.0,True,0
P_hpfp,P_rv,p_hpfp
39175.62269790872,56287.872823687474,1889258.8433249607
Q,Q_phc
510881.836738318,351881.836738318
qm_cb,qm_phc/qm_t,qm_r,qm_v,qm,qm_pot
0.10760452033055456,0.0029301942973559165,0.10857516582150041,0,0.11053471462791048,0.0010840107371808529
number of iterations,12,Execution time: ,5.903668642044067
