architecture,t_cbt,t_hxt,eta_hpfp,eta_r,p_cbt,qm_cb0,t0,p0,tpr_hx,Q_hx,pcc,v
after,370,240,0.71,0.71,1330000.0,0.11,25.2,345000.0,0.95,149000.0,True,0
P_hpfp,P_rv,p_hpfp
39712.84405242187,64484.26180212983,1889366.2640801906
Q,Q_phc
510541.89131683117,361541.89131683117
qm_cb,qm_phc/qm_t,qm_r,qm_v,qm,m_z
0.11,0.003164426924628638,0.1242721071369642,0,0.11316442692462864,0.31644269246286383
number of iterations,7,Execution time: ,4.25605034828186
