architecture,t_cbt,t_hxt,eta_hpfp,eta_r,p_cbt,qm_cb0,t0,p0,tpr_hx,Q_hx,pcc,v
after,370,240,0.71,0.71,1330000.0,0.10998,25.2,345000.0,0.95,159000.0,True,0
P_hpfp,P_rv,p_hpfp
39671.37657059319,64340.79371574263,1889258.8433249607
Q,Q_phc
510010.5130532292,351010.5130532292
qm_cb,qm_phc/qm_t,qm_r,qm_v,qm,m_z
0.10998,0.0030520060421224265,0.12411291731740691,0,0.11303200604212242,0.3052006042122427
number of iterations,12,Execution time: ,7.709179878234863
