architecture,t_cbt,t_hxt,eta_hpfp,eta_r,p_cbt,qm_cb0,t0,p0,tpr_hx,Q_hx,pcc,v
after,370,230,0.71,0.71,1330000.0,0.10760452033055456,25.2,345000.0,0.95,159000.0,True,0
P_hpfp,P_rv,p_hpfp
39276.45800343089,56433.12653708879,1889258.8433249607
Q,Q_phc
512196.4380829362,353196.4380829362
qm_cb,qm_phc/qm_t,qm_r,qm_v,qm,qm_pot
0.10760452033055456,0.0029461000573811607,0.10885501452588357,0,0.11055062038793573,0.001355403748663957
number of iterations,12,Execution time: ,6.038485050201416
