architecture,t_cbt,t_hxt,eta_hpfp,eta_r,p_cbt,qm_cb0,t0,p0,tpr_hx,Q_hx,pcc,v
after,370,250,0.71,0.71,1330000.0,0.10760452033055456,25.2,345000.0,0.95,159000.0,True,0
P_hpfp,P_rv,p_hpfp
38752.028487540905,70923.3511798395,1889258.8433249607
Q,Q_phc
490113.72311765276,331113.72311765276
qm_cb,qm_phc/qm_t,qm_r,qm_v,qm
0.10760452033055456,0.0028073053715018947,0.1368110664342738,0,0.11041182570205646
number of iterations,12,Execution time: ,6.015803337097168
