architecture,t_cbt,t_hxt,eta_hpfp,eta_r,p_cbt,qm_cb0,t0,p0,tpr_hx,Q_hx,pcc,v
after,370,240,0.71,0.71,1330000.0,0.10760452033055456,25.2,345000.0,0.95,159000.0,True,0
P_hpfp,P_rv,p_hpfp
42593.66460683308,84862.89211321468,1889258.8433249607
Q,Q_phc
471364.3553819414,312364.3553819414
qm_cb,qm_phc/qm_t,qm_r,qm_v,qm
0.10760452033055456,0.0026290765566630986,0.10615507821991194,0,0.11023359688721766
number of iterations,12,Execution time: ,6.206913709640503
