architecture,t_cbt,t_hxt,eta_hpfp,eta_r,p_cbt,qm_cb0,t0,p0,tpr_hx,Q_hx,pcc,v
after,370,260,0.71,0.71,1330000.0,0.10760452033055456,25.2,345000.0,0.95,159000.0,True,0
P_hpfp,P_rv,p_hpfp
39229.97468793322,81061.83404597397,1889258.8433249607
Q,Q_phc
486894.76287795114,327894.76287795114
qm_cb,qm_phc/qm_t,qm_r,qm_v,qm,qm_pot
0.10760452033055456,0.002803095246275668,0.1563629579566312,0,0.11040761557683024,0.0013659688416671656
number of iterations,12,Execution time: ,5.8011085987091064
