architecture,t_cbt,t_hxt,eta_hpfp,eta_r,p_cbt,qm_cb0,t0,p0,tpr_hx,Q_hx,pcc,v
after,370,260,0.71,0.71,1330000.0,0.11,25.2,345000.0,0.95,149000.0,True,0
P_hpfp,P_rv,p_hpfp
39674.77359852699,82063.76102205145,1889366.2640801906
Q,Q_phc
492411.14709864743,343411.14709864743
qm_cb,qm_phc/qm_t,qm_r,qm_v,qm,m_z
0.11,0.0030562216182287126,0.15815316467130025,0,0.11305622161822872,0.3056221618228713
number of iterations,7,Execution time: ,4.0974037647247314
