architecture,t_cbt,t_hxt,eta_hpfp,eta_r,p_cbt,qm_cb0,t0,p0,tpr_hx,Q_hx,pcc,v
after,370,280,0.71,0.71,1330000.0,0.10760452033055456,25.2,345000.0,0.95,159000.0,True,0
P_hpfp,P_rv,p_hpfp
38679.02893474324,102436.6321047705,1889258.8433249607
Q,Q_phc
457543.5825359479,298543.5825359479
qm_cb,qm_phc/qm_t,qm_r,qm_v,qm
0.10760452033055456,0.0025993159006432037,0.197594497537326,0,0.11020383623119777
number of iterations,12,Execution time: ,6.293075799942017
