architecture,t_cbt,t_hxt,eta_hpfp,eta_r,p_cbt,qm_cb0,t0,p0,tpr_hx,Q_hx,pcc,v
after,370,280,0.71,0.71,1330000.0,0.10760452033055456,25.2,345000.0,0.95,159000.0,True,0
P_hpfp,P_rv,p_hpfp
39371.89239585693,104282.27237922797,1889258.8433249607
Q,Q_phc
465728.9549408872,306728.9549408872
qm_cb,qm_phc/qm_t,qm_r,qm_v,qm,qm_pot
0.10760452033055456,0.0026962998287723,0.20114436108445558,0,0.11030082015932687,0.0018771145304433134
number of iterations,12,Execution time: ,6.15256142616272
