architecture,t_cbt,t_hxt,eta_hpfp,eta_r,p_cbt,qm_cb0,t0,p0,tpr_hx,Q_hx,pcc,v
after,370,200,0.71,0.71,1330000.0,0.10760452033055456,25.2,345000.0,0.95,159000.0,True,0
P_hpfp,P_rv,p_hpfp
38805.46812389351,38260.80172468924,1889258.8433249607
Q,Q_phc
523549.951226565,364549.951226565
qm_cb,qm_phc/qm_t,qm_r,qm_v,qm
0.10760452033055456,0.0029595649575114846,0.07379687144521672,0,0.11056408528806605
number of iterations,12,Execution time: ,6.189943552017212
