architecture,t_cbt,t_hxt,eta_hpfp,eta_r,p_cbt,qm_cb0,t0,p0,tpr_hx,Q_hx,pcc,v
after,370,250,0.71,0.71,1330000.0,0.10760452033055456,25.2,345000.0,0.95,159000.0,True,0
P_hpfp,P_rv,p_hpfp
39211.061286636104,71767.27288939738,1889258.8433249607
Q,Q_phc
495915.5030310114,336915.5030310114
qm_cb,qm_phc/qm_t,qm_r,qm_v,qm,qm_pot
0.10760452033055456,0.002854986730512715,0.13843528170123293,0,0.11045950706106727,0.0012601895159685492
number of iterations,12,Execution time: ,5.657404661178589
