architecture,t_cbt,t_hxt,eta_hpfp,eta_r,p_cbt,qm_cb0,t0,p0,tpr_hx,Q_hx,pcc,v
after,370,210,0.71,0.71,1330000.0,0.10760452033055456,25.2,345000.0,0.95,159000.0,True,0
P_hpfp,P_rv,p_hpfp
39142.71923502377,43894.809541867864,1889258.8433249607
Q,Q_phc
522798.5362458602,363798.5362458602
qm_cb,qm_phc/qm_t,qm_r,qm_v,qm,qm_pot
0.10760452033055456,0.002977515654667522,0.08466562689219986,0,0.1105820359852221,0.000942941218783542
number of iterations,12,Execution time: ,5.419378042221069
