architecture,t_cbt,t_hxt,eta_hpfp,eta_r,p_cbt,qm_cb0,t0,p0,tpr_hx,Q_hx,pcc,v
after,370,210,0.71,0.71,1330000.0,0.10998,25.2,345000.0,0.95,159000.0,True,0
P_hpfp,P_rv,p_hpfp
39706.37139076594,44520.075815874865,1889258.8433249607
Q,Q_phc
530337.8763592779,371337.87635927787
qm_cb,qm_phc/qm_t,qm_r,qm_v,qm,m_z
0.10998,0.003151713565963235,0.08587518881584537,0,0.11313171356596323,0.31517135659632284
number of iterations,12,Execution time: ,8.086051940917969
