architecture,t_cbt,t_hxt,eta_hpfp,eta_r,p_cbt,qm_cb0,t0,p0,tpr_hx,Q_hx,pcc,v
after,370,250,0.71,0.71,1330000.0,0.10760452033055456,25.2,345000.0,0.95,159000.0,True,0
P_hpfp,P_rv,p_hpfp
39313.24582812816,71954.67551617253,1889258.8433249607
Q,Q_phc
497207.4891855373,338207.4891855373
qm_cb,qm_phc/qm_t,qm_r,qm_v,qm,qm_pot
0.10760452033055456,0.0028802716394879203,0.13879643432313885,0,0.11048479197004249,0.001526047605824814
number of iterations,12,Execution time: ,6.196670055389404
