architecture,t_cbt,t_hxt,eta_hpfp,eta_r,p_cbt,qm_cb0,t0,p0,tpr_hx,Q_hx,pcc,v
after,370,280,0.71,0.71,1330000.0,0.11,25.2,345000.0,0.95,149000.0,True,0
P_hpfp,P_rv,p_hpfp
39617.05703871851,105051.06418078551,1889366.2640801906
Q,Q_phc
468588.1311585743,319588.1311585743
qm_cb,qm_phc/qm_t,qm_r,qm_v,qm,m_z
0.11,0.0028925658973734288,0.20242228831868359,0,0.11289256589737343,0.28925658973734286
number of iterations,7,Execution time: ,3.9337680339813232
