architecture,t_cbt,t_hxt,eta_hpfp,eta_r,p_cbt,qm_cb0,t0,p0,tpr_hx,Q_hx,pcc,v
after,370,260,0.71,0.71,1330000.0,0.10760452033055456,25.2,345000.0,0.95,159000.0,True,0
P_hpfp,P_rv,p_hpfp
42537.47308547768,106649.20509228544,1889258.8433249607
Q,Q_phc
448844.2418354722,289844.2418354722
qm_cb,qm_phc/qm_t,qm_r,qm_v,qm
0.10760452033055456,0.0024836513256869253,0.133408766660839,0,0.11008817165624149
number of iterations,12,Execution time: ,5.7906334400177
