architecture,t_cbt,t_hxt,eta_hpfp,eta_r,p_cbt,qm_cb0,t0,p0,tpr_hx,Q_hx,pcc,v
after,370,210,0.71,0.71,1330000.0,0.10760452033055456,25.2,345000.0,0.95,159000.0,True,0
P_hpfp,P_rv,p_hpfp
39241.22582262169,44005.69120119553,1889258.8433249607
Q,Q_phc
524113.79535546637,365113.79535546637
qm_cb,qm_phc/qm_t,qm_r,qm_v,qm,qm_pot
0.10760452033055456,0.002983753831039062,0.08487913551947174,0,0.11058827416159363,0.001217366858084602
number of iterations,12,Execution time: ,6.122580051422119
