architecture,t_cbt,t_hxt,eta_hpfp,eta_r,p_cbt,qm_cb0,t0,p0,tpr_hx,Q_hx,pcc,v
after,380,160,0.71,0.71,1330000.0,0.10747273940586544,25.2,345000.0,0.95,159000.0,True,0
P_hpfp,P_rv,p_hpfp
39160.57693122471,21373.784949830067,1889258.855973307
Q,Q_phc
561868.0243879515,402868.0243879515
qm_cb,qm_phc/qm_t,qm_r,qm_v,qm,qm_pot
0.10747273940586544,0.0031312863585225255,0.040134981675700725,0,0.11060402576438796,0.0009718293118754106
number of iterations,13,Execution time: ,5.775404691696167
