architecture,t_cbt,t_hxt,eta_hpfp,eta_r,p_cbt,qm_cb0,t0,p0,tpr_hx,Q_hx,pcc,v
after,380,170,0.71,0.71,1330000.0,0.11,25.2,345000.0,0.95,149000.0,True,0
P_hpfp,P_rv,p_hpfp
39818.16456326559,25377.66808640159,1889366.2727081615
Q,Q_phc
567739.0656409134,418739.06564091344
qm_cb,qm_phc/qm_t,qm_r,qm_v,qm,m_z
0.11,0.0034640141620705354,0.04762804139080961,0,0.11346401416207054,0.34640141620705356
number of iterations,9,Execution time: ,5.487638473510742
