architecture,t_cbt,t_hxt,eta_hpfp,eta_r,p_cbt,qm_cb0,t0,p0,tpr_hx,Q_hx,pcc,v
after,380,160,0.71,0.71,1330000.0,0.10747273940586544,25.2,345000.0,0.95,159000.0,True,0
P_hpfp,P_rv,p_hpfp
42696.073147933326,29078.70976918808,1889258.8433249607
Q,Q_phc
544618.5474210957,385618.54742109566
qm_cb,qm_phc/qm_t,qm_r,qm_v,qm
0.10747273940586544,0.0030258936537890385,0.03540503086437746,0,0.11049863305965447
number of iterations,12,Execution time: ,5.598697662353516
