architecture,t_cbt,t_hxt,eta_hpfp,eta_r,p_cbt,qm_cb0,t0,p0,tpr_hx,Q_hx,pcc,v
after,380,100,0.71,0.71,1330000.0,0.10747273940586544,25.2,345000.0,0.95,159000.0,True,0
P_hpfp,P_rv,p_hpfp
39077.513143221375,5710.819072827284,1889258.861393996
Q,Q_phc
576293.8668395982,417293.86683959817
qm_cb,qm_phc/qm_t,qm_r,qm_v,qm,qm_pot
0.10747273940586544,0.003078135930802891,0.010718850496461681,0,0.11055087533666832,0.0007883144882383764
number of iterations,17,Execution time: ,8.23455548286438
