architecture,t_cbt,t_hxt,eta_hpfp,eta_r,p_cbt,qm_cb0,t0,p0,tpr_hx,Q_hx,pcc,v
after,380,100,0.71,0.71,1330000.0,0.10747273940586544,25.2,345000.0,0.95,159000.0,True,0
P_hpfp,P_rv,p_hpfp
38808.79062947554,5670.804489980353,1889258.861393996
Q,Q_phc
572331.6369183733,413331.6369183733
qm_cb,qm_phc/qm_t,qm_r,qm_v,qm
0.10747273940586544,0.0031008094004196934,0.010644185598524565,0,0.11057354880628513
number of iterations,17,Execution time: ,8.350076913833618
