architecture,t_cbt,t_hxt,eta_hpfp,eta_r,p_cbt,qm_cb0,t0,p0,tpr_hx,Q_hx,pcc,v
after,380,160,0.71,0.71,1330000.0,0.10747273940586544,25.2,345000.0,0.95,159000.0,True,0
P_hpfp,P_rv,p_hpfp
38816.20366571385,21184.04545408782,1889258.855973307
Q,Q_phc
556928.807616863,397928.80761686305
qm_cb,qm_phc/qm_t,qm_r,qm_v,qm
0.10747273940586544,0.0031219314137854726,0.039780016628317996,0,0.11059467081965091
number of iterations,13,Execution time: ,6.660685777664185
