architecture,t_cbt,t_hxt,eta_hpfp,eta_r,p_cbt,qm_cb0,t0,p0,tpr_hx,Q_hx,pcc,v
after,380,180,0.71,0.71,1330000.0,0.10747273940586544,25.2,345000.0,0.95,159000.0,True,0
P_hpfp,P_rv,p_hpfp
39192.99792402009,28861.568568394967,1889258.8433249607
Q,Q_phc
554863.1174735276,395863.11747352756
qm_cb,qm_phc/qm_t,qm_r,qm_v,qm,qm_pot
0.10747273940586544,0.0031377508761698484,0.05419844797884426,0,0.11061049028203529,0.0010577403737935304
number of iterations,12,Execution time: ,6.076989650726318
