architecture,t_cbt,t_hxt,eta_hpfp,eta_r,p_cbt,qm_cb0,t0,p0,tpr_hx,Q_hx,pcc,v
after,380,170,0.71,0.71,1330000.0,0.10747273940586544,25.2,345000.0,0.95,159000.0,True,0
P_hpfp,P_rv,p_hpfp
38815.45633703034,24729.933497035665,1889258.8433249607
Q,Q_phc
553371.8005890148,394371.8005890148
qm_cb,qm_phc/qm_t,qm_r,qm_v,qm
0.10747273940586544,0.0031198041820878764,0.04643442908721792,0,0.11059254358795331
number of iterations,12,Execution time: ,6.56257963180542
