architecture,t_cbt,t_hxt,eta_hpfp,eta_r,p_cbt,qm_cb0,t0,p0,tpr_hx,Q_hx,pcc,v
after,380,110,0.71,0.71,1330000.0,0.10747273940586544,25.2,345000.0,0.95,159000.0,True,0
P_hpfp,P_rv,p_hpfp
42707.85204251805,9993.124055300246,1889258.8609416161
Q,Q_phc
563862.3875838212,404862.3875838212
qm_cb,qm_phc/qm_t,qm_r,qm_v,qm
0.10747273940586544,0.003056374924591307,0.01216101839270344,0,0.11052911433045674
number of iterations,15,Execution time: ,7.365844011306763
