architecture,t_cbt,t_hxt,eta_hpfp,eta_r,p_cbt,qm_cb0,t0,p0,tpr_hx,Q_hx,pcc,v
after,380,120,0.71,0.71,1330000.0,0.10747273940586544,25.2,345000.0,0.95,159000.0,True,0
P_hpfp,P_rv,p_hpfp
38812.83089022306,9844.20213450903,1889258.8609416161
Q,Q_phc
568218.4136930277,409218.4136930277
qm_cb,qm_phc/qm_t,qm_r,qm_v,qm
0.10747273940586544,0.0031123209369750965,0.018478619886615165,0,0.11058506034284053
number of iterations,15,Execution time: ,7.26410436630249
