architecture,t_cbt,t_hxt,eta_hpfp,eta_r,p_cbt,qm_cb0,t0,p0,tpr_hx,Q_hx,pcc,v
after,380,160,0.71,0.71,1330000.0,0.10998,25.2,345000.0,0.95,159000.0,True,0
P_hpfp,P_rv,p_hpfp
39780.164206593225,21716.753368661717,1889258.8433249607
Q,Q_phc
570757.3386483715,411757.3386483715
qm_cb,qm_phc/qm_t,qm_r,qm_v,qm,m_z
0.10998,0.00336196465189699,0.04077500760087394,0,0.11334196465189698,0.3361964651896983
number of iterations,12,Execution time: ,7.731835842132568
