architecture,t_cbt,t_hxt,eta_hpfp,eta_r,p_cbt,qm_cb0,t0,p0,tpr_hx,Q_hx,pcc,v
after,380,150,0.71,0.71,1330000.0,0.11,25.2,345000.0,0.95,149000.0,True,0
P_hpfp,P_rv,p_hpfp
39819.356267034455,18415.915037646693,1889366.2728114282
Q,Q_phc
574718.5696207559,425718.56962075585
qm_cb,qm_phc/qm_t,qm_r,qm_v,qm,m_z
0.11,0.003467372955307952,0.034559542150130323,0,0.11346737295530795,0.3467372955307952
number of iterations,10,Execution time: ,5.740753412246704
