architecture,t_cbt,t_hxt,eta_hpfp,eta_r,p_cbt,qm_cb0,t0,p0,tpr_hx,Q_hx,pcc,v
after,380,140,0.71,0.71,1330000.0,0.10747273940586544,25.2,345000.0,0.95,159000.0,True,0
P_hpfp,P_rv,p_hpfp
39039.32813662816,15066.547786251615,1889258.8597899457
Q,Q_phc
566369.4275295336,407369.4275295336
qm_cb,qm_phc/qm_t,qm_r,qm_v,qm,qm_pot
0.10747273940586544,0.0031439572386377846,0.028287816704018934,0,0.11061669664450322,0.0006136971709943762
number of iterations,14,Execution time: ,6.324055433273315
