architecture,t_cbt,t_hxt,eta_hpfp,eta_r,p_cbt,qm_cb0,t0,p0,tpr_hx,Q_hx,pcc,v
after,380,170,0.71,0.71,1330000.0,0.10998,25.2,345000.0,0.95,159000.0,True,0
P_hpfp,P_rv,p_hpfp
39778.77046567688,25335.657185339758,1889258.8433249607
Q,Q_phc
567117.6768634854,408117.67686348537
qm_cb,qm_phc/qm_t,qm_r,qm_v,qm,m_z
0.10998,0.0033579935940387523,0.047578805669376466,0,0.11333799359403875,0.33579935940387473
number of iterations,12,Execution time: ,7.4555823802948
