architecture,t_cbt,t_hxt,eta_hpfp,eta_r,p_cbt,qm_cb0,t0,p0,tpr_hx,Q_hx,pcc,v
after,380,150,0.71,0.71,1330000.0,0.10998,25.2,345000.0,0.95,159000.0,True,0
P_hpfp,P_rv,p_hpfp
39780.75083526172,18388.213078515964,1889258.855973307
Q,Q_phc
574094.6043029804,415094.60430298035
qm_cb,qm_phc/qm_t,qm_r,qm_v,qm,m_z
0.10998,0.0033636339796808273,0.034527394573783586,0,0.11334363397968082,0.3363633979680832
number of iterations,13,Execution time: ,8.173266649246216
