architecture,t_cbt,t_hxt,eta_hpfp,eta_r,p_cbt,qm_cb0,t0,p0,tpr_hx,Q_hx,pcc,v
after,380,160,0.71,0.71,1330000.0,0.11,25.2,345000.0,0.95,149000.0,True,0
P_hpfp,P_rv,p_hpfp
39819.163315694524,21754.703894340302,1889366.2727081615
Q,Q_phc
571376.9068818027,422376.9068818027
qm_cb,qm_phc/qm_t,qm_r,qm_v,qm,m_z
0.11,0.003466845522077985,0.04081691901049483,0,0.11346684552207799,0.3466845522077985
number of iterations,9,Execution time: ,5.099891185760498
