architecture,t_cbt,t_hxt,eta_hpfp,eta_r,p_cbt,qm_cb0,t0,p0,tpr_hx,Q_hx,pcc,v
after,380,130,0.71,0.71,1330000.0,0.10747273940586544,25.2,345000.0,0.95,159000.0,True,0
P_hpfp,P_rv,p_hpfp
38814.41011084365,12289.57614161003,1889258.8597899457
Q,Q_phc
565796.5609999518,406796.5609999518
qm_cb,qm_phc/qm_t,qm_r,qm_v,qm
0.10747273940586544,0.0031168206202631665,0.023067881070804538,0,0.1105895600261286
number of iterations,14,Execution time: ,6.83770489692688
