architecture,t_cbt,t_hxt,eta_hpfp,eta_r,p_cbt,qm_cb0,t0,p0,tpr_hx,Q_hx,pcc,v
after,380,140,0.71,0.71,1330000.0,0.10747273940586544,25.2,345000.0,0.95,159000.0,True,0
P_hpfp,P_rv,p_hpfp
42703.40056449382,20390.794323007125,1889258.855973307
Q,Q_phc
553404.9083021132,394404.9083021132
qm_cb,qm_phc/qm_t,qm_r,qm_v,qm
0.10747273940586544,0.0030448551754651138,0.0248224967342076,0,0.11051759458133055
number of iterations,13,Execution time: ,5.756343364715576
