architecture,t_cbt,t_hxt,eta_hpfp,eta_r,p_cbt,qm_cb0,t0,p0,tpr_hx,Q_hx,pcc,v
after,380,100,0.71,0.71,1330000.0,0.10747273940586544,25.2,345000.0,0.95,159000.0,True,0
P_hpfp,P_rv,p_hpfp
42708.0617608885,7173.0644401599375,1889258.8612891329
Q,Q_phc
566685.2648237828,407685.26482378284
qm_cb,qm_phc/qm_t,qm_r,qm_v,qm
0.10747273940586544,0.003056917625603825,0.008728459358710335,0,0.11052965703146926
number of iterations,16,Execution time: ,8.082481861114502
