architecture,t_cbt,t_hxt,eta_hpfp,eta_r,p_cbt,qm_cb0,t0,p0,tpr_hx,Q_hx,pcc,v
after,380,110,0.71,0.71,1330000.0,0.10747273940586544,25.2,345000.0,0.95,159000.0,True,0
P_hpfp,P_rv,p_hpfp
38810.92924065116,7643.4898829958,1889258.8612891329
Q,Q_phc
570390.8032305194,411390.8032305194
qm_cb,qm_phc/qm_t,qm_r,qm_v,qm
0.10747273940586544,0.0031069027231532126,0.014347706042414164,0,0.11057964212901865
number of iterations,16,Execution time: ,8.07021188735962
