architecture,t_cbt,t_hxt,eta_hpfp,eta_r,p_cbt,qm_cb0,t0,p0,tpr_hx,Q_hx,pcc,v
after,380,140,0.71,0.71,1330000.0,0.10998,25.2,345000.0,0.95,159000.0,True,0
P_hpfp,P_rv,p_hpfp
39780.64071865063,15359.517486838686,1889258.855973307
Q,Q_phc
577121.6598501988,418121.6598501988
qm_cb,qm_phc/qm_t,qm_r,qm_v,qm,m_z
0.10998,0.0033633202345503266,0.028832595310910328,0,0.11334332023455032,0.3363320234550331
number of iterations,13,Execution time: ,7.806396245956421
