architecture,t_cbt,t_hxt,eta_hpfp,eta_r,p_cbt,qm_cb0,t0,p0,tpr_hx,Q_hx,pcc,v
after,380,170,0.71,0.71,1330000.0,0.10747273940586544,25.2,345000.0,0.95,159000.0,True,0
P_hpfp,P_rv,p_hpfp
39176.625687414526,24962.64445178308,1889258.8433249607
Q,Q_phc
558518.2001087883,399518.2001087883
qm_cb,qm_phc/qm_t,qm_r,qm_v,qm,qm_pot
0.10747273940586544,0.0031356483457525984,0.04686937969781446,0,0.11060838775161803,0.0010131953194262018
number of iterations,12,Execution time: ,5.896240711212158
