architecture,t_cbt,t_hxt,eta_hpfp,eta_r,p_cbt,qm_cb0,t0,p0,tpr_hx,Q_hx,pcc,v
after,380,100,0.71,0.71,1330000.0,0.10998,25.2,345000.0,0.95,159000.0,True,0
P_hpfp,P_rv,p_hpfp
39775.37726470728,5811.042538348186,1889258.861393996
Q,Q_phc
586591.7374435939,427591.7374435939
qm_cb,qm_phc/qm_t,qm_r,qm_v,qm,m_z
0.10998,0.0033483226598128163,0.010908137978320366,0,0.11332832265981281,0.3348322659812815
number of iterations,17,Execution time: ,10.159900903701782
