architecture,t_cbt,t_hxt,eta_hpfp,eta_r,p_cbt,qm_cb0,t0,p0,tpr_hx,Q_hx,pcc,v
after,380,120,0.71,0.71,1330000.0,0.10998,25.2,345000.0,0.95,159000.0,True,0
P_hpfp,P_rv,p_hpfp
39778.771900414395,10086.78064731315,1889258.8609416161
Q,Q_phc
582366.5584600777,423366.55846007774
qm_cb,qm_phc/qm_t,qm_r,qm_v,qm,m_z
0.10998,0.003357994758070068,0.018935777826531094,0,0.11333799475807006,0.3357994758070071
number of iterations,15,Execution time: ,9.3463613986969
