architecture,t_cbt,t_hxt,eta_hpfp,eta_r,p_cbt,qm_cb0,t0,p0,tpr_hx,Q_hx,pcc,v
after,380,140,0.71,0.71,1330000.0,0.10747273940586544,25.2,345000.0,0.95,159000.0,True,0
P_hpfp,P_rv,p_hpfp
39130.180050525385,15102.03131064141,1889258.8597899457
Q,Q_phc
567687.0556924472,408687.05569244723
qm_cb,qm_phc/qm_t,qm_r,qm_v,qm,qm_pot
0.10747273940586544,0.003117431806609049,0.028354153627043303,0,0.11059017121247448,0.0008990768057981614
number of iterations,14,Execution time: ,6.531845331192017
