architecture,t_cbt,t_hxt,eta_hpfp,eta_r,p_cbt,qm_cb0,t0,p0,tpr_hx,Q_hx,pcc,v
after,380,160,0.71,0.71,1330000.0,0.10747273940586544,25.2,345000.0,0.95,159000.0,True,0
P_hpfp,P_rv,p_hpfp
39066.02413477519,21321.7124817282,1889258.855973307
Q,Q_phc
560511.8657113484,401511.86571134836
qm_cb,qm_phc/qm_t,qm_r,qm_v,qm,qm_pot
0.10747273940586544,0.0031487662254409553,0.04003754277574079,0,0.11062150563130639,0.0006849507297073255
number of iterations,13,Execution time: ,6.4206626415252686
