architecture,t_cbt,t_hxt,eta_hpfp,eta_r,p_cbt,qm_cb0,t0,p0,tpr_hx,Q_hx,pcc,v
after,380,180,0.71,0.71,1330000.0,0.11,25.2,345000.0,0.95,149000.0,True,0
P_hpfp,P_rv,p_hpfp
39816.19312348317,29350.68894893883,1889366.271814466
Q,Q_phc
563736.6810992733,414736.68109927326
qm_cb,qm_phc/qm_t,qm_r,qm_v,qm,m_z
0.11,0.0034584612619791497,0.05507010039553643,0,0.11345846126197914,0.34584612619791494
number of iterations,8,Execution time: ,4.476513385772705
