architecture,t_cbt,t_hxt,eta_hpfp,eta_r,p_cbt,qm_cb0,t0,p0,tpr_hx,Q_hx,pcc,v
after,380,120,0.71,0.71,1330000.0,0.10747273940586544,25.2,345000.0,0.95,159000.0,True,0
P_hpfp,P_rv,p_hpfp
42707.077395082364,13127.808303632733,1889258.8597899457
Q,Q_phc
560717.2956124211,401717.2956124211
qm_cb,qm_phc/qm_t,qm_r,qm_v,qm
0.10747273940586544,0.0030543703009294626,0.015975586414041093,0,0.1105271097067949
number of iterations,14,Execution time: ,7.005948543548584
