architecture,t_cbt,t_hxt,eta_hpfp,eta_r,p_cbt,qm_cb0,t0,p0,tpr_hx,Q_hx,pcc,v
after,380,190,0.71,0.71,1330000.0,0.10747273940586544,25.2,345000.0,0.95,159000.0,True,0
P_hpfp,P_rv,p_hpfp
42675.896116957825,45042.56279926752,1889258.8433249607
Q,Q_phc
528383.5802937367,369383.58029373665
qm_cb,qm_phc/qm_t,qm_r,qm_v,qm
0.10747273940586544,0.002973674932543413,0.05486245563486673,0,0.11044641433840885
number of iterations,12,Execution time: ,5.8414061069488525
