architecture,t_cbt,t_hxt,eta_hpfp,eta_r,p_cbt,qm_cb0,t0,p0,tpr_hx,Q_hx,pcc,v
after,380,100,0.71,0.71,1330000.0,0.10747273940586544,25.2,345000.0,0.95,159000.0,True,0
P_hpfp,P_rv,p_hpfp
38993.477489612815,5698.29475830162,1889258.861393996
Q,Q_phc
575054.7980958695,416054.7980958695
qm_cb,qm_phc/qm_t,qm_r,qm_v,qm,qm_pot
0.10747273940586544,0.0031201463732333633,0.010695487302427751,0,0.1105928857790988,0.0005068706521092774
number of iterations,17,Execution time: ,8.13193655014038
