architecture,t_cbt,t_hxt,eta_hpfp,eta_r,p_cbt,qm_cb0,t0,p0,tpr_hx,Q_hx,pcc,v
after,380,120,0.71,0.71,1330000.0,0.10747273940586544,25.2,345000.0,0.95,159000.0,True,0
P_hpfp,P_rv,p_hpfp
39015.04753416893,9896.343608429015,1889258.8609416161
Q,Q_phc
571178.00518169,412178.00518169
qm_cb,qm_phc/qm_t,qm_r,qm_v,qm,qm_pot
0.10747273940586544,0.0031336942353521096,0.018575959738854435,0,0.11060643364121754,0.0005547799803242947
number of iterations,15,Execution time: ,7.028579950332642
