architecture,t_cbt,t_hxt,eta_hpfp,eta_r,p_cbt,qm_cb0,t0,p0,tpr_hx,Q_hx,pcc,v
after,380,110,0.71,0.71,1330000.0,0.10747273940586544,25.2,345000.0,0.95,159000.0,True,0
P_hpfp,P_rv,p_hpfp
39089.53044383467,7699.309151942538,1889258.8612891329
Q,Q_phc
574484.3576739157,415484.3576739157
qm_cb,qm_phc/qm_t,qm_r,qm_v,qm,qm_pot
0.10747273940586544,0.003088698591737508,0.014451905331359406,0,0.11056143799760294,0.0008119913956608206
number of iterations,16,Execution time: ,8.097264528274536
