architecture,t_cbt,t_hxt,eta_hpfp,eta_r,p_cbt,qm_cb0,t0,p0,tpr_hx,Q_hx,pcc,v
after,380,110,0.71,0.71,1330000.0,0.10747273940586544,25.2,345000.0,0.95,159000.0,True,0
P_hpfp,P_rv,p_hpfp
39003.9001757362,7682.140952858262,1889258.8612891329
Q,Q_phc
573226.1832708553,414226.18327085534
qm_cb,qm_phc/qm_t,qm_r,qm_v,qm,qm_pot
0.10747273940586544,0.0031272035720322122,0.014419864019050264,0,0.11059994297789764,0.0005295096648217466
number of iterations,16,Execution time: ,7.08964204788208
