architecture,t_cbt,t_hxt,eta_hpfp,eta_r,p_cbt,qm_cb0,t0,p0,tpr_hx,Q_hx,pcc,v
after,380,230,0.71,0.71,1330000.0,0.10998,25.2,345000.0,0.95,159000.0,True,0
P_hpfp,P_rv,p_hpfp
39744.47250529055,55249.40190066659,1889258.8433249607
Q,Q_phc
536693.1083910621,377693.1083910621
qm_cb,qm_phc/qm_t,qm_r,qm_v,qm,m_z
0.10998,0.0032602715687210515,0.10378725362196231,0,0.11324027156872105,0.3260271568721051
number of iterations,12,Execution time: ,7.900038480758667
