architecture,t_cbt,t_hxt,eta_hpfp,eta_r,p_cbt,qm_cb0,t0,p0,tpr_hx,Q_hx,pcc,v
after,380,270,0.71,0.71,1330000.0,0.11,25.2,345000.0,0.95,149000.0,True,0
P_hpfp,P_rv,p_hpfp
39719.499554637194,88284.43865848542,1889366.2640801906
Q,Q_phc
503362.6382198144,354362.6382198144
qm_cb,qm_phc/qm_t,qm_r,qm_v,qm,m_z
0.11,0.00318344113677108,0.16572558803551765,0,0.11318344113677108,0.318344113677108
number of iterations,7,Execution time: ,4.3161537647247314
