architecture,t_cbt,t_hxt,eta_hpfp,eta_r,p_cbt,qm_cb0,t0,p0,tpr_hx,Q_hx,pcc,v
after,380,250,0.71,0.71,1330000.0,0.10747273940586544,25.2,345000.0,0.95,159000.0,True,0
P_hpfp,P_rv,p_hpfp
38762.464683385406,68115.61039191135,1889258.8433249607
Q,Q_phc
509196.88740130176,350196.88740130176
qm_cb,qm_phc/qm_t,qm_r,qm_v,qm
0.10747273940586544,0.0029688209831622014,0.12795222572709974,0,0.11044156038902764
number of iterations,12,Execution time: ,6.032599687576294
