architecture,t_cbt,t_hxt,eta_hpfp,eta_r,p_cbt,qm_cb0,t0,p0,tpr_hx,Q_hx,pcc,v
after,380,200,0.71,0.71,1330000.0,0.10747273940586544,25.2,345000.0,0.95,159000.0,True,0
P_hpfp,P_rv,p_hpfp
38807.40544493272,37357.33921305238,1889258.8433249607
Q,Q_phc
540624.4881368217,381624.48813682166
qm_cb,qm_phc/qm_t,qm_r,qm_v,qm
0.10747273940586544,0.00309686567461559,0.07016664417392578,0,0.11056960508048103
number of iterations,12,Execution time: ,6.390871286392212
