architecture,t_cbt,t_hxt,eta_hpfp,eta_r,p_cbt,qm_cb0,t0,p0,tpr_hx,Q_hx,pcc,v
after,380,240,0.71,0.71,1330000.0,0.10747273940586544,25.2,345000.0,0.95,159000.0,True,0
P_hpfp,P_rv,p_hpfp
39191.67706570974,61287.31741085744,1889258.8433249607
Q,Q_phc
522417.6963007164,363417.6963007164
qm_cb,qm_phc/qm_t,qm_r,qm_v,qm,qm_pot
0.10747273940586544,0.003052212240057708,0.11512277330485399,0,0.11052495164592314,0.0011395156358777196
number of iterations,12,Execution time: ,5.700655460357666
