architecture,t_cbt,t_hxt,eta_hpfp,eta_r,p_cbt,qm_cb0,t0,p0,tpr_hx,Q_hx,pcc,v
after,380,220,0.71,0.71,1330000.0,0.11,25.2,345000.0,0.95,149000.0,True,0
P_hpfp,P_rv,p_hpfp
39795.558154213984,49151.09127741393,1889366.2640801906
Q,Q_phc
543628.9265647862,394628.92656478623
qm_cb,qm_phc/qm_t,qm_r,qm_v,qm,m_z
0.11,0.0033998786402919656,0.0922461863207424,0,0.11339987864029197,0.33998786402919656
number of iterations,7,Execution time: ,4.111196756362915
