architecture,t_cbt,t_hxt,eta_hpfp,eta_r,p_cbt,qm_cb0,t0,p0,tpr_hx,Q_hx,pcc,v
after,380,280,0.71,0.71,1330000.0,0.10747273940586544,25.2,345000.0,0.95,159000.0,True,0
P_hpfp,P_rv,p_hpfp
39268.54576998056,98277.03136245738,1889258.8433249607
Q,Q_phc
486572.8337930893,327572.8337930893
qm_cb,qm_phc/qm_t,qm_r,qm_v,qm,qm_pot
0.10747273940586544,0.002850783825393199,0.1846012453953014,0,0.11032352323125863,0.0015599574624626472
number of iterations,12,Execution time: ,5.843058824539185
