architecture,t_cbt,t_hxt,eta_hpfp,eta_r,p_cbt,qm_cb0,t0,p0,tpr_hx,Q_hx,pcc,v
after,380,240,0.71,0.71,1330000.0,0.10747273940586544,25.2,345000.0,0.95,159000.0,True,0
P_hpfp,P_rv,p_hpfp
42604.123078305216,82140.12091245814,1889258.8433249607
Q,Q_phc
490321.62446479953,331321.62446479953
qm_cb,qm_phc/qm_t,qm_r,qm_v,qm
0.10747273940586544,0.002787924298423672,0.10005850753847242,0,0.11026066370428911
number of iterations,12,Execution time: ,6.128215789794922
