architecture,t_cbt,t_hxt,eta_hpfp,eta_r,p_cbt,qm_cb0,t0,p0,tpr_hx,Q_hx,pcc,v
after,380,270,0.71,0.71,1330000.0,0.10747273940586544,25.2,345000.0,0.95,159000.0,True,0
P_hpfp,P_rv,p_hpfp
42522.29538194598,114407.87695617907,1889258.8433249607
Q,Q_phc
456954.36859586416,297954.36859586416
qm_cb,qm_phc/qm_t,qm_r,qm_v,qm
0.10747273940586544,0.0025761519285669027,0.1393665531367391,0,0.11004889133443234
number of iterations,12,Execution time: ,6.014676332473755
