architecture,t_cbt,t_hxt,eta_hpfp,eta_r,p_cbt,qm_cb0,t0,p0,tpr_hx,Q_hx,pcc,v
after,380,250,0.71,0.71,1330000.0,0.10747273940586544,25.2,345000.0,0.95,159000.0,True,0
P_hpfp,P_rv,p_hpfp
39317.978487574095,69094.7566069921,1889258.8433249607
Q,Q_phc
516491.3394848411,357491.3394848411
qm_cb,qm_phc/qm_t,qm_r,qm_v,qm,qm_pot
0.10747273940586544,0.003044794139037626,0.12978863671331567,0,0.11051753354490307,0.0015067902688285846
number of iterations,12,Execution time: ,5.66748309135437
