architecture,t_cbt,t_hxt,eta_hpfp,eta_r,p_cbt,qm_cb0,t0,p0,tpr_hx,Q_hx,pcc,v
after,380,280,0.71,0.71,1330000.0,0.11,25.2,345000.0,0.95,149000.0,True,0
P_hpfp,P_rv,p_hpfp
39692.30190898324,99412.07362032238,1889366.2640801906
Q,Q_phc
491829.87711767957,342829.87711767957
qm_cb,qm_phc/qm_t,qm_r,qm_v,qm,m_z
0.11,0.003106182824347342,0.18660595006684824,0,0.11310618282434734,0.3106182824347342
number of iterations,7,Execution time: ,4.26811146736145
