architecture,t_cbt,t_hxt,eta_hpfp,eta_r,p_cbt,qm_cb0,t0,p0,tpr_hx,Q_hx,pcc,v
after,380,200,0.71,0.71,1330000.0,0.10998,25.2,345000.0,0.95,159000.0,True,0
P_hpfp,P_rv,p_hpfp
39768.31498953066,38276.46468602996,1889258.8433249607
Q,Q_phc
554021.1485692819,395021.1485692819
qm_cb,qm_phc/qm_t,qm_r,qm_v,qm,m_z
0.10998,0.003328203767088103,0.07189872006271567,0,0.1133082037670881,0.3328203767088107
number of iterations,12,Execution time: ,7.888514995574951
