architecture,t_cbt,t_hxt,eta_hpfp,eta_r,p_cbt,qm_cb0,t0,p0,tpr_hx,Q_hx,pcc,v
after,380,230,0.71,0.71,1330000.0,0.10747273940586544,25.2,345000.0,0.95,159000.0,True,0
P_hpfp,P_rv,p_hpfp
42623.63986203939,73366.49529517003,1889258.8433249607
Q,Q_phc
499357.4925899331,340357.4925899331
qm_cb,qm_phc/qm_t,qm_r,qm_v,qm
0.10747273940586544,0.0028384342813177615,0.08937036734145228,0,0.1103111736871832
number of iterations,12,Execution time: ,6.007063388824463
