architecture,t_cbt,t_hxt,eta_hpfp,eta_r,p_cbt,qm_cb0,t0,p0,tpr_hx,Q_hx,pcc,v
after,380,220,0.71,0.71,1330000.0,0.10747273940586544,25.2,345000.0,0.95,159000.0,True,0
P_hpfp,P_rv,p_hpfp
38795.45555842339,47864.47166620009,1889258.8433249607
Q,Q_phc
529939.3788990343,370939.37889903435
qm_cb,qm_phc/qm_t,qm_r,qm_v,qm
0.10747273940586544,0.003062818197930542,0.08990819855815822,0,0.11053555760379598
number of iterations,12,Execution time: ,6.007143497467041
