architecture,t_cbt,t_hxt,eta_hpfp,eta_r,p_cbt,qm_cb0,t0,p0,tpr_hx,Q_hx,pcc,v
after,380,280,0.71,0.71,1330000.0,0.10747273940586544,25.2,345000.0,0.95,159000.0,True,0
P_hpfp,P_rv,p_hpfp
38700.10919387068,96848.25114365747,1889258.8433249607
Q,Q_phc
479535.5491661293,320535.5491661293
qm_cb,qm_phc/qm_t,qm_r,qm_v,qm
0.10747273940586544,0.0027911584527457733,0.18192347764792813,0,0.11026389785861121
number of iterations,12,Execution time: ,6.5389533042907715
