architecture,t_cbt,t_hxt,eta_hpfp,eta_r,p_cbt,qm_cb0,t0,p0,tpr_hx,Q_hx,pcc,v
after,380,240,0.71,0.71,1330000.0,0.11,25.2,345000.0,0.95,149000.0,True,0
P_hpfp,P_rv,p_hpfp
39774.28043023209,62248.35307471009,1889366.2640801906
Q,Q_phc
530214.719606104,381214.71960610396
qm_cb,qm_phc/qm_t,qm_r,qm_v,qm,m_z
0.11,0.0033392820415745414,0.11684744937390212,0,0.11333928204157454,0.3339282041574541
number of iterations,7,Execution time: ,4.286318778991699
