architecture,t_cbt,t_hxt,eta_hpfp,eta_r,p_cbt,qm_cb0,t0,p0,tpr_hx,Q_hx,pcc,v
after,380,230,0.71,0.71,1330000.0,0.10747273940586544,25.2,345000.0,0.95,159000.0,True,0
P_hpfp,P_rv,p_hpfp
39280.51816310073,54611.792311020574,1889258.8433249607
Q,Q_phc
530416.3848335397,371416.3848335397
qm_cb,qm_phc/qm_t,qm_r,qm_v,qm,qm_pot
0.10747273940586544,0.0030978719911553204,0.10258200684396028,0,0.11057061139702076,0.0013469808989575512
number of iterations,12,Execution time: ,5.6269211769104
