architecture,t_cbt,t_hxt,eta_hpfp,eta_r,p_cbt,qm_cb0,t0,p0,tpr_hx,Q_hx,pcc,v
after,380,230,0.71,0.71,1330000.0,0.10747273940586544,25.2,345000.0,0.95,159000.0,True,0
P_hpfp,P_rv,p_hpfp
39174.270036468806,54463.758655589176,1889258.8433249607
Q,Q_phc
528982.0017909427,369982.00179094274
qm_cb,qm_phc/qm_t,qm_r,qm_v,qm,qm_pot
0.10747273940586544,0.003080191710050449,0.10230422852417798,0,0.11055293111591588,0.0010619402620432555
number of iterations,12,Execution time: ,5.741214752197266
