architecture,t_cbt,t_hxt,eta_hpfp,eta_r,p_cbt,qm_cb0,t0,p0,tpr_hx,Q_hx,pcc,v
after,380,210,0.71,0.71,1330000.0,0.11,25.2,345000.0,0.95,149000.0,True,0
P_hpfp,P_rv,p_hpfp
39803.01667055544,43516.069713071054,1889366.2640801906
Q,Q_phc
549375.0474491292,400375.04744912917
qm_cb,qm_phc/qm_t,qm_r,qm_v,qm,m_z
0.11,0.003421124137590875,0.0816568067092912,0,0.11342112413759088,0.3421124137590875
number of iterations,7,Execution time: ,4.053170680999756
