architecture,t_cbt,t_hxt,eta_hpfp,eta_r,p_cbt,qm_cb0,t0,p0,tpr_hx,Q_hx,pcc,v
after,380,260,0.71,0.71,1330000.0,0.10747273940586544,25.2,345000.0,0.95,159000.0,True,0
P_hpfp,P_rv,p_hpfp
42554.13595265568,102493.68522599865,1889258.8433249607
Q,Q_phc
469296.39470838325,310296.39470838325
qm_cb,qm_phc/qm_t,qm_r,qm_v,qm
0.10747273940586544,0.002658556217295535,0.12485297518328184,0,0.11013129562316097
number of iterations,12,Execution time: ,6.425974130630493
