architecture,t_cbt,t_hxt,eta_hpfp,eta_r,p_cbt,qm_cb0,t0,p0,tpr_hx,Q_hx,pcc,v
after,380,250,0.71,0.71,1330000.0,0.10998,25.2,345000.0,0.95,159000.0,True,0
P_hpfp,P_rv,p_hpfp
39717.3215828586,69787.7796829134,1889258.8433249607
Q,Q_phc
521750.35273767955,362750.35273767955
qm_cb,qm_phc/qm_t,qm_r,qm_v,qm,m_z
0.10998,0.0031829129415779783,0.13109951481973242,0,0.11316291294157797,0.3182912941577981
number of iterations,12,Execution time: ,7.85842490196228
