architecture,t_cbt,t_hxt,eta_hpfp,eta_r,p_cbt,qm_cb0,t0,p0,tpr_hx,Q_hx,pcc,v
after,380,210,0.71,0.71,1330000.0,0.10747273940586544,25.2,345000.0,0.95,159000.0,True,0
P_hpfp,P_rv,p_hpfp
39244.458939825374,42851.968268435645,1889258.8433249607
Q,Q_phc
541639.1573643691,382639.15736436914
qm_cb,qm_phc/qm_t,qm_r,qm_v,qm,qm_pot
0.10747273940586544,0.0031262759715580055,0.08048854408084663,0,0.11059901537742345,0.0012158374019251917
number of iterations,12,Execution time: ,5.829190254211426
