architecture,t_cbt,t_hxt,eta_hpfp,eta_r,p_cbt,qm_cb0,t0,p0,tpr_hx,Q_hx,pcc,v
after,390,150,0.71,0.71,1330000.0,0.10734141285705383,25.2,345000.0,0.95,159000.0,True,0
P_hpfp,P_rv,p_hpfp
42697.776980594674,24269.98448945336,1889258.8433249607
Q,Q_phc
565566.8993268401,406566.89932684007
qm_cb,qm_phc/qm_t,qm_r,qm_v,qm
0.10734141285705383,0.003161629769246027,0.028789070193345968,0,0.11050304262629985
number of iterations,12,Execution time: ,6.286421060562134
