architecture,t_cbt,t_hxt,eta_hpfp,eta_r,p_cbt,qm_cb0,t0,p0,tpr_hx,Q_hx,pcc,v
after,390,100,0.71,0.71,1330000.0,0.10734141285705383,25.2,345000.0,0.95,159000.0,True,0
P_hpfp,P_rv,p_hpfp
39075.7054848859,5672.730597611891,1889258.861393996
Q,Q_phc
592542.9652681713,433542.9652681713
qm_cb,qm_phc/qm_t,qm_r,qm_v,qm,qm_pot
0.10734141285705383,0.0031950415208085213,0.010376080222390442,0,0.11053645437786234,0.0007975850882225256
number of iterations,17,Execution time: ,8.01112151145935
