architecture,t_cbt,t_hxt,eta_hpfp,eta_r,p_cbt,qm_cb0,t0,p0,tpr_hx,Q_hx,pcc,v
after,390,140,0.71,0.71,1330000.0,0.11,25.2,345000.0,0.95,149000.0,True,0
P_hpfp,P_rv,p_hpfp
39868.672128279766,15228.728204415416,1889366.2728114282
Q,Q_phc
595209.92033868,446209.92033868004
qm_cb,qm_phc/qm_t,qm_r,qm_v,qm,m_z
0.11,0.003607864808337911,0.027842426728830822,0,0.11360786480833791,0.3607864808337911
number of iterations,10,Execution time: ,6.0240302085876465
