architecture,t_cbt,t_hxt,eta_hpfp,eta_r,p_cbt,qm_cb0,t0,p0,tpr_hx,Q_hx,pcc,v
after,390,120,0.71,0.71,1330000.0,0.10998,25.2,345000.0,0.95,159000.0,True,0
P_hpfp,P_rv,p_hpfp
39827.23026365533,10011.441430544055,1889258.8609416161
Q,Q_phc
599713.9662363023,440713.9662363023
qm_cb,qm_phc/qm_t,qm_r,qm_v,qm,m_z
0.10998,0.003496062713831377,0.018315568233387224,0,0.11347606271383137,0.34960627138313816
number of iterations,15,Execution time: ,8.875734329223633
