architecture,t_cbt,t_hxt,eta_hpfp,eta_r,p_cbt,qm_cb0,t0,p0,tpr_hx,Q_hx,pcc,v
after,390,140,0.71,0.71,1330000.0,0.10734141285705383,25.2,345000.0,0.95,159000.0,True,0
P_hpfp,P_rv,p_hpfp
38812.607576134746,14810.251218400168,1889258.8597899457
Q,Q_phc
579377.6417322364,420377.64173223637
qm_cb,qm_phc/qm_t,qm_r,qm_v,qm
0.10734141285705383,0.003243011408417318,0.027099161339093326,0,0.11058442426547115
number of iterations,14,Execution time: ,6.927865266799927
