architecture,t_cbt,t_hxt,eta_hpfp,eta_r,p_cbt,qm_cb0,t0,p0,tpr_hx,Q_hx,pcc,v
after,390,150,0.71,0.71,1330000.0,0.10998,25.2,345000.0,0.95,159000.0,True,0
P_hpfp,P_rv,p_hpfp
39830.897581786034,18178.77089058219,1889258.855973307
Q,Q_phc
591602.7854278509,432602.7854278509
qm_cb,qm_phc/qm_t,qm_r,qm_v,qm,m_z
0.10998,0.003506512491623967,0.03326480511088745,0,0.11348651249162396,0.3506512491623964
number of iterations,13,Execution time: ,8.224623680114746
