architecture,t_cbt,t_hxt,eta_hpfp,eta_r,p_cbt,qm_cb0,t0,p0,tpr_hx,Q_hx,pcc,v
after,390,180,0.71,0.71,1330000.0,0.10734141285705383,25.2,345000.0,0.95,159000.0,True,0
P_hpfp,P_rv,p_hpfp
39194.896513942294,28349.42507205732,1889258.8433249607
Q,Q_phc
571691.000620998,412691.000620998
qm_cb,qm_phc/qm_t,qm_r,qm_v,qm,qm_pot
0.10734141285705383,0.003269533334378049,0.051881538263657906,0,0.11061094619143187,0.001062693904566934
number of iterations,12,Execution time: ,5.909888744354248
