architecture,t_cbt,t_hxt,eta_hpfp,eta_r,p_cbt,qm_cb0,t0,p0,tpr_hx,Q_hx,pcc,v
after,390,120,0.71,0.71,1330000.0,0.10734141285705383,25.2,345000.0,0.95,159000.0,True,0
P_hpfp,P_rv,p_hpfp
39010.65610900214,9809.187643825364,1889258.8609416161
Q,Q_phc
587410.6582249423,428410.6582249423
qm_cb,qm_phc/qm_t,qm_r,qm_v,qm,qm_pot
0.10734141285705383,0.00325422937118691,0.017943437868993026,0,0.11059564222824074,0.0005530593964711441
number of iterations,15,Execution time: ,6.856889009475708
