architecture,t_cbt,t_hxt,eta_hpfp,eta_r,p_cbt,qm_cb0,t0,p0,tpr_hx,Q_hx,pcc,v
after,390,170,0.71,0.71,1330000.0,0.10998,25.2,345000.0,0.95,159000.0,True,0
P_hpfp,P_rv,p_hpfp
39830.3498791026,24964.80108527966,1889258.8433249607
Q,Q_phc
584808.3823424655,425808.38234246545
qm_cb,qm_phc/qm_t,qm_r,qm_v,qm,m_z
0.10998,0.0035049540747170843,0.04568844534706124,0,0.11348495407471708,0.3504954074717083
number of iterations,12,Execution time: ,7.520447492599487
