architecture,t_cbt,t_hxt,eta_hpfp,eta_r,p_cbt,qm_cb0,t0,p0,tpr_hx,Q_hx,pcc,v
after,390,150,0.71,0.71,1330000.0,0.10734141285705383,25.2,345000.0,0.95,159000.0,True,0
P_hpfp,P_rv,p_hpfp
39049.08134822468,17828.128319173014,1889258.855973307
Q,Q_phc
579979.9797960953,420979.9797960953
qm_cb,qm_phc/qm_t,qm_r,qm_v,qm,qm_pot
0.10734141285705383,0.0032723888599531887,0.0326183496881306,0,0.11061380171700702,0.0006443814558954222
number of iterations,13,Execution time: ,6.123056411743164
