architecture,t_cbt,t_hxt,eta_hpfp,eta_r,p_cbt,qm_cb0,t0,p0,tpr_hx,Q_hx,pcc,v
after,390,160,0.71,0.71,1330000.0,0.10734141285705383,25.2,345000.0,0.95,159000.0,True,0
P_hpfp,P_rv,p_hpfp
39161.48645009729,21070.383223137105,1889258.855973307
Q,Q_phc
578458.5510671117,419458.55106711166
qm_cb,qm_phc/qm_t,qm_r,qm_v,qm,qm_pot
0.10734141285705383,0.0032582257374391367,0.03855785499194134,0,0.11059963859449297,0.0009788078722418648
number of iterations,13,Execution time: ,5.842823266983032
