architecture,t_cbt,t_hxt,eta_hpfp,eta_r,p_cbt,qm_cb0,t0,p0,tpr_hx,Q_hx,pcc,v
after,390,130,0.71,0.71,1330000.0,0.10734141285705383,25.2,345000.0,0.95,159000.0,True,0
P_hpfp,P_rv,p_hpfp
39022.765762700685,12224.215892617722,1889258.8609416161
Q,Q_phc
585181.0184375785,426181.01843757846
qm_cb,qm_phc/qm_t,qm_r,qm_v,qm,qm_pot
0.10734141285705383,0.003261270694053871,0.022367560718154322,0,0.1106026835511077,0.0005805207562034298
number of iterations,15,Execution time: ,6.6561760902404785
