architecture,t_cbt,t_hxt,eta_hpfp,eta_r,p_cbt,qm_cb0,t0,p0,tpr_hx,Q_hx,pcc,v
after,390,150,0.71,0.71,1330000.0,0.10734141285705383,25.2,345000.0,0.95,159000.0,True,0
P_hpfp,P_rv,p_hpfp
38813.83759635055,17719.39084825838,1889258.855973307
Q,Q_phc
576487.3361999439,417487.3361999439
qm_cb,qm_phc/qm_t,qm_r,qm_v,qm
0.10734141285705383,0.003246516585603487,0.03242033055943061,0,0.11058792944265732
number of iterations,13,Execution time: ,6.307393312454224
