architecture,t_cbt,t_hxt,eta_hpfp,eta_r,p_cbt,qm_cb0,t0,p0,tpr_hx,Q_hx,pcc,v
after,390,130,0.71,0.71,1330000.0,0.11,25.2,345000.0,0.95,149000.0,True,0
P_hpfp,P_rv,p_hpfp
39867.014440923274,12497.909588018601,1889366.2728233607
Q,Q_phc
597915.3576830549,448915.35768305487
qm_cb,qm_phc/qm_t,qm_r,qm_v,qm,m_z
0.11,0.0036031432494033656,0.022853373304680253,0,0.11360314324940336,0.36031432494033655
number of iterations,11,Execution time: ,6.202147960662842
