architecture,t_cbt,t_hxt,eta_hpfp,eta_r,p_cbt,qm_cb0,t0,p0,tpr_hx,Q_hx,pcc,v
after,390,190,0.71,0.71,1330000.0,0.10734141285705383,25.2,345000.0,0.95,159000.0,True,0
P_hpfp,P_rv,p_hpfp
39107.69504330512,32375.524911088032,1889258.8433249607
Q,Q_phc
566329.9206642475,407329.9206642475
qm_cb,qm_phc/qm_t,qm_r,qm_v,qm,qm_pot
0.10734141285705383,0.0032740142678507472,0.059255891802199465,0,0.11061542712490458,0.0008097595622604119
number of iterations,12,Execution time: ,5.800139665603638
