architecture,t_cbt,t_hxt,eta_hpfp,eta_r,p_cbt,qm_cb0,t0,p0,tpr_hx,Q_hx,pcc,v
after,390,140,0.71,0.71,1330000.0,0.10734141285705383,25.2,345000.0,0.95,159000.0,True,0
P_hpfp,P_rv,p_hpfp
39035.61425183712,14896.32665649359,1889258.8597899457
Q,Q_phc
582705.6081487025,423705.60814870254
qm_cb,qm_phc/qm_t,qm_r,qm_v,qm,qm_pot
0.10734141285705383,0.003267431654230108,0.027256003678580536,0,0.11060884451128393,0.0006109677474192773
number of iterations,14,Execution time: ,6.368831396102905
