architecture,t_cbt,t_hxt,eta_hpfp,eta_r,p_cbt,qm_cb0,t0,p0,tpr_hx,Q_hx,pcc,v
after,390,110,0.71,0.71,1330000.0,0.10734141285705383,25.2,345000.0,0.95,159000.0,True,0
P_hpfp,P_rv,p_hpfp
39088.12909283071,7640.497024100952,1889258.8612891329
Q,Q_phc
590765.3937723921,431765.39377239207
qm_cb,qm_phc/qm_t,qm_r,qm_v,qm,qm_pot
0.10734141285705383,0.00320690312512797,0.013976175094894404,0,0.1105483159821818,0.000821120698319179
number of iterations,16,Execution time: ,7.62006950378418
