architecture,t_cbt,t_hxt,eta_hpfp,eta_r,p_cbt,qm_cb0,t0,p0,tpr_hx,Q_hx,pcc,v
after,390,180,0.71,0.71,1330000.0,0.11,25.2,345000.0,0.95,149000.0,True,0
P_hpfp,P_rv,p_hpfp
39868.93297876504,28863.613693959658,1889366.271814466
Q,Q_phc
581579.0312715283,432579.03127152834
qm_cb,qm_phc/qm_t,qm_r,qm_v,qm,m_z
0.11,0.0036087053883407795,0.05278222820926799,0,0.11360870538834078,0.36087053883407794
number of iterations,8,Execution time: ,4.8822410106658936
