architecture,t_cbt,t_hxt,eta_hpfp,eta_r,p_cbt,qm_cb0,t0,p0,tpr_hx,Q_hx,pcc,v
after,390,160,0.71,0.71,1330000.0,0.10998,25.2,345000.0,0.95,159000.0,True,0
P_hpfp,P_rv,p_hpfp
39830.99422244779,21435.216654418346,1889258.8433249607
Q,Q_phc
588347.8311931476,429347.8311931476
qm_cb,qm_phc/qm_t,qm_r,qm_v,qm,m_z
0.10998,0.0035067899429723076,0.03922173140691388,0,0.1134867899429723,0.3506789942972304
number of iterations,12,Execution time: ,7.66308331489563
