architecture,t_cbt,t_hxt,eta_hpfp,eta_r,p_cbt,qm_cb0,t0,p0,tpr_hx,Q_hx,pcc,v
after,390,170,0.71,0.71,1330000.0,0.11,25.2,345000.0,0.95,149000.0,True,0
P_hpfp,P_rv,p_hpfp
39870.050498000215,25004.835758262212,1889366.2727081615
Q,Q_phc
585454.9175857297,436454.91758572974
qm_cb,qm_phc/qm_t,qm_r,qm_v,qm,m_z
0.11,0.0036118463149733796,0.045735916209569454,0,0.11361184631497338,0.3611846314973379
number of iterations,9,Execution time: ,5.391077518463135
