architecture,t_cbt,t_hxt,eta_hpfp,eta_r,p_cbt,qm_cb0,t0,p0,tpr_hx,Q_hx,pcc,v
after,390,180,0.71,0.71,1330000.0,0.10998,25.2,345000.0,0.95,159000.0,True,0
P_hpfp,P_rv,p_hpfp
39828.84420750799,28799.57114193138,1889258.8433249607
Q,Q_phc
580950.5615678504,421950.5615678504
qm_cb,qm_phc/qm_t,qm_r,qm_v,qm,m_z
0.10998,0.0035006641030677077,0.05271265194180628,0,0.1134806641030677,0.35006641030677144
number of iterations,12,Execution time: ,7.948350667953491
