architecture,t_cbt,t_hxt,eta_hpfp,eta_r,p_cbt,qm_cb0,t0,p0,tpr_hx,Q_hx,pcc,v
after,390,110,0.71,0.71,1330000.0,0.10734141285705383,25.2,345000.0,0.95,159000.0,True,0
P_hpfp,P_rv,p_hpfp
38806.51809263297,7584.523089877158,1889258.8612891329
Q,Q_phc
586510.1436766499,427510.1436766499
qm_cb,qm_phc/qm_t,qm_r,qm_v,qm
0.10734141285705383,0.0032256610810254965,0.013874338825308296,0,0.11056707393807932
number of iterations,16,Execution time: ,7.823553085327148
