architecture,t_cbt,t_hxt,eta_hpfp,eta_r,p_cbt,qm_cb0,t0,p0,tpr_hx,Q_hx,pcc,v
after,390,100,0.71,0.71,1330000.0,0.10734141285705383,25.2,345000.0,0.95,159000.0,True,0
P_hpfp,P_rv,p_hpfp
42702.7341807951,7127.484988617491,1889258.8612891329
Q,Q_phc
582777.86216304,423777.86216304
qm_cb,qm_phc/qm_t,qm_r,qm_v,qm
0.10734141285705383,0.003174456248289742,0.008451825437601508,0,0.11051586910534357
number of iterations,16,Execution time: ,7.5590736865997314
