architecture,t_cbt,t_hxt,eta_hpfp,eta_r,p_cbt,qm_cb0,t0,p0,tpr_hx,Q_hx,pcc,v
after,390,180,0.71,0.71,1330000.0,0.10734141285705383,25.2,345000.0,0.95,159000.0,True,0
P_hpfp,P_rv,p_hpfp
42684.22974086112,38648.40110772354,1889258.8433249607
Q,Q_phc
551001.338031872,392001.33803187194
qm_cb,qm_phc/qm_t,qm_r,qm_v,qm
0.10734141285705383,0.0031265691334095014,0.045870779956016634,0,0.11046798199046333
number of iterations,12,Execution time: ,5.629842519760132
