architecture,t_cbt,t_hxt,eta_hpfp,eta_r,p_cbt,qm_cb0,t0,p0,tpr_hx,Q_hx,pcc,v
after,390,180,0.71,0.71,1330000.0,0.10734141285705383,25.2,345000.0,0.95,159000.0,True,0
P_hpfp,P_rv,p_hpfp
38813.656483060506,28071.51870884218,1889258.8433249607
Q,Q_phc
566132.4473742185,407132.4473742185
qm_cb,qm_phc/qm_t,qm_r,qm_v,qm
0.10734141285705383,0.0032460026080485815,0.05137466485601789,0,0.11058741546510241
number of iterations,12,Execution time: ,5.639878749847412
