architecture,t_cbt,t_hxt,eta_hpfp,eta_r,p_cbt,qm_cb0,t0,p0,tpr_hx,Q_hx,pcc,v
after,390,190,0.71,0.71,1330000.0,0.10998,25.2,345000.0,0.95,159000.0,True,0
P_hpfp,P_rv,p_hpfp
39826.34174673468,32963.47111600642,1889258.8433249607
Q,Q_phc
576748.3507710793,417748.3507710793
qm_cb,qm_phc/qm_t,qm_r,qm_v,qm,m_z
0.10998,0.0034935340716521074,0.060338369324180775,0,0.1134735340716521,0.34935340716521135
number of iterations,12,Execution time: ,7.4994072914123535
