architecture,t_cbt,t_hxt,eta_hpfp,eta_r,p_cbt,qm_cb0,t0,p0,tpr_hx,Q_hx,pcc,v
after,390,140,0.71,0.71,1330000.0,0.10734141285705383,25.2,345000.0,0.95,159000.0,True,0
P_hpfp,P_rv,p_hpfp
39130.12116830493,14932.80849941999,1889258.8597899457
Q,Q_phc
584115.946529208,425115.946529208
qm_cb,qm_phc/qm_t,qm_r,qm_v,qm,qm_pot
0.10734141285705383,0.0032403746696437856,0.027322478375940398,0,0.11058178752669762,0.000907292725046197
number of iterations,14,Execution time: ,6.58765435218811
