architecture,t_cbt,t_hxt,eta_hpfp,eta_r,p_cbt,qm_cb0,t0,p0,tpr_hx,Q_hx,pcc,v
after,390,190,0.71,0.71,1330000.0,0.10734141285705383,25.2,345000.0,0.95,159000.0,True,0
P_hpfp,P_rv,p_hpfp
42677.1554703132,44223.08455335451,1889258.8433249607
Q,Q_phc
545328.9289904294,386328.9289904294
qm_cb,qm_phc/qm_t,qm_r,qm_v,qm
0.10734141285705383,0.0031082607231083664,0.05249079597124819,0,0.1104496735801622
number of iterations,12,Execution time: ,5.670348167419434
