architecture,t_cbt,t_hxt,eta_hpfp,eta_r,p_cbt,qm_cb0,t0,p0,tpr_hx,Q_hx,pcc,v
after,390,230,0.71,0.71,1330000.0,0.10734141285705383,25.2,345000.0,0.95,159000.0,True,0
P_hpfp,P_rv,p_hpfp
38792.43710891899,52324.41071237141,1889258.8433249607
Q,Q_phc
541554.7048563298,382554.70485632983
qm_cb,qm_phc/qm_t,qm_r,qm_v,qm
0.10734141285705383,0.003185544615766367,0.09578372456222575,0,0.1105269574728202
number of iterations,12,Execution time: ,6.327394247055054
