architecture,t_cbt,t_hxt,eta_hpfp,eta_r,p_cbt,qm_cb0,t0,p0,tpr_hx,Q_hx,pcc,v
after,390,210,0.71,0.71,1330000.0,0.10998,25.2,345000.0,0.95,159000.0,True,0
P_hpfp,P_rv,p_hpfp
39817.71072868194,42413.298170654176,1889258.8433249607
Q,Q_phc
567166.3892167291,408166.3892167291
qm_cb,qm_phc/qm_t,qm_r,qm_v,qm,m_z
0.10998,0.00346894250541413,0.07764164070896276,0,0.11344894250541412,0.3468942505414129
number of iterations,12,Execution time: ,7.2471702098846436
