architecture,t_cbt,t_hxt,eta_hpfp,eta_r,p_cbt,qm_cb0,t0,p0,tpr_hx,Q_hx,pcc,v
after,390,200,0.71,0.71,1330000.0,0.10734141285705383,25.2,345000.0,0.95,159000.0,True,0
P_hpfp,P_rv,p_hpfp
39123.42361375273,36835.82959683357,1889258.8433249607
Q,Q_phc
562110.4069729003,403110.40697290027
qm_cb,qm_phc/qm_t,qm_r,qm_v,qm,qm_pot
0.10734141285705383,0.0032681604049610152,0.06742381489322453,0,0.11060957326201484,0.0008604270838561135
number of iterations,12,Execution time: ,5.521230936050415
