architecture,t_cbt,t_hxt,eta_hpfp,eta_r,p_cbt,qm_cb0,t0,p0,tpr_hx,Q_hx,pcc,v
after,390,270,0.71,0.71,1330000.0,0.10734141285705383,25.2,345000.0,0.95,159000.0,True,0
P_hpfp,P_rv,p_hpfp
39362.63645615303,83521.50990487689,1889258.8433249607
Q,Q_phc
519086.8711926289,360086.8711926289
qm_cb,qm_phc/qm_t,qm_r,qm_v,qm,qm_pot
0.10734141285705383,0.0031332327263191534,0.1528922083124084,0,0.11047464558337299,0.001676917191398623
number of iterations,12,Execution time: ,6.303884744644165
