architecture,t_cbt,t_hxt,eta_hpfp,eta_r,p_cbt,qm_cb0,t0,p0,tpr_hx,Q_hx,pcc,v
after,390,240,0.71,0.71,1330000.0,0.10734141285705383,25.2,345000.0,0.95,159000.0,True,0
P_hpfp,P_rv,p_hpfp
42613.61205047065,79716.92224981367,1889258.8433249607
Q,Q_phc
508957.2879187735,349957.2879187735
qm_cb,qm_phc/qm_t,qm_r,qm_v,qm
0.10734141285705383,0.0029438085729490415,0.09462948325713762,0,0.11028522143000287
number of iterations,12,Execution time: ,5.911961078643799
