architecture,t_cbt,t_hxt,eta_hpfp,eta_r,p_cbt,qm_cb0,t0,p0,tpr_hx,Q_hx,pcc,v
after,390,250,0.71,0.71,1330000.0,0.10734141285705383,25.2,345000.0,0.95,159000.0,True,0
P_hpfp,P_rv,p_hpfp
39323.03165099694,66586.36005073803,1889258.8433249607
Q,Q_phc
535415.7052694855,376415.7052694855
qm_cb,qm_phc/qm_t,qm_r,qm_v,qm,qm_pot
0.10734141285705383,0.003206015171546536,0.12189126107084049,0,0.11054742802860036,0.0014912931991728888
number of iterations,12,Execution time: ,6.179189682006836
