architecture,t_cbt,t_hxt,eta_hpfp,eta_r,p_cbt,qm_cb0,t0,p0,tpr_hx,Q_hx,pcc,v
after,390,260,0.71,0.71,1330000.0,0.11,25.2,345000.0,0.95,149000.0,True,0
P_hpfp,P_rv,p_hpfp
39807.06543569801,75484.34698214874,1889366.2640801906
Q,Q_phc
534011.0486281755,385011.0486281755
qm_cb,qm_phc/qm_t,qm_r,qm_v,qm,m_z
0.11,0.003432606652318333,0.13810817825743535,0,0.11343260665231833,0.3432606652318333
number of iterations,7,Execution time: ,4.427533388137817
