architecture,t_cbt,t_hxt,eta_hpfp,eta_r,p_cbt,qm_cb0,t0,p0,tpr_hx,Q_hx,pcc,v
after,390,220,0.71,0.71,1330000.0,0.10734141285705383,25.2,345000.0,0.95,159000.0,True,0
P_hpfp,P_rv,p_hpfp
39156.14671099042,47009.585656306495,1889258.8433249607
Q,Q_phc
552437.6136137502,393437.6136137502
qm_cb,qm_phc/qm_t,qm_r,qm_v,qm,qm_pot
0.10734141285705383,0.0032458315767950876,0.08605175332021421,0,0.11058724443384892,0.000975990177417994
number of iterations,12,Execution time: ,5.953190565109253
