architecture,t_cbt,t_hxt,eta_hpfp,eta_r,p_cbt,qm_cb0,t0,p0,tpr_hx,Q_hx,pcc,v
after,390,210,0.71,0.71,1330000.0,0.10734141285705383,25.2,345000.0,0.95,159000.0,True,0
P_hpfp,P_rv,p_hpfp
42658.119052836315,56731.79497704569,1889258.8433249607
Q,Q_phc
532557.2451297676,373557.2451297676
qm_cb,qm_phc/qm_t,qm_r,qm_v,qm
0.10734141285705383,0.0030589939415413547,0.06734253568775635,0,0.11040040679859518
number of iterations,12,Execution time: ,5.631747484207153
