architecture,t_cbt,t_hxt,eta_hpfp,eta_r,p_cbt,qm_cb0,t0,p0,tpr_hx,Q_hx,pcc,v
after,390,270,0.71,0.71,1330000.0,0.10998,25.2,345000.0,0.95,159000.0,True,0
P_hpfp,P_rv,p_hpfp
39744.58798077174,84323.75439664573,1889258.8433249607
Q,Q_phc
524136.4778287939,365136.4778287939
qm_cb,qm_phc/qm_t,qm_r,qm_v,qm,m_z
0.10998,0.003260600582393275,0.15436938469640488,0,0.11324060058239327,0.32606005823932793
number of iterations,12,Execution time: ,7.912323474884033
