architecture,t_cbt,t_hxt,eta_hpfp,eta_r,p_cbt,qm_cb0,t0,p0,tpr_hx,Q_hx,pcc,v
after,390,250,0.71,0.71,1330000.0,0.10998,25.2,345000.0,0.95,159000.0,True,0
P_hpfp,P_rv,p_hpfp
39779.65743594372,67353.52750459716,1889258.8433249607
Q,Q_phc
541643.5921292183,382643.5921292183
qm_cb,qm_phc/qm_t,qm_r,qm_v,qm,m_z
0.10998,0.0033605207568757345,0.12330196369598449,0,0.11334052075687573,0.3360520756875737
number of iterations,12,Execution time: ,7.746200084686279
