architecture,t_cbt,t_hxt,eta_hpfp,eta_r,p_cbt,qm_cb0,t0,p0,tpr_hx,Q_hx,pcc,v
after,390,210,0.71,0.71,1330000.0,0.10734141285705383,25.2,345000.0,0.95,159000.0,True,0
P_hpfp,P_rv,p_hpfp
39139.57028030004,41696.58852523832,1889258.8433249607
Q,Q_phc
557496.8397334728,398496.8397334728
qm_cb,qm_phc/qm_t,qm_r,qm_v,qm,qm_pot
0.10734141285705383,0.0032589502332971893,0.07632412018778806,0,0.11060036309035101,0.0009156421487364008
number of iterations,12,Execution time: ,5.696398496627808
