architecture,t_cbt,t_hxt,eta_hpfp,eta_r,p_cbt,qm_cb0,t0,p0,tpr_hx,Q_hx,pcc,v
after,390,260,0.71,0.71,1330000.0,0.10734141285705383,25.2,345000.0,0.95,159000.0,True,0
P_hpfp,P_rv,p_hpfp
39227.46136369949,74342.50487222496,1889258.8433249607
Q,Q_phc
526196.4608872387,367196.46088723873
qm_cb,qm_phc/qm_t,qm_r,qm_v,qm,qm_pot
0.10734141285705383,0.0031386457558915566,0.13608992195122344,0,0.11048005861294538,0.001286364871581371
number of iterations,12,Execution time: ,5.753472566604614
