architecture,t_cbt,t_hxt,eta_hpfp,eta_r,p_cbt,qm_cb0,t0,p0,tpr_hx,Q_hx,pcc,v
after,390,280,0.71,0.71,1330000.0,0.10734141285705383,25.2,345000.0,0.95,159000.0,True,0
P_hpfp,P_rv,p_hpfp
42507.540336655,122270.9188626635,1889258.8433249607
Q,Q_phc
464937.99232404685,305937.99232404685
qm_cb,qm_phc/qm_t,qm_r,qm_v,qm
0.10734141285705383,0.002669292006933388,0.14514522757373316,0,0.11001070486398722
number of iterations,12,Execution time: ,5.811463832855225
