architecture,t_cbt,t_hxt,eta_hpfp,eta_r,p_cbt,qm_cb0,t0,p0,tpr_hx,Q_hx,pcc,v
after,390,220,0.71,0.71,1330000.0,0.10734141285705383,25.2,345000.0,0.95,159000.0,True,0
P_hpfp,P_rv,p_hpfp
42645.70424542339,63762.75723380422,1889258.8433249607
Q,Q_phc
525354.7818761083,366354.78187610826
qm_cb,qm_phc/qm_t,qm_r,qm_v,qm
0.10734141285705383,0.0030268640722656837,0.07568966623306687,0,0.11036827692931951
number of iterations,12,Execution time: ,5.512651681900024
