architecture,t_cbt,t_hxt,eta_hpfp,eta_r,p_cbt,qm_cb0,t0,p0,tpr_hx,Q_hx,pcc,v
after,390,200,0.71,0.71,1330000.0,0.10734141285705383,25.2,345000.0,0.95,159000.0,True,0
P_hpfp,P_rv,p_hpfp
42668.521143066595,50236.64953632336,1889258.8433249607
Q,Q_phc
539196.0874306189,380196.08743061894
qm_cb,qm_phc/qm_t,qm_r,qm_v,qm
0.10734141285705383,0.0030859148423798555,0.05963109076368611,0,0.11042732769943368
number of iterations,12,Execution time: ,5.995004415512085
