architecture,t_cbt,t_hxt,eta_hpfp,eta_r,p_cbt,qm_cb0,t0,p0,tpr_hx,Q_hx,pcc,v
after,390,210,0.71,0.71,1330000.0,0.11,25.2,345000.0,0.95,149000.0,True,0
P_hpfp,P_rv,p_hpfp
39858.961170079696,42508.11288231833,1889366.2640801906
Q,Q_phc
567781.8705935333,418781.87059353327
qm_cb,qm_phc/qm_t,qm_r,qm_v,qm,m_z
0.11,0.0035804437324695234,0.07774498531203469,0,0.11358044373246952,0.3580443732469523
number of iterations,7,Execution time: ,4.320005416870117
