architecture,t_cbt,t_hxt,eta_hpfp,eta_r,p_cbt,qm_cb0,t0,p0,tpr_hx,Q_hx,pcc,v
after,390,230,0.71,0.71,1330000.0,0.10998,25.2,345000.0,0.95,159000.0,True,0
P_hpfp,P_rv,p_hpfp
39802.897380812065,53683.6116127163,1889258.8433249607
Q,Q_phc
555669.2943801964,396669.29438019637
qm_cb,qm_phc/qm_t,qm_r,qm_v,qm,m_z
0.10998,0.003426736195205754,0.09827581543236925,0,0.11340673619520575,0.34267361952057523
number of iterations,12,Execution time: ,8.408715724945068
