architecture,t_cbt,t_hxt,eta_hpfp,eta_r,p_cbt,qm_cb0,t0,p0,tpr_hx,Q_hx,pcc,v
after,390,260,0.71,0.71,1330000.0,0.10998,25.2,345000.0,0.95,159000.0,True,0
P_hpfp,P_rv,p_hpfp
39763.87859910117,75352.48172828756,1889258.8433249607
Q,Q_phc
533403.0755893175,374403.0755893175
qm_cb,qm_phc/qm_t,qm_r,qm_v,qm,m_z
0.10998,0.003315563567700533,0.1379457325598054,0,0.11329556356770053,0.33155635677005374
number of iterations,12,Execution time: ,7.545547962188721
