architecture,t_cbt,t_hxt,eta_hpfp,eta_r,p_cbt,qm_cb0,t0,p0,tpr_hx,Q_hx,pcc,v
after,390,250,0.71,0.71,1330000.0,0.10734141285705383,25.2,345000.0,0.95,159000.0,True,0
P_hpfp,P_rv,p_hpfp
42593.16070660158,88824.64670676192,1889258.8433249607
Q,Q_phc
499567.0439071639,340567.0439071639
qm_cb,qm_phc/qm_t,qm_r,qm_v,qm
0.10734141285705383,0.0028908799222524123,0.10544135355266891,0,0.11023229277930624
number of iterations,12,Execution time: ,6.458498239517212
