architecture,t_cbt,t_hxt,eta_hpfp,eta_r,p_cbt,qm_cb0,t0,p0,tpr_hx,Q_hx,pcc,v
after,390,200,0.71,0.71,1330000.0,0.10734141285705383,25.2,345000.0,0.95,159000.0,True,0
P_hpfp,P_rv,p_hpfp
38809.11503324205,36538.435684827666,1889258.8433249607
Q,Q_phc
557596.0046761442,398596.0046761442
qm_cb,qm_phc/qm_t,qm_r,qm_v,qm
0.10734141285705383,0.003233063162415395,0.0668807418279152,0,0.11057447601946922
number of iterations,12,Execution time: ,6.208282947540283
