architecture,t_cbt,t_hxt,eta_hpfp,eta_r,p_cbt,qm_cb0,t0,p0,tpr_hx,Q_hx,pcc,v
after,400,150,0.71,0.71,1330000.0,0.10721051273079997,25.2,345000.0,0.95,159000.0,True,0
P_hpfp,P_rv,p_hpfp
38811.44331496448,17508.127218754773,1889258.855973307
Q,Q_phc
592776.6843020687,433776.68430206866
qm_cb,qm_phc/qm_t,qm_r,qm_v,qm
0.10721051273079997,0.0033705949535003943,0.03123864676582777,0,0.11058110768430036
number of iterations,13,Execution time: ,6.477027654647827
