architecture,t_cbt,t_hxt,eta_hpfp,eta_r,p_cbt,qm_cb0,t0,p0,tpr_hx,Q_hx,pcc,v
after,400,110,0.71,0.71,1330000.0,0.10721051273079997,25.2,345000.0,0.95,159000.0,True,0
P_hpfp,P_rv,p_hpfp
38994.49016521873,7567.365652578261,1889258.8612891329
Q,Q_phc
605595.7339692059,446595.7339692059
qm_cb,qm_phc/qm_t,qm_r,qm_v,qm,qm_pot
0.10721051273079997,0.00336532294900152,0.01349878634561727,0,0.11057583567980149,0.0005268060718671144
number of iterations,16,Execution time: ,7.39589786529541
