architecture,t_cbt,t_hxt,eta_hpfp,eta_r,p_cbt,qm_cb0,t0,p0,tpr_hx,Q_hx,pcc,v
after,400,100,0.71,0.71,1330000.0,0.11,25.2,345000.0,0.95,149000.0,True,0
P_hpfp,P_rv,p_hpfp
39907.79007338949,5759.70631691762,1889366.2728248988
Q,Q_phc
621849.9576632605,472849.9576632605
qm_cb,qm_phc/qm_t,qm_r,qm_v,qm,m_z
0.11,0.003719322895804321,0.01026785027153982,0,0.11371932289580432,0.3719322895804321
number of iterations,13,Execution time: ,7.636761665344238
