architecture,t_cbt,t_hxt,eta_hpfp,eta_r,p_cbt,qm_cb0,t0,p0,tpr_hx,Q_hx,pcc,v
after,400,100,0.71,0.71,1330000.0,0.10721051273079997,25.2,345000.0,0.95,159000.0,True,0
P_hpfp,P_rv,p_hpfp
38983.4436033965,5623.7971015090125,1889258.861393996
Q,Q_phc
607365.6023907849,448365.6023907849
qm_cb,qm_phc/qm_t,qm_r,qm_v,qm,qm_pot
0.10721051273079997,0.0033559817712274613,0.010031193727590164,0,0.11056649450202743,0.0005046734988467006
number of iterations,17,Execution time: ,8.189971923828125
