architecture,t_cbt,t_hxt,eta_hpfp,eta_r,p_cbt,qm_cb0,t0,p0,tpr_hx,Q_hx,pcc,v
after,400,180,0.71,0.71,1330000.0,0.10998,25.2,345000.0,0.95,159000.0,True,0
P_hpfp,P_rv,p_hpfp
39881.223718194575,28359.822917454057,1889258.8433249607
Q,Q_phc
598751.2345582412,439751.2345582412
qm_cb,qm_phc/qm_t,qm_r,qm_v,qm,m_z
0.10998,0.00364990422731383,0.05061862848953564,0,0.11362990422731382,0.3649904227313825
number of iterations,12,Execution time: ,7.201237916946411
