architecture,t_cbt,t_hxt,eta_hpfp,eta_r,p_cbt,qm_cb0,t0,p0,tpr_hx,Q_hx,pcc,v
after,400,170,0.71,0.71,1330000.0,0.10721051273079997,25.2,345000.0,0.95,159000.0,True,0
P_hpfp,P_rv,p_hpfp
39179.47188354741,24200.00872614557,1889258.8433249607
Q,Q_phc
591871.8258339101,432871.82583391014
qm_cb,qm_phc/qm_t,qm_r,qm_v,qm,qm_pot
0.10721051273079997,0.003393540393339078,0.04318225108838342,0,0.11060405312413905,0.0010256392955923014
number of iterations,12,Execution time: ,5.907001256942749
