architecture,t_cbt,t_hxt,eta_hpfp,eta_r,p_cbt,qm_cb0,t0,p0,tpr_hx,Q_hx,pcc,v
after,400,110,0.71,0.71,1330000.0,0.11,25.2,345000.0,0.95,149000.0,True,0
P_hpfp,P_rv,p_hpfp
39910.8677426901,7750.404326061247,1889366.2728247393
Q,Q_phc
619907.6606056163,470907.6606056163
qm_cb,qm_phc/qm_t,qm_r,qm_v,qm,m_z
0.11,0.003728081702066851,0.01381617370264821,0,0.11372808170206686,0.3728081702066851
number of iterations,12,Execution time: ,7.103290796279907
