architecture,t_cbt,t_hxt,eta_hpfp,eta_r,p_cbt,qm_cb0,t0,p0,tpr_hx,Q_hx,pcc,v
after,400,160,0.71,0.71,1330000.0,0.10721051273079997,25.2,345000.0,0.95,159000.0,True,0
P_hpfp,P_rv,p_hpfp
42692.63549469241,28335.901387052654,1889258.8433249607
Q,Q_phc
577531.3802948245,418531.3802948245
qm_cb,qm_phc/qm_t,qm_r,qm_v,qm
0.10721051273079997,0.0032792235859915725,0.03278619308719544,0,0.11048973631679154
number of iterations,12,Execution time: ,5.873535633087158
