architecture,t_cbt,t_hxt,eta_hpfp,eta_r,p_cbt,qm_cb0,t0,p0,tpr_hx,Q_hx,pcc,v
after,400,180,0.71,0.71,1330000.0,0.10721051273079997,25.2,345000.0,0.95,159000.0,True,0
P_hpfp,P_rv,p_hpfp
42684.24570309745,38055.35507718874,1889258.8433249607
Q,Q_phc
567692.8639099491,408692.8639099491
qm_cb,qm_phc/qm_t,qm_r,qm_v,qm
0.10721051273079997,0.003257510570378014,0.04404428234698119,0,0.11046802330117798
number of iterations,12,Execution time: ,5.7059104442596436
