architecture,t_cbt,t_hxt,eta_hpfp,eta_r,p_cbt,qm_cb0,t0,p0,tpr_hx,Q_hx,pcc,v
after,400,130,0.71,0.71,1330000.0,0.10721051273079997,25.2,345000.0,0.95,159000.0,True,0
P_hpfp,P_rv,p_hpfp
42698.02198179631,16279.99853601582,1889258.8597899457
Q,Q_phc
589663.7092470825,430663.7092470825
qm_cb,qm_phc/qm_t,qm_r,qm_v,qm
0.10721051273079997,0.0032931613133657806,0.01883417757127365,0,0.11050367404416575
number of iterations,14,Execution time: ,6.254776239395142
