architecture,t_cbt,t_hxt,eta_hpfp,eta_r,p_cbt,qm_cb0,t0,p0,tpr_hx,Q_hx,pcc,v
after,400,120,0.71,0.71,1330000.0,0.11,25.2,345000.0,0.95,149000.0,True,0
P_hpfp,P_rv,p_hpfp
39913.717981485264,9952.152873565621,1889366.2728247393
Q,Q_phc
617750.7363244822,468750.73632448225
qm_cb,qm_phc/qm_t,qm_r,qm_v,qm,m_z
0.11,0.0037362257613869146,0.017748584671281147,0,0.11373622576138692,0.37362257613869143
number of iterations,12,Execution time: ,6.960177421569824
