architecture,t_cbt,t_hxt,eta_hpfp,eta_r,p_cbt,qm_cb0,t0,p0,tpr_hx,Q_hx,pcc,v
after,400,150,0.71,0.71,1330000.0,0.10721051273079997,25.2,345000.0,0.95,159000.0,True,0
P_hpfp,P_rv,p_hpfp
39146.01644713112,17660.849992524934,1889258.855973307
Q,Q_phc
597884.9073593318,438884.90735933185
qm_cb,qm_phc/qm_t,qm_r,qm_v,qm,qm_pot
0.10721051273079997,0.00337434738964293,0.031509920548987824,0,0.1105848601204429,0.0009495093958421368
number of iterations,13,Execution time: ,6.310485124588013
