architecture,t_cbt,t_hxt,eta_hpfp,eta_r,p_cbt,qm_cb0,t0,p0,tpr_hx,Q_hx,pcc,v
after,400,110,0.71,0.71,1330000.0,0.10721051273079997,25.2,345000.0,0.95,159000.0,True,0
P_hpfp,P_rv,p_hpfp
38802.111853510985,7529.426966421669,1889258.8612891329
Q,Q_phc
602608.6483145661,443608.6483145661
qm_cb,qm_phc/qm_t,qm_r,qm_v,qm
0.10721051273079997,0.003344007002709218,0.013431462864057102,0,0.11055451973350919
number of iterations,16,Execution time: ,7.777640104293823
