architecture,t_cbt,t_hxt,eta_hpfp,eta_r,p_cbt,qm_cb0,t0,p0,tpr_hx,Q_hx,pcc,v
after,400,110,0.71,0.71,1330000.0,0.10721051273079997,25.2,345000.0,0.95,159000.0,True,0
P_hpfp,P_rv,p_hpfp
42698.11024039125,9852.728660803636,1889258.8609416161
Q,Q_phc
596092.2305443528,437092.2305443528
qm_cb,qm_phc/qm_t,qm_r,qm_v,qm
0.10721051273079997,0.0032933895435696275,0.011394056144477187,0,0.1105039022743696
number of iterations,15,Execution time: ,7.209287166595459
