architecture,t_cbt,t_hxt,eta_hpfp,eta_r,p_cbt,qm_cb0,t0,p0,tpr_hx,Q_hx,pcc,v
after,400,190,0.71,0.71,1330000.0,0.10721051273079997,25.2,345000.0,0.95,159000.0,True,0
P_hpfp,P_rv,p_hpfp
39214.63833218423,31866.258095720994,1889258.8433249607
Q,Q_phc
584758.5461059634,425758.5461059634
qm_cb,qm_phc/qm_t,qm_r,qm_v,qm,qm_pot
0.10721051273079997,0.0034055968712324,0.056875475337565484,0,0.11061610960203237,0.0011137786512847468
number of iterations,12,Execution time: ,5.840931415557861
