architecture,t_cbt,t_hxt,eta_hpfp,eta_r,p_cbt,qm_cb0,t0,p0,tpr_hx,Q_hx,pcc,v
after,400,170,0.71,0.71,1330000.0,0.10998,25.2,345000.0,0.95,159000.0,True,0
P_hpfp,P_rv,p_hpfp
39881.9265274423,24625.449812486935,1889258.8433249607
Q,Q_phc
602496.6589652863,443496.65896528633
qm_cb,qm_phc/qm_t,qm_r,qm_v,qm,m_z
0.10998,0.0036519066770900332,0.04394835946246148,0,0.11363190667709003,0.3651906677090035
number of iterations,12,Execution time: ,7.8729071617126465
