architecture,t_cbt,t_hxt,eta_hpfp,eta_r,p_cbt,qm_cb0,t0,p0,tpr_hx,Q_hx,pcc,v
after,400,160,0.71,0.71,1330000.0,0.10721051273079997,25.2,345000.0,0.95,159000.0,True,0
P_hpfp,P_rv,p_hpfp
39162.56080699729,20804.448367041135,1889258.8433249607
Q,Q_phc
595001.4704607764,436001.47046077636
qm_cb,qm_phc/qm_t,qm_r,qm_v,qm,qm_pot
0.10721051273079997,0.0033847108548962107,0.037115129798689826,0,0.11059522358569618,0.0009862859927914753
number of iterations,12,Execution time: ,5.844918489456177
