architecture,t_cbt,t_hxt,eta_hpfp,eta_r,p_cbt,qm_cb0,t0,p0,tpr_hx,Q_hx,pcc,v
after,400,140,0.71,0.71,1330000.0,0.10721051273079997,25.2,345000.0,0.95,159000.0,True,0
P_hpfp,P_rv,p_hpfp
39031.93290829247,14738.372692179408,1889258.8597899457
Q,Q_phc
599013.4912444494,440013.4912444494
qm_cb,qm_phc/qm_t,qm_r,qm_v,qm,qm_pot
0.10721051273079997,0.0033904248642622663,0.026297435929919278,0,0.11060093759506223,0.000608385822982431
number of iterations,14,Execution time: ,6.441673517227173
