architecture,t_cbt,t_hxt,eta_hpfp,eta_r,p_cbt,qm_cb0,t0,p0,tpr_hx,Q_hx,pcc,v
after,400,130,0.71,0.71,1330000.0,0.10721051273079997,25.2,345000.0,0.95,159000.0,True,0
P_hpfp,P_rv,p_hpfp
38807.42696141018,12052.528232984789,1889258.8597899457
Q,Q_phc
598169.1251017861,439169.1251017861
qm_cb,qm_phc/qm_t,qm_r,qm_v,qm
0.10721051273079997,0.003359150988229323,0.021499616027970413,0,0.11056966371902929
number of iterations,14,Execution time: ,6.794416666030884
