architecture,t_cbt,t_hxt,eta_hpfp,eta_r,p_cbt,qm_cb0,t0,p0,tpr_hx,Q_hx,pcc,v
after,400,130,0.71,0.71,1330000.0,0.10998,25.2,345000.0,0.95,159000.0,True,0
P_hpfp,P_rv,p_hpfp
39877.935005821644,12381.77616824898,1889258.8597899457
Q,Q_phc
614677.5519718754,455677.55197187536
qm_cb,qm_phc/qm_t,qm_r,qm_v,qm,m_z
0.10998,0.0036405312619963853,0.02208930994709506,0,0.11362053126199638,0.3640531261996385
number of iterations,14,Execution time: ,8.830737829208374
