architecture,t_cbt,t_hxt,eta_hpfp,eta_r,p_cbt,qm_cb0,t0,p0,tpr_hx,Q_hx,pcc,v
after,400,130,0.71,0.71,1330000.0,0.10721051273079997,25.2,345000.0,0.95,159000.0,True,0
P_hpfp,P_rv,p_hpfp
39114.93292407248,12149.567140260786,1889258.8597899457
Q,Q_phc
602907.4182852636,443907.4182852636
qm_cb,qm_phc/qm_t,qm_r,qm_v,qm,qm_pot
0.10721051273079997,0.00335065833733065,0.021671763306456517,0,0.11056117106813063,0.0008846350170745093
number of iterations,14,Execution time: ,6.884703159332275
