architecture,t_cbt,t_hxt,eta_hpfp,eta_r,p_cbt,qm_cb0,t0,p0,tpr_hx,Q_hx,pcc,v
after,400,150,0.71,0.71,1330000.0,0.11,25.2,345000.0,0.95,149000.0,True,0
P_hpfp,P_rv,p_hpfp
39920.259683688455,18011.998060357157,1889366.2728114282
Q,Q_phc
609793.7692191466,460793.7692191466
qm_cb,qm_phc/qm_t,qm_r,qm_v,qm,m_z
0.11,0.003754878686635544,0.032125593315230835,0,0.11375487868663554,0.3754878686635544
number of iterations,10,Execution time: ,5.964603662490845
