architecture,t_cbt,t_hxt,eta_hpfp,eta_r,p_cbt,qm_cb0,t0,p0,tpr_hx,Q_hx,pcc,v
after,400,100,0.71,0.71,1330000.0,0.10721051273079997,25.2,345000.0,0.95,159000.0,True,0
P_hpfp,P_rv,p_hpfp
42697.41505863375,7084.772250155731,1889258.8612891329
Q,Q_phc
598850.3210403587,439850.32104035874
qm_cb,qm_phc/qm_t,qm_r,qm_v,qm
0.10721051273079997,0.003291590337782327,0.008192327162991885,0,0.1105021030685823
number of iterations,16,Execution time: ,7.862353086471558
