architecture,t_cbt,t_hxt,eta_hpfp,eta_r,p_cbt,qm_cb0,t0,p0,tpr_hx,Q_hx,pcc,v
after,400,140,0.71,0.71,1330000.0,0.10998,25.2,345000.0,0.95,159000.0,True,0
P_hpfp,P_rv,p_hpfp
39879.747724819346,15064.97935239245,1889258.855973307
Q,Q_phc
612022.8565579829,453022.85655798286
qm_cb,qm_phc/qm_t,qm_r,qm_v,qm,m_z
0.10998,0.003645696710512958,0.026875437599206475,0,0.11362569671051295,0.36456967105129634
number of iterations,13,Execution time: ,8.06307578086853
