architecture,t_cbt,t_hxt,eta_hpfp,eta_r,p_cbt,qm_cb0,t0,p0,tpr_hx,Q_hx,pcc,v
after,400,170,0.71,0.71,1330000.0,0.10721051273079997,25.2,345000.0,0.95,159000.0,True,0
P_hpfp,P_rv,p_hpfp
38813.41068144866,23971.70826041591,1889258.8433249607
Q,Q_phc
586344.0508474604,427344.0508474604
qm_cb,qm_phc/qm_t,qm_r,qm_v,qm
0.10721051273079997,0.0033762023992287976,0.04277651152427047,0,0.11058671513002877
number of iterations,12,Execution time: ,6.331631660461426
