architecture,t_cbt,t_hxt,eta_hpfp,eta_r,p_cbt,qm_cb0,t0,p0,tpr_hx,Q_hx,pcc,v
after,400,200,0.71,0.71,1330000.0,0.11,25.2,345000.0,0.95,149000.0,True,0
P_hpfp,P_rv,p_hpfp
39918.14944268754,36860.57313121734,1889366.2640801906
Q,Q_phc
590912.0297449107,441912.02974491066
qm_cb,qm_phc/qm_t,qm_r,qm_v,qm,m_z
0.11,0.0037490254626317233,0.06573488890667993,0,0.11374902546263173,0.3749025462631723
number of iterations,7,Execution time: ,4.228818655014038
