architecture,t_cbt,t_hxt,eta_hpfp,eta_r,p_cbt,qm_cb0,t0,p0,tpr_hx,Q_hx,pcc,v
after,400,260,0.71,0.71,1330000.0,0.10721051273079997,25.2,345000.0,0.95,159000.0,True,0
P_hpfp,P_rv,p_hpfp
38768.41499054951,70763.74995200185,1889258.8433249607
Q,Q_phc
538844.4810421233,379844.4810421233
qm_cb,qm_phc/qm_t,qm_r,qm_v,qm
0.10721051273079997,0.003248001203709494,0.1263230743540872,0,0.11045851393450946
number of iterations,12,Execution time: ,5.867419719696045
