architecture,t_cbt,t_hxt,eta_hpfp,eta_r,p_cbt,qm_cb0,t0,p0,tpr_hx,Q_hx,pcc,v
after,400,220,0.71,0.71,1330000.0,0.10721051273079997,25.2,345000.0,0.95,159000.0,True,0
P_hpfp,P_rv,p_hpfp
42650.72878569757,62318.950012178284,1889258.8433249607
Q,Q_phc
542953.6177672015,383953.6177672015
qm_cb,qm_phc/qm_t,qm_r,qm_v,qm
0.10721051273079997,0.003170767849467182,0.07213628212342037,0,0.11038128058026715
number of iterations,12,Execution time: ,5.40572190284729
