architecture,t_cbt,t_hxt,eta_hpfp,eta_r,p_cbt,qm_cb0,t0,p0,tpr_hx,Q_hx,pcc,v
after,400,200,0.71,0.71,1330000.0,0.10721051273079997,25.2,345000.0,0.95,159000.0,True,0
P_hpfp,P_rv,p_hpfp
42670.74474350422,49296.12148265024,1889258.8433249607
Q,Q_phc
556260.5002982232,397260.5002982232
qm_cb,qm_phc/qm_t,qm_r,qm_v,qm
0.10721051273079997,0.003222569708840786,0.057059866860454896,0,0.11043308243964076
number of iterations,12,Execution time: ,5.255136489868164
