architecture,t_cbt,t_hxt,eta_hpfp,eta_r,p_cbt,qm_cb0,t0,p0,tpr_hx,Q_hx,pcc,v
after,400,210,0.71,0.71,1330000.0,0.10721051273079997,25.2,345000.0,0.95,159000.0,True,0
P_hpfp,P_rv,p_hpfp
39138.218415704054,40753.845109033864,1889258.8433249607
Q,Q_phc
574669.305372488,415669.305372488
qm_cb,qm_phc/qm_t,qm_r,qm_v,qm,qm_pot
0.10721051273079997,0.0033978156254911335,0.07274592658020067,0,0.1106083283562911,0.0009038251660225082
number of iterations,12,Execution time: ,4.909561634063721
