architecture,t_cbt,t_hxt,eta_hpfp,eta_r,p_cbt,qm_cb0,t0,p0,tpr_hx,Q_hx,pcc,v
after,400,260,0.71,0.71,1330000.0,0.10721051273079997,25.2,345000.0,0.95,159000.0,True,0
P_hpfp,P_rv,p_hpfp
42582.70078516042,95614.28148044512,1889258.8433249607
Q,Q_phc
508692.8753027262,349692.8753027262
qm_cb,qm_phc/qm_t,qm_r,qm_v,qm
0.10721051273079997,0.002994709478874369,0.11067867929932375,0,0.11020522220967434
number of iterations,12,Execution time: ,5.127245903015137
