architecture,t_cbt,t_hxt,eta_hpfp,eta_r,p_cbt,qm_cb0,t0,p0,tpr_hx,Q_hx,pcc,v
after,400,270,0.71,0.71,1330000.0,0.10721051273079997,25.2,345000.0,0.95,159000.0,True,0
P_hpfp,P_rv,p_hpfp
42557.55685672617,105993.3031828163,1889258.8433249607
Q,Q_phc
497957.0266348903,338957.0266348903
qm_cb,qm_phc/qm_t,qm_r,qm_v,qm
0.10721051273079997,0.002929636287901799,0.12269309929403677,0,0.11014014901870177
number of iterations,12,Execution time: ,5.28171968460083
