architecture,t_cbt,t_hxt,eta_hpfp,eta_r,p_cbt,qm_cb0,t0,p0,tpr_hx,Q_hx,pcc,v
after,400,280,0.71,0.71,1330000.0,0.10721051273079997,25.2,345000.0,0.95,159000.0,True,0
P_hpfp,P_rv,p_hpfp
38735.08804650743,87983.28831181892,1889258.8433249607
Q,Q_phc
521100.8980597215,362100.8980597215
qm_cb,qm_phc/qm_t,qm_r,qm_v,qm
0.10721051273079997,0.0031530464650707385,0.157062398604357,0,0.11036355919587071
number of iterations,12,Execution time: ,5.679132461547852
