architecture,t_cbt,t_hxt,eta_hpfp,eta_r,p_cbt,qm_cb0,t0,p0,tpr_hx,Q_hx,pcc,v
after,400,280,0.71,0.71,1330000.0,0.10721051273079997,25.2,345000.0,0.95,159000.0,True,0
P_hpfp,P_rv,p_hpfp
39389.37512030158,89472.16186214505,1889258.8433249607
Q,Q_phc
529900.2652258445,370900.26522584446
qm_cb,qm_phc/qm_t,qm_r,qm_v,qm,qm_pot
0.10721051273079997,0.0032629290477706866,0.15971757437819886,0,0.11047344177857066,0.001754304484929138
number of iterations,12,Execution time: ,6.28100323677063
