architecture,t_cbt,t_hxt,eta_hpfp,eta_r,p_cbt,qm_cb0,t0,p0,tpr_hx,Q_hx,pcc,v
after,400,260,0.71,0.71,1330000.0,0.10721051273079997,25.2,345000.0,0.95,159000.0,True,0
P_hpfp,P_rv,p_hpfp
39348.37948793833,71824.13336139223,1889258.8433249607
Q,Q_phc
546903.6639440918,387903.66394409176
qm_cb,qm_phc/qm_t,qm_r,qm_v,qm,qm_pot
0.10721051273079997,0.003339271424188732,0.12821426932788846,0,0.1105497841549887,0.0015611578329235002
number of iterations,12,Execution time: ,6.263980388641357
