architecture,t_cbt,t_hxt,eta_hpfp,eta_r,p_cbt,qm_cb0,t0,p0,tpr_hx,Q_hx,pcc,v
after,400,220,0.71,0.71,1330000.0,0.10721051273079997,25.2,345000.0,0.95,159000.0,True,0
P_hpfp,P_rv,p_hpfp
38803.36780298661,45423.653968049985,1889258.8433249607
Q,Q_phc
564734.1873767497,405734.1873767497
qm_cb,qm_phc/qm_t,qm_r,qm_v,qm
0.10721051273079997,0.0033475883475371504,0.08108470116637222,0,0.11055810107833712
number of iterations,12,Execution time: ,6.103198766708374
