architecture,t_cbt,t_hxt,eta_hpfp,eta_r,p_cbt,qm_cb0,t0,p0,tpr_hx,Q_hx,pcc,v
after,400,240,0.71,0.71,1330000.0,0.11,25.2,345000.0,0.95,149000.0,True,0
P_hpfp,P_rv,p_hpfp
39895.07371576934,58536.40849226785,1889366.2640801906
Q,Q_phc
568873.2940652594,419873.2940652594
qm_cb,qm_phc/qm_t,qm_r,qm_v,qm,m_z
0.11,0.0036832643009526416,0.1044425147642019,0,0.11368326430095264,0.36832643009526417
number of iterations,7,Execution time: ,4.434488773345947
