architecture,t_cbt,t_hxt,eta_hpfp,eta_r,p_cbt,qm_cb0,t0,p0,tpr_hx,Q_hx,pcc,v
after,400,220,0.71,0.71,1330000.0,0.10721051273079997,25.2,345000.0,0.95,159000.0,True,0
P_hpfp,P_rv,p_hpfp
39270.095398228055,45971.432837965236,1889258.8433249607
Q,Q_phc
571525.3978299893,412525.3978299893
qm_cb,qm_phc/qm_t,qm_r,qm_v,qm,qm_pot
0.10721051273079997,0.0034036588085070993,0.08206123065644354,0,0.11061417153930707,0.0012737243370676962
number of iterations,12,Execution time: ,6.07375693321228
