architecture,t_cbt,t_hxt,eta_hpfp,eta_r,p_cbt,qm_cb0,t0,p0,tpr_hx,Q_hx,pcc,v
after,400,200,0.71,0.71,1330000.0,0.10721051273079997,25.2,345000.0,0.95,159000.0,True,0
P_hpfp,P_rv,p_hpfp
39121.78212065211,36082.27947175601,1889258.8433249607
Q,Q_phc
579082.4209092613,420082.42090926133
qm_cb,qm_phc/qm_t,qm_r,qm_v,qm,qm_pot
0.10721051273079997,0.0034039963020081115,0.06440460585562241,0,0.11061450903280808,0.0008508143901458039
number of iterations,12,Execution time: ,5.915010690689087
