architecture,t_cbt,t_hxt,eta_hpfp,eta_r,p_cbt,qm_cb0,t0,p0,tpr_hx,Q_hx,pcc,v
after,400,270,0.71,0.71,1330000.0,0.10721051273079997,25.2,345000.0,0.95,159000.0,True,0
P_hpfp,P_rv,p_hpfp
39246.26518874524,79886.85492234491,1889258.8433249607
Q,Q_phc
537235.2611267483,378235.2611267483
qm_cb,qm_phc/qm_t,qm_r,qm_v,qm,qm_pot
0.10721051273079997,0.0032617863927707153,0.14260734879893247,0,0.11047229912357069,0.0013476999990455825
number of iterations,12,Execution time: ,5.353009223937988
