architecture,t_cbt,t_hxt,eta_hpfp,eta_r,p_cbt,qm_cb0,t0,p0,tpr_hx,Q_hx,pcc,v
after,400,240,0.71,0.71,1330000.0,0.10998,25.2,345000.0,0.95,159000.0,True,0
P_hpfp,P_rv,p_hpfp
39852.1761469319,58436.74935929878,1889258.8433249607
Q,Q_phc
568217.5504887884,409217.5504887884
qm_cb,qm_phc/qm_t,qm_r,qm_v,qm,m_z
0.10998,0.0035671416530273364,0.10431961496806065,0,0.11354714165302733,0.3567141653027334
number of iterations,12,Execution time: ,8.04447317123413
