architecture,t_cbt,t_hxt,eta_hpfp,eta_r,p_cbt,qm_cb0,t0,p0,tpr_hx,Q_hx,pcc,v
after,400,210,0.71,0.71,1330000.0,0.10721051273079997,25.2,345000.0,0.95,159000.0,True,0
P_hpfp,P_rv,p_hpfp
42661.65588640305,55562.65338575067,1889258.8433249607
Q,Q_phc
549864.9849982986,390864.9849982986
qm_cb,qm_phc/qm_t,qm_r,qm_v,qm
0.10721051273079997,0.0031990474921190365,0.06431478115225851,0,0.110409560222919
number of iterations,12,Execution time: ,5.613886594772339
