architecture,t_cbt,t_hxt,eta_hpfp,eta_r,p_cbt,qm_cb0,t0,p0,tpr_hx,Q_hx,pcc,v
after,400,260,0.71,0.71,1330000.0,0.11,25.2,345000.0,0.95,149000.0,True,0
P_hpfp,P_rv,p_hpfp
39871.38894702297,72813.97932113601,1889366.2640801906
Q,Q_phc
554223.24482414,405223.24482414
qm_cb,qm_phc/qm_t,qm_r,qm_v,qm,m_z
0.11,0.0036157705385168864,0.12992421750333713,0,0.11361577053851689,0.36157705385168865
number of iterations,7,Execution time: ,4.432492017745972
