architecture,t_cbt,t_hxt,eta_hpfp,eta_r,p_cbt,qm_cb0,t0,p0,tpr_hx,Q_hx,pcc,v
after,400,260,0.71,0.71,1330000.0,0.10998,25.2,345000.0,0.95,159000.0,True,0
P_hpfp,P_rv,p_hpfp
39827.697064406384,72694.41882891122,1889258.8433249607
Q,Q_phc
553574.9604501108,394574.96045011084
qm_cb,qm_phc/qm_t,qm_r,qm_v,qm,m_z
0.10998,0.003497395653691851,0.1297727558243677,0,0.11347739565369185,0.34973956536918477
number of iterations,12,Execution time: ,7.8158299922943115
