architecture,t_cbt,t_hxt,eta_hpfp,eta_r,p_cbt,qm_cb0,t0,p0,tpr_hx,Q_hx,pcc,v
after,400,230,0.71,0.71,1330000.0,0.10721051273079997,25.2,345000.0,0.95,159000.0,True,0
P_hpfp,P_rv,p_hpfp
39289.21095694118,51539.128368010446,1889258.8433249607
Q,Q_phc
566258.2820872378,407258.2820872378
qm_cb,qm_phc/qm_t,qm_r,qm_v,qm,qm_pot
0.10721051273079997,0.0033956648809489284,0.09200139429906092,0,0.1106061776117489,0.0013361820906294289
number of iterations,12,Execution time: ,5.91761040687561
