architecture,t_cbt,t_hxt,eta_hpfp,eta_r,p_cbt,qm_cb0,t0,p0,tpr_hx,Q_hx,pcc,v
after,400,210,0.71,0.71,1330000.0,0.10721051273079997,25.2,345000.0,0.95,159000.0,True,0
P_hpfp,P_rv,p_hpfp
38807.64539445334,40408.44643901853,1889258.8433249607
Q,Q_phc
569816.6572627174,410816.6572627174
qm_cb,qm_phc/qm_t,qm_r,qm_v,qm
0.10721051273079997,0.00335977601104491,0.07213043869776722,0,0.11057028874184488
number of iterations,12,Execution time: ,5.8310277462005615
