architecture,t_cbt,t_hxt,eta_hpfp,eta_r,p_cbt,qm_cb0,t0,p0,tpr_hx,Q_hx,pcc,v
after,400,270,0.71,0.71,1330000.0,0.10721051273079997,25.2,345000.0,0.95,159000.0,True,0
P_hpfp,P_rv,p_hpfp
39368.71958591385,80136.32398065385,1889258.8433249607
Q,Q_phc
538911.3081993826,379911.3081993826
qm_cb,qm_phc/qm_t,qm_r,qm_v,qm,qm_pot
0.10721051273079997,0.003305998677371512,0.14305248638280363,0,0.11051651140817148,0.0016523833486688914
number of iterations,12,Execution time: ,6.077245712280273
