architecture,t_cbt,t_hxt,eta_hpfp,eta_r,p_cbt,qm_cb0,t0,p0,tpr_hx,Q_hx,pcc,v
after,400,240,0.71,0.71,1330000.0,0.10721051273079997,25.2,345000.0,0.95,159000.0,True,0
P_hpfp,P_rv,p_hpfp
42622.28548537821,77545.97643770766,1889258.8433249607
Q,Q_phc
527322.9417462123,368322.9417462123
qm_cb,qm_phc/qm_t,qm_r,qm_v,qm
0.10721051273079997,0.0030971557916532333,0.0897632189467233,0,0.1103076685224532
number of iterations,12,Execution time: ,5.815364599227905
