architecture,t_cbt,t_hxt,eta_hpfp,eta_r,p_cbt,qm_cb0,t0,p0,tpr_hx,Q_hx,pcc,v
after,400,240,0.71,0.71,1330000.0,0.10721051273079997,25.2,345000.0,0.95,159000.0,True,0
P_hpfp,P_rv,p_hpfp
39308.62921304513,57643.80188265544,1889258.8433249607
Q,Q_phc
560458.9480804215,401458.94808042154
qm_cb,qm_phc/qm_t,qm_r,qm_v,qm,qm_pot
0.10721051273079997,0.003382888549969054,0.10289981663183188,0,0.11059340128076903,0.0014042846894736258
number of iterations,12,Execution time: ,6.275031089782715
