architecture,t_cbt,t_hxt,eta_hpfp,eta_r,p_cbt,qm_cb0,t0,p0,tpr_hx,Q_hx,pcc,v
after,400,240,0.71,0.71,1330000.0,0.10721051273079997,25.2,345000.0,0.95,159000.0,True,0
P_hpfp,P_rv,p_hpfp
38790.04416133114,56881.899811318246,1889258.8433249607
Q,Q_phc
553066.4358928208,394066.4358928208
qm_cb,qm_phc/qm_t,qm_r,qm_v,qm
0.10721051273079997,0.0033096267837791765,0.1015411079528951,0,0.11052013951457915
number of iterations,12,Execution time: ,5.786676645278931
