architecture,t_cbt,t_hxt,eta_hpfp,eta_r,p_cbt,qm_cb0,t0,p0,tpr_hx,Q_hx,pcc,v
after,400,250,0.71,0.71,1330000.0,0.10721051273079997,25.2,345000.0,0.95,159000.0,True,0
P_hpfp,P_rv,p_hpfp
42604.09763881666,86174.57224939097,1889258.8433249607
Q,Q_phc
518436.235348752,359436.235348752
qm_cb,qm_phc/qm_t,qm_r,qm_v,qm
0.10721051273079997,0.0030500851353802982,0.09975152627572348,0,0.11026059786618027
number of iterations,12,Execution time: ,5.876875877380371
