architecture,t_cbt,t_hxt,eta_hpfp,eta_r,p_cbt,qm_cb0,t0,p0,tpr_hx,Q_hx,pcc,v
after,410,190,0.71,0.71,1330000.0,0.11,25.2,345000.0,0.95,149000.0,True,0
P_hpfp,P_rv,p_hpfp
39973.99023701788,31943.78600125669,1889366.271814466
Q,Q_phc
613295.5062754652,464295.50627546525
qm_cb,qm_phc/qm_t,qm_r,qm_v,qm,m_z
0.11,0.00390803115212236,0.055603888176657464,0,0.11390803115212236,0.390803115212236
number of iterations,8,Execution time: ,4.925577402114868
