architecture,t_cbt,t_hxt,eta_hpfp,eta_r,p_cbt,qm_cb0,t0,p0,tpr_hx,Q_hx,pcc,v
after,410,110,0.71,0.71,1330000.0,0.1070800156798148,25.2,345000.0,0.95,159000.0,True,0
P_hpfp,P_rv,p_hpfp
39085.35901751933,7534.155836669591,1889258.8612891329
Q,Q_phc
623275.4819258588,464275.48192585877
qm_cb,qm_phc/qm_t,qm_r,qm_v,qm,qm_pot
0.1070800156798148,0.0034421765183328366,0.013113727517369323,0,0.11052219219814764,0.0008393520164269622
number of iterations,16,Execution time: ,7.46497654914856
