architecture,t_cbt,t_hxt,eta_hpfp,eta_r,p_cbt,qm_cb0,t0,p0,tpr_hx,Q_hx,pcc,v
after,410,160,0.71,0.71,1330000.0,0.1070800156798148,25.2,345000.0,0.95,159000.0,True,0
P_hpfp,P_rv,p_hpfp
39163.53144394985,20544.526294493095,1889258.8433249607
Q,Q_phc
611526.7759736101,452526.7759736101
qm_cb,qm_phc/qm_t,qm_r,qm_v,qm,qm_pot
0.1070800156798148,0.0035106241765632887,0.035764234586769396,0,0.1105906398563781,0.0009936352495466606
number of iterations,12,Execution time: ,5.776239395141602
