architecture,t_cbt,t_hxt,eta_hpfp,eta_r,p_cbt,qm_cb0,t0,p0,tpr_hx,Q_hx,pcc,v
after,410,140,0.71,0.71,1330000.0,0.1070800156798148,25.2,345000.0,0.95,159000.0,True,0
P_hpfp,P_rv,p_hpfp
39130.06350098797,14629.815788656953,1889258.8597899457
Q,Q_phc
616901.3217190374,457901.32171903737
qm_cb,qm_phc/qm_t,qm_r,qm_v,qm,qm_pot
0.1070800156798148,0.003484936734179593,0.025471150105871376,0,0.11056495241399439,0.0009239635327092862
number of iterations,14,Execution time: ,6.645785808563232
