architecture,t_cbt,t_hxt,eta_hpfp,eta_r,p_cbt,qm_cb0,t0,p0,tpr_hx,Q_hx,pcc,v
after,410,150,0.71,0.71,1330000.0,0.10998,25.2,345000.0,0.95,159000.0,True,0
P_hpfp,P_rv,p_hpfp
39931.31677474628,17821.22213448825,1889258.8433249607
Q,Q_phc
626646.3349536997,467646.3349536997
qm_cb,qm_phc/qm_t,qm_r,qm_v,qm,m_z
0.10998,0.0037926297680004606,0.031020891500778757,0,0.11377262976800046,0.3792629768000454
number of iterations,12,Execution time: ,7.901817798614502
