architecture,t_cbt,t_hxt,eta_hpfp,eta_r,p_cbt,qm_cb0,t0,p0,tpr_hx,Q_hx,pcc,v
after,410,170,0.71,0.71,1330000.0,0.1070800156798148,25.2,345000.0,0.95,159000.0,True,0
P_hpfp,P_rv,p_hpfp
39180.954599031946,23863.10216108389,1889258.8433249607
Q,Q_phc
608489.3973309756,449489.3973309756
qm_cb,qm_phc/qm_t,qm_r,qm_v,qm,qm_pot
0.1070800156798148,0.003521625584976069,0.04155006923730201,0,0.11060164126479087,0.0010322756905334202
number of iterations,12,Execution time: ,6.286865234375
