architecture,t_cbt,t_hxt,eta_hpfp,eta_r,p_cbt,qm_cb0,t0,p0,tpr_hx,Q_hx,pcc,v
after,410,160,0.71,0.71,1330000.0,0.10998,25.2,345000.0,0.95,159000.0,True,0
P_hpfp,P_rv,p_hpfp
39932.723504538466,20939.25503196486,1889258.8433249607
Q,Q_phc
623551.0058332554,464551.00583325536
qm_cb,qm_phc/qm_t,qm_r,qm_v,qm,m_z
0.10998,0.003796637833868466,0.03645817385572827,0,0.11377663783386846,0.37966378338684675
number of iterations,12,Execution time: ,7.663086175918579
