architecture,t_cbt,t_hxt,eta_hpfp,eta_r,p_cbt,qm_cb0,t0,p0,tpr_hx,Q_hx,pcc,v
after,410,190,0.71,0.71,1330000.0,0.10998,25.2,345000.0,0.95,159000.0,True,0
P_hpfp,P_rv,p_hpfp
39932.83642549026,31886.03069347349,1889258.8433249607
Q,Q_phc
612606.0526483346,453606.05264833465
qm_cb,qm_phc/qm_t,qm_r,qm_v,qm,m_z
0.10998,0.003796959569154948,0.055537090402756166,0,0.11377695956915494,0.37969595691549424
number of iterations,12,Execution time: ,8.096548080444336
