architecture,t_cbt,t_hxt,eta_hpfp,eta_r,p_cbt,qm_cb0,t0,p0,tpr_hx,Q_hx,pcc,v
after,410,120,0.71,0.71,1330000.0,0.10998,25.2,345000.0,0.95,159000.0,True,0
P_hpfp,P_rv,p_hpfp
39924.32697768014,9877.494840623696,1889258.8609416161
Q,Q_phc
634477.23345307,475477.23345307005
qm_cb,qm_phc/qm_t,qm_r,qm_v,qm,m_z
0.10998,0.0037727114472995704,0.017194720315895706,0,0.11375271144729956,0.37727114472995743
number of iterations,15,Execution time: ,9.850255966186523
