architecture,t_cbt,t_hxt,eta_hpfp,eta_r,p_cbt,qm_cb0,t0,p0,tpr_hx,Q_hx,pcc,v
after,410,130,0.71,0.71,1330000.0,0.11,25.2,345000.0,0.95,149000.0,True,0
P_hpfp,P_rv,p_hpfp
39965.66659364964,12303.473989973327,1889366.2728233607
Q,Q_phc
632801.4597359049,483801.45973590494
qm_cb,qm_phc/qm_t,qm_r,qm_v,qm,m_z
0.11,0.0038842401983107625,0.02140899810777638,0,0.11388424019831077,0.3884240198310762
number of iterations,11,Execution time: ,6.293152570724487
