architecture,t_cbt,t_hxt,eta_hpfp,eta_r,p_cbt,qm_cb0,t0,p0,tpr_hx,Q_hx,pcc,v
after,410,160,0.71,0.71,1330000.0,0.11,25.2,345000.0,0.95,149000.0,True,0
P_hpfp,P_rv,p_hpfp
39972.614451564674,20972.47003077756,1889366.2727081615
Q,Q_phc
624244.6126935832,475244.61269358324
qm_cb,qm_phc/qm_t,qm_r,qm_v,qm,m_z
0.11,0.0039040532821112126,0.03649567887631842,0,0.11390405328211121,0.3904053282111213
number of iterations,9,Execution time: ,5.3304443359375
