architecture,t_cbt,t_hxt,eta_hpfp,eta_r,p_cbt,qm_cb0,t0,p0,tpr_hx,Q_hx,pcc,v
after,410,170,0.71,0.71,1330000.0,0.10998,25.2,345000.0,0.95,159000.0,True,0
P_hpfp,P_rv,p_hpfp
39933.518761061394,24313.860831544294,1889258.8433249607
Q,Q_phc
620189.2349980593,461189.23499805934
qm_cb,qm_phc/qm_t,qm_r,qm_v,qm,m_z
0.10998,0.0037989036851666935,0.04234107786673341,0,0.11377890368516669,0.3798903685166699
number of iterations,12,Execution time: ,7.5960307121276855
