architecture,t_cbt,t_hxt,eta_hpfp,eta_r,p_cbt,qm_cb0,t0,p0,tpr_hx,Q_hx,pcc,v
after,410,180,0.71,0.71,1330000.0,0.10998,25.2,345000.0,0.95,159000.0,True,0
P_hpfp,P_rv,p_hpfp
39933.59484561562,27957.120290833613,1889258.8433249607
Q,Q_phc
616547.2034979447,457547.20349794475
qm_cb,qm_phc/qm_t,qm_r,qm_v,qm,m_z
0.10998,0.0037991204658921612,0.04869078042922393,0,0.11377912046589216,0.37991204658921635
number of iterations,12,Execution time: ,7.782225847244263
