architecture,t_cbt,t_hxt,eta_hpfp,eta_r,p_cbt,qm_cb0,t0,p0,tpr_hx,Q_hx,pcc,v
after,410,210,0.71,0.71,1330000.0,0.11,25.2,345000.0,0.95,149000.0,True,0
P_hpfp,P_rv,p_hpfp
39970.284757093774,40778.73816647873,1889366.2640801906
Q,Q_phc
604400.7624491586,455400.7624491586
qm_cb,qm_phc/qm_t,qm_r,qm_v,qm,m_z
0.11,0.0038975439469508626,0.07098172009941768,0,0.11389754394695087,0.38975439469508627
number of iterations,7,Execution time: ,4.386236667633057
