architecture,t_cbt,t_hxt,eta_hpfp,eta_r,p_cbt,qm_cb0,t0,p0,tpr_hx,Q_hx,pcc,v
after,410,210,0.71,0.71,1330000.0,0.1070800156798148,25.2,345000.0,0.95,159000.0,True,0
P_hpfp,P_rv,p_hpfp
39254.848091016866,40017.10705662064,1889258.8433249607
Q,Q_phc
593527.9803861676,434527.98038616765
qm_cb,qm_phc/qm_t,qm_r,qm_v,qm,qm_pot
0.1070800156798148,0.003546656127576309,0.0696998665240014,0,0.11062667180739111,0.0012177816198543326
number of iterations,12,Execution time: ,6.1531760692596436
