architecture,t_cbt,t_hxt,eta_hpfp,eta_r,p_cbt,qm_cb0,t0,p0,tpr_hx,Q_hx,pcc,v
after,410,230,0.71,0.71,1330000.0,0.11,25.2,345000.0,0.95,149000.0,True,0
P_hpfp,P_rv,p_hpfp
39961.51873554175,51114.30342697553,1889366.2640801906
Q,Q_phc
593923.7006383697,444923.70063836966
qm_cb,qm_phc/qm_t,qm_r,qm_v,qm,m_z
0.11,0.003872557779131396,0.08899048250575708,0,0.1138725577791314,0.3872557779131396
number of iterations,7,Execution time: ,4.425705671310425
