architecture,t_cbt,t_hxt,eta_hpfp,eta_r,p_cbt,qm_cb0,t0,p0,tpr_hx,Q_hx,pcc,v
after,410,260,0.71,0.71,1330000.0,0.1070800156798148,25.2,345000.0,0.95,159000.0,True,0
P_hpfp,P_rv,p_hpfp
39354.37323012387,69404.48022872441,1889258.8433249607
Q,Q_phc
565746.8715616446,406746.8715616446
qm_cb,qm_phc/qm_t,qm_r,qm_v,qm,qm_pot
0.1070800156798148,0.003501253460708546,0.12089253203557462,0,0.11058126914052335,0.0015467501474250623
number of iterations,12,Execution time: ,6.161118745803833
