architecture,t_cbt,t_hxt,eta_hpfp,eta_r,p_cbt,qm_cb0,t0,p0,tpr_hx,Q_hx,pcc,v
after,410,260,0.71,0.71,1330000.0,0.10998,25.2,345000.0,0.95,159000.0,True,0
P_hpfp,P_rv,p_hpfp
39890.67834294804,70347.14709725717,1889258.8433249607
Q,Q_phc
573464.5300205144,414464.5300205144
qm_cb,qm_phc/qm_t,qm_r,qm_v,qm,m_z
0.10998,0.0036768424204052103,0.12253794642635857,0,0.1136568424204052,0.3676842420405208
number of iterations,12,Execution time: ,8.262289762496948
