architecture,t_cbt,t_hxt,eta_hpfp,eta_r,p_cbt,qm_cb0,t0,p0,tpr_hx,Q_hx,pcc,v
after,410,270,0.71,0.71,1330000.0,0.1070800156798148,25.2,345000.0,0.95,159000.0,True,0
P_hpfp,P_rv,p_hpfp
39375.14137316997,77165.97779127119,1889258.8433249607
Q,Q_phc
558320.556929157,399320.556929157
qm_cb,qm_phc/qm_t,qm_r,qm_v,qm,qm_pot
0.1070800156798148,0.0034749030543806316,0.13441209694178088,0,0.11055491873419543,0.0016322729036829745
number of iterations,12,Execution time: ,6.119556665420532
