architecture,t_cbt,t_hxt,eta_hpfp,eta_r,p_cbt,qm_cb0,t0,p0,tpr_hx,Q_hx,pcc,v
after,410,250,0.71,0.71,1330000.0,0.11,25.2,345000.0,0.95,149000.0,True,0
P_hpfp,P_rv,p_hpfp
39945.93045085053,63397.844353495544,1889366.2640801906
Q,Q_phc
581388.5417463122,432388.54174631217
qm_cb,qm_phc/qm_t,qm_r,qm_v,qm,m_z
0.11,0.00382811723104916,0.11038499036253667,0,0.11382811723104916,0.382811723104916
number of iterations,7,Execution time: ,4.532835483551025
