architecture,t_cbt,t_hxt,eta_hpfp,eta_r,p_cbt,qm_cb0,t0,p0,tpr_hx,Q_hx,pcc,v
after,410,270,0.71,0.71,1330000.0,0.11,25.2,345000.0,0.95,149000.0,True,0
P_hpfp,P_rv,p_hpfp
39921.00366918692,78268.12984099364,1889366.2640801906
Q,Q_phc
566115.9011431719,417115.90114317194
qm_cb,qm_phc/qm_t,qm_r,qm_v,qm,m_z
0.11,0.0037570693408676805,0.13628032047286717,0,0.11375706934086768,0.37570693408676803
number of iterations,7,Execution time: ,4.423758029937744
