architecture,t_cbt,t_hxt,eta_hpfp,eta_r,p_cbt,qm_cb0,t0,p0,tpr_hx,Q_hx,pcc,v
after,410,200,0.71,0.71,1330000.0,0.10998,25.2,345000.0,0.95,159000.0,True,0
P_hpfp,P_rv,p_hpfp
39931.116798302624,36123.55731399416,1889258.8433249607
Q,Q_phc
608340.7722740629,449340.77227406285
qm_cb,qm_phc/qm_t,qm_r,qm_v,qm,m_z
0.10998,0.003792059993504543,0.06292022925125408,0,0.11377205999350454,0.3792059993504541
number of iterations,12,Execution time: ,7.840801239013672
