architecture,t_cbt,t_hxt,eta_hpfp,eta_r,p_cbt,qm_cb0,t0,p0,tpr_hx,Q_hx,pcc,v
after,410,250,0.71,0.71,1330000.0,0.1070800156798148,25.2,345000.0,0.95,159000.0,True,0
P_hpfp,P_rv,p_hpfp
39333.89094288844,62397.99460861644,1889258.8433249607
Q,Q_phc
572422.78775941,413422.78775941
qm_cb,qm_phc/qm_t,qm_r,qm_v,qm,qm_pot
0.1070800156798148,0.003520527445333904,0.10868788566902406,0,0.1106005431251487,0.0014691182698975402
number of iterations,12,Execution time: ,6.116109609603882
