architecture,t_cbt,t_hxt,eta_hpfp,eta_r,p_cbt,qm_cb0,t0,p0,tpr_hx,Q_hx,pcc,v
after,410,240,0.71,0.71,1330000.0,0.1070800156798148,25.2,345000.0,0.95,159000.0,True,0
P_hpfp,P_rv,p_hpfp
39313.695481570016,56037.03343483706,1889258.8433249607
Q,Q_phc
578457.8086753832,419457.8086753832
qm_cb,qm_phc/qm_t,qm_r,qm_v,qm,qm_pot
0.1070800156798148,0.003533861472825864,0.09760745906890914,0,0.11061387715264066,0.0013982435705468224
number of iterations,12,Execution time: ,6.102599143981934
