architecture,t_cbt,t_hxt,eta_hpfp,eta_r,p_cbt,qm_cb0,t0,p0,tpr_hx,Q_hx,pcc,v
after,410,230,0.71,0.71,1330000.0,0.10998,25.2,345000.0,0.95,159000.0,True,0
P_hpfp,P_rv,p_hpfp
39918.64788614838,51028.18682263334,1889258.8433249607
Q,Q_phc
593234.9019848873,434234.9019848873
qm_cb,qm_phc/qm_t,qm_r,qm_v,qm,m_z
0.10998,0.0037565334684430823,0.08888529092059866,0,0.11373653346844308,0.3756533468443077
number of iterations,12,Execution time: ,8.170195579528809
