architecture,t_cbt,t_hxt,eta_hpfp,eta_r,p_cbt,qm_cb0,t0,p0,tpr_hx,Q_hx,pcc,v
after,410,260,0.71,0.71,1330000.0,0.11,25.2,345000.0,0.95,149000.0,True,0
P_hpfp,P_rv,p_hpfp
39934.83385559304,70458.54499331905,1889366.2640801906
Q,Q_phc
574148.7256503374,425148.7256503374
qm_cb,qm_phc/qm_t,qm_r,qm_v,qm,m_z
0.11,0.003796486619383184,0.12268098103985096,0,0.11379648661938319,0.3796486619383184
number of iterations,7,Execution time: ,4.267110347747803
