architecture,t_cbt,t_hxt,eta_hpfp,eta_r,p_cbt,qm_cb0,t0,p0,tpr_hx,Q_hx,pcc,v
after,410,280,0.71,0.71,1330000.0,0.10998,25.2,345000.0,0.95,159000.0,True,0
P_hpfp,P_rv,p_hpfp
39858.991489117965,86822.81019436925,1889258.8433249607
Q,Q_phc
556477.4600645984,397477.46006459836
qm_cb,qm_phc/qm_t,qm_r,qm_v,qm,m_z
0.10998,0.0035865599809440235,0.15123724755804357,0,0.11356655998094402,0.3586559980944024
number of iterations,12,Execution time: ,8.154293060302734
