architecture,t_cbt,t_hxt,eta_hpfp,eta_r,p_cbt,qm_cb0,t0,p0,tpr_hx,Q_hx,pcc,v
after,410,280,0.71,0.71,1330000.0,0.1070800156798148,25.2,345000.0,0.95,159000.0,True,0
P_hpfp,P_rv,p_hpfp
39396.193180950235,85818.76070808808,1889258.8433249607
Q,Q_phc
550007.5350877122,391007.5350877122
qm_cb,qm_phc/qm_t,qm_r,qm_v,qm,qm_pot
0.1070800156798148,0.0034400587106370043,0.14948389711214005,0,0.1105200743904518,0.0017270978115948707
number of iterations,12,Execution time: ,6.138092279434204
