architecture,t_cbt,t_hxt,eta_hpfp,eta_r,p_cbt,qm_cb0,t0,p0,tpr_hx,Q_hx,pcc,v
after,420,190,0.71,0.71,1330000.0,0.1069499022333702,25.2,345000.0,0.95,159000.0,True,0
P_hpfp,P_rv,p_hpfp
39219.73630026058,30817.48276543839,1889258.8433249607
Q,Q_phc
618425.7816868987,459425.78168689867
qm_cb,qm_phc/qm_t,qm_r,qm_v,qm,qm_pot
0.1069499022333702,0.003671039667523218,0.052402018740482205,0,0.11062094190089342,0.001123471423359321
number of iterations,12,Execution time: ,5.921183109283447
