architecture,t_cbt,t_hxt,eta_hpfp,eta_r,p_cbt,qm_cb0,t0,p0,tpr_hx,Q_hx,pcc,v
after,420,190,0.71,0.71,1330000.0,0.11,25.2,345000.0,0.95,149000.0,True,0
P_hpfp,P_rv,p_hpfp
40027.52040121209,31492.798137778867,1889366.2640801906
Q,Q_phc
631212.5504651066,482212.5504651066
qm_cb,qm_phc/qm_t,qm_r,qm_v,qm,m_z
0.11,0.0040605561223067965,0.053499943155557055,0,0.1140605561223068,0.40605561223067965
number of iterations,7,Execution time: ,4.339738368988037
