architecture,t_cbt,t_hxt,eta_hpfp,eta_r,p_cbt,qm_cb0,t0,p0,tpr_hx,Q_hx,pcc,v
after,420,100,0.71,0.71,1330000.0,0.1069499022333702,25.2,345000.0,0.95,159000.0,True,0
P_hpfp,P_rv,p_hpfp
39070.337674478986,5572.2616998380345,1889258.861393996
Q,Q_phc
641197.8407073147,482197.84070731467
qm_cb,qm_phc/qm_t,qm_r,qm_v,qm,qm_pot
0.1069499022333702,0.003543594128940519,0.009468834097422356,0,0.11049349636231072,0.0008252492016353783
number of iterations,17,Execution time: ,8.324717998504639
