architecture,t_cbt,t_hxt,eta_hpfp,eta_r,p_cbt,qm_cb0,t0,p0,tpr_hx,Q_hx,pcc,v
after,420,110,0.71,0.71,1330000.0,0.10998,25.2,345000.0,0.95,159000.0,True,0
P_hpfp,P_rv,p_hpfp
39969.59554053148,7653.414790418286,1889258.8612891329
Q,Q_phc
654007.8662665795,495007.8662665795
qm_cb,qm_phc/qm_t,qm_r,qm_v,qm,m_z
0.10998,0.003901690940348257,0.01300752568825875,0,0.11388169094034825,0.3901690940348256
number of iterations,16,Execution time: ,10.648627519607544
