architecture,t_cbt,t_hxt,eta_hpfp,eta_r,p_cbt,qm_cb0,t0,p0,tpr_hx,Q_hx,pcc,v
after,420,180,0.71,0.71,1330000.0,0.11,25.2,345000.0,0.95,149000.0,True,0
P_hpfp,P_rv,p_hpfp
40027.02173823949,27640.877656871122,1889366.271814466
Q,Q_phc
635056.1941786427,486056.1941786427
qm_cb,qm_phc/qm_t,qm_r,qm_v,qm,m_z
0.11,0.004059107101378173,0.046968785662862896,0,0.11405910710137818,0.4059107101378173
number of iterations,8,Execution time: ,4.931150913238525
