architecture,t_cbt,t_hxt,eta_hpfp,eta_r,p_cbt,qm_cb0,t0,p0,tpr_hx,Q_hx,pcc,v
after,420,110,0.71,0.71,1330000.0,0.11,25.2,345000.0,0.95,149000.0,True,0
P_hpfp,P_rv,p_hpfp
40007.72347692349,7667.296026094472,1889366.2728247393
Q,Q_phc
654710.2664051255,505710.2664051255
qm_cb,qm_phc/qm_t,qm_r,qm_v,qm,m_z
0.11,0.004004061729758199,0.01302201203079309,0,0.1140040617297582,0.4004061729758199
number of iterations,12,Execution time: ,7.056732416152954
