architecture,t_cbt,t_hxt,eta_hpfp,eta_r,p_cbt,qm_cb0,t0,p0,tpr_hx,Q_hx,pcc,v
after,420,140,0.71,0.71,1330000.0,0.1069499022333702,25.2,345000.0,0.95,159000.0,True,0
P_hpfp,P_rv,p_hpfp
39130.06060703238,14493.569220928577,1889258.8597899457
Q,Q_phc
633265.1878163421,474265.1878163421
qm_cb,qm_phc/qm_t,qm_r,qm_v,qm,qm_pot
0.1069499022333702,0.0036066112608807727,0.02463721684258486,0,0.11055651349425097,0.0009323942070285208
number of iterations,14,Execution time: ,7.1010661125183105
