architecture,t_cbt,t_hxt,eta_hpfp,eta_r,p_cbt,qm_cb0,t0,p0,tpr_hx,Q_hx,pcc,v
after,420,160,0.71,0.71,1330000.0,0.11,25.2,345000.0,0.95,149000.0,True,0
P_hpfp,P_rv,p_hpfp
40023.836292104075,20752.06727892279,1889366.2727081615
Q,Q_phc
641892.2631372508,492892.2631372508
qm_cb,qm_phc/qm_t,qm_r,qm_v,qm,m_z
0.11,0.0040499980968088855,0.03525951100160062,0,0.11404999809680888,0.40499980968088856
number of iterations,9,Execution time: ,5.445558071136475
