architecture,t_cbt,t_hxt,eta_hpfp,eta_r,p_cbt,qm_cb0,t0,p0,tpr_hx,Q_hx,pcc,v
after,420,120,0.71,0.71,1330000.0,0.10998,25.2,345000.0,0.95,159000.0,True,0
P_hpfp,P_rv,p_hpfp
39972.98265147627,9817.77747473092,1889258.8609416161
Q,Q_phc
651899.5745634497,492899.5745634497
qm_cb,qm_phc/qm_t,qm_r,qm_v,qm,m_z
0.10998,0.003911341581871397,0.016686505498740255,0,0.11389134158187139,0.39113415818713937
number of iterations,15,Execution time: ,9.713729619979858
