architecture,t_cbt,t_hxt,eta_hpfp,eta_r,p_cbt,qm_cb0,t0,p0,tpr_hx,Q_hx,pcc,v
after,420,170,0.71,0.71,1330000.0,0.11,25.2,345000.0,0.95,149000.0,True,0
P_hpfp,P_rv,p_hpfp
40025.77079720735,24081.64855776881,1889366.271814466
Q,Q_phc
638594.7123948705,489594.71239487047
qm_cb,qm_phc/qm_t,qm_r,qm_v,qm,m_z
0.11,0.004055502865266889,0.04090790508842451,0,0.11405550286526689,0.4055502865266889
number of iterations,8,Execution time: ,4.898176193237305
