architecture,t_cbt,t_hxt,eta_hpfp,eta_r,p_cbt,qm_cb0,t0,p0,tpr_hx,Q_hx,pcc,v
after,420,140,0.71,0.71,1330000.0,0.11,25.2,345000.0,0.95,149000.0,True,0
P_hpfp,P_rv,p_hpfp
40018.42019698588,14834.346192949255,1889366.2728114282
Q,Q_phc
647720.3137628442,498720.3137628442
qm_cb,qm_phc/qm_t,qm_r,qm_v,qm,m_z
0.11,0.004034540491805179,0.02519998201704313,0,0.11403454049180518,0.40345404918051786
number of iterations,10,Execution time: ,6.062453269958496
