architecture,t_cbt,t_hxt,eta_hpfp,eta_r,p_cbt,qm_cb0,t0,p0,tpr_hx,Q_hx,pcc,v
after,420,250,0.71,0.71,1330000.0,0.11,25.2,345000.0,0.95,149000.0,True,0
P_hpfp,P_rv,p_hpfp
40006.81617502532,61685.29455825658,1889366.2640801906
Q,Q_phc
600677.2698477781,451677.26984777814
qm_cb,qm_phc/qm_t,qm_r,qm_v,qm,m_z
0.11,0.004001579223814131,0.10486582860999241,0,0.11400157922381413,0.4001579223814131
number of iterations,7,Execution time: ,4.510824918746948
