architecture,t_cbt,t_hxt,eta_hpfp,eta_r,p_cbt,qm_cb0,t0,p0,tpr_hx,Q_hx,pcc,v
after,420,210,0.71,0.71,1330000.0,0.1069499022333702,25.2,345000.0,0.95,159000.0,True,0
P_hpfp,P_rv,p_hpfp
39258.49103283065,39236.606211470615,1889258.8433249607
Q,Q_phc
610648.2038365365,451648.2038365365
qm_cb,qm_phc/qm_t,qm_r,qm_v,qm,qm_pot
0.1069499022333702,0.00368480550716503,0.06672388939624055,0,0.11063470774053523,0.0012201251138598422
number of iterations,12,Execution time: ,6.126501560211182
