architecture,t_cbt,t_hxt,eta_hpfp,eta_r,p_cbt,qm_cb0,t0,p0,tpr_hx,Q_hx,pcc,v
after,420,260,0.71,0.71,1330000.0,0.1069499022333702,25.2,345000.0,0.95,159000.0,True,0
P_hpfp,P_rv,p_hpfp
39360.59444666943,67249.64288442266,1889258.8433249607
Q,Q_phc
584325.3864247467,425325.3864247467
qm_cb,qm_phc/qm_t,qm_r,qm_v,qm,qm_pot
0.1069499022333702,0.0036606904265386016,0.11436775836143569,0,0.1106105926599088,0.001535152045358176
number of iterations,12,Execution time: ,6.33324670791626
