architecture,t_cbt,t_hxt,eta_hpfp,eta_r,p_cbt,qm_cb0,t0,p0,tpr_hx,Q_hx,pcc,v
after,420,280,0.71,0.71,1330000.0,0.10998,25.2,345000.0,0.95,159000.0,True,0
P_hpfp,P_rv,p_hpfp
39925.94878196052,83703.65314916341,1889258.8433249607
Q,Q_phc
577235.1128843087,418235.1128843087
qm_cb,qm_phc/qm_t,qm_r,qm_v,qm,m_z
0.10998,0.003777335239666793,0.1423533800497682,0,0.11375733523966679,0.37773352396667936
number of iterations,12,Execution time: ,8.587456941604614
