architecture,t_cbt,t_hxt,eta_hpfp,eta_r,p_cbt,qm_cb0,t0,p0,tpr_hx,Q_hx,pcc,v
after,420,270,0.71,0.71,1330000.0,0.10998,25.2,345000.0,0.95,159000.0,True,0
P_hpfp,P_rv,p_hpfp
39940.89244081557,75594.08702832033,1889258.8433249607
Q,Q_phc
585592.0580592507,426592.0580592507
qm_cb,qm_phc/qm_t,qm_r,qm_v,qm,m_z
0.10998,0.003819912832984995,0.12856149730709643,0,0.11379991283298499,0.38199128329849996
number of iterations,12,Execution time: ,8.16409182548523
