architecture,t_cbt,t_hxt,eta_hpfp,eta_r,p_cbt,qm_cb0,t0,p0,tpr_hx,Q_hx,pcc,v
after,420,250,0.71,0.71,1330000.0,0.10998,25.2,345000.0,0.95,159000.0,True,0
P_hpfp,P_rv,p_hpfp
39962.6661017884,61589.11185248944,1889258.8433249607
Q,Q_phc
599957.4769328382,440957.4769328382
qm_cb,qm_phc/qm_t,qm_r,qm_v,qm,m_z
0.10998,0.003881950523415542,0.1047432225985732,0,0.11386195052341554,0.38819505234155355
number of iterations,12,Execution time: ,7.954973459243774
