architecture,t_cbt,t_hxt,eta_hpfp,eta_r,p_cbt,qm_cb0,t0,p0,tpr_hx,Q_hx,pcc,v
after,420,220,0.71,0.71,1330000.0,0.10998,25.2,345000.0,0.95,159000.0,True,0
P_hpfp,P_rv,p_hpfp
39980.434191264234,44731.932888251824,1889258.8433249607
Q,Q_phc
617108.7909017832,458108.79090178316
qm_cb,qm_phc/qm_t,qm_r,qm_v,qm,m_z
0.10998,0.003932575507235178,0.07607351307329306,0,0.11391257550723517,0.3932575507235181
number of iterations,12,Execution time: ,8.493532180786133
