architecture,t_cbt,t_hxt,eta_hpfp,eta_r,p_cbt,qm_cb0,t0,p0,tpr_hx,Q_hx,pcc,v
after,420,220,0.71,0.71,1330000.0,0.1069499022333702,25.2,345000.0,0.95,159000.0,True,0
P_hpfp,P_rv,p_hpfp
39278.34286716268,43949.19321285141,1889258.8433249607
Q,Q_phc
606264.243974013,447264.243974013
qm_cb,qm_phc/qm_t,qm_r,qm_v,qm,qm_pot
0.1069499022333702,0.0036877127956681955,0.0747395550801962,0,0.11063761502903839,0.0012737794392303613
number of iterations,12,Execution time: ,5.940270662307739
