architecture,t_cbt,t_hxt,eta_hpfp,eta_r,p_cbt,qm_cb0,t0,p0,tpr_hx,Q_hx,pcc,v
after,420,260,0.71,0.71,1330000.0,0.10998,25.2,345000.0,0.95,159000.0,True,0
P_hpfp,P_rv,p_hpfp
39952.98731282101,68259.62417964687,1889258.8433249607
Q,Q_phc
593126.7408155903,434126.74081559025
qm_cb,qm_phc/qm_t,qm_r,qm_v,qm,m_z
0.10998,0.003854373639838135,0.11608779502032017,0,0.11383437363983813,0.38543736398381323
number of iterations,12,Execution time: ,8.220634937286377
