architecture,t_cbt,t_hxt,eta_hpfp,eta_r,p_cbt,qm_cb0,t0,p0,tpr_hx,Q_hx,pcc,v
after,420,220,0.71,0.71,1330000.0,0.11,25.2,345000.0,0.95,149000.0,True,0
P_hpfp,P_rv,p_hpfp
40023.22799767179,44808.33496985226,1889366.2640801906
Q,Q_phc
617825.947557593,468825.947557593
qm_cb,qm_phc/qm_t,qm_r,qm_v,qm,m_z
0.11,0.004048374037986534,0.07616455163603415,0,0.11404837403798654,0.40483740379865335
number of iterations,7,Execution time: ,4.518316030502319
