architecture,t_cbt,t_hxt,eta_hpfp,eta_r,p_cbt,qm_cb0,t0,p0,tpr_hx,Q_hx,pcc,v
after,420,240,0.71,0.71,1330000.0,0.1069499022333702,25.2,345000.0,0.95,159000.0,True,0
P_hpfp,P_rv,p_hpfp
39318.91306605822,54589.70184162785,1889258.8433249607
Q,Q_phc
596295.3341588738,437295.33415887377
qm_cb,qm_phc/qm_t,qm_r,qm_v,qm,qm_pot
0.1069499022333702,0.003683202969088203,0.09283685722662391,0,0.1106331052024584,0.0013938814013444215
number of iterations,12,Execution time: ,6.3912718296051025
