architecture,t_cbt,t_hxt,eta_hpfp,eta_r,p_cbt,qm_cb0,t0,p0,tpr_hx,Q_hx,pcc,v
after,420,280,0.71,0.71,1330000.0,0.11,25.2,345000.0,0.95,149000.0,True,0
P_hpfp,P_rv,p_hpfp
39971.37932357817,83833.02311004586,1889366.2640801906
Q,Q_phc
577942.8401774514,428942.8401774514
qm_cb,qm_phc/qm_t,qm_r,qm_v,qm,m_z
0.11,0.003900555217204726,0.14252153007077897,0,0.11390055521720473,0.3900555217204726
number of iterations,7,Execution time: ,4.455270528793335
