architecture,t_cbt,t_hxt,eta_hpfp,eta_r,p_cbt,qm_cb0,t0,p0,tpr_hx,Q_hx,pcc,v
after,420,260,0.71,0.71,1330000.0,0.11,25.2,345000.0,0.95,149000.0,True,0
P_hpfp,P_rv,p_hpfp
39997.57864462481,68365.46499779439,1889366.2640801906
Q,Q_phc
593844.160611559,444844.16061155905
qm_cb,qm_phc/qm_t,qm_r,qm_v,qm,m_z
0.11,0.003975241942256852,0.11622397049027736,0,0.11397524194225685,0.39752419422568525
number of iterations,7,Execution time: ,4.585373640060425
