architecture,t_cbt,t_hxt,eta_hpfp,eta_r,p_cbt,qm_cb0,t0,p0,tpr_hx,Q_hx,pcc,v
after,420,230,0.71,0.71,1330000.0,0.10998,25.2,345000.0,0.95,159000.0,True,0
P_hpfp,P_rv,p_hpfp
39976.12395492737,49893.15661006351,1889258.8433249607
Q,Q_phc
611876.2150299861,452876.2150299861
qm_cb,qm_phc/qm_t,qm_r,qm_v,qm,m_z
0.10998,0.00392029474710566,0.08485158943068527,0,0.11390029474710565,0.3920294747105665
number of iterations,12,Execution time: ,8.218269109725952
