architecture,t_cbt,t_hxt,eta_hpfp,eta_r,p_cbt,qm_cb0,t0,p0,tpr_hx,Q_hx,pcc,v
after,420,210,0.71,0.71,1330000.0,0.10998,25.2,345000.0,0.95,159000.0,True,0
P_hpfp,P_rv,p_hpfp
39983.41434927252,39957.80805280872,1889258.8433249607
Q,Q_phc
621932.2496169881,462932.2496169881
qm_cb,qm_phc/qm_t,qm_r,qm_v,qm,m_z
0.10998,0.003941066597464932,0.06795352506143933,0,0.11392106659746493,0.39410665974649306
number of iterations,12,Execution time: ,7.728744745254517
