architecture,t_cbt,t_hxt,eta_hpfp,eta_r,p_cbt,qm_cb0,t0,p0,tpr_hx,Q_hx,pcc,v
after,430,130,0.71,0.71,1330000.0,0.10998,25.2,345000.0,0.95,159000.0,True,0
P_hpfp,P_rv,p_hpfp
40025.40208307503,12122.318239302389,1889258.8597899457
Q,Q_phc
667055.0091185042,508055.00911850424
qm_cb,qm_phc/qm_t,qm_r,qm_v,qm,m_z
0.10998,0.004060695637577466,0.020127484354201274,0,0.11404069563757746,0.4060695637577463
number of iterations,14,Execution time: ,8.887722492218018
