architecture,t_cbt,t_hxt,eta_hpfp,eta_r,p_cbt,qm_cb0,t0,p0,tpr_hx,Q_hx,pcc,v
after,430,110,0.71,0.71,1330000.0,0.10998,25.2,345000.0,0.95,159000.0,True,0
P_hpfp,P_rv,p_hpfp
40017.878606663966,7616.513815353214,1889258.8612891329
Q,Q_phc
671433.1486716319,512433.14867163193
qm_cb,qm_phc/qm_t,qm_r,qm_v,qm,m_z
0.10998,0.004039259438117421,0.01264569738848552,0,0.11401925943811742,0.4039259438117425
number of iterations,16,Execution time: ,10.434213876724243
