architecture,t_cbt,t_hxt,eta_hpfp,eta_r,p_cbt,qm_cb0,t0,p0,tpr_hx,Q_hx,pcc,v
after,430,170,0.71,0.71,1330000.0,0.10998,25.2,345000.0,0.95,159000.0,True,0
P_hpfp,P_rv,p_hpfp
40036.80926540681,23761.796899706227,1889258.8433249607
Q,Q_phc
655609.1123703731,496609.1123703731
qm_cb,qm_phc/qm_t,qm_r,qm_v,qm,m_z
0.10998,0.0040931998231010375,0.039467788063926625,0,0.11407319982310103,0.40931998231010375
number of iterations,12,Execution time: ,7.8622519969940186
