architecture,t_cbt,t_hxt,eta_hpfp,eta_r,p_cbt,qm_cb0,t0,p0,tpr_hx,Q_hx,pcc,v
after,430,180,0.71,0.71,1330000.0,0.10998,25.2,345000.0,0.95,159000.0,True,0
P_hpfp,P_rv,p_hpfp
40038.384587137516,27246.080415391116,1889258.8433249607
Q,Q_phc
652151.5599498035,493151.5599498035
qm_cb,qm_phc/qm_t,qm_r,qm_v,qm,m_z
0.10998,0.004097688242479858,0.04525954974785498,0,0.11407768824247985,0.40976882424798644
number of iterations,12,Execution time: ,8.074952363967896
