architecture,t_cbt,t_hxt,eta_hpfp,eta_r,p_cbt,qm_cb0,t0,p0,tpr_hx,Q_hx,pcc,v
after,430,120,0.71,0.71,1330000.0,0.10682015615953824,25.2,345000.0,0.95,159000.0,True,0
P_hpfp,P_rv,p_hpfp
39097.61321499065,9539.633060521412,1889258.8609416161
Q,Q_phc
653889.4856179676,494889.48561796756
qm_cb,qm_phc/qm_t,qm_r,qm_v,qm,qm_pot
0.10682015615953824,0.0036933422058438464,0.015837409548153453,0,0.11051349836538209,0.0008829604208770971
number of iterations,15,Execution time: ,7.215033531188965
