architecture,t_cbt,t_hxt,eta_hpfp,eta_r,p_cbt,qm_cb0,t0,p0,tpr_hx,Q_hx,pcc,v
after,430,110,0.71,0.71,1330000.0,0.11,25.2,345000.0,0.95,149000.0,True,0
P_hpfp,P_rv,p_hpfp
40056.2730988058,7630.177161484393,1889366.2728247393
Q,Q_phc
672158.2109603913,523158.2109603913
qm_cb,qm_phc/qm_t,qm_r,qm_v,qm,m_z
0.11,0.004142399006547777,0.012659778723147316,0,0.11414239900654778,0.41423990065477767
number of iterations,12,Execution time: ,6.689881086349487
