architecture,t_cbt,t_hxt,eta_hpfp,eta_r,p_cbt,qm_cb0,t0,p0,tpr_hx,Q_hx,pcc,v
after,430,150,0.71,0.71,1330000.0,0.11,25.2,345000.0,0.95,149000.0,True,0
P_hpfp,P_rv,p_hpfp
40072.023336800165,17531.925265218393,1889366.2727081615
Q,Q_phc
662523.7578626247,513523.7578626247
qm_cb,qm_phc/qm_t,qm_r,qm_v,qm,m_z
0.11,0.0041872474433038796,0.029090185794993208,0,0.11418724744330389,0.4187247443303879
number of iterations,9,Execution time: ,5.116636753082275
