architecture,t_cbt,t_hxt,eta_hpfp,eta_r,p_cbt,qm_cb0,t0,p0,tpr_hx,Q_hx,pcc,v
after,430,130,0.71,0.71,1330000.0,0.10682015615953824,25.2,345000.0,0.95,159000.0,True,0
P_hpfp,P_rv,p_hpfp
39113.49349690575,11850.077344144653,1889258.8597899457
Q,Q_phc
651848.5075986689,492848.5075986689
qm_cb,qm_phc/qm_t,qm_r,qm_v,qm,qm_pot
0.10682015615953824,0.0037107455243613305,0.01967287407741878,0,0.11053090168389958,0.0009108032023796177
number of iterations,14,Execution time: ,6.8467018604278564
