architecture,t_cbt,t_hxt,eta_hpfp,eta_r,p_cbt,qm_cb0,t0,p0,tpr_hx,Q_hx,pcc,v
after,430,190,0.71,0.71,1330000.0,0.11,25.2,345000.0,0.95,149000.0,True,0
P_hpfp,P_rv,p_hpfp
40081.06471599822,31054.44226645554,1889366.2640801906
Q,Q_phc
649154.7043759733,500154.7043759733
qm_cb,qm_phc/qm_t,qm_r,qm_v,qm,m_z
0.11,0.0042130966511661596,0.05154086370878307,0,0.11421309665116616,0.42130966511661594
number of iterations,7,Execution time: ,4.221395492553711
