architecture,t_cbt,t_hxt,eta_hpfp,eta_r,p_cbt,qm_cb0,t0,p0,tpr_hx,Q_hx,pcc,v
after,430,120,0.71,0.71,1330000.0,0.10998,25.2,345000.0,0.95,159000.0,True,0
P_hpfp,P_rv,p_hpfp
40021.719180954846,9762.281103022116,1889258.8609416161
Q,Q_phc
669352.5511383816,510352.5511383816
qm_cb,qm_phc/qm_t,qm_r,qm_v,qm,m_z
0.10998,0.004050202091099742,0.016208839324270304,0,0.11403020209109974,0.4050202091099746
number of iterations,15,Execution time: ,9.328649997711182
