architecture,t_cbt,t_hxt,eta_hpfp,eta_r,p_cbt,qm_cb0,t0,p0,tpr_hx,Q_hx,pcc,v
after,430,180,0.71,0.71,1330000.0,0.10682015615953824,25.2,345000.0,0.95,159000.0,True,0
P_hpfp,P_rv,p_hpfp
39202.97459551114,26682.618379785934,1889258.8433249607
Q,Q_phc
638534.346475649,479534.34647564904
qm_cb,qm_phc/qm_t,qm_r,qm_v,qm,qm_pot
0.10682015615953824,0.0037902929709217586,0.04431939741027104,0,0.11061044913046,0.0010862069409341023
number of iterations,12,Execution time: ,6.376661062240601
