architecture,t_cbt,t_hxt,eta_hpfp,eta_r,p_cbt,qm_cb0,t0,p0,tpr_hx,Q_hx,pcc,v
after,430,140,0.71,0.71,1330000.0,0.10998,25.2,345000.0,0.95,159000.0,True,0
P_hpfp,P_rv,p_hpfp
40028.84514814491,14701.677360692967,1889258.855973307
Q,Q_phc
664534.0782079864,505534.07820798643
qm_cb,qm_phc/qm_t,qm_r,qm_v,qm,m_z
0.10998,0.004070506283532546,0.024409842306258818,0,0.11405050628353254,0.4070506283532547
number of iterations,13,Execution time: ,8.966795921325684
