architecture,t_cbt,t_hxt,eta_hpfp,eta_r,p_cbt,qm_cb0,t0,p0,tpr_hx,Q_hx,pcc,v
after,430,160,0.71,0.71,1330000.0,0.10998,25.2,345000.0,0.95,159000.0,True,0
P_hpfp,P_rv,p_hpfp
40034.63538103179,20516.878412589704,1889258.8433249607
Q,Q_phc
658817.1429577894,499817.14295778936
qm_cb,qm_phc/qm_t,qm_r,qm_v,qm,m_z
0.10998,0.004087005974209135,0.0340725700223844,0,0.11406700597420913,0.40870059742091397
number of iterations,12,Execution time: ,7.169695615768433
