architecture,t_cbt,t_hxt,eta_hpfp,eta_r,p_cbt,qm_cb0,t0,p0,tpr_hx,Q_hx,pcc,v
after,430,140,0.71,0.71,1330000.0,0.10682015615953824,25.2,345000.0,0.95,159000.0,True,0
P_hpfp,P_rv,p_hpfp
39130.07272495214,14366.1244312041,1889258.8597899457
Q,Q_phc
649613.785681265,490613.78568126506
qm_cb,qm_phc/qm_t,qm_r,qm_v,qm,qm_pot
0.10682015615953824,0.0037279110591747445,0.023856498249062427,0,0.11054806721871299,0.000940875008800736
number of iterations,14,Execution time: ,6.896815299987793
