architecture,t_cbt,t_hxt,eta_hpfp,eta_r,p_cbt,qm_cb0,t0,p0,tpr_hx,Q_hx,pcc,v
after,430,170,0.71,0.71,1330000.0,0.10682015615953824,25.2,345000.0,0.95,159000.0,True,0
P_hpfp,P_rv,p_hpfp
39184.01666835829,23261.769300305474,1889258.8433249607
Q,Q_phc
641633.5073442044,482633.50734420435
qm_cb,qm_phc/qm_t,qm_r,qm_v,qm,qm_pot
0.10682015615953824,0.0037762821759062155,0.03863245284838313,0,0.11059643833544446,0.001046203031941414
number of iterations,12,Execution time: ,6.01326584815979
