architecture,t_cbt,t_hxt,eta_hpfp,eta_r,p_cbt,qm_cb0,t0,p0,tpr_hx,Q_hx,pcc,v
after,430,280,0.71,0.71,1330000.0,0.10998,25.2,345000.0,0.95,159000.0,True,0
P_hpfp,P_rv,p_hpfp
39991.908722726825,80945.20160031812,1889258.8433249607
Q,Q_phc
597663.8057333457,438663.8057333457
qm_cb,qm_phc/qm_t,qm_r,qm_v,qm,m_z
0.10998,0.003965268834811103,0.13447999437292404,0,0.1139452688348111,0.3965268834811106
number of iterations,12,Execution time: ,8.167104721069336
