architecture,t_cbt,t_hxt,eta_hpfp,eta_r,p_cbt,qm_cb0,t0,p0,tpr_hx,Q_hx,pcc,v
after,430,230,0.71,0.71,1330000.0,0.10998,25.2,345000.0,0.95,159000.0,True,0
P_hpfp,P_rv,p_hpfp
40033.41135677582,48863.25239109478,1889258.8433249607
Q,Q_phc
630449.9989307462,471449.9989307462
qm_cb,qm_phc/qm_t,qm_r,qm_v,qm,m_z
0.10998,0.004083518474428269,0.08117930278171706,0,0.11406351847442826,0.40835184744282654
number of iterations,12,Execution time: ,7.946760892868042
