architecture,t_cbt,t_hxt,eta_hpfp,eta_r,p_cbt,qm_cb0,t0,p0,tpr_hx,Q_hx,pcc,v
after,430,220,0.71,0.71,1330000.0,0.10998,25.2,345000.0,0.95,159000.0,True,0
P_hpfp,P_rv,p_hpfp
40036.54659839486,43893.831571610026,1889258.8433249607
Q,Q_phc
635472.6205918713,476472.6205918713
qm_cb,qm_phc/qm_t,qm_r,qm_v,qm,m_z
0.10998,0.004092451430132413,0.07292285093548474,0,0.11407245143013241,0.4092451430132418
number of iterations,12,Execution time: ,7.736571788787842
