architecture,t_cbt,t_hxt,eta_hpfp,eta_r,p_cbt,qm_cb0,t0,p0,tpr_hx,Q_hx,pcc,v
after,430,210,0.71,0.71,1330000.0,0.10682015615953824,25.2,345000.0,0.95,159000.0,True,0
P_hpfp,P_rv,p_hpfp
39262.20424230898,38520.991971672534,1889258.8433249607
Q,Q_phc
627701.0130950944,468701.01309509436
qm_cb,qm_phc/qm_t,qm_r,qm_v,qm,qm_pot
0.10682015615953824,0.003822128085954361,0.06399337508381218,0,0.1106422842454926,0.0012231282418589133
number of iterations,12,Execution time: ,5.9770917892456055
