architecture,t_cbt,t_hxt,eta_hpfp,eta_r,p_cbt,qm_cb0,t0,p0,tpr_hx,Q_hx,pcc,v
after,430,220,0.71,0.71,1330000.0,0.10682015615953824,25.2,345000.0,0.95,159000.0,True,0
P_hpfp,P_rv,p_hpfp
39282.60293381115,43069.50023263679,1889258.8433249607
Q,Q_phc
623498.6407023417,464498.6407023417
qm_cb,qm_phc/qm_t,qm_r,qm_v,qm,qm_pot
0.10682015615953824,0.0038282114510180725,0.07155109329766175,0,0.11064836761055631,0.0012751645897132414
number of iterations,12,Execution time: ,6.246981143951416
