architecture,t_cbt,t_hxt,eta_hpfp,eta_r,p_cbt,qm_cb0,t0,p0,tpr_hx,Q_hx,pcc,v
after,430,230,0.71,0.71,1330000.0,0.11,25.2,345000.0,0.95,149000.0,True,0
P_hpfp,P_rv,p_hpfp
40077.02447452898,48940.88881471292,1889366.2640801906
Q,Q_phc
631199.6915553007,482199.6915553007
qm_cb,qm_phc/qm_t,qm_r,qm_v,qm,m_z
0.11,0.004201644299781946,0.08127483560902861,0,0.11420164429978194,0.4201644299781946
number of iterations,7,Execution time: ,4.1833696365356445
