architecture,t_cbt,t_hxt,eta_hpfp,eta_r,p_cbt,qm_cb0,t0,p0,tpr_hx,Q_hx,pcc,v
after,430,240,0.71,0.71,1330000.0,0.10998,25.2,345000.0,0.95,159000.0,True,0
P_hpfp,P_rv,p_hpfp
40028.88236482465,54232.010715112214,1889258.8433249607
Q,Q_phc
625004.3896928724,466004.3896928724
qm_cb,qm_phc/qm_t,qm_r,qm_v,qm,m_z
0.10998,0.004070614434038375,0.09009905820248333,0,0.11405061443403837,0.40706144340383693
number of iterations,12,Execution time: ,8.183500289916992
