architecture,t_cbt,t_hxt,eta_hpfp,eta_r,p_cbt,qm_cb0,t0,p0,tpr_hx,Q_hx,pcc,v
after,430,250,0.71,0.71,1330000.0,0.11,25.2,345000.0,0.95,149000.0,True,0
P_hpfp,P_rv,p_hpfp
40067.2945972362,60145.86403915707,1889366.2640801906
Q,Q_phc
619829.5921861472,470829.59218614723
qm_cb,qm_phc/qm_t,qm_r,qm_v,qm,m_z
0.11,0.004173897563093182,0.09988798774672326,0,0.11417389756309318,0.4173897563093182
number of iterations,7,Execution time: ,4.110868453979492
