architecture,t_cbt,t_hxt,eta_hpfp,eta_r,p_cbt,qm_cb0,t0,p0,tpr_hx,Q_hx,pcc,v
after,430,250,0.71,0.71,1330000.0,0.10682015615953824,25.2,345000.0,0.95,159000.0,True,0
P_hpfp,P_rv,p_hpfp
39345.49962113265,59038.61393699815,1889258.8433249607
Q,Q_phc
608596.7915071452,449596.79150714516
qm_cb,qm_phc/qm_t,qm_r,qm_v,qm,qm_pot
0.10682015615953824,0.0038268664679821495,0.09808305417719639,0,0.1106470226275204,0.0014557140776181607
number of iterations,12,Execution time: ,6.2190260887146
