architecture,t_cbt,t_hxt,eta_hpfp,eta_r,p_cbt,qm_cb0,t0,p0,tpr_hx,Q_hx,pcc,v
after,430,200,0.71,0.71,1330000.0,0.10682015615953824,25.2,345000.0,0.95,159000.0,True,0
P_hpfp,P_rv,p_hpfp
39242.1135466849,34292.141950562924,1889258.8433249607
Q,Q_phc
631588.9534861881,472588.9534861881
qm_cb,qm_phc/qm_t,qm_r,qm_v,qm,qm_pot
0.10682015615953824,0.0038135394424488878,0.056966306556252566,0,0.11063369560198713,0.001174474710694956
number of iterations,12,Execution time: ,5.783965110778809
