architecture,t_cbt,t_hxt,eta_hpfp,eta_r,p_cbt,qm_cb0,t0,p0,tpr_hx,Q_hx,pcc,v
after,430,270,0.71,0.71,1330000.0,0.10682015615953824,25.2,345000.0,0.95,159000.0,True,0
P_hpfp,P_rv,p_hpfp
39388.774640586074,72196.7314695195,1889258.8433249607
Q,Q_phc
596172.9875666888,437172.9875666888
qm_cb,qm_phc/qm_t,qm_r,qm_v,qm,qm_pot
0.10682015615953824,0.0038035089119205635,0.11994372153474467,0,0.11062366507145881,0.0016023703122684117
number of iterations,12,Execution time: ,6.1059465408325195
