architecture,t_cbt,t_hxt,eta_hpfp,eta_r,p_cbt,qm_cb0,t0,p0,tpr_hx,Q_hx,pcc,v
after,440,150,0.71,0.71,1330000.0,0.10669076391284185,25.2,345000.0,0.95,159000.0,True,0
P_hpfp,P_rv,p_hpfp
39148.01321990809,16950.80796765629,1889258.855973307
Q,Q_phc
663556.7256690159,504556.7256690159
qm_cb,qm_phc/qm_t,qm_r,qm_v,qm,qm_pot
0.10669076391284185,0.003867516870525282,0.027512354693315054,0,0.11055828078336713,0.0009817779144224259
number of iterations,13,Execution time: ,6.329884767532349
