architecture,t_cbt,t_hxt,eta_hpfp,eta_r,p_cbt,qm_cb0,t0,p0,tpr_hx,Q_hx,pcc,v
after,440,130,0.71,0.71,1330000.0,0.10998,25.2,345000.0,0.95,159000.0,True,0
P_hpfp,P_rv,p_hpfp
40074.717420619454,12047.745525783123,1889258.8597899457
Q,Q_phc
684573.7401416164,525573.7401416164
qm_cb,qm_phc/qm_t,qm_r,qm_v,qm,m_z
0.10998,0.004201205291609042,0.01955206007404309,0,0.11418120529160904,0.42012052916090437
number of iterations,14,Execution time: ,9.040525913238525
