architecture,t_cbt,t_hxt,eta_hpfp,eta_r,p_cbt,qm_cb0,t0,p0,tpr_hx,Q_hx,pcc,v
after,440,100,0.71,0.71,1330000.0,0.10669076391284185,25.2,345000.0,0.95,159000.0,True,0
P_hpfp,P_rv,p_hpfp
39066.79906647403,5514.69884419378,1889258.861393996
Q,Q_phc
673581.0884003374,514581.0884003374
qm_cb,qm_phc/qm_t,qm_r,qm_v,qm,qm_pot
0.10669076391284185,0.003774338534507747,0.008947759039630977,0,0.1104651024473496,0.0008435609563798007
number of iterations,17,Execution time: ,8.44943881034851
