architecture,t_cbt,t_hxt,eta_hpfp,eta_r,p_cbt,qm_cb0,t0,p0,tpr_hx,Q_hx,pcc,v
after,440,160,0.71,0.71,1330000.0,0.11,25.2,345000.0,0.95,149000.0,True,0
P_hpfp,P_rv,p_hpfp
40126.45839423106,20359.245614712025,1889366.2727081615
Q,Q_phc
677251.0461795905,528251.0461795905
qm_cb,qm_phc/qm_t,qm_r,qm_v,qm,m_z
0.11,0.004342401509731219,0.03303199552323166,0,0.11434240150973123,0.4342401509731219
number of iterations,9,Execution time: ,5.302607536315918
