architecture,t_cbt,t_hxt,eta_hpfp,eta_r,p_cbt,qm_cb0,t0,p0,tpr_hx,Q_hx,pcc,v
after,440,190,0.71,0.71,1330000.0,0.11,25.2,345000.0,0.95,149000.0,True,0
P_hpfp,P_rv,p_hpfp
40134.6235017895,30650.706365108457,1889366.2640801906
Q,Q_phc
667101.5625712933,518101.5625712933
qm_cb,qm_phc/qm_t,qm_r,qm_v,qm,m_z
0.11,0.004365686437766554,0.049725701270525426,0,0.11436568643776655,0.43656864377665533
number of iterations,7,Execution time: ,4.1997833251953125
