architecture,t_cbt,t_hxt,eta_hpfp,eta_r,p_cbt,qm_cb0,t0,p0,tpr_hx,Q_hx,pcc,v
after,440,150,0.71,0.71,1330000.0,0.10998,25.2,345000.0,0.95,159000.0,True,0
P_hpfp,P_rv,p_hpfp
40082.38926820459,17361.651894324816,1889258.8433249607
Q,Q_phc
679393.2117771904,520393.21177719044
qm_cb,qm_phc/qm_t,qm_r,qm_v,qm,m_z
0.10998,0.004223066734637904,0.028174728669337915,0,0.1142030667346379,0.4223066734637901
number of iterations,12,Execution time: ,7.870985269546509
