architecture,t_cbt,t_hxt,eta_hpfp,eta_r,p_cbt,qm_cb0,t0,p0,tpr_hx,Q_hx,pcc,v
after,440,150,0.71,0.71,1330000.0,0.11,25.2,345000.0,0.95,149000.0,True,0
P_hpfp,P_rv,p_hpfp
40122.741214707654,17389.262044759973,1889366.2727081615
Q,Q_phc
680156.4054892479,531156.4054892479
qm_cb,qm_phc/qm_t,qm_r,qm_v,qm,m_z
0.11,0.004331754879532769,0.028203122748410647,0,0.11433175487953277,0.43317548795327687
number of iterations,9,Execution time: ,5.334153890609741
