architecture,t_cbt,t_hxt,eta_hpfp,eta_r,p_cbt,qm_cb0,t0,p0,tpr_hx,Q_hx,pcc,v
after,440,180,0.71,0.71,1330000.0,0.10669076391284185,25.2,345000.0,0.95,159000.0,True,0
P_hpfp,P_rv,p_hpfp
39205.0874864106,26340.42936420285,1889258.8433249607
Q,Q_phc
655159.2361259116,496159.2361259116
qm_cb,qm_phc/qm_t,qm_r,qm_v,qm,qm_pot
0.10669076391284185,0.003919127244425247,0.04276343875856962,0,0.1106098911572671,0.0010927849381315215
number of iterations,12,Execution time: ,5.769917726516724
