architecture,t_cbt,t_hxt,eta_hpfp,eta_r,p_cbt,qm_cb0,t0,p0,tpr_hx,Q_hx,pcc,v
after,440,140,0.71,0.71,1330000.0,0.10998,25.2,345000.0,0.95,159000.0,True,0
P_hpfp,P_rv,p_hpfp
40078.695140772805,14597.445610040371,1889258.855973307
Q,Q_phc
682093.1891498837,523093.1891498837
qm_cb,qm_phc/qm_t,qm_r,qm_v,qm,m_z
0.10998,0.0042125392818966045,0.02368970159503751,0,0.1141925392818966,0.42125392818965984
number of iterations,13,Execution time: ,8.643147468566895
