architecture,t_cbt,t_hxt,eta_hpfp,eta_r,p_cbt,qm_cb0,t0,p0,tpr_hx,Q_hx,pcc,v
after,440,160,0.71,0.71,1330000.0,0.10998,25.2,345000.0,0.95,159000.0,True,0
P_hpfp,P_rv,p_hpfp
40085.68607580866,20328.576823844018,1889258.8433249607
Q,Q_phc
676483.5954755915,517483.5954755915
qm_cb,qm_phc/qm_t,qm_r,qm_v,qm,m_z
0.10998,0.004232460025449483,0.032997816204901144,0,0.11421246002544948,0.4232460025449486
number of iterations,12,Execution time: ,7.640275001525879
