architecture,t_cbt,t_hxt,eta_hpfp,eta_r,p_cbt,qm_cb0,t0,p0,tpr_hx,Q_hx,pcc,v
after,440,130,0.71,0.71,1330000.0,0.10669076391284185,25.2,345000.0,0.95,159000.0,True,0
P_hpfp,P_rv,p_hpfp
39113.0375831736,11762.377926742925,1889258.8597899457
Q,Q_phc
668137.172324488,509137.17232448806
qm_cb,qm_phc/qm_t,qm_r,qm_v,qm,qm_pot
0.10669076391284185,0.003830074954723128,0.019086531870276608,0,0.11052083886756497,0.0009195670346795555
number of iterations,14,Execution time: ,6.737421274185181
