architecture,t_cbt,t_hxt,eta_hpfp,eta_r,p_cbt,qm_cb0,t0,p0,tpr_hx,Q_hx,pcc,v
after,440,160,0.71,0.71,1330000.0,0.10669076391284185,25.2,345000.0,0.95,159000.0,True,0
P_hpfp,P_rv,p_hpfp
39166.59204547653,19869.19709833089,1889258.8433249607
Q,Q_phc
660961.3044694086,501961.3044694086
qm_cb,qm_phc/qm_t,qm_r,qm_v,qm,qm_pot
0.10669076391284185,0.0038856796638766762,0.03224720038338351,0,0.11057644357671853,0.0010165517592302276
number of iterations,12,Execution time: ,5.817970275878906
