architecture,t_cbt,t_hxt,eta_hpfp,eta_r,p_cbt,qm_cb0,t0,p0,tpr_hx,Q_hx,pcc,v
after,440,190,0.71,0.71,1330000.0,0.10998,25.2,345000.0,0.95,159000.0,True,0
P_hpfp,P_rv,p_hpfp
40092.49309720894,30582.194709921067,1889258.8433249607
Q,Q_phc
666348.3044995205,507348.30449952045
qm_cb,qm_phc/qm_t,qm_r,qm_v,qm,m_z
0.10998,0.004251854645716216,0.04965695962318019,0,0.11423185464571621,0.42518546457162143
number of iterations,12,Execution time: ,7.86299729347229
