architecture,t_cbt,t_hxt,eta_hpfp,eta_r,p_cbt,qm_cb0,t0,p0,tpr_hx,Q_hx,pcc,v
after,440,100,0.71,0.71,1330000.0,0.11,25.2,345000.0,0.95,149000.0,True,0
P_hpfp,P_rv,p_hpfp
40100.14309733464,5662.530058443898,1889366.2728248988
Q,Q_phc
691490.2622234101,542490.2622234101
qm_cb,qm_phc/qm_t,qm_r,qm_v,qm,m_z
0.11,0.004267420465284889,0.00918317770399393,0,0.11426742046528489,0.42674204652848885
number of iterations,13,Execution time: ,7.4614715576171875
