architecture,t_cbt,t_hxt,eta_hpfp,eta_r,p_cbt,qm_cb0,t0,p0,tpr_hx,Q_hx,pcc,v
after,440,120,0.71,0.71,1330000.0,0.10669076391284185,25.2,345000.0,0.95,159000.0,True,0
P_hpfp,P_rv,p_hpfp
39096.696589268424,9477.259504364085,1889258.8609416161
Q,Q_phc
670138.2350329118,511138.23503291176
qm_cb,qm_phc/qm_t,qm_r,qm_v,qm,qm_pot
0.10669076391284185,0.0038111797879626244,0.01537866061329756,0,0.11050194370080448,0.0008919034462498692
number of iterations,15,Execution time: ,7.2391626834869385
