architecture,t_cbt,t_hxt,eta_hpfp,eta_r,p_cbt,qm_cb0,t0,p0,tpr_hx,Q_hx,pcc,v
after,440,260,0.71,0.71,1330000.0,0.10998,25.2,345000.0,0.95,159000.0,True,0
P_hpfp,P_rv,p_hpfp
40076.085068255794,64710.24491243116,1889258.8433249607
Q,Q_phc
631935.0324281275,472935.0324281275
qm_cb,qm_phc/qm_t,qm_r,qm_v,qm,m_z
0.10998,0.0042051047573055805,0.10507898584941772,0,0.11418510475730557,0.4205104757305576
number of iterations,12,Execution time: ,7.979448556900024
