architecture,t_cbt,t_hxt,eta_hpfp,eta_r,p_cbt,qm_cb0,t0,p0,tpr_hx,Q_hx,pcc,v
after,440,280,0.71,0.71,1330000.0,0.10669076391284185,25.2,345000.0,0.95,159000.0,True,0
P_hpfp,P_rv,p_hpfp
39418.47208591056,77238.62312758261,1889258.8433249607
Q,Q_phc
607970.2939546976,448970.29395469755
qm_cb,qm_phc/qm_t,qm_r,qm_v,qm,qm_pot
0.10669076391284185,0.003949112028799974,0.12542188221370687,0,0.11063987594164182,0.0016707730554867614
number of iterations,12,Execution time: ,6.461527109146118
