architecture,t_cbt,t_hxt,eta_hpfp,eta_r,p_cbt,qm_cb0,t0,p0,tpr_hx,Q_hx,pcc,v
after,440,220,0.71,0.71,1330000.0,0.10669076391284185,25.2,345000.0,0.95,159000.0,True,0
P_hpfp,P_rv,p_hpfp
39286.93787739572,42262.739179221,1889258.8433249607
Q,Q_phc
640659.7267088247,481659.72670882475
qm_cb,qm_phc/qm_t,qm_r,qm_v,qm,qm_pot
0.10669076391284185,0.003967823700928273,0.06862522481525507,0,0.11065858761377012,0.0012772956569896369
number of iterations,12,Execution time: ,6.487155199050903
