architecture,t_cbt,t_hxt,eta_hpfp,eta_r,p_cbt,qm_cb0,t0,p0,tpr_hx,Q_hx,pcc,v
after,440,240,0.71,0.71,1330000.0,0.10669076391284185,25.2,345000.0,0.95,159000.0,True,0
P_hpfp,P_rv,p_hpfp
39329.71689554555,52086.42417339377,1889258.8433249607
Q,Q_phc
631579.6668007893,472579.6668007893
qm_cb,qm_phc/qm_t,qm_r,qm_v,qm,qm_pot
0.10669076391284185,0.003977752367612025,0.08457829905393954,0,0.11066851628045388,0.0013892524677895364
number of iterations,12,Execution time: ,6.125198125839233
