architecture,t_cbt,t_hxt,eta_hpfp,eta_r,p_cbt,qm_cb0,t0,p0,tpr_hx,Q_hx,pcc,v
after,440,210,0.71,0.71,1330000.0,0.10669076391284185,25.2,345000.0,0.95,159000.0,True,0
P_hpfp,P_rv,p_hpfp
39265.978696830505,37862.41277071777,1889258.8433249607
Q,Q_phc
644695.7209487264,485695.7209487264
qm_cb,qm_phc/qm_t,qm_r,qm_v,qm,qm_pot
0.10669076391284185,0.003958696747747736,0.06147892536014775,0,0.11064946066058959,0.0012267059583781772
number of iterations,12,Execution time: ,6.121177911758423
