architecture,t_cbt,t_hxt,eta_hpfp,eta_r,p_cbt,qm_cb0,t0,p0,tpr_hx,Q_hx,pcc,v
after,440,250,0.71,0.71,1330000.0,0.10998,25.2,345000.0,0.95,159000.0,True,0
P_hpfp,P_rv,p_hpfp
40082.516310386454,58664.931004477956,1889258.8433249607
Q,Q_phc
638092.141049814,479092.14104981394
qm_cb,qm_phc/qm_t,qm_r,qm_v,qm,m_z
0.10998,0.004223428704246968,0.09526227783894609,0,0.11420342870424696,0.4223428704246972
number of iterations,12,Execution time: ,8.450405597686768
