architecture,t_cbt,t_hxt,eta_hpfp,eta_r,p_cbt,qm_cb0,t0,p0,tpr_hx,Q_hx,pcc,v
after,440,200,0.71,0.71,1330000.0,0.11,25.2,345000.0,0.95,149000.0,True,0
P_hpfp,P_rv,p_hpfp
40135.9811693248,34550.429704467075,1889366.2640801906
Q,Q_phc
663225.4426825357,514225.44268253574
qm_cb,qm_phc/qm_t,qm_r,qm_v,qm,m_z
0.11,0.004369600900735091,0.05606636690221071,0,0.11436960090073509,0.4369600900735091
number of iterations,7,Execution time: ,4.244298696517944
