architecture,t_cbt,t_hxt,eta_hpfp,eta_r,p_cbt,qm_cb0,t0,p0,tpr_hx,Q_hx,pcc,v
after,440,210,0.71,0.71,1330000.0,0.10998,25.2,345000.0,0.95,159000.0,True,0
P_hpfp,P_rv,p_hpfp
40093.47923791627,38658.01893129333,1889258.8433249607
Q,Q_phc
658289.6224282703,499289.6224282703
qm_cb,qm_phc/qm_t,qm_r,qm_v,qm,m_z
0.10998,0.004254664365771946,0.06277301418634014,0,0.11423466436577194,0.42546643657719413
number of iterations,12,Execution time: ,8.315357685089111
