architecture,t_cbt,t_hxt,eta_hpfp,eta_r,p_cbt,qm_cb0,t0,p0,tpr_hx,Q_hx,pcc,v
after,440,260,0.71,0.71,1330000.0,0.11,25.2,345000.0,0.95,149000.0,True,0
P_hpfp,P_rv,p_hpfp
40121.49641001253,64809.39902723319,1889366.2640801906
Q,Q_phc
632714.6515462506,483714.65154625056
qm_cb,qm_phc/qm_t,qm_r,qm_v,qm,m_z
0.11,0.0043283276712720925,0.10520416613093914,0,0.11432832767127209,0.43283276712720925
number of iterations,7,Execution time: ,4.274685621261597
