architecture,t_cbt,t_hxt,eta_hpfp,eta_r,p_cbt,qm_cb0,t0,p0,tpr_hx,Q_hx,pcc,v
after,440,240,0.71,0.71,1330000.0,0.10998,25.2,345000.0,0.95,159000.0,True,0
P_hpfp,P_rv,p_hpfp
40087.26572305947,53088.41646742918,1889258.8433249607
Q,Q_phc
643751.2149462205,484751.2149462205
qm_cb,qm_phc/qm_t,qm_r,qm_v,qm,m_z
0.10998,0.004236960769135059,0.08620677738478769,0,0.11421696076913505,0.4236960769135059
number of iterations,12,Execution time: ,8.39737582206726
