architecture,t_cbt,t_hxt,eta_hpfp,eta_r,p_cbt,qm_cb0,t0,p0,tpr_hx,Q_hx,pcc,v
after,440,230,0.71,0.71,1330000.0,0.10998,25.2,345000.0,0.95,159000.0,True,0
P_hpfp,P_rv,p_hpfp
40090.55549696259,47924.805810647566,1889258.8433249607
Q,Q_phc
648972.0119636263,489972.01196362625
qm_cb,qm_phc/qm_t,qm_r,qm_v,qm,m_z
0.10998,0.004246334019469153,0.07782168681919303,0,0.11422633401946915,0.424633401946915
number of iterations,12,Execution time: ,8.13671350479126
