architecture,t_cbt,t_hxt,eta_hpfp,eta_r,p_cbt,qm_cb0,t0,p0,tpr_hx,Q_hx,pcc,v
after,440,220,0.71,0.71,1330000.0,0.10998,25.2,345000.0,0.95,159000.0,True,0
P_hpfp,P_rv,p_hpfp
40092.57328520268,43127.53269769406,1889258.8433249607
Q,Q_phc
653804.3604250262,494804.36042502616
qm_cb,qm_phc/qm_t,qm_r,qm_v,qm,m_z
0.10998,0.004252083117994632,0.07003133951071312,0,0.11423208311799463,0.4252083117994636
number of iterations,12,Execution time: ,8.351825714111328
