architecture,t_cbt,t_hxt,eta_hpfp,eta_r,p_cbt,qm_cb0,t0,p0,tpr_hx,Q_hx,pcc,v
after,440,270,0.71,0.71,1330000.0,0.10669076391284185,25.2,345000.0,0.95,159000.0,True,0
P_hpfp,P_rv,p_hpfp
39395.90216358088,70096.97534423365,1889258.8433249607
Q,Q_phc
614719.6101427366,455719.6101427366
qm_cb,qm_phc/qm_t,qm_r,qm_v,qm,qm_pot
0.10669076391284185,0.003964089208035128,0.11382500397519814,0,0.11065485312087697,0.0015914899178893422
number of iterations,12,Execution time: ,5.934471368789673
