architecture,t_cbt,t_hxt,eta_hpfp,eta_r,p_cbt,qm_cb0,t0,p0,tpr_hx,Q_hx,pcc,v
after,440,260,0.71,0.71,1330000.0,0.10669076391284185,25.2,345000.0,0.95,159000.0,True,0
P_hpfp,P_rv,p_hpfp
39373.58056783924,63576.90671319817,1889258.8433249607
Q,Q_phc
620851.6638245285,461851.66382452846
qm_cb,qm_phc/qm_t,qm_r,qm_v,qm,qm_pot
0.10669076391284185,0.003973298283193179,0.10323739558827932,0,0.11066406219603503,0.0015186824135752486
number of iterations,12,Execution time: ,6.047610521316528
