architecture,t_cbt,t_hxt,eta_hpfp,eta_r,p_cbt,qm_cb0,t0,p0,tpr_hx,Q_hx,pcc,v
after,440,250,0.71,0.71,1330000.0,0.10669076391284185,25.2,345000.0,0.95,159000.0,True,0
P_hpfp,P_rv,p_hpfp
39351.51641561133,57596.093193461864,1889258.8433249607
Q,Q_phc
626448.9375200553,467448.93752005533
qm_cb,qm_phc/qm_t,qm_r,qm_v,qm,qm_pot
0.10669076391284185,0.003977612270016708,0.09352536747628938,0,0.11066837618285856,0.0014515035026398124
number of iterations,12,Execution time: ,6.183288097381592
