architecture,t_cbt,t_hxt,eta_hpfp,eta_r,p_cbt,qm_cb0,t0,p0,tpr_hx,Q_hx,pcc,v
after,450,170,0.71,0.71,1330000.0,0.11,25.2,345000.0,0.95,149000.0,True,0
P_hpfp,P_rv,p_hpfp
40181.86393738898,23336.78506438527,1889366.271814466
Q,Q_phc
691886.4801295388,542886.4801295388
qm_cb,qm_phc/qm_t,qm_r,qm_v,qm,m_z
0.11,0.0045002399798655494,0.03702225974740384,0,0.11450023997986555,0.45002399798655496
number of iterations,8,Execution time: ,4.792731523513794
