architecture,t_cbt,t_hxt,eta_hpfp,eta_r,p_cbt,qm_cb0,t0,p0,tpr_hx,Q_hx,pcc,v
after,450,160,0.71,0.71,1330000.0,0.10656171415967328,25.2,345000.0,0.95,159000.0,True,0
P_hpfp,P_rv,p_hpfp
39167.65322987309,19673.13458425583,1889258.8433249607
Q,Q_phc
677403.2162652937,518403.21626529365
qm_cb,qm_phc/qm_t,qm_r,qm_v,qm,qm_pot
0.10656171415967328,0.004009885215825647,0.031224525901650115,0,0.11057159937549893,0.0010244194746038891
number of iterations,12,Execution time: ,5.998018503189087
