architecture,t_cbt,t_hxt,eta_hpfp,eta_r,p_cbt,qm_cb0,t0,p0,tpr_hx,Q_hx,pcc,v
after,450,180,0.71,0.71,1330000.0,0.10998,25.2,345000.0,0.95,159000.0,True,0
P_hpfp,P_rv,p_hpfp
40143.331950429936,26638.883568594385,1889258.8433249607
Q,Q_phc
687807.0988304196,528807.0988304196
qm_cb,qm_phc/qm_t,qm_r,qm_v,qm,m_z
0.10998,0.004396705116287231,0.04229672678588083,0,0.11437670511628723,0.4396705116287225
number of iterations,12,Execution time: ,8.309877872467041
