architecture,t_cbt,t_hxt,eta_hpfp,eta_r,p_cbt,qm_cb0,t0,p0,tpr_hx,Q_hx,pcc,v
after,450,120,0.71,0.71,1330000.0,0.10998,25.2,345000.0,0.95,159000.0,True,0
P_hpfp,P_rv,p_hpfp
40119.45648200934,9662.44810997646,1889258.8609416161
Q,Q_phc
704358.5941396378,545358.5941396378
qm_cb,qm_phc/qm_t,qm_r,qm_v,qm,m_z
0.10998,0.004328675990251621,0.015334634075474574,0,0.11430867599025162,0.43286759902516236
number of iterations,15,Execution time: ,9.515929698944092
