architecture,t_cbt,t_hxt,eta_hpfp,eta_r,p_cbt,qm_cb0,t0,p0,tpr_hx,Q_hx,pcc,v
after,450,110,0.71,0.71,1330000.0,0.10656171415967328,25.2,345000.0,0.95,159000.0,True,0
P_hpfp,P_rv,p_hpfp
39079.92722133101,7357.223104705818,1889258.8612891329
Q,Q_phc
688157.8270856614,529157.8270856614
qm_cb,qm_phc/qm_t,qm_r,qm_v,qm,qm_pot
0.10656171415967328,0.003908710235515227,0.011674653086259925,0,0.1104704243951885,0.0008756436097107785
number of iterations,16,Execution time: ,8.189316511154175
