architecture,t_cbt,t_hxt,eta_hpfp,eta_r,p_cbt,qm_cb0,t0,p0,tpr_hx,Q_hx,pcc,v
after,450,170,0.71,0.71,1330000.0,0.10998,25.2,345000.0,0.95,159000.0,True,0
P_hpfp,P_rv,p_hpfp
40140.31833730872,23288.484040760395,1889258.8433249607
Q,Q_phc
691103.8639516821,532103.8639516821
qm_cb,qm_phc/qm_t,qm_r,qm_v,qm,m_z
0.10998,0.004388118705479935,0.03697365272605612,0,0.11436811870547993,0.438811870547994
number of iterations,12,Execution time: ,7.6332433223724365
