architecture,t_cbt,t_hxt,eta_hpfp,eta_r,p_cbt,qm_cb0,t0,p0,tpr_hx,Q_hx,pcc,v
after,450,120,0.71,0.71,1330000.0,0.10656171415967328,25.2,345000.0,0.95,159000.0,True,0
P_hpfp,P_rv,p_hpfp
39095.78864967142,9418.435850001844,1889258.8609416161
Q,Q_phc
686378.9044449776,527378.9044449776
qm_cb,qm_phc/qm_t,qm_r,qm_v,qm,qm_pot
0.10656171415967328,0.0039287051496899855,0.014945836057050549,0,0.11049041930936326,0.0009008409468918446
number of iterations,15,Execution time: ,7.281712055206299
