architecture,t_cbt,t_hxt,eta_hpfp,eta_r,p_cbt,qm_cb0,t0,p0,tpr_hx,Q_hx,pcc,v
after,450,110,0.71,0.71,1330000.0,0.10998,25.2,345000.0,0.95,159000.0,True,0
P_hpfp,P_rv,p_hpfp
40114.71240615538,7550.159966042147,1889258.8612891329
Q,Q_phc
706386.4497992373,547386.4497992373
qm_cb,qm_phc/qm_t,qm_r,qm_v,qm,m_z
0.10998,0.004315159073255775,0.011981910367373762,0,0.11429515907325577,0.4315159073255779
number of iterations,16,Execution time: ,10.849019289016724
