architecture,t_cbt,t_hxt,eta_hpfp,eta_r,p_cbt,qm_cb0,t0,p0,tpr_hx,Q_hx,pcc,v
after,450,210,0.71,0.71,1330000.0,0.10998,25.2,345000.0,0.95,159000.0,True,0
P_hpfp,P_rv,p_hpfp
40148.47273332678,38085.8600004176,1889258.8433249607
Q,Q_phc
676451.6148459988,517451.6148459988
qm_cb,qm_phc/qm_t,qm_r,qm_v,qm,m_z
0.10998,0.004411352276373126,0.0604780869055299,0,0.11439135227637312,0.4411352276373132
number of iterations,12,Execution time: ,7.873952627182007
