architecture,t_cbt,t_hxt,eta_hpfp,eta_r,p_cbt,qm_cb0,t0,p0,tpr_hx,Q_hx,pcc,v
after,450,260,0.71,0.71,1330000.0,0.10656171415967328,25.2,345000.0,0.95,159000.0,True,0
P_hpfp,P_rv,p_hpfp
39380.29223200805,61998.9457606827,1889258.8433249607
Q,Q_phc
638861.7936706026,479861.7936706026
qm_cb,qm_phc/qm_t,qm_r,qm_v,qm,qm_pot
0.10656171415967328,0.00412699062074673,0.09845162193463448,0,0.11068870478042,0.0015131626241328539
number of iterations,12,Execution time: ,6.243818283081055
