architecture,t_cbt,t_hxt,eta_hpfp,eta_r,p_cbt,qm_cb0,t0,p0,tpr_hx,Q_hx,pcc,v
after,450,250,0.71,0.71,1330000.0,0.10998,25.2,345000.0,0.95,159000.0,True,0
P_hpfp,P_rv,p_hpfp
40142.03628764242,57404.06558909431,1889258.8433249607
Q,Q_phc
657018.8574118051,498018.8574118051
qm_cb,qm_phc/qm_t,qm_r,qm_v,qm,m_z
0.10998,0.004393013503424567,0.09115591850038447,0,0.11437301350342456,0.4393013503424573
number of iterations,12,Execution time: ,8.138270854949951
