architecture,t_cbt,t_hxt,eta_hpfp,eta_r,p_cbt,qm_cb0,t0,p0,tpr_hx,Q_hx,pcc,v
after,450,210,0.71,0.71,1330000.0,0.11,25.2,345000.0,0.95,149000.0,True,0
P_hpfp,P_rv,p_hpfp
40191.83132299801,38149.680239510286,1889366.2640801906
Q,Q_phc
677251.0233126725,528251.0233126725
qm_cb,qm_phc/qm_t,qm_r,qm_v,qm,m_z
0.11,0.004528761715424391,0.06055096323183429,0,0.1145287617154244,0.4528761715424391
number of iterations,7,Execution time: ,4.330377817153931
