architecture,t_cbt,t_hxt,eta_hpfp,eta_r,p_cbt,qm_cb0,t0,p0,tpr_hx,Q_hx,pcc,v
after,450,220,0.71,0.71,1330000.0,0.10656171415967328,25.2,345000.0,0.95,159000.0,True,0
P_hpfp,P_rv,p_hpfp
39291.33802819805,41520.13004401142,1889258.8433249607
Q,Q_phc
657757.4695596036,498757.4695596036
qm_cb,qm_phc/qm_t,qm_r,qm_v,qm,qm_pot
0.10656171415967328,0.0041066283921877755,0.0659305885294633,0,0.11066834255186105,0.0012800775770300333
number of iterations,12,Execution time: ,6.289408922195435
