architecture,t_cbt,t_hxt,eta_hpfp,eta_r,p_cbt,qm_cb0,t0,p0,tpr_hx,Q_hx,pcc,v
after,450,230,0.71,0.71,1330000.0,0.11,25.2,345000.0,0.95,149000.0,True,0
P_hpfp,P_rv,p_hpfp
40191.91661768665,47139.33579983077,1889366.2640801906
Q,Q_phc
668262.885968324,519262.88596832403
qm_cb,qm_phc/qm_t,qm_r,qm_v,qm,m_z
0.11,0.0045290192328485395,0.07482811628602619,0,0.11452901923284854,0.45290192328485396
number of iterations,7,Execution time: ,4.451982498168945
