architecture,t_cbt,t_hxt,eta_hpfp,eta_r,p_cbt,qm_cb0,t0,p0,tpr_hx,Q_hx,pcc,v
after,450,280,0.71,0.71,1330000.0,0.11,25.2,345000.0,0.95,149000.0,True,0
P_hpfp,P_rv,p_hpfp
40168.3393601385,76406.6871536157,1889366.2640801906
Q,Q_phc
638575.8675806529,489575.86758065294
qm_cb,qm_phc/qm_t,qm_r,qm_v,qm,m_z
0.11,0.004461779888770901,0.12129139046835398,0,0.1144617798887709,0.44617798887709015
number of iterations,7,Execution time: ,4.476513147354126
