architecture,t_cbt,t_hxt,eta_hpfp,eta_r,p_cbt,qm_cb0,t0,p0,tpr_hx,Q_hx,pcc,v
after,450,230,0.71,0.71,1330000.0,0.10998,25.2,345000.0,0.95,159000.0,True,0
P_hpfp,P_rv,p_hpfp
40147.59416533119,47066.43715543528,1889258.8433249607
Q,Q_phc
667455.4014858077,508455.4014858077
qm_cb,qm_phc/qm_t,qm_r,qm_v,qm,m_z
0.10998,0.004408849053355146,0.07473977154510178,0,0.11438884905335514,0.4408849053355153
number of iterations,12,Execution time: ,8.142213821411133
