architecture,t_cbt,t_hxt,eta_hpfp,eta_r,p_cbt,qm_cb0,t0,p0,tpr_hx,Q_hx,pcc,v
after,450,200,0.71,0.71,1330000.0,0.10656171415967328,25.2,345000.0,0.95,159000.0,True,0
P_hpfp,P_rv,p_hpfp
39248.58970440911,33263.48796497851,1889258.8433249607
Q,Q_phc
665253.3092138182,506253.30921381817
qm_cb,qm_phc/qm_t,qm_r,qm_v,qm,qm_pot
0.10656171415967328,0.004080494830269791,0.05281731469596561,0,0.11064220898994306,0.0011844131154779389
number of iterations,12,Execution time: ,6.262984991073608
