architecture,t_cbt,t_hxt,eta_hpfp,eta_r,p_cbt,qm_cb0,t0,p0,tpr_hx,Q_hx,pcc,v
after,450,240,0.71,0.71,1330000.0,0.11,25.2,345000.0,0.95,149000.0,True,0
P_hpfp,P_rv,p_hpfp
40190.29588146799,52125.800023851596,1889366.2640801906
Q,Q_phc
663247.5731998866,514247.5731998866
qm_cb,qm_phc/qm_t,qm_r,qm_v,qm,m_z
0.11,0.004524396381005077,0.08274530726087692,0,0.11452439638100508,0.45243963810050775
number of iterations,7,Execution time: ,4.315890073776245
