architecture,t_cbt,t_hxt,eta_hpfp,eta_r,p_cbt,qm_cb0,t0,p0,tpr_hx,Q_hx,pcc,v
after,450,250,0.71,0.71,1330000.0,0.11,25.2,345000.0,0.95,149000.0,True,0
P_hpfp,P_rv,p_hpfp
40187.34645119175,57492.007968578866,1889366.2640801906
Q,Q_phc
657828.866415837,508828.86641583696
qm_cb,qm_phc/qm_t,qm_r,qm_v,qm,m_z
0.11,0.004515983287386922,0.09126466412192345,0,0.11451598328738692,0.45159832873869216
number of iterations,7,Execution time: ,4.4114603996276855
