architecture,t_cbt,t_hxt,eta_hpfp,eta_r,p_cbt,qm_cb0,t0,p0,tpr_hx,Q_hx,pcc,v
after,450,240,0.71,0.71,1330000.0,0.10656171415967328,25.2,345000.0,0.95,159000.0,True,0
P_hpfp,P_rv,p_hpfp
39335.26956771555,50996.52296265114,1889258.8433249607
Q,Q_phc
649062.9370469047,490062.9370469047
qm_cb,qm_phc/qm_t,qm_r,qm_v,qm,qm_pot
0.10656171415967328,0.0041232568318974785,0.08097971741982586,0,0.11068497099157075,0.0013886183651863977
number of iterations,12,Execution time: ,6.5602381229400635
