architecture,t_cbt,t_hxt,eta_hpfp,eta_r,p_cbt,qm_cb0,t0,p0,tpr_hx,Q_hx,pcc,v
after,450,270,0.71,0.71,1330000.0,0.10656171415967328,25.2,345000.0,0.95,159000.0,True,0
P_hpfp,P_rv,p_hpfp
39403.1946026784,68203.22844686518,1889258.8433249607
Q,Q_phc
633065.1101040047,474065.11010400474
qm_cb,qm_phc/qm_t,qm_r,qm_v,qm,qm_pot
0.10656171415967328,0.004122627853576799,0.10830392263322786,0,0.11068434201325007,0.0015827785575836643
number of iterations,12,Execution time: ,6.537684679031372
