architecture,t_cbt,t_hxt,eta_hpfp,eta_r,p_cbt,qm_cb0,t0,p0,tpr_hx,Q_hx,pcc,v
after,450,280,0.71,0.71,1330000.0,0.10998,25.2,345000.0,0.95,159000.0,True,0
P_hpfp,P_rv,p_hpfp
40121.5580740075,76288.32093433956,1889258.8433249607
Q,Q_phc
637770.1435936997,478770.1435936997
qm_cb,qm_phc/qm_t,qm_r,qm_v,qm,m_z
0.10998,0.00433466681199593,0.12114372278481517,0,0.11431466681199592,0.43346668119959286
number of iterations,12,Execution time: ,8.03671932220459
