architecture,t_cbt,t_hxt,eta_hpfp,eta_r,p_cbt,qm_cb0,t0,p0,tpr_hx,Q_hx,pcc,v
after,450,220,0.71,0.71,1330000.0,0.11,25.2,345000.0,0.95,149000.0,True,0
P_hpfp,P_rv,p_hpfp
40192.379192095934,42491.85220280666,1889366.2640801906
Q,Q_phc
672918.603229925,523918.60322992504
qm_cb,qm_phc/qm_t,qm_r,qm_v,qm,m_z
0.11,0.004530335352270639,0.06744799510112087,0,0.11453033535227064,0.45303353522706385
number of iterations,7,Execution time: ,4.194765567779541
