architecture,t_cbt,t_hxt,eta_hpfp,eta_r,p_cbt,qm_cb0,t0,p0,tpr_hx,Q_hx,pcc,v
after,460,100,0.71,0.71,1330000.0,0.10643299737335071,25.2,345000.0,0.95,159000.0,True,0
P_hpfp,P_rv,p_hpfp
39063.288281473695,5463.1885087760065,1889258.861393996
Q,Q_phc
705937.0208672994,546937.0208672994
qm_cb,qm_phc/qm_t,qm_r,qm_v,qm,qm_pot
0.10643299737335071,0.004003901480659615,0.008481203094155676,0,0.11043689885401033,0.0008617616624791834
number of iterations,17,Execution time: ,8.751113653182983
