architecture,t_cbt,t_hxt,eta_hpfp,eta_r,p_cbt,qm_cb0,t0,p0,tpr_hx,Q_hx,pcc,v
after,460,130,0.71,0.71,1330000.0,0.10998,25.2,345000.0,0.95,159000.0,True,0
P_hpfp,P_rv,p_hpfp
40173.62054629359,11913.318084941424,1889258.8597899457
Q,Q_phc
719713.0415769315,560713.0415769315
qm_cb,qm_phc/qm_t,qm_r,qm_v,qm,m_z
0.10998,0.0044830008680582095,0.018498768161131704,0,0.1144630008680582,0.44830008680582156
number of iterations,14,Execution time: ,8.957524061203003
