architecture,t_cbt,t_hxt,eta_hpfp,eta_r,p_cbt,qm_cb0,t0,p0,tpr_hx,Q_hx,pcc,v
after,460,170,0.71,0.71,1330000.0,0.11,25.2,345000.0,0.95,149000.0,True,0
P_hpfp,P_rv,p_hpfp
40234.02632588202,23123.298690648953,1889366.271814466
Q,Q_phc
709696.8188209949,560696.8188209949
qm_cb,qm_phc/qm_t,qm_r,qm_v,qm,m_z
0.11,0.0046488653294078424,0.035892519841419605,0,0.11464886532940784,0.46488653294078425
number of iterations,8,Execution time: ,4.736125230789185
