architecture,t_cbt,t_hxt,eta_hpfp,eta_r,p_cbt,qm_cb0,t0,p0,tpr_hx,Q_hx,pcc,v
after,460,190,0.71,0.71,1330000.0,0.10643299737335071,25.2,345000.0,0.95,159000.0,True,0
P_hpfp,P_rv,p_hpfp
39230.445408191204,29153.56988034331,1889258.8433249607
Q,Q_phc
685290.8377490101,526290.8377490101
qm_cb,qm_phc/qm_t,qm_r,qm_v,qm,qm_pot
0.10643299737335071,0.004194886198581874,0.045289504522795274,0,0.11062788357193258,0.0011470420172107554
number of iterations,12,Execution time: ,5.866754055023193
