architecture,t_cbt,t_hxt,eta_hpfp,eta_r,p_cbt,qm_cb0,t0,p0,tpr_hx,Q_hx,pcc,v
after,460,120,0.71,0.71,1330000.0,0.10643299737335071,25.2,345000.0,0.95,159000.0,True,0
P_hpfp,P_rv,p_hpfp
39094.88877768613,9362.855679839962,1889258.8609416161
Q,Q_phc
702612.8459306816,543612.8459306816
qm_cb,qm_phc/qm_t,qm_r,qm_v,qm,qm_pot
0.10643299737335071,0.004045928667036014,0.014536773984854564,0,0.11047892604038673,0.0009097703112133508
number of iterations,15,Execution time: ,7.1624085903167725
