architecture,t_cbt,t_hxt,eta_hpfp,eta_r,p_cbt,qm_cb0,t0,p0,tpr_hx,Q_hx,pcc,v
after,460,140,0.71,0.71,1330000.0,0.10998,25.2,345000.0,0.95,159000.0,True,0
P_hpfp,P_rv,p_hpfp
40178.658323237716,14409.711294253675,1889258.855973307
Q,Q_phc
717308.3987169967,558308.3987169967
qm_cb,qm_phc/qm_t,qm_r,qm_v,qm,m_z
0.10998,0.004497355182221538,0.022375064082759997,0,0.11447735518222153,0.44973551822215396
number of iterations,13,Execution time: ,8.1669282913208
