architecture,t_cbt,t_hxt,eta_hpfp,eta_r,p_cbt,qm_cb0,t0,p0,tpr_hx,Q_hx,pcc,v
after,460,150,0.71,0.71,1330000.0,0.10643299737335071,25.2,345000.0,0.95,159000.0,True,0
P_hpfp,P_rv,p_hpfp
39149.110277502514,16660.251134027396,1889258.855973307
Q,Q_phc
696302.9095922043,537302.9095922043
qm_cb,qm_phc/qm_t,qm_r,qm_v,qm,qm_pot
0.10643299737335071,0.00411183884725323,0.025873010538316494,0,0.11054483622060395,0.0009983482007769912
number of iterations,13,Execution time: ,6.3885321617126465
