architecture,t_cbt,t_hxt,eta_hpfp,eta_r,p_cbt,qm_cb0,t0,p0,tpr_hx,Q_hx,pcc,v
after,460,130,0.71,0.71,1330000.0,0.10643299737335071,25.2,345000.0,0.95,159000.0,True,0
P_hpfp,P_rv,p_hpfp
39112.15567778461,11601.943912929717,1889258.8597899457
Q,Q_phc
700688.2147337629,541688.2147337629
qm_cb,qm_phc/qm_t,qm_r,qm_v,qm,qm_pot
0.10643299737335071,0.0040677696283974605,0.01801316767921684,0,0.11050076700174817,0.0009371261860515428
number of iterations,14,Execution time: ,6.824533462524414
