architecture,t_cbt,t_hxt,eta_hpfp,eta_r,p_cbt,qm_cb0,t0,p0,tpr_hx,Q_hx,pcc,v
after,460,180,0.71,0.71,1330000.0,0.10643299737335071,25.2,345000.0,0.95,159000.0,True,0
P_hpfp,P_rv,p_hpfp
39209.39686760193,25724.260324883704,1889258.8433249607
Q,Q_phc
688336.8222630051,529336.8222630051
qm_cb,qm_phc/qm_t,qm_r,qm_v,qm,qm_pot
0.10643299737335071,0.004175404122856078,0.03995928999498825,0,0.11060840149620679,0.0011065528376105764
number of iterations,12,Execution time: ,5.823845148086548
