architecture,t_cbt,t_hxt,eta_hpfp,eta_r,p_cbt,qm_cb0,t0,p0,tpr_hx,Q_hx,pcc,v
after,460,150,0.71,0.71,1330000.0,0.10998,25.2,345000.0,0.95,159000.0,True,0
P_hpfp,P_rv,p_hpfp
40183.4965771254,17106.40108678917,1889258.8433249607
Q,Q_phc
714699.8356226662,555699.8356226662
qm_cb,qm_phc/qm_t,qm_r,qm_v,qm,m_z
0.10998,0.004511142494562789,0.02656179836375237,0,0.11449114249456278,0.4511142494562785
number of iterations,12,Execution time: ,7.993258714675903
