architecture,t_cbt,t_hxt,eta_hpfp,eta_r,p_cbt,qm_cb0,t0,p0,tpr_hx,Q_hx,pcc,v
after,460,120,0.71,0.71,1330000.0,0.11,25.2,345000.0,0.95,149000.0,True,0
P_hpfp,P_rv,p_hpfp
40208.108687631764,9636.654240774782,1889366.2728233607
Q,Q_phc
722711.3979979601,573711.3979979601
qm_cb,qm_phc/qm_t,qm_r,qm_v,qm,m_z
0.11,0.004575009256526443,0.014952083897906606,0,0.11457500925652644,0.4575009256526443
number of iterations,11,Execution time: ,6.4740118980407715
