architecture,t_cbt,t_hxt,eta_hpfp,eta_r,p_cbt,qm_cb0,t0,p0,tpr_hx,Q_hx,pcc,v
after,460,180,0.71,0.71,1330000.0,0.11,25.2,345000.0,0.95,149000.0,True,0
P_hpfp,P_rv,p_hpfp
40238.242803160516,26435.523668660026,1889366.2640801906
Q,Q_phc
706461.4153690413,557461.4153690413
qm_cb,qm_phc/qm_t,qm_r,qm_v,qm,m_z
0.11,0.004660822457835888,0.0410239576158207,0,0.11466082245783589,0.4660822457835888
number of iterations,7,Execution time: ,4.32082462310791
