architecture,t_cbt,t_hxt,eta_hpfp,eta_r,p_cbt,qm_cb0,t0,p0,tpr_hx,Q_hx,pcc,v
after,460,100,0.71,0.71,1330000.0,0.11,25.2,345000.0,0.95,149000.0,True,0
P_hpfp,P_rv,p_hpfp
40196.86073534501,5623.629057827624,1889366.2728248988
Q,Q_phc
726519.5536558196,577519.5536558196
qm_cb,qm_phc/qm_t,qm_r,qm_v,qm,m_z
0.11,0.004543011571281685,0.008726140708622286,0,0.11454301157128169,0.4543011571281685
number of iterations,13,Execution time: ,7.78557014465332
