architecture,t_cbt,t_hxt,eta_hpfp,eta_r,p_cbt,qm_cb0,t0,p0,tpr_hx,Q_hx,pcc,v
after,460,180,0.71,0.71,1330000.0,0.10998,25.2,345000.0,0.95,159000.0,True,0
P_hpfp,P_rv,p_hpfp
40195.8924866866,26367.68039915176,1889258.8433249607
Q,Q_phc
705664.3058019927,546664.3058019927
qm_cb,qm_phc/qm_t,qm_r,qm_v,qm,m_z
0.10998,0.004546461020047424,0.040961778872414804,0,0.11452646102004742,0.4546461020047422
number of iterations,12,Execution time: ,8.12329626083374
