architecture,t_cbt,t_hxt,eta_hpfp,eta_r,p_cbt,qm_cb0,t0,p0,tpr_hx,Q_hx,pcc,v
after,460,190,0.71,0.71,1330000.0,0.10998,25.2,345000.0,0.95,159000.0,True,0
P_hpfp,P_rv,p_hpfp
40199.073336952984,29870.46548669082,1889258.8433249607
Q,Q_phc
702219.4491244045,543219.4491244045
qm_cb,qm_phc/qm_t,qm_r,qm_v,qm,m_z
0.10998,0.004555523924277369,0.04640565600346196,0,0.11453552392427736,0.4555523924277363
number of iterations,12,Execution time: ,8.093764066696167
