architecture,t_cbt,t_hxt,eta_hpfp,eta_r,p_cbt,qm_cb0,t0,p0,tpr_hx,Q_hx,pcc,v
after,460,250,0.71,0.71,1330000.0,0.11,25.2,345000.0,0.95,149000.0,True,0
P_hpfp,P_rv,p_hpfp
40247.04289906403,56340.77733317749,1889366.2640801906
Q,Q_phc
676716.4461230675,527716.4461230675
qm_cb,qm_phc/qm_t,qm_r,qm_v,qm,m_z
0.11,0.004686094444968758,0.08750490311370482,0,0.11468609444496876,0.4686094444968758
number of iterations,7,Execution time: ,4.259268760681152
