architecture,t_cbt,t_hxt,eta_hpfp,eta_r,p_cbt,qm_cb0,t0,p0,tpr_hx,Q_hx,pcc,v
after,460,260,0.71,0.71,1330000.0,0.10643299737335071,25.2,345000.0,0.95,159000.0,True,0
P_hpfp,P_rv,p_hpfp
39387.121965065504,60562.273399230915,1889258.8433249607
Q,Q_phc
656735.4459552576,497735.44595525763
qm_cb,qm_phc/qm_t,qm_r,qm_v,qm,qm_pot
0.10643299737335071,0.004279210453598928,0.09409237010412887,0,0.11071220782694964,0.0015091187730405385
number of iterations,12,Execution time: ,6.085249900817871
