architecture,t_cbt,t_hxt,eta_hpfp,eta_r,p_cbt,qm_cb0,t0,p0,tpr_hx,Q_hx,pcc,v
after,460,270,0.71,0.71,1330000.0,0.11,25.2,345000.0,0.95,149000.0,True,0
P_hpfp,P_rv,p_hpfp
40239.26167963388,67910.78433101666,1889366.2640801906
Q,Q_phc
665004.7124616106,516004.71246161056
qm_cb,qm_phc/qm_t,qm_r,qm_v,qm,m_z
0.11,0.0046639005803107555,0.10547495102235024,0,0.11466390058031076,0.4663900580310755
number of iterations,7,Execution time: ,4.405855894088745
