architecture,t_cbt,t_hxt,eta_hpfp,eta_r,p_cbt,qm_cb0,t0,p0,tpr_hx,Q_hx,pcc,v
after,460,200,0.71,0.71,1330000.0,0.10998,25.2,345000.0,0.95,159000.0,True,0
P_hpfp,P_rv,p_hpfp
40201.62993279881,33595.507934116475,1889258.8433249607
Q,Q_phc
698540.9664078158,539540.9664078158
qm_cb,qm_phc/qm_t,qm_r,qm_v,qm,m_z
0.10998,0.004562808197778143,0.05219423073824085,0,0.11454280819777814,0.45628081977781443
number of iterations,12,Execution time: ,7.886563301086426
