architecture,t_cbt,t_hxt,eta_hpfp,eta_r,p_cbt,qm_cb0,t0,p0,tpr_hx,Q_hx,pcc,v
after,460,280,0.71,0.71,1330000.0,0.10998,25.2,345000.0,0.95,159000.0,True,0
P_hpfp,P_rv,p_hpfp
40185.520100979746,74306.02994289382,1889258.8433249607
Q,Q_phc
657537.0583972777,498537.0583972777
qm_cb,qm_phc/qm_t,qm_r,qm_v,qm,m_z
0.10998,0.004516907935046652,0.11544618798464616,0,0.11449690793504665,0.45169079350466473
number of iterations,12,Execution time: ,8.723430156707764
