architecture,t_cbt,t_hxt,eta_hpfp,eta_r,p_cbt,qm_cb0,t0,p0,tpr_hx,Q_hx,pcc,v
after,460,210,0.71,0.71,1330000.0,0.10643299737335071,25.2,345000.0,0.95,159000.0,True,0
P_hpfp,P_rv,p_hpfp
39273.68175269842,36690.87115821047,1889258.8433249607
Q,Q_phc
678540.9342235292,519540.9342235292
qm_cb,qm_phc/qm_t,qm_r,qm_v,qm,qm_pot
0.10643299737335071,0.004229807422074268,0.05700253063708467,0,0.11066280479542498,0.0012353092801032765
number of iterations,12,Execution time: ,6.474081754684448
