architecture,t_cbt,t_hxt,eta_hpfp,eta_r,p_cbt,qm_cb0,t0,p0,tpr_hx,Q_hx,pcc,v
after,460,260,0.71,0.71,1330000.0,0.10998,25.2,345000.0,0.95,159000.0,True,0
P_hpfp,P_rv,p_hpfp
40197.76069250286,61808.28801629741,1889258.8433249607
Q,Q_phc
670257.7212237624,511257.7212237624
qm_cb,qm_phc/qm_t,qm_r,qm_v,qm,m_z
0.10998,0.004551783927124672,0.09602892016866095,0,0.11453178392712467,0.4551783927124667
number of iterations,12,Execution time: ,7.969141721725464
