architecture,t_cbt,t_hxt,eta_hpfp,eta_r,p_cbt,qm_cb0,t0,p0,tpr_hx,Q_hx,pcc,v
after,460,270,0.71,0.71,1330000.0,0.10998,25.2,345000.0,0.95,159000.0,True,0
P_hpfp,P_rv,p_hpfp
40192.5617572858,67805.31871564058,1889258.8433249607
Q,Q_phc
664166.009534954,505166.009534954
qm_cb,qm_phc/qm_t,qm_r,qm_v,qm,m_z
0.10998,0.00453697107897906,0.10534628512462788,0,0.11451697107897905,0.45369710789790557
number of iterations,12,Execution time: ,8.572262048721313
