architecture,t_cbt,t_hxt,eta_hpfp,eta_r,p_cbt,qm_cb0,t0,p0,tpr_hx,Q_hx,pcc,v
after,460,270,0.71,0.71,1330000.0,0.10643299737335071,25.2,345000.0,0.95,159000.0,True,0
P_hpfp,P_rv,p_hpfp
39410.627520019625,66486.50802484537,1889258.8433249607
Q,Q_phc
651239.282235045,492239.282235045
qm_cb,qm_phc/qm_t,qm_r,qm_v,qm,qm_pot
0.10643299737335071,0.004279376730381422,0.10329668073338531,0,0.11071237410373214,0.001575924248135742
number of iterations,12,Execution time: ,6.226349115371704
