architecture,t_cbt,t_hxt,eta_hpfp,eta_r,p_cbt,qm_cb0,t0,p0,tpr_hx,Q_hx,pcc,v
after,460,220,0.71,0.71,1330000.0,0.10643299737335071,25.2,345000.0,0.95,159000.0,True,0
P_hpfp,P_rv,p_hpfp
39295.795154979525,40834.2592414542,1889258.8433249607
Q,Q_phc
674800.2638874076,515800.2638874076
qm_cb,qm_phc/qm_t,qm_r,qm_v,qm,qm_pot
0.10643299737335071,0.004244691824791713,0.06344065858939921,0,0.11067768919814243,0.0012834301241724684
number of iterations,12,Execution time: ,6.030609607696533
