architecture,t_cbt,t_hxt,eta_hpfp,eta_r,p_cbt,qm_cb0,t0,p0,tpr_hx,Q_hx,pcc,v
after,470,130,0.71,0.71,1330000.0,0.10630460549074833,25.2,345000.0,0.95,159000.0,True,0
P_hpfp,P_rv,p_hpfp
39111.72810900269,11528.35496269646,1889258.8597899457
Q,Q_phc
716953.3596687815,557953.3596687815
qm_cb,qm_phc/qm_t,qm_r,qm_v,qm,qm_pot
0.10630460549074833,0.004186156015977039,0.017520635800555913,0,0.11049076150672536,0.0009459134571379557
number of iterations,14,Execution time: ,7.137962818145752
