architecture,t_cbt,t_hxt,eta_hpfp,eta_r,p_cbt,qm_cb0,t0,p0,tpr_hx,Q_hx,pcc,v
after,470,170,0.71,0.71,1330000.0,0.10998,25.2,345000.0,0.95,159000.0,True,0
P_hpfp,P_rv,p_hpfp
40244.1162783755,22878.999762311167,1889258.8433249607
Q,Q_phc
726699.6920447742,567699.6920447742
qm_cb,qm_phc/qm_t,qm_r,qm_v,qm,m_z
0.10998,0.004683860636212844,0.03478776682263362,0,0.11466386063621284,0.4683860636212851
number of iterations,12,Execution time: ,7.858685731887817
