architecture,t_cbt,t_hxt,eta_hpfp,eta_r,p_cbt,qm_cb0,t0,p0,tpr_hx,Q_hx,pcc,v
after,470,100,0.71,0.71,1330000.0,0.10998,25.2,345000.0,0.95,159000.0,True,0
P_hpfp,P_rv,p_hpfp
40206.37195428039,5603.667097366655,1889258.8612891329
Q,Q_phc
743271.985878764,584271.985878764
qm_cb,qm_phc/qm_t,qm_r,qm_v,qm,m_z
0.10998,0.0045763161900627125,0.008512679429457942,0,0.11455631619006271,0.457631619006271
number of iterations,16,Execution time: ,10.327468633651733
