architecture,t_cbt,t_hxt,eta_hpfp,eta_r,p_cbt,qm_cb0,t0,p0,tpr_hx,Q_hx,pcc,v
after,470,140,0.71,0.71,1330000.0,0.11,25.2,345000.0,0.95,149000.0,True,0
P_hpfp,P_rv,p_hpfp
40269.5384822418,14344.216430066659,1889366.2728114282
Q,Q_phc
735803.7372854669,586803.7372854669
qm_cb,qm_phc/qm_t,qm_r,qm_v,qm,m_z
0.11,0.0047500670656439375,0.021793435359932656,0,0.11475006706564393,0.47500670656439375
number of iterations,10,Execution time: ,5.791875123977661
