architecture,t_cbt,t_hxt,eta_hpfp,eta_r,p_cbt,qm_cb0,t0,p0,tpr_hx,Q_hx,pcc,v
after,470,120,0.71,0.71,1330000.0,0.11,25.2,345000.0,0.95,149000.0,True,0
P_hpfp,P_rv,p_hpfp
40257.49397390921,9594.391789692578,1889366.2728233607
Q,Q_phc
740329.1946976206,591329.1946976206
qm_cb,qm_phc/qm_t,qm_r,qm_v,qm,m_z
0.11,0.004715726006402845,0.014571956217531396,0,0.11471572600640284,0.4715726006402845
number of iterations,11,Execution time: ,6.551417589187622
