architecture,t_cbt,t_hxt,eta_hpfp,eta_r,p_cbt,qm_cb0,t0,p0,tpr_hx,Q_hx,pcc,v
after,470,110,0.71,0.71,1330000.0,0.11,25.2,345000.0,0.95,149000.0,True,0
P_hpfp,P_rv,p_hpfp
40251.40033760561,7505.51297075993,1889366.2728247393
Q,Q_phc
742304.5601974622,593304.5601974622
qm_cb,qm_phc/qm_t,qm_r,qm_v,qm,m_z
0.11,0.004698396040621842,0.011400099438629272,0,0.11469839604062185,0.4698396040621842
number of iterations,12,Execution time: ,7.112596035003662
