architecture,t_cbt,t_hxt,eta_hpfp,eta_r,p_cbt,qm_cb0,t0,p0,tpr_hx,Q_hx,pcc,v
after,470,190,0.71,0.71,1330000.0,0.10630460549074833,25.2,345000.0,0.95,159000.0,True,0
P_hpfp,P_rv,p_hpfp
39233.20225482925,28806.617734635827,1889258.8433249607
Q,Q_phc
701937.6514916031,542937.6514916031
qm_cb,qm_phc/qm_t,qm_r,qm_v,qm,qm_pot
0.10630460549074833,0.00432459824779088,0.043804492086601886,0,0.11062920373853921,0.0011535766257570095
number of iterations,12,Execution time: ,6.26493239402771
