architecture,t_cbt,t_hxt,eta_hpfp,eta_r,p_cbt,qm_cb0,t0,p0,tpr_hx,Q_hx,pcc,v
after,470,140,0.71,0.71,1330000.0,0.10998,25.2,345000.0,0.95,159000.0,True,0
P_hpfp,P_rv,p_hpfp
40228.78082154738,14325.00495902372,1889258.855973307
Q,Q_phc
734968.0371372252,575968.0371372252
qm_cb,qm_phc/qm_t,qm_r,qm_v,qm,m_z
0.10998,0.004640164605957245,0.021773409880444117,0,0.11462016460595724,0.46401646059572466
number of iterations,13,Execution time: ,8.868186950683594
