architecture,t_cbt,t_hxt,eta_hpfp,eta_r,p_cbt,qm_cb0,t0,p0,tpr_hx,Q_hx,pcc,v
after,470,150,0.71,0.71,1330000.0,0.10630460549074833,25.2,345000.0,0.95,159000.0,True,0
P_hpfp,P_rv,p_hpfp
39149.67805847089,16527.698686066105,1889258.855973307
Q,Q_phc
712660.8630613838,553660.8630613838
qm_cb,qm_phc/qm_t,qm_r,qm_v,qm,qm_pot
0.10630460549074833,0.004233489122610797,0.02512471693507832,0,0.11053809461335913,0.0010067075228770764
number of iterations,13,Execution time: ,6.7353856563568115
