architecture,t_cbt,t_hxt,eta_hpfp,eta_r,p_cbt,qm_cb0,t0,p0,tpr_hx,Q_hx,pcc,v
after,470,100,0.71,0.71,1330000.0,0.11,25.2,345000.0,0.95,149000.0,True,0
P_hpfp,P_rv,p_hpfp
40245.36842869237,5606.139952487742,1889366.2728248988
Q,Q_phc
744091.5697688736,595091.5697688736
qm_cb,qm_phc/qm_t,qm_r,qm_v,qm,m_z
0.11,0.0046812313912483715,0.008515094494039803,0,0.11468123139124838,0.46812313912483716
number of iterations,13,Execution time: ,7.597426652908325
