architecture,t_cbt,t_hxt,eta_hpfp,eta_r,p_cbt,qm_cb0,t0,p0,tpr_hx,Q_hx,pcc,v
after,470,180,0.71,0.71,1330000.0,0.10630460549074833,25.2,345000.0,0.95,159000.0,True,0
P_hpfp,P_rv,p_hpfp
39211.587268247546,25445.831664695237,1889258.8433249607
Q,Q_phc
704895.8441797597,545895.8441797597
qm_cb,qm_phc/qm_t,qm_r,qm_v,qm,qm_pot
0.10630460549074833,0.004302894733074785,0.038691305127918796,0,0.11060750022382311,0.0011136949738597252
number of iterations,12,Execution time: ,6.214869260787964
