architecture,t_cbt,t_hxt,eta_hpfp,eta_r,p_cbt,qm_cb0,t0,p0,tpr_hx,Q_hx,pcc,v
after,470,180,0.71,0.71,1330000.0,0.11,25.2,345000.0,0.95,149000.0,True,0
P_hpfp,P_rv,p_hpfp
40291.186714196134,26180.043357306713,1889366.2640801906
Q,Q_phc
724371.2037840834,575371.2037840834
qm_cb,qm_phc/qm_t,qm_r,qm_v,qm,m_z
0.11,0.004811667787965441,0.03977092989563242,0,0.11481166778796544,0.48116677879654407
number of iterations,7,Execution time: ,4.173826217651367
