architecture,t_cbt,t_hxt,eta_hpfp,eta_r,p_cbt,qm_cb0,t0,p0,tpr_hx,Q_hx,pcc,v
after,470,240,0.71,0.71,1330000.0,0.10630460549074833,25.2,345000.0,0.95,159000.0,True,0
P_hpfp,P_rv,p_hpfp
39346.612005189265,49075.75268350603,1889258.8433249607
Q,Q_phc
683780.8479453974,524780.8479453974
qm_cb,qm_phc/qm_t,qm_r,qm_v,qm,qm_pot
0.10630460549074833,0.004411286285079926,0.07463357923982937,0,0.11071589177582826,0.0013900143209361257
number of iterations,12,Execution time: ,6.522513151168823
