architecture,t_cbt,t_hxt,eta_hpfp,eta_r,p_cbt,qm_cb0,t0,p0,tpr_hx,Q_hx,pcc,v
after,470,280,0.71,0.71,1330000.0,0.11,25.2,345000.0,0.95,149000.0,True,0
P_hpfp,P_rv,p_hpfp
40296.66564760738,72626.33484091236,1889366.2640801906
Q,Q_phc
678026.9748268059,529026.9748268059
qm_cb,qm_phc/qm_t,qm_r,qm_v,qm,m_z
0.11,0.004827473876164245,0.1104126856200078,0,0.11482747387616425,0.4827473876164245
number of iterations,7,Execution time: ,4.481351852416992
