architecture,t_cbt,t_hxt,eta_hpfp,eta_r,p_cbt,qm_cb0,t0,p0,tpr_hx,Q_hx,pcc,v
after,470,270,0.71,0.71,1330000.0,0.11,25.2,345000.0,0.95,149000.0,True,0
P_hpfp,P_rv,p_hpfp
40301.57288196555,66404.36578367907,1889366.2640801906
Q,Q_phc
684340.3567007842,535340.3567007842
qm_cb,qm_phc/qm_t,qm_r,qm_v,qm,m_z
0.11,0.0048414685080711665,0.10095368063682039,0,0.11484146850807117,0.48414685080711667
number of iterations,7,Execution time: ,4.458338022232056
