architecture,t_cbt,t_hxt,eta_hpfp,eta_r,p_cbt,qm_cb0,t0,p0,tpr_hx,Q_hx,pcc,v
after,470,230,0.71,0.71,1330000.0,0.11,25.2,345000.0,0.95,149000.0,True,0
P_hpfp,P_rv,p_hpfp
40306.490535735036,45623.396175814545,1889366.2640801906
Q,Q_phc
705212.9332200034,556212.9332200034
qm_cb,qm_phc/qm_t,qm_r,qm_v,qm,m_z
0.11,0.004855504911527355,0.0693596444203216,0,0.11485550491152735,0.4855504911527355
number of iterations,7,Execution time: ,4.400920629501343
