architecture,t_cbt,t_hxt,eta_hpfp,eta_r,p_cbt,qm_cb0,t0,p0,tpr_hx,Q_hx,pcc,v
after,470,210,0.71,0.71,1330000.0,0.10998,25.2,345000.0,0.95,159000.0,True,0
P_hpfp,P_rv,p_hpfp
40258.47890641139,37069.26484846241,1889258.8433249607
Q,Q_phc
712776.9423355189,553776.9423355189
qm_cb,qm_phc/qm_t,qm_r,qm_v,qm,m_z
0.10998,0.004724782751835549,0.05637408380368211,0,0.11470478275183554,0.47247827518355506
number of iterations,12,Execution time: ,7.112090826034546
