architecture,t_cbt,t_hxt,eta_hpfp,eta_r,p_cbt,qm_cb0,t0,p0,tpr_hx,Q_hx,pcc,v
after,470,280,0.71,0.71,1330000.0,0.10998,25.2,345000.0,0.95,159000.0,True,0
P_hpfp,P_rv,p_hpfp
40249.04648210917,72511.6338506804,1889258.8433249607
Q,Q_phc
677158.8869243829,518158.8869243829
qm_cb,qm_phc/qm_t,qm_r,qm_v,qm,m_z
0.10998,0.004697907812448873,0.1102756845445419,0,0.11467790781244887,0.4697907812448867
number of iterations,12,Execution time: ,8.222717523574829
