architecture,t_cbt,t_hxt,eta_hpfp,eta_r,p_cbt,qm_cb0,t0,p0,tpr_hx,Q_hx,pcc,v
after,470,220,0.71,0.71,1330000.0,0.10998,25.2,345000.0,0.95,159000.0,True,0
P_hpfp,P_rv,p_hpfp
40260.4091337497,41179.83971935504,1889258.8433249607
Q,Q_phc
708702.3194848704,549702.3194848704
qm_cb,qm_phc/qm_t,qm_r,qm_v,qm,m_z
0.10998,0.0047302823711335845,0.06262582594607892,0,0.11471028237113358,0.4730282371133579
number of iterations,12,Execution time: ,7.940381050109863
