architecture,t_cbt,t_hxt,eta_hpfp,eta_r,p_cbt,qm_cb0,t0,p0,tpr_hx,Q_hx,pcc,v
after,470,280,0.71,0.71,1330000.0,0.10630460549074833,25.2,345000.0,0.95,159000.0,True,0
P_hpfp,P_rv,p_hpfp
39442.56865112743,71058.82996234624,1889258.8433249607
Q,Q_phc
663585.0264877374,504585.0264877374
qm_cb,qm_phc/qm_t,qm_r,qm_v,qm,qm_pot
0.10630460549074833,0.004434902127094393,0.10806583624266364,0,0.11073950761784272,0.0016397970306822485
number of iterations,12,Execution time: ,6.345245122909546
