architecture,t_cbt,t_hxt,eta_hpfp,eta_r,p_cbt,qm_cb0,t0,p0,tpr_hx,Q_hx,pcc,v
after,470,200,0.71,0.71,1330000.0,0.10630460549074833,25.2,345000.0,0.95,159000.0,True,0
P_hpfp,P_rv,p_hpfp
39255.22091234314,32376.024706208893,1889258.8433249607
Q,Q_phc
698778.3565391771,539778.3565391771
qm_cb,qm_phc/qm_t,qm_r,qm_v,qm,qm_pot
0.10630460549074833,0.004345199587152639,0.049234301320334704,0,0.11064980507790097,0.0011957105875008015
number of iterations,12,Execution time: ,6.118801116943359
