architecture,t_cbt,t_hxt,eta_hpfp,eta_r,p_cbt,qm_cb0,t0,p0,tpr_hx,Q_hx,pcc,v
after,470,250,0.71,0.71,1330000.0,0.10998,25.2,345000.0,0.95,159000.0,True,0
P_hpfp,P_rv,p_hpfp
40260.535251831265,55201.91932328451,1889258.8433249607
Q,Q_phc
694682.5889305742,535682.5889305742
qm_cb,qm_phc/qm_t,qm_r,qm_v,qm,m_z
0.10998,0.004730641707788613,0.08395100990086976,0,0.11471064170778861,0.4730641707788613
number of iterations,12,Execution time: ,7.59614896774292
