architecture,t_cbt,t_hxt,eta_hpfp,eta_r,p_cbt,qm_cb0,t0,p0,tpr_hx,Q_hx,pcc,v
after,470,210,0.71,0.71,1330000.0,0.11,25.2,345000.0,0.95,149000.0,True,0
P_hpfp,P_rv,p_hpfp
40302.49326598368,37129.42638842966,1889366.2640801906
Q,Q_phc
713632.4411699069,564632.4411699069
qm_cb,qm_phc/qm_t,qm_r,qm_v,qm,m_z
0.11,0.004844089920390597,0.0564416925887743,0,0.1148440899203906,0.48440899203905974
number of iterations,7,Execution time: ,4.249356985092163
