architecture,t_cbt,t_hxt,eta_hpfp,eta_r,p_cbt,qm_cb0,t0,p0,tpr_hx,Q_hx,pcc,v
after,470,260,0.71,0.71,1330000.0,0.10998,25.2,345000.0,0.95,159000.0,True,0
P_hpfp,P_rv,p_hpfp
40258.23354288042,60548.13458034305,1889258.8433249607
Q,Q_phc
689293.5025126146,530293.5025126146
qm_cb,qm_phc/qm_t,qm_r,qm_v,qm,m_z
0.10998,0.004724083660084463,0.09208156819040282,0,0.11470408366008446,0.47240836600844605
number of iterations,12,Execution time: ,8.365360736846924
