architecture,t_cbt,t_hxt,eta_hpfp,eta_r,p_cbt,qm_cb0,t0,p0,tpr_hx,Q_hx,pcc,v
after,480,100,0.71,0.71,1330000.0,0.10998,25.2,345000.0,0.95,159000.0,True,0
P_hpfp,P_rv,p_hpfp
40254.71906292969,5587.319382983281,1889258.8612891329
Q,Q_phc
760860.384071485,601860.384071485
qm_cb,qm_phc/qm_t,qm_r,qm_v,qm,m_z
0.10998,0.004714067158282445,0.008312122346352833,0,0.11469406715828244,0.4714067158282445
number of iterations,16,Execution time: ,10.89725399017334
