architecture,t_cbt,t_hxt,eta_hpfp,eta_r,p_cbt,qm_cb0,t0,p0,tpr_hx,Q_hx,pcc,v
after,480,180,0.71,0.71,1330000.0,0.10998,25.2,345000.0,0.95,159000.0,True,0
P_hpfp,P_rv,p_hpfp
40301.2297514751,25879.901792629313,1889258.8433249607
Q,Q_phc
741453.3839364321,582453.3839364321
qm_cb,qm_phc/qm_t,qm_r,qm_v,qm,m_z
0.10998,0.004846588804341648,0.03853928173380894,0,0.11482658880434164,0.4846588804341648
number of iterations,12,Execution time: ,8.255342721939087
