architecture,t_cbt,t_hxt,eta_hpfp,eta_r,p_cbt,qm_cb0,t0,p0,tpr_hx,Q_hx,pcc,v
after,480,140,0.71,0.71,1330000.0,0.10998,25.2,345000.0,0.95,159000.0,True,0
P_hpfp,P_rv,p_hpfp
40279.002436837494,14245.719528246535,1889258.855973307
Q,Q_phc
752664.3443534328,593664.3443534328
qm_cb,qm_phc/qm_t,qm_r,qm_v,qm,m_z
0.10998,0.0047832564345877265,0.021204762985474277,0,0.11476325643458772,0.47832564345877293
number of iterations,13,Execution time: ,8.602184534072876
