architecture,t_cbt,t_hxt,eta_hpfp,eta_r,p_cbt,qm_cb0,t0,p0,tpr_hx,Q_hx,pcc,v
after,480,150,0.71,0.71,1330000.0,0.11,25.2,345000.0,0.95,149000.0,True,0
P_hpfp,P_rv,p_hpfp
40326.47925005823,16909.431295719543,1889366.2727081615
Q,Q_phc
751002.5158743757,602002.5158743757
qm_cb,qm_phc/qm_t,qm_r,qm_v,qm,m_z
0.11,0.0049122656666831434,0.025156400816171296,0,0.11491226566668314,0.4912265666683143
number of iterations,9,Execution time: ,5.5937559604644775
