architecture,t_cbt,t_hxt,eta_hpfp,eta_r,p_cbt,qm_cb0,t0,p0,tpr_hx,Q_hx,pcc,v
after,480,130,0.71,0.71,1330000.0,0.11,25.2,345000.0,0.95,149000.0,True,0
P_hpfp,P_rv,p_hpfp
40313.50220108244,11809.813940671573,1889366.2728233607
Q,Q_phc
755855.0190383208,606855.0190383208
qm_cb,qm_phc/qm_t,qm_r,qm_v,qm,m_z
0.11,0.004875368500458063,0.017572812743147606,0,0.11487536850045807,0.48753685004580627
number of iterations,11,Execution time: ,6.776401042938232
