architecture,t_cbt,t_hxt,eta_hpfp,eta_r,p_cbt,qm_cb0,t0,p0,tpr_hx,Q_hx,pcc,v
after,480,130,0.71,0.71,1330000.0,0.10998,25.2,345000.0,0.95,159000.0,True,0
P_hpfp,P_rv,p_hpfp
40272.913653162424,11795.814456465081,1889258.8597899457
Q,Q_phc
754998.314797212,595998.314797212
qm_cb,qm_phc/qm_t,qm_r,qm_v,qm,m_z
0.10998,0.00476590758204537,0.0175580223017688,0,0.11474590758204536,0.476590758204537
number of iterations,14,Execution time: ,8.772318363189697
