architecture,t_cbt,t_hxt,eta_hpfp,eta_r,p_cbt,qm_cb0,t0,p0,tpr_hx,Q_hx,pcc,v
after,480,190,0.71,0.71,1330000.0,0.10998,25.2,345000.0,0.95,159000.0,True,0
P_hpfp,P_rv,p_hpfp
40305.87840361782,29256.178643271498,1889258.8433249607
Q,Q_phc
738165.6171770422,579165.6171770422
qm_cb,qm_phc/qm_t,qm_r,qm_v,qm,m_z
0.10998,0.004859833781514264,0.04356912116143347,0,0.11483983378151426,0.48598337815142595
number of iterations,12,Execution time: ,7.734876394271851
