architecture,t_cbt,t_hxt,eta_hpfp,eta_r,p_cbt,qm_cb0,t0,p0,tpr_hx,Q_hx,pcc,v
after,480,150,0.71,0.71,1330000.0,0.10998,25.2,345000.0,0.95,159000.0,True,0
P_hpfp,P_rv,p_hpfp
40284.9702952861,16883.750051767216,1889258.8433249607
Q,Q_phc
750139.9564902914,591139.9564902914
qm_cb,qm_phc/qm_t,qm_r,qm_v,qm,m_z
0.10998,0.00480026223064875,0.02513106439272795,0,0.11478026223064874,0.4800262230648756
number of iterations,12,Execution time: ,8.197788953781128
