architecture,t_cbt,t_hxt,eta_hpfp,eta_r,p_cbt,qm_cb0,t0,p0,tpr_hx,Q_hx,pcc,v
after,480,110,0.71,0.71,1330000.0,0.10998,25.2,345000.0,0.95,159000.0,True,0
P_hpfp,P_rv,p_hpfp
40260.72660663056,7473.551271052524,1889258.8609416161
Q,Q_phc
759088.5359055795,600088.5359055795
qm_cb,qm_phc/qm_t,qm_r,qm_v,qm,m_z
0.10998,0.004731183958166671,0.011119571697999363,0,0.11471118395816667,0.47311839581666726
number of iterations,15,Execution time: ,10.057971954345703
