architecture,t_cbt,t_hxt,eta_hpfp,eta_r,p_cbt,qm_cb0,t0,p0,tpr_hx,Q_hx,pcc,v
after,480,160,0.71,0.71,1330000.0,0.1061765316228325,25.2,345000.0,0.95,159000.0,True,0
P_hpfp,P_rv,p_hpfp
39170.93205350536,19153.81234137502,1889258.8433249607
Q,Q_phc
726653.2163925478,567653.2163925478
qm_cb,qm_phc/qm_t,qm_r,qm_v,qm,qm_pot
0.1061765316228325,0.00438031258428221,0.028513170766338938,0,0.1105568442071147,0.001048516628879524
number of iterations,12,Execution time: ,5.88349461555481
