architecture,t_cbt,t_hxt,eta_hpfp,eta_r,p_cbt,qm_cb0,t0,p0,tpr_hx,Q_hx,pcc,v
after,480,130,0.71,0.71,1330000.0,0.1061765316228325,25.2,345000.0,0.95,159000.0,True,0
P_hpfp,P_rv,p_hpfp
39111.30856636063,11458.696742323791,1889258.8597899457
Q,Q_phc
733213.0933413102,574213.0933413102
qm_cb,qm_phc/qm_t,qm_r,qm_v,qm,qm_pot
0.1061765316228325,0.004304246734037823,0.0170543672950075,0,0.11048077835687033,0.0009547012510397654
number of iterations,14,Execution time: ,6.932640790939331
