architecture,t_cbt,t_hxt,eta_hpfp,eta_r,p_cbt,qm_cb0,t0,p0,tpr_hx,Q_hx,pcc,v
after,480,140,0.71,0.71,1330000.0,0.1061765316228325,25.2,345000.0,0.95,159000.0,True,0
P_hpfp,P_rv,p_hpfp
39130.44474432182,13843.86042616394,1889258.855973307
Q,Q_phc
731192.2831867689,572192.2831867689
qm_cb,qm_phc/qm_t,qm_r,qm_v,qm,qm_pot
0.1061765316228325,0.00432950308663336,0.020603885532622265,0,0.11050603470946586,0.0009839680943728357
number of iterations,13,Execution time: ,6.4516260623931885
