architecture,t_cbt,t_hxt,eta_hpfp,eta_r,p_cbt,qm_cb0,t0,p0,tpr_hx,Q_hx,pcc,v
after,480,170,0.71,0.71,1330000.0,0.1061765316228325,25.2,345000.0,0.95,159000.0,True,0
P_hpfp,P_rv,p_hpfp
39192.08796526235,22076.78185533759,1889258.8433249607
Q,Q_phc
724133.0513782607,565133.0513782607
qm_cb,qm_phc/qm_t,qm_r,qm_v,qm,qm_pot
0.1061765316228325,0.004405380310875387,0.032870176318826,0,0.11058191193370788,0.0010837260782858098
number of iterations,12,Execution time: ,5.6882710456848145
