architecture,t_cbt,t_hxt,eta_hpfp,eta_r,p_cbt,qm_cb0,t0,p0,tpr_hx,Q_hx,pcc,v
after,480,220,0.71,0.71,1330000.0,0.1061765316228325,25.2,345000.0,0.95,159000.0,True,0
P_hpfp,P_rv,p_hpfp
39304.85307940537,39608.41984570904,1889258.8433249607
Q,Q_phc
708748.4395196385,549748.4395196385
qm_cb,qm_phc/qm_t,qm_r,qm_v,qm,qm_pot
0.1061765316228325,0.004518811271714073,0.0589877683997711,0,0.11069534289454658,0.0012915841599558445
number of iterations,12,Execution time: ,6.380518436431885
