architecture,t_cbt,t_hxt,eta_hpfp,eta_r,p_cbt,qm_cb0,t0,p0,tpr_hx,Q_hx,pcc,v
after,480,230,0.71,0.71,1330000.0,0.11,25.2,345000.0,0.95,149000.0,True,0
P_hpfp,P_rv,p_hpfp
40363.72577219004,44952.68297928647,1889366.2640801906
Q,Q_phc
723668.5531281249,574668.5531281249
qm_cb,qm_phc/qm_t,qm_r,qm_v,qm,m_z
0.11,0.00501860373697899,0.06692494092523846,0,0.11501860373697899,0.5018603736978989
number of iterations,7,Execution time: ,4.612194061279297
