architecture,t_cbt,t_hxt,eta_hpfp,eta_r,p_cbt,qm_cb0,t0,p0,tpr_hx,Q_hx,pcc,v
after,480,260,0.71,0.71,1330000.0,0.1061765316228325,25.2,345000.0,0.95,159000.0,True,0
P_hpfp,P_rv,p_hpfp
39401.07266798539,58042.9470784426,1889258.8433249607
Q,Q_phc
692145.914787301,533145.914787301
qm_cb,qm_phc/qm_t,qm_r,qm_v,qm,qm_pot
0.1061765316228325,0.004579836774544529,0.08644329139053007,0,0.11075636839737703,0.0015047063819815531
number of iterations,12,Execution time: ,5.894083499908447
