architecture,t_cbt,t_hxt,eta_hpfp,eta_r,p_cbt,qm_cb0,t0,p0,tpr_hx,Q_hx,pcc,v
after,480,240,0.71,0.71,1330000.0,0.11,25.2,345000.0,0.95,149000.0,True,0
P_hpfp,P_rv,p_hpfp
40365.37628152844,49486.30856105587,1889366.2640801906
Q,Q_phc
719166.3571654903,570166.3571654903
qm_cb,qm_phc/qm_t,qm_r,qm_v,qm,m_z
0.11,0.005023307134012633,0.07367514091378571,0,0.11502330713401264,0.5023307134012632
number of iterations,7,Execution time: ,4.693198919296265
