architecture,t_cbt,t_hxt,eta_hpfp,eta_r,p_cbt,qm_cb0,t0,p0,tpr_hx,Q_hx,pcc,v
after,480,200,0.71,0.71,1330000.0,0.1061765316228325,25.2,345000.0,0.95,159000.0,True,0
P_hpfp,P_rv,p_hpfp
39258.583661009485,31976.376971175516,1889258.8433249607
Q,Q_phc
715499.5215477988,556499.5215477988
qm_cb,qm_phc/qm_t,qm_r,qm_v,qm,qm_pot
0.1061765316228325,0.004476791899939508,0.0476198332487352,0,0.110653323522772,0.0012017732467453329
number of iterations,12,Execution time: ,6.237390995025635
