architecture,t_cbt,t_hxt,eta_hpfp,eta_r,p_cbt,qm_cb0,t0,p0,tpr_hx,Q_hx,pcc,v
after,480,200,0.71,0.71,1330000.0,0.11,25.2,345000.0,0.95,149000.0,True,0
P_hpfp,P_rv,p_hpfp
40353.86106281872,32887.633402984684,1889366.2640801906
Q,Q_phc
735545.7552011111,586545.7552011111
qm_cb,qm_phc/qm_t,qm_r,qm_v,qm,m_z
0.11,0.004990424751575729,0.04895414057560998,0,0.11499042475157573,0.4990424751575729
number of iterations,7,Execution time: ,4.458587408065796
