architecture,t_cbt,t_hxt,eta_hpfp,eta_r,p_cbt,qm_cb0,t0,p0,tpr_hx,Q_hx,pcc,v
after,480,240,0.71,0.71,1330000.0,0.10998,25.2,345000.0,0.95,159000.0,True,0
P_hpfp,P_rv,p_hpfp
40319.49599524354,49409.83915006118,1889258.8433249607
Q,Q_phc
718271.2348955154,559271.2348955154
qm_cb,qm_phc/qm_t,qm_r,qm_v,qm,m_z
0.10998,0.004898633133388994,0.07358625864606898,0,0.11487863313338899,0.4898633133388994
number of iterations,12,Execution time: ,8.004087209701538
