architecture,t_cbt,t_hxt,eta_hpfp,eta_r,p_cbt,qm_cb0,t0,p0,tpr_hx,Q_hx,pcc,v
after,480,250,0.71,0.71,1330000.0,0.11,25.2,345000.0,0.95,149000.0,True,0
P_hpfp,P_rv,p_hpfp
40366.009128877864,54319.91169689738,1889366.2640801906
Q,Q_phc
714344.8049467205,565344.8049467205
qm_cb,qm_phc/qm_t,qm_r,qm_v,qm,m_z
0.11,0.0050251063980523095,0.08087150713311317,0,0.11502510639805232,0.5025106398052309
number of iterations,7,Execution time: ,4.660625457763672
