architecture,t_cbt,t_hxt,eta_hpfp,eta_r,p_cbt,qm_cb0,t0,p0,tpr_hx,Q_hx,pcc,v
after,480,280,0.71,0.71,1330000.0,0.1061765316228325,25.2,345000.0,0.95,159000.0,True,0
P_hpfp,P_rv,p_hpfp
39450.872522909805,69365.65301794208,1889258.8433249607
Q,Q_phc
681771.3885281273,522771.38852812734
qm_cb,qm_phc/qm_t,qm_r,qm_v,qm,qm_pot
0.1061765316228325,0.004593118619996237,0.10330635688617854,0,0.11076965024282874,0.001633313699923441
number of iterations,12,Execution time: ,6.376398324966431
