architecture,t_cbt,t_hxt,eta_hpfp,eta_r,p_cbt,qm_cb0,t0,p0,tpr_hx,Q_hx,pcc,v
after,480,210,0.71,0.71,1330000.0,0.11,25.2,345000.0,0.95,149000.0,True,0
P_hpfp,P_rv,p_hpfp
40357.861101061746,36674.928030302,1889366.2640801906
Q,Q_phc
731834.6308053569,582834.6308053569
qm_cb,qm_phc/qm_t,qm_r,qm_v,qm,m_z
0.11,0.005001863724264658,0.05459714651302856,0,0.11500186372426466,0.5001863724264658
number of iterations,7,Execution time: ,4.623687267303467
