architecture,t_cbt,t_hxt,eta_hpfp,eta_r,p_cbt,qm_cb0,t0,p0,tpr_hx,Q_hx,pcc,v
after,480,280,0.71,0.71,1330000.0,0.11,25.2,345000.0,0.95,149000.0,True,0
P_hpfp,P_rv,p_hpfp
40360.246817768515,70993.46788137483,1889366.2640801906
Q,Q_phc
697561.5206684417,548561.5206684417
qm_cb,qm_phc/qm_t,qm_r,qm_v,qm,m_z
0.11,0.005008662972994364,0.10569444199330766,0,0.11500866297299436,0.5008662972994364
number of iterations,7,Execution time: ,4.750586748123169
