architecture,t_cbt,t_hxt,eta_hpfp,eta_r,p_cbt,qm_cb0,t0,p0,tpr_hx,Q_hx,pcc,v
after,480,210,0.71,0.71,1330000.0,0.10998,25.2,345000.0,0.95,159000.0,True,0
P_hpfp,P_rv,p_hpfp
40313.52222447016,36616.04568440677,1889258.8433249607
Q,Q_phc
730951.2880811836,571951.2880811836
qm_cb,qm_phc/qm_t,qm_r,qm_v,qm,m_z
0.10998,0.004881612617527911,0.05453176017538956,0,0.1148616126175279,0.48816126175279095
number of iterations,12,Execution time: ,8.181264877319336
