architecture,t_cbt,t_hxt,eta_hpfp,eta_r,p_cbt,qm_cb0,t0,p0,tpr_hx,Q_hx,pcc,v
after,480,230,0.71,0.71,1330000.0,0.1061765316228325,25.2,345000.0,0.95,159000.0,True,0
P_hpfp,P_rv,p_hpfp
39328.467931350744,43781.92824539265,1889258.8433249607
Q,Q_phc
705024.553368905,546024.553368905
qm_cb,qm_phc/qm_t,qm_r,qm_v,qm,qm_pot
0.1061765316228325,0.004537393847810285,0.06520377840162746,0,0.11071392547064278,0.0013402847434446873
number of iterations,12,Execution time: ,6.237859487533569
