architecture,t_cbt,t_hxt,eta_hpfp,eta_r,p_cbt,qm_cb0,t0,p0,tpr_hx,Q_hx,pcc,v
after,480,260,0.71,0.71,1330000.0,0.10998,25.2,345000.0,0.95,159000.0,True,0
P_hpfp,P_rv,p_hpfp
40318.530721567964,59394.33953707394,1889258.8433249607
Q,Q_phc
708268.3557487063,549268.3557487063
qm_cb,qm_phc/qm_t,qm_r,qm_v,qm,m_z
0.10998,0.004895882867848422,0.08845630831778427,0,0.11487588286784842,0.4895882867848421
number of iterations,12,Execution time: ,8.247668504714966
