architecture,t_cbt,t_hxt,eta_hpfp,eta_r,p_cbt,qm_cb0,t0,p0,tpr_hx,Q_hx,pcc,v
after,490,170,0.71,0.71,1330000.0,0.11,25.2,345000.0,0.95,149000.0,True,0
P_hpfp,P_rv,p_hpfp
40391.011071891364,22565.379612491422,1889366.271814466
Q,Q_phc
763304.7470227708,614304.7470227708
qm_cb,qm_phc/qm_t,qm_r,qm_v,qm,m_z
0.11,0.005096170123622336,0.03289780378602265,0,0.11509617012362233,0.5096170123622336
number of iterations,8,Execution time: ,5.004807710647583
