architecture,t_cbt,t_hxt,eta_hpfp,eta_r,p_cbt,qm_cb0,t0,p0,tpr_hx,Q_hx,pcc,v
after,490,160,0.71,0.71,1330000.0,0.11,25.2,345000.0,0.95,149000.0,True,0
P_hpfp,P_rv,p_hpfp
40384.511493827646,19608.320221672075,1889366.271814466
Q,Q_phc
766135.3469836215,617135.3469836215
qm_cb,qm_phc/qm_t,qm_r,qm_v,qm,m_z
0.11,0.005077537208150394,0.02857550729398953,0,0.1150775372081504,0.5077537208150393
number of iterations,8,Execution time: ,4.979285717010498
