architecture,t_cbt,t_hxt,eta_hpfp,eta_r,p_cbt,qm_cb0,t0,p0,tpr_hx,Q_hx,pcc,v
after,490,140,0.71,0.71,1330000.0,0.10604876981202063,25.2,345000.0,0.95,159000.0,True,0
P_hpfp,P_rv,p_hpfp
39130.522998967754,13754.322395572835,1889258.855973307
Q,Q_phc
747488.4976430419,588488.4976430419
qm_cb,qm_phc/qm_t,qm_r,qm_v,qm,qm_pot
0.10604876981202063,0.004448855598844859,0.020055672766325024,0,0.1104976254108655,0.00099260035518974
number of iterations,13,Execution time: ,6.086387634277344
