architecture,t_cbt,t_hxt,eta_hpfp,eta_r,p_cbt,qm_cb0,t0,p0,tpr_hx,Q_hx,pcc,v
after,490,170,0.71,0.71,1330000.0,0.10998,25.2,345000.0,0.95,159000.0,True,0
P_hpfp,P_rv,p_hpfp
40348.25535343675,22522.024389384816,1889258.8433249607
Q,Q_phc
762416.2305393198,603416.2305393198
qm_cb,qm_phc/qm_t,qm_r,qm_v,qm,m_z
0.10998,0.004980574528673787,0.032856024064467276,0,0.11496057452867378,0.4980574528673787
number of iterations,12,Execution time: ,8.084042310714722
