architecture,t_cbt,t_hxt,eta_hpfp,eta_r,p_cbt,qm_cb0,t0,p0,tpr_hx,Q_hx,pcc,v
after,490,160,0.71,0.71,1330000.0,0.10998,25.2,345000.0,0.95,159000.0,True,0
P_hpfp,P_rv,p_hpfp
40342.17283533374,19562.959370223813,1889258.8433249607
Q,Q_phc
765256.9657545394,606256.9657545394
qm_cb,qm_phc/qm_t,qm_r,qm_v,qm,m_z
0.10998,0.004963244169044159,0.02853527782761526,0,0.11494324416904415,0.49632441690441575
number of iterations,12,Execution time: ,7.99096155166626
