architecture,t_cbt,t_hxt,eta_hpfp,eta_r,p_cbt,qm_cb0,t0,p0,tpr_hx,Q_hx,pcc,v
after,490,190,0.71,0.71,1330000.0,0.10998,25.2,345000.0,0.95,159000.0,True,0
P_hpfp,P_rv,p_hpfp
40359.387215484065,28979.869065599807,1889258.8433249607
Q,Q_phc
756174.9460165238,597174.9460165238
qm_cb,qm_phc/qm_t,qm_r,qm_v,qm,m_z
0.10998,0.005012291519788367,0.042282256009569946,0,0.11499229151978836,0.5012291519788371
number of iterations,12,Execution time: ,7.93888258934021
