architecture,t_cbt,t_hxt,eta_hpfp,eta_r,p_cbt,qm_cb0,t0,p0,tpr_hx,Q_hx,pcc,v
after,490,100,0.71,0.71,1330000.0,0.11,25.2,345000.0,0.95,149000.0,True,0
P_hpfp,P_rv,p_hpfp
40342.69518738417,5574.5876872217605,1889366.2728248988
Q,Q_phc
779355.4748581317,630355.4748581317
qm_cb,qm_phc/qm_t,qm_r,qm_v,qm,m_z
0.11,0.004958558335724123,0.008123678739708064,0,0.11495855833572412,0.4958558335724123
number of iterations,13,Execution time: ,8.04059886932373
