architecture,t_cbt,t_hxt,eta_hpfp,eta_r,p_cbt,qm_cb0,t0,p0,tpr_hx,Q_hx,pcc,v
after,490,120,0.71,0.71,1330000.0,0.11,25.2,345000.0,0.95,149000.0,True,0
P_hpfp,P_rv,p_hpfp
40356.576078359685,9517.840616161979,1889366.2728233607
Q,Q_phc
775682.2963197809,626682.2963197809
qm_cb,qm_phc/qm_t,qm_r,qm_v,qm,m_z
0.11,0.0049980477815882475,0.013869545594105661,0,0.11499804778158824,0.49980477815882474
number of iterations,11,Execution time: ,6.519590854644775
