architecture,t_cbt,t_hxt,eta_hpfp,eta_r,p_cbt,qm_cb0,t0,p0,tpr_hx,Q_hx,pcc,v
after,490,190,0.71,0.71,1330000.0,0.11,25.2,345000.0,0.95,149000.0,True,0
P_hpfp,P_rv,p_hpfp
40403.100308721994,29035.421604974043,1889366.2640801906
Q,Q_phc
757069.9444337626,608069.9444337626
qm_cb,qm_phc/qm_t,qm_r,qm_v,qm,m_z
0.11,0.005130658543999745,0.04233671513412291,0,0.11513065854399974,0.5130658543999745
number of iterations,7,Execution time: ,4.364894390106201
