architecture,t_cbt,t_hxt,eta_hpfp,eta_r,p_cbt,qm_cb0,t0,p0,tpr_hx,Q_hx,pcc,v
after,490,150,0.71,0.71,1330000.0,0.10604876981202063,25.2,345000.0,0.95,159000.0,True,0
P_hpfp,P_rv,p_hpfp
39151.01378306314,16295.864262109651,1889258.8433249607
Q,Q_phc
745345.5970792256,586345.5970792256
qm_cb,qm_phc/qm_t,qm_r,qm_v,qm,qm_pot
0.10604876981202063,0.004476051435702899,0.023760502007000008,0,0.11052482124772353,0.0010237886854099628
number of iterations,12,Execution time: ,6.275886297225952
