architecture,t_cbt,t_hxt,eta_hpfp,eta_r,p_cbt,qm_cb0,t0,p0,tpr_hx,Q_hx,pcc,v
after,490,180,0.71,0.71,1330000.0,0.11,25.2,345000.0,0.95,149000.0,True,0
P_hpfp,P_rv,p_hpfp
40397.30692542532,25719.83069132354,1889366.2640801906
Q,Q_phc
760272.816034731,611272.816034731
qm_cb,qm_phc/qm_t,qm_r,qm_v,qm,m_z
0.11,0.005114031795614459,0.03749050722978282,0,0.11511403179561445,0.5114031795614459
number of iterations,7,Execution time: ,4.368780851364136
