architecture,t_cbt,t_hxt,eta_hpfp,eta_r,p_cbt,qm_cb0,t0,p0,tpr_hx,Q_hx,pcc,v
after,490,140,0.71,0.71,1330000.0,0.11,25.2,345000.0,0.95,149000.0,True,0
P_hpfp,P_rv,p_hpfp
40370.654417611666,14190.426999693613,1889366.2728114282
Q,Q_phc
771283.6260238677,622283.6260238677
qm_cb,qm_phc/qm_t,qm_r,qm_v,qm,m_z
0.11,0.005038186555593982,0.02068566256837843,0,0.11503818655559399,0.5038186555593982
number of iterations,10,Execution time: ,6.122288465499878
