architecture,t_cbt,t_hxt,eta_hpfp,eta_r,p_cbt,qm_cb0,t0,p0,tpr_hx,Q_hx,pcc,v
after,490,130,0.71,0.71,1330000.0,0.10604876981202063,25.2,345000.0,0.95,159000.0,True,0
P_hpfp,P_rv,p_hpfp
39110.89645716253,11392.65263066028,1889258.8597899457
Q,Q_phc
749468.3493835292,590468.3493835292
qm_cb,qm_phc/qm_t,qm_r,qm_v,qm,qm_pot
0.10604876981202063,0.004422049054688922,0.016612299308062566,0,0.11047081886670955,0.0009634865645282667
number of iterations,14,Execution time: ,6.645867347717285
