architecture,t_cbt,t_hxt,eta_hpfp,eta_r,p_cbt,qm_cb0,t0,p0,tpr_hx,Q_hx,pcc,v
after,490,250,0.71,0.71,1330000.0,0.10604876981202063,25.2,345000.0,0.95,159000.0,True,0
P_hpfp,P_rv,p_hpfp
39383.040530763064,52029.86108581654,1889258.8433249607
Q,Q_phc
714125.4346141297,555125.4346141297
qm_cb,qm_phc/qm_t,qm_r,qm_v,qm,qm_pot
0.10604876981202063,0.00471339525010917,0.07591597913662212,0,0.1107621650621298,0.0014475327630477325
number of iterations,12,Execution time: ,6.281922101974487
