architecture,t_cbt,t_hxt,eta_hpfp,eta_r,p_cbt,qm_cb0,t0,p0,tpr_hx,Q_hx,pcc,v
after,490,210,0.71,0.71,1330000.0,0.10604876981202063,25.2,345000.0,0.95,159000.0,True,0
P_hpfp,P_rv,p_hpfp
39285.535780174105,35224.607610647065,1889258.8433249607
Q,Q_phc
729033.8365508487,570033.8365508487
qm_cb,qm_phc/qm_t,qm_r,qm_v,qm,qm_pot
0.10604876981202063,0.004632074049559884,0.051394339654736824,0,0.11068084386158052,0.0012510445701968136
number of iterations,12,Execution time: ,6.2133519649505615
