architecture,t_cbt,t_hxt,eta_hpfp,eta_r,p_cbt,qm_cb0,t0,p0,tpr_hx,Q_hx,pcc,v
after,490,250,0.71,0.71,1330000.0,0.11,25.2,345000.0,0.95,149000.0,True,0
P_hpfp,P_rv,p_hpfp
40425.350146238874,53428.818117913084,1889366.2640801906
Q,Q_phc
733109.4532308583,584109.4532308583
qm_cb,qm_phc/qm_t,qm_r,qm_v,qm,m_z
0.11,0.0051942084223349635,0.07793071363981892,0,0.11519420842233496,0.5194208422334964
number of iterations,7,Execution time: ,4.448132038116455
