architecture,t_cbt,t_hxt,eta_hpfp,eta_r,p_cbt,qm_cb0,t0,p0,tpr_hx,Q_hx,pcc,v
after,490,260,0.71,0.71,1330000.0,0.11,25.2,345000.0,0.95,149000.0,True,0
P_hpfp,P_rv,p_hpfp
40426.01696598528,58426.93205322299,1889366.2640801906
Q,Q_phc
728124.3133142951,579124.3133142951
qm_cb,qm_phc/qm_t,qm_r,qm_v,qm,m_z
0.11,0.005196102987715691,0.0852206740426517,0,0.1151961029877157,0.5196102987715691
number of iterations,7,Execution time: ,4.491692543029785
