architecture,t_cbt,t_hxt,eta_hpfp,eta_r,p_cbt,qm_cb0,t0,p0,tpr_hx,Q_hx,pcc,v
after,490,220,0.71,0.71,1330000.0,0.10998,25.2,345000.0,0.95,159000.0,True,0
P_hpfp,P_rv,p_hpfp
40372.300422664695,40113.75436940602,1889258.8433249607
Q,Q_phc
745292.2752998441,586292.2752998441
qm_cb,qm_phc/qm_t,qm_r,qm_v,qm,m_z
0.10998,0.005049083933821863,0.05852934891039875,0,0.11502908393382186,0.5049083933821862
number of iterations,12,Execution time: ,8.071574449539185
