architecture,t_cbt,t_hxt,eta_hpfp,eta_r,p_cbt,qm_cb0,t0,p0,tpr_hx,Q_hx,pcc,v
after,490,270,0.71,0.71,1330000.0,0.11,25.2,345000.0,0.95,149000.0,True,0
P_hpfp,P_rv,p_hpfp
40425.470306502735,63771.010793749665,1889366.2640801906
Q,Q_phc
722769.5984604666,573769.5984604666
qm_cb,qm_phc/qm_t,qm_r,qm_v,qm,m_z
0.11,0.005194538519678772,0.09301517616585046,0,0.11519453851967877,0.5194538519678772
number of iterations,7,Execution time: ,4.462216854095459
