architecture,t_cbt,t_hxt,eta_hpfp,eta_r,p_cbt,qm_cb0,t0,p0,tpr_hx,Q_hx,pcc,v
after,490,230,0.71,0.71,1330000.0,0.10998,25.2,345000.0,0.95,159000.0,True,0
P_hpfp,P_rv,p_hpfp
40375.260156974226,44263.168644195655,1889258.8433249607
Q,Q_phc
741200.4399380366,582200.4399380366
qm_cb,qm_phc/qm_t,qm_r,qm_v,qm,m_z
0.10998,0.0050575168326844055,0.06458389140293729,0,0.1150375168326844,0.50575168326844
number of iterations,12,Execution time: ,8.579058170318604
