architecture,t_cbt,t_hxt,eta_hpfp,eta_r,p_cbt,qm_cb0,t0,p0,tpr_hx,Q_hx,pcc,v
after,490,260,0.71,0.71,1330000.0,0.10604876981202063,25.2,345000.0,0.95,159000.0,True,0
P_hpfp,P_rv,p_hpfp
39408.16820055852,56932.303525038544,1889258.8433249607
Q,Q_phc
709711.8243479175,550711.8243479175
qm_cb,qm_phc/qm_t,qm_r,qm_v,qm,qm_pot
0.10604876981202063,0.00472848501348998,0.08306917888663876,0,0.11077725482551061,0.0015040364621522727
number of iterations,12,Execution time: ,6.025669097900391
