architecture,t_cbt,t_hxt,eta_hpfp,eta_r,p_cbt,qm_cb0,t0,p0,tpr_hx,Q_hx,pcc,v
after,490,250,0.71,0.71,1330000.0,0.10998,25.2,345000.0,0.95,159000.0,True,0
P_hpfp,P_rv,p_hpfp
40378.5760717802,53344.957076788814,1889258.8433249607
Q,Q_phc
732183.1595828931,573183.1595828931
qm_cb,qm_phc/qm_t,qm_r,qm_v,qm,m_z
0.10998,0.00506696456388972,0.07783518392880885,0,0.11504696456388971,0.5066964563889713
number of iterations,12,Execution time: ,8.28380799293518
