architecture,t_cbt,t_hxt,eta_hpfp,eta_r,p_cbt,qm_cb0,t0,p0,tpr_hx,Q_hx,pcc,v
after,490,220,0.71,0.71,1330000.0,0.10604876981202063,25.2,345000.0,0.95,159000.0,True,0
P_hpfp,P_rv,p_hpfp
39309.44250634841,39058.40379546251,1889258.8433249607
Q,Q_phc
725665.1203754598,566665.1203754598
qm_cb,qm_phc/qm_t,qm_r,qm_v,qm,qm_pot
0.10604876981202063,0.00465495633094379,0.05698873706035475,0,0.11070372614296442,0.0012962770530326032
number of iterations,12,Execution time: ,5.71143364906311
