architecture,t_cbt,t_hxt,eta_hpfp,eta_r,p_cbt,qm_cb0,t0,p0,tpr_hx,Q_hx,pcc,v
after,490,260,0.71,0.71,1330000.0,0.10998,25.2,345000.0,0.95,159000.0,True,0
P_hpfp,P_rv,p_hpfp
40378.69298449947,58334.351243704135,1889258.8433249607
Q,Q_phc
727196.0398455667,568196.0398455667
qm_cb,qm_phc/qm_t,qm_r,qm_v,qm,m_z
0.10998,0.005067297672552276,0.08511518725667326,0,0.11504729767255227,0.5067297672552279
number of iterations,12,Execution time: ,8.222869634628296
