architecture,t_cbt,t_hxt,eta_hpfp,eta_r,p_cbt,qm_cb0,t0,p0,tpr_hx,Q_hx,pcc,v
after,490,210,0.71,0.71,1330000.0,0.11,25.2,345000.0,0.95,149000.0,True,0
P_hpfp,P_rv,p_hpfp
40413.27132990814,36252.54723829365,1889366.2640801906
Q,Q_phc
750050.7118896225,601050.7118896225
qm_cb,qm_phc/qm_t,qm_r,qm_v,qm,m_z
0.11,0.005159760498151082,0.05287411752435692,0,0.11515976049815108,0.5159760498151083
number of iterations,7,Execution time: ,4.381464719772339
