architecture,t_cbt,t_hxt,eta_hpfp,eta_r,p_cbt,qm_cb0,t0,p0,tpr_hx,Q_hx,pcc,v
after,500,190,0.71,0.71,1330000.0,0.11,25.2,345000.0,0.95,149000.0,True,0
P_hpfp,P_rv,p_hpfp
40457.0013928647,28775.679983393326,1889366.2640801906
Q,Q_phc
775134.9522319371,626134.9522319371
qm_cb,qm_phc/qm_t,qm_r,qm_v,qm,m_z
0.11,0.005284249116165857,0.04112494865568286,0,0.11528424911616586,0.5284249116165857
number of iterations,7,Execution time: ,3.936260461807251
