architecture,t_cbt,t_hxt,eta_hpfp,eta_r,p_cbt,qm_cb0,t0,p0,tpr_hx,Q_hx,pcc,v
after,500,160,0.71,0.71,1330000.0,0.10592131482994813,25.2,345000.0,0.95,159000.0,True,0
P_hpfp,P_rv,p_hpfp
39173.18239683057,18855.300807911157,1889258.8433249607
Q,Q_phc
759440.1513067753,600440.1513067753
qm_cb,qm_phc/qm_t,qm_r,qm_v,qm,qm_pot
0.10592131482994813,0.004625566673634316,0.02695350155235865,0,0.11054688150358244,0.0010648909842578933
number of iterations,12,Execution time: ,5.694066524505615
