architecture,t_cbt,t_hxt,eta_hpfp,eta_r,p_cbt,qm_cb0,t0,p0,tpr_hx,Q_hx,pcc,v
after,500,190,0.71,0.71,1330000.0,0.10592131482994813,25.2,345000.0,0.95,159000.0,True,0
P_hpfp,P_rv,p_hpfp
39241.61081935583,27891.031225021125,1889258.8433249607
Q,Q_phc
751763.961442365,592763.961442365
qm_cb,qm_phc/qm_t,qm_r,qm_v,qm,qm_pot
0.10592131482994813,0.0047111372081109285,0.03988314437571065,0,0.11063245203805905,0.001174285909804999
number of iterations,12,Execution time: ,5.2842888832092285
