architecture,t_cbt,t_hxt,eta_hpfp,eta_r,p_cbt,qm_cb0,t0,p0,tpr_hx,Q_hx,pcc,v
after,500,180,0.71,0.71,1330000.0,0.10998,25.2,345000.0,0.95,159000.0,True,0
P_hpfp,P_rv,p_hpfp
40406.89973674786,25454.24514485428,1889258.8433249607
Q,Q_phc
777358.6397316941,618358.6397316941
qm_cb,qm_phc/qm_t,qm_r,qm_v,qm,m_z
0.10998,0.005147664578522768,0.03639847355646393,0,0.11512766457852276,0.5147664578522771
number of iterations,12,Execution time: ,7.922620058059692
