architecture,t_cbt,t_hxt,eta_hpfp,eta_r,p_cbt,qm_cb0,t0,p0,tpr_hx,Q_hx,pcc,v
after,500,160,0.71,0.71,1330000.0,0.10998,25.2,345000.0,0.95,159000.0,True,0
P_hpfp,P_rv,p_hpfp
40393.75298644863,19438.130071061056,1889258.8433249607
Q,Q_phc
783113.5523721593,624113.5523721593
qm_cb,qm_phc/qm_t,qm_r,qm_v,qm,m_z
0.10998,0.00511020675155241,0.027789767165031058,0,0.1150902067515524,0.5110206751552415
number of iterations,12,Execution time: ,7.4517645835876465
