architecture,t_cbt,t_hxt,eta_hpfp,eta_r,p_cbt,qm_cb0,t0,p0,tpr_hx,Q_hx,pcc,v
after,500,100,0.71,0.71,1330000.0,0.10592131482994813,25.2,345000.0,0.95,159000.0,True,0
P_hpfp,P_rv,p_hpfp
39056.340664242445,5374.710585572018,1889258.861393996
Q,Q_phc
770599.3004737173,611599.3004737173
qm_cb,qm_phc/qm_t,qm_r,qm_v,qm,qm_pot
0.10592131482994813,0.004459737777599245,0.007680363359092976,0,0.11038105260754737,0.0008978128398213032
number of iterations,17,Execution time: ,8.351153373718262
