architecture,t_cbt,t_hxt,eta_hpfp,eta_r,p_cbt,qm_cb0,t0,p0,tpr_hx,Q_hx,pcc,v
after,500,170,0.71,0.71,1330000.0,0.10998,25.2,345000.0,0.95,159000.0,True,0
P_hpfp,P_rv,p_hpfp
40400.465711781544,22360.411244608084,1889258.8433249607
Q,Q_phc
780324.6410543798,621324.6410543798
qm_cb,qm_phc/qm_t,qm_r,qm_v,qm,m_z
0.10998,0.00512933270270359,0.03197193949384,0,0.11510933270270358,0.5129332702703587
number of iterations,12,Execution time: ,7.402205467224121
