architecture,t_cbt,t_hxt,eta_hpfp,eta_r,p_cbt,qm_cb0,t0,p0,tpr_hx,Q_hx,pcc,v
after,500,150,0.71,0.71,1330000.0,0.10592131482994813,25.2,345000.0,0.95,159000.0,True,0
P_hpfp,P_rv,p_hpfp
39151.61293487229,16183.58675010278,1889258.8433249607
Q,Q_phc
761683.3218274099,602683.3218274099
qm_cb,qm_phc/qm_t,qm_r,qm_v,qm,qm_pot
0.10592131482994813,0.004596762004098039,0.02312810560849661,0,0.11051807683404616,0.0010322401954046749
number of iterations,12,Execution time: ,5.951619863510132
