architecture,t_cbt,t_hxt,eta_hpfp,eta_r,p_cbt,qm_cb0,t0,p0,tpr_hx,Q_hx,pcc,v
after,500,140,0.71,0.71,1330000.0,0.10592131482994813,25.2,345000.0,0.95,159000.0,True,0
P_hpfp,P_rv,p_hpfp
39130.609206494424,13669.432587690017,1889258.855973307
Q,Q_phc
763780.1573612009,604780.1573612009
qm_cb,qm_phc/qm_t,qm_r,qm_v,qm,qm_pot
0.10592131482994813,0.004567914760886518,0.01953590787466073,0,0.11048922959083464,0.001001241796691347
number of iterations,13,Execution time: ,5.93631649017334
