architecture,t_cbt,t_hxt,eta_hpfp,eta_r,p_cbt,qm_cb0,t0,p0,tpr_hx,Q_hx,pcc,v
after,500,170,0.71,0.71,1330000.0,0.11,25.2,345000.0,0.95,149000.0,True,0
P_hpfp,P_rv,p_hpfp
40443.52378645338,22402.946968646895,1889366.271814466
Q,Q_phc
781239.8502457363,632239.8502457363
qm_cb,qm_phc/qm_t,qm_r,qm_v,qm,m_z
0.11,0.005245800152011004,0.03201238103339873,0,0.11524580015201101,0.5245800152011003
number of iterations,8,Execution time: ,4.23902440071106
