architecture,t_cbt,t_hxt,eta_hpfp,eta_r,p_cbt,qm_cb0,t0,p0,tpr_hx,Q_hx,pcc,v
after,500,150,0.71,0.71,1330000.0,0.10998,25.2,345000.0,0.95,159000.0,True,0
P_hpfp,P_rv,p_hpfp
40386.84305027707,16688.372363930514,1889258.8433249607
Q,Q_phc
785726.0219966023,626726.0219966023
qm_cb,qm_phc/qm_t,qm_r,qm_v,qm,m_z
0.10998,0.0050905189056894284,0.023853147854575166,0,0.11507051890568942,0.5090518905689426
number of iterations,12,Execution time: ,7.511290073394775
