architecture,t_cbt,t_hxt,eta_hpfp,eta_r,p_cbt,qm_cb0,t0,p0,tpr_hx,Q_hx,pcc,v
after,500,110,0.71,0.71,1330000.0,0.10998,25.2,345000.0,0.95,159000.0,True,0
P_hpfp,P_rv,p_hpfp
40358.56771373129,7426.091792030921,1889258.8609416161
Q,Q_phc
794426.5004364727,635426.5004364727
qm_cb,qm_phc/qm_t,qm_r,qm_v,qm,m_z
0.10998,0.005009953622334973,0.010609761466679251,0,0.11498995362233497,0.5009953622334972
number of iterations,15,Execution time: ,9.90453028678894
