architecture,t_cbt,t_hxt,eta_hpfp,eta_r,p_cbt,qm_cb0,t0,p0,tpr_hx,Q_hx,pcc,v
after,500,180,0.71,0.71,1330000.0,0.10592131482994813,25.2,345000.0,0.95,159000.0,True,0
P_hpfp,P_rv,p_hpfp
39218.27208617276,24708.090366388165,1889258.8433249607
Q,Q_phc
754483.2067627981,595483.2067627981
qm_cb,qm_phc/qm_t,qm_r,qm_v,qm,qm_pot
0.10592131482994813,0.004682998681745192,0.03532951767366402,0,0.11060431351169332,0.0011359279909293088
number of iterations,12,Execution time: ,5.563539028167725
