architecture,t_cbt,t_hxt,eta_hpfp,eta_r,p_cbt,qm_cb0,t0,p0,tpr_hx,Q_hx,pcc,v
after,500,140,0.71,0.71,1330000.0,0.10998,25.2,345000.0,0.95,159000.0,True,0
P_hpfp,P_rv,p_hpfp
40379.755805032626,14101.688214923435,1889258.855973307
Q,Q_phc
788171.8796409077,629171.8796409077
qm_cb,qm_phc/qm_t,qm_r,qm_v,qm,m_z
0.10998,0.005070323738425711,0.020156138016455175,0,0.1150503237384257,0.5070323738425706
number of iterations,13,Execution time: ,7.768594264984131
