architecture,t_cbt,t_hxt,eta_hpfp,eta_r,p_cbt,qm_cb0,t0,p0,tpr_hx,Q_hx,pcc,v
after,500,140,0.71,0.71,1330000.0,0.11,25.2,345000.0,0.95,149000.0,True,0
P_hpfp,P_rv,p_hpfp
40421.37042237636,14120.653384920526,1889366.2728114282
Q,Q_phc
789081.9368476521,640081.9368476521
qm_cb,qm_phc/qm_t,qm_r,qm_v,qm,m_z
0.11,0.005182697145640087,0.02017495175645452,0,0.11518269714564008,0.5182697145640087
number of iterations,10,Execution time: ,5.133203029632568
