architecture,t_cbt,t_hxt,eta_hpfp,eta_r,p_cbt,qm_cb0,t0,p0,tpr_hx,Q_hx,pcc,v
after,500,120,0.71,0.71,1330000.0,0.11,25.2,345000.0,0.95,149000.0,True,0
P_hpfp,P_rv,p_hpfp
40406.278040055746,9483.146260097514,1889366.2728233607
Q,Q_phc
793419.5471109571,644419.5471109571
qm_cb,qm_phc/qm_t,qm_r,qm_v,qm,m_z
0.11,0.005139667408093263,0.013544385218944157,0,0.11513966740809327,0.5139667408093263
number of iterations,11,Execution time: ,5.41638708114624
