architecture,t_cbt,t_hxt,eta_hpfp,eta_r,p_cbt,qm_cb0,t0,p0,tpr_hx,Q_hx,pcc,v
after,500,250,0.71,0.71,1330000.0,0.10998,25.2,345000.0,0.95,159000.0,True,0
P_hpfp,P_rv,p_hpfp
40437.50175167716,52522.26348779501,1889258.8433249607
Q,Q_phc
750898.6287352334,591898.6287352334
qm_cb,qm_phc/qm_t,qm_r,qm_v,qm,m_z
0.10998,0.005234856086239553,0.07511116871277694,0,0.11521485608623955,0.5234856086239553
number of iterations,12,Execution time: ,7.320568561553955
