architecture,t_cbt,t_hxt,eta_hpfp,eta_r,p_cbt,qm_cb0,t0,p0,tpr_hx,Q_hx,pcc,v
after,500,240,0.71,0.71,1330000.0,0.10998,25.2,345000.0,0.95,159000.0,True,0
P_hpfp,P_rv,p_hpfp
40435.26545084797,47974.88333368546,1889258.8433249607
Q,Q_phc
755401.5775884556,596401.5775884556
qm_cb,qm_phc/qm_t,qm_r,qm_v,qm,m_z
0.10998,0.0052284843998830766,0.06860800671816503,0,0.11520848439988307,0.5228484399883081
number of iterations,12,Execution time: ,7.588317155838013
