architecture,t_cbt,t_hxt,eta_hpfp,eta_r,p_cbt,qm_cb0,t0,p0,tpr_hx,Q_hx,pcc,v
after,500,240,0.71,0.71,1330000.0,0.10592131482994813,25.2,345000.0,0.95,159000.0,True,0
P_hpfp,P_rv,p_hpfp
39364.07859207237,46704.15443141137,1889258.8433249607
Q,Q_phc
735384.03627361,576384.03627361
qm_cb,qm_phc/qm_t,qm_r,qm_v,qm,qm_pot
0.10592131482994813,0.004837078453221245,0.06679038846542938,0,0.11075839328316937,0.0013972784083732836
number of iterations,12,Execution time: ,5.542219877243042
