architecture,t_cbt,t_hxt,eta_hpfp,eta_r,p_cbt,qm_cb0,t0,p0,tpr_hx,Q_hx,pcc,v
after,500,270,0.71,0.71,1330000.0,0.10592131482994813,25.2,345000.0,0.95,159000.0,True,0
P_hpfp,P_rv,p_hpfp
39441.40726698882,60970.94926843401,1889258.8433249607
Q,Q_phc
722653.612809121,563653.612809121
qm_cb,qm_phc/qm_t,qm_r,qm_v,qm,qm_pot
0.10592131482994813,0.004892109086782884,0.08719331869349635,0,0.110813423916731,0.0015625717297083834
number of iterations,12,Execution time: ,5.1699934005737305
