architecture,t_cbt,t_hxt,eta_hpfp,eta_r,p_cbt,qm_cb0,t0,p0,tpr_hx,Q_hx,pcc,v
after,500,280,0.71,0.71,1330000.0,0.10998,25.2,345000.0,0.95,159000.0,True,0
P_hpfp,P_rv,p_hpfp
40437.75936423798,68026.26987797901,1889258.8433249607
Q,Q_phc
735399.7406462424,576399.7406462424
qm_cb,qm_phc/qm_t,qm_r,qm_v,qm,m_z
0.10998,0.005235590078025265,0.09728319112559583,0,0.11521559007802526,0.5235590078025258
number of iterations,12,Execution time: ,6.878626346588135
