architecture,t_cbt,t_hxt,eta_hpfp,eta_r,p_cbt,qm_cb0,t0,p0,tpr_hx,Q_hx,pcc,v
after,500,250,0.71,0.71,1330000.0,0.11,25.2,345000.0,0.95,149000.0,True,0
P_hpfp,P_rv,p_hpfp
40484.63513725976,52605.6258728707,1889366.2640801906
Q,Q_phc
751854.1093447158,602854.1093447158
qm_cb,qm_phc/qm_t,qm_r,qm_v,qm,m_z
0.11,0.0053631508101742555,0.07520395430746303,0,0.11536315081017426,0.5363150810174255
number of iterations,7,Execution time: ,4.0136799812316895
