architecture,t_cbt,t_hxt,eta_hpfp,eta_r,p_cbt,qm_cb0,t0,p0,tpr_hx,Q_hx,pcc,v
after,500,260,0.71,0.71,1330000.0,0.11,25.2,345000.0,0.95,149000.0,True,0
P_hpfp,P_rv,p_hpfp
40486.45055359421,57449.496067292246,1889366.2640801906
Q,Q_phc
747046.3128196944,598046.3128196944
qm_cb,qm_phc/qm_t,qm_r,qm_v,qm,m_z
0.11,0.005368318821614518,0.08212835301329968,0,0.11536831882161452,0.5368318821614518
number of iterations,7,Execution time: ,3.825500011444092
