architecture,t_cbt,t_hxt,eta_hpfp,eta_r,p_cbt,qm_cb0,t0,p0,tpr_hx,Q_hx,pcc,v
after,500,260,0.71,0.71,1330000.0,0.10592131482994813,25.2,345000.0,0.95,159000.0,True,0
P_hpfp,P_rv,p_hpfp
39415.330019241956,55905.90516774234,1889258.8433249607
Q,Q_phc
727200.552378007,568200.552378007
qm_cb,qm_phc/qm_t,qm_r,qm_v,qm,qm_pot
0.10592131482994813,0.004876153622435151,0.07994984241336582,0,0.11079746845238328,0.0015042282051930826
number of iterations,12,Execution time: ,5.904382228851318
