architecture,t_cbt,t_hxt,eta_hpfp,eta_r,p_cbt,qm_cb0,t0,p0,tpr_hx,Q_hx,pcc,v
after,500,220,0.71,0.71,1330000.0,0.10592131482994813,25.2,345000.0,0.95,159000.0,True,0
P_hpfp,P_rv,p_hpfp
39314.06587638806,38544.7458314958,1889258.8433249607
Q,Q_phc
742549.7888368346,583549.7888368346
qm_cb,qm_phc/qm_t,qm_r,qm_v,qm,qm_pot
0.10592131482994813,0.004790540930164674,0.05512126461961883,0,0.1107118557601128,0.001301320287652192
number of iterations,12,Execution time: ,5.664308309555054
