architecture,t_cbt,t_hxt,eta_hpfp,eta_r,p_cbt,qm_cb0,t0,p0,tpr_hx,Q_hx,pcc,v
after,500,270,0.71,0.71,1330000.0,0.10998,25.2,345000.0,0.95,159000.0,True,0
P_hpfp,P_rv,p_hpfp
40438.8921270123,62513.03325771344,1889258.8433249607
Q,Q_phc
740935.4832384253,581935.4832384253
qm_cb,qm_phc/qm_t,qm_r,qm_v,qm,m_z
0.10998,0.005238817554856667,0.08939880938925593,0,0.11521881755485666,0.5238817554856665
number of iterations,12,Execution time: ,7.359452486038208
