architecture,t_cbt,t_hxt,eta_hpfp,eta_r,p_cbt,qm_cb0,t0,p0,tpr_hx,Q_hx,pcc,v
after,500,220,0.71,0.71,1330000.0,0.11,25.2,345000.0,0.95,149000.0,True,0
P_hpfp,P_rv,p_hpfp
40473.79338454578,39698.545170481,1889366.2640801906
Q,Q_phc
764545.7563773192,615545.7563773192
qm_cb,qm_phc/qm_t,qm_r,qm_v,qm,m_z
0.11,0.005332249085348544,0.05675146935524923,0,0.11533224908534855,0.5332249085348544
number of iterations,7,Execution time: ,4.025931358337402
