architecture,t_cbt,t_hxt,eta_hpfp,eta_r,p_cbt,qm_cb0,t0,p0,tpr_hx,Q_hx,pcc,v
after,500,250,0.71,0.71,1330000.0,0.10592131482994813,25.2,345000.0,0.95,159000.0,True,0
P_hpfp,P_rv,p_hpfp
39389.5522567537,51161.18720127005,1889258.8433249607
Q,Q_phc
731433.1160061602,572433.1160061602
qm_cb,qm_phc/qm_t,qm_r,qm_v,qm,qm_pot
0.10592131482994813,0.004857694688964947,0.07316443099601758,0,0.11077900951891308,0.0014492414396914855
number of iterations,12,Execution time: ,5.673593997955322
