architecture,t_cbt,t_hxt,eta_hpfp,eta_r,p_cbt,qm_cb0,t0,p0,tpr_hx,Q_hx,pcc,v
after,500,210,0.71,0.71,1330000.0,0.10998,25.2,345000.0,0.95,159000.0,True,0
P_hpfp,P_rv,p_hpfp
40423.75103806804,35802.07869740439,1889258.8433249607
Q,Q_phc
767345.6114206972,608345.6114206972
qm_cb,qm_phc/qm_t,qm_r,qm_v,qm,m_z
0.10998,0.0051956774421361845,0.051199403053995916,0,0.11517567744213618,0.5195677442136182
number of iterations,12,Execution time: ,7.797530651092529
