architecture,t_cbt,t_hxt,eta_hpfp,eta_r,p_cbt,qm_cb0,t0,p0,tpr_hx,Q_hx,pcc,v
after,500,240,0.71,0.71,1330000.0,0.11,25.2,345000.0,0.95,149000.0,True,0
P_hpfp,P_rv,p_hpfp
40481.843785752535,48050.292106423585,1889366.2640801906
Q,Q_phc
756353.9768858459,607353.9768858459
qm_cb,qm_phc/qm_t,qm_r,qm_v,qm,m_z
0.11,0.0053551997893494805,0.06869189591322507,0,0.11535519978934948,0.5355199789349481
number of iterations,7,Execution time: ,3.8492891788482666
