architecture,t_cbt,t_hxt,eta_hpfp,eta_r,p_cbt,qm_cb0,t0,p0,tpr_hx,Q_hx,pcc,v
after,500,280,0.71,0.71,1330000.0,0.10592131482994813,25.2,345000.0,0.95,159000.0,True,0
P_hpfp,P_rv,p_hpfp
39467.77918528399,66394.38605732743,1889258.8433249607
Q,Q_phc
717754.1350865284,558754.1350865284
qm_cb,qm_phc/qm_t,qm_r,qm_v,qm,qm_pot
0.10592131482994813,0.004905158711891824,0.09494930863448489,0,0.11082647354183996,0.0016246606653375273
number of iterations,12,Execution time: ,5.798322677612305
