Variable,Einheit,Schrittweite,dP_mfp/P_mfp [%],dP_r/P_r [%],dQ/Q [%]
Q_fohe,kW,-7950.0,0.059558367095569414,0.059886340558075644,0.05944163141123798
tpr_fohe,-,-0.0024999999999999467,0.31214206727270044,0.7590988765057493,-0.2971132015184136
tpr_phc,-,-0.0010000000000000009,0.12083919294687008,0.29479464296848035,-0.11536198036580471
eta_r,-,-0.039999999999999925,-0.03323645852559721,3.9276175113103684,-1.443024265757755
eta_hpfp,-,-0.008000000000000007,5.474413227429581,-0.2868884779058106,-0.2086505409336408
qm_cb0,kg/s,0.0050000000000000044,4.60044445776997,4.600742629094761,4.600338329568639
dp_l,kPa,13.0,0.8730845443864379,2.1691870647163105,-0.848296532667568
dp_inj,kPa,8.445,0.5819284144298958,-0.2719339449536414,0.06662950134030647
