architecture,t_cbt,t_hxt,eta_hpfp,eta_r,p_cbt,qm_cb0,t0,p0,tpr_hx,Q_hx,pcc,v
dual,150,120,0.71,0.71,1330000.0,0.11075846956705436,25.2,345000.0,0.95,159000.0,True,0
P_hpfp,P_rv,p_hpfp
50033.352282890366,32488.165885549584,1889258.8614393128
Q,Q_phc
143371.2180164793,-15628.78198352069
qm_cb,qm_phc/qm_t,qm_r,qm_v,qm
0.11075846956705436,0.0,0.1547740334149689,0.031088755772980984,0.11075846956705436
number of iterations,31,Execution time: ,15.381716012954712
