architecture,t_cbt,t_hxt,eta_hpfp,eta_r,p_cbt,qm_cb0,t0,p0,tpr_hx,Q_hx,pcc,v
dual,150,110,0.71,0.71,1330000.0,0.11075846956705436,25.2,345000.0,0.95,159000.0,True,0
P_hpfp,P_rv,p_hpfp
49995.85433171919,21359.38139585239,1889258.8614393128
Q,Q_phc
154537.50045734766,-4462.499542652338
qm_cb,qm_phc/qm_t,qm_r,qm_v,qm
0.11075846956705436,0.0,0.10179557314236394,0.031076029356048085,0.11075846956705436
number of iterations,32,Execution time: ,16.028334856033325
