architecture,t_cbt,t_hxt,eta_hpfp,eta_r,p_cbt,qm_cb0,t0,p0,tpr_hx,Q_hx,pcc,v
dual,150,130,0.71,0.71,1330000.0,0.1107599396927491,25.2,345000.0,0.95,159000.0,True,0
P_hpfp,P_rv,p_hpfp
50564.546576272834,51307.69329406546,1889258.8614393128
Q,Q_phc
126452.96595871617,-32547.034041283827
qm_cb,qm_phc/qm_t,qm_r,qm_v,qm,qm_pot
0.1107599396927491,6.5052130349130266e-18,0.24428066494237116,0.03142110934424393,0.1107599396927491,0.0011912048562585727
number of iterations,32,Execution time: ,14.463533163070679
