architecture,t_cbt,t_hxt,eta_hpfp,eta_r,p_cbt,qm_cb0,t0,p0,tpr_hx,Q_hx,pcc,v
dual,150,120,0.71,0.71,1330000.0,0.11,25.2,345000.0,0.95,149000.0,True,0
P_hpfp,P_rv,p_hpfp
49652.978581968404,32303.196046407265,1889366.2728249198
Q,Q_phc
142389.6571393498,-6610.342860650213
qm_cb,qm_phc/qm_t,qm_r,qm_v,qm,m_z
0.11,0.0,0.15382510752555453,0.030861952982107296,0.11,0.0
number of iterations,23,Execution time: ,14.649108648300171
