architecture,t_cbt,t_hxt,eta_hpfp,eta_r,p_cbt,qm_cb0,t0,p0,tpr_hx,Q_hx,pcc,v
dual,150,110,0.71,0.71,1330000.0,0.1107599396927491,25.2,345000.0,0.95,159000.0,True,0
P_hpfp,P_rv,p_hpfp
50387.073930398066,21519.03369155134,1889258.8614393128
Q,Q_phc
155703.9798650996,-3296.0201349004055
qm_cb,qm_phc/qm_t,qm_r,qm_v,qm,qm_pot
0.1107599396927491,-1.0842021724855044e-19,0.10255515218247162,0.031316162068526845,0.1107599396927491,0.0008405720096361092
number of iterations,32,Execution time: ,14.687636613845825
