architecture,t_cbt,t_hxt,eta_hpfp,eta_r,p_cbt,qm_cb0,t0,p0,tpr_hx,Q_hx,pcc,v
dual,150,120,0.71,0.71,1330000.0,0.1107599396927491,25.2,345000.0,0.95,159000.0,True,0
P_hpfp,P_rv,p_hpfp
50491.08327175463,32772.03941936955,1889258.8614393128
Q,Q_phc
144617.96007027902,-14382.03992972098
qm_cb,qm_phc/qm_t,qm_r,qm_v,qm,qm_pot
0.1107599396927491,-3.7947076036992655e-18,0.15612196628367941,0.03136842234299052,0.1107599396927491,0.0009734449047734028
number of iterations,31,Execution time: ,14.918096542358398
