architecture,t_cbt,t_hxt,eta_hpfp,eta_r,p_cbt,qm_cb0,t0,p0,tpr_hx,Q_hx,pcc,v
dual,150,130,0.71,0.71,1330000.0,0.10998,25.2,345000.0,0.95,159000.0,True,0
P_hpfp,P_rv,p_hpfp
49678.85051107764,50432.386272791446,1889258.8614393128
Q,Q_phc
124193.80483262587,-34806.19516737413
qm_cb,qm_phc/qm_t,qm_r,qm_v,qm,m_z
0.10998,0.0,0.24007418506433895,0.030869492370135858,0.10998,0.0
number of iterations,29,Execution time: ,16.975504159927368
