architecture,t_cbt,t_hxt,eta_hpfp,eta_r,p_cbt,qm_cb0,t0,p0,tpr_hx,Q_hx,pcc,v
dual,150,120,0.71,0.71,1330000.0,0.1107599396927491,25.2,345000.0,0.95,159000.0,True,0
P_hpfp,P_rv,p_hpfp
50490.91011804199,32772.175931071426,1889258.8614393128
Q,Q_phc
144617.99558884048,-14382.00441115952
qm_cb,qm_phc/qm_t,qm_r,qm_v,qm,qm_pot
0.1107599396927491,-1.6263032587282567e-18,0.15612254716031015,0.03136836342940895,0.1107599396927491,0.0009734443539300158
number of iterations,31,Execution time: ,14.034468173980713
