architecture,t_cbt,t_hxt,eta_hpfp,eta_r,p_cbt,qm_cb0,t0,p0,tpr_hx,Q_hx,pcc,v
dual,160,120,0.71,0.71,1330000.0,0.10998,25.2,345000.0,0.95,159000.0,True,0
P_hpfp,P_rv,p_hpfp
48704.67402297712,26793.39849931597,1889258.8614393126
Q,Q_phc
167024.4253902064,8024.425390206394
qm_cb,qm_phc/qm_t,qm_r,qm_v,qm,m_z
0.10998,6.27411819869167e-05,0.11965738206360586,0.028002300774676615,0.11004274118198691,0.006274118198691978
number of iterations,28,Execution time: ,16.096534252166748
