architecture,t_cbt,t_hxt,eta_hpfp,eta_r,p_cbt,qm_cb0,t0,p0,tpr_hx,Q_hx,pcc,v
dual,160,100,0.71,0.71,1330000.0,0.11060270488238391,25.2,345000.0,0.95,159000.0,True,0
P_hpfp,P_rv,p_hpfp
49190.93040928318,12445.50255952461,1889258.8614393128
Q,Q_phc
184129.08814001313,25129.088140013133
qm_cb,qm_phc/qm_t,qm_r,qm_v,qm,qm_pot
0.11060270488238391,0.000192144866749669,0.05559209066445476,0.02832528924002485,0.11079484974913358,0.0007193885735793603
number of iterations,36,Execution time: ,17.350092887878418
