architecture,t_cbt,t_hxt,eta_hpfp,eta_r,p_cbt,qm_cb0,t0,p0,tpr_hx,Q_hx,pcc,v
dual,160,140,0.71,0.71,1330000.0,0.11060270488238391,25.2,345000.0,0.95,159000.0,True,0
P_hpfp,P_rv,p_hpfp
49521.32447777657,60991.69027694417,1889258.8614393128
Q,Q_phc
136087.67919299298,-22912.320807007025
qm_cb,qm_phc/qm_t,qm_r,qm_v,qm,qm_pot
0.11060270488238391,6.5052130349130266e-18,0.2721517944308363,0.02847241039920366,0.11060270488238391,0.0012904867718490716
number of iterations,31,Execution time: ,14.294279098510742
