architecture,t_cbt,t_hxt,eta_hpfp,eta_r,p_cbt,qm_cb0,t0,p0,tpr_hx,Q_hx,pcc,v
dual,160,120,0.71,0.71,1330000.0,0.11060161286267793,25.2,345000.0,0.95,159000.0,True,0
P_hpfp,P_rv,p_hpfp
48978.836425945236,26939.292467388754,1889258.8614393128
Q,Q_phc
167987.9839236934,8987.983923693391
qm_cb,qm_phc/qm_t,qm_r,qm_v,qm
0.11060161286267793,6.893307204344779e-05,0.12032181828383681,0.028160717308666306,0.11067054593472138
number of iterations,30,Execution time: ,14.461216926574707
