architecture,t_cbt,t_hxt,eta_hpfp,eta_r,p_cbt,qm_cb0,t0,p0,tpr_hx,Q_hx,pcc,v
dual,160,130,0.71,0.71,1330000.0,0.11,25.2,345000.0,0.95,149000.0,True,0
P_hpfp,P_rv,p_hpfp
48679.23914609909,39475.734654933265,1889366.2728249198
Q,Q_phc
154366.2053238282,5366.20532382821
qm_cb,qm_phc/qm_t,qm_r,qm_v,qm,m_z
0.11,4.2502743977728654e-05,0.17616682263866706,0.027992817939810764,0.11004250274397773,0.004250274397772865
number of iterations,22,Execution time: ,12.107030630111694
