architecture,t_cbt,t_hxt,eta_hpfp,eta_r,p_cbt,qm_cb0,t0,p0,tpr_hx,Q_hx,pcc,v
dual,160,100,0.71,0.71,1330000.0,0.11060270488238391,25.2,345000.0,0.95,159000.0,True,0
P_hpfp,P_rv,p_hpfp
49197.19204864468,12447.194635179958,1889258.8614393128
Q,Q_phc
184153.20975130802,25153.209751308023
qm_cb,qm_phc/qm_t,qm_r,qm_v,qm,qm_pot
0.11060270488238391,0.00018897421292016138,0.055599619101313814,0.02832893749930555,0.11079167909530407,0.0007371131630727064
number of iterations,36,Execution time: ,17.50099229812622
