architecture,t_cbt,t_hxt,eta_hpfp,eta_r,p_cbt,qm_cb0,t0,p0,tpr_hx,Q_hx,pcc,v
dual,160,100,0.71,0.71,1330000.0,0.11060161286267793,25.2,345000.0,0.95,159000.0,True,0
P_hpfp,P_rv,p_hpfp
48864.05172342326,12366.002638630202,1889258.8614393128
Q,Q_phc
182927.48059755907,23927.48059755907
qm_cb,qm_phc/qm_t,qm_r,qm_v,qm
0.11060161286267793,0.00018301395939229748,0.05523669731317155,0.028138358786492214,0.11078462682207023
number of iterations,36,Execution time: ,17.932518005371094
