architecture,t_cbt,t_hxt,eta_hpfp,eta_r,p_cbt,qm_cb0,t0,p0,tpr_hx,Q_hx,pcc,v
dual,160,120,0.71,0.71,1330000.0,0.11,25.2,345000.0,0.95,149000.0,True,0
P_hpfp,P_rv,p_hpfp
48721.49698095373,26838.985562926162,1889366.2728249198
Q,Q_phc
167183.7555105557,18183.755510555697
qm_cb,qm_phc/qm_t,qm_r,qm_v,qm,m_z
0.11,0.00014361474481271923,0.11982585076287693,0.028017827794145675,0.11014361474481273,0.014361474481271922
number of iterations,22,Execution time: ,17.116223335266113
