architecture,t_cbt,t_hxt,eta_hpfp,eta_r,p_cbt,qm_cb0,t0,p0,tpr_hx,Q_hx,pcc,v
dual,160,140,0.71,0.71,1330000.0,0.11060270488238391,25.2,345000.0,0.95,159000.0,True,0
P_hpfp,P_rv,p_hpfp
49521.55750766618,60991.485379141675,1889258.8614393128
Q,Q_phc
136087.65217483242,-22912.347825167584
qm_cb,qm_phc/qm_t,qm_r,qm_v,qm,qm_pot
0.11060270488238391,-6.505213034913027e-19,0.27215096831544966,0.02847248303825266,0.11060270488238391,0.001290487277284786
number of iterations,31,Execution time: ,14.433000326156616
