architecture,t_cbt,t_hxt,eta_hpfp,eta_r,p_cbt,qm_cb0,t0,p0,tpr_hx,Q_hx,pcc,v
dual,170,140,0.71,0.71,1330000.0,0.11044538379861257,25.2,345000.0,0.95,159000.0,True,0
P_hpfp,P_rv,p_hpfp
48546.549618762554,47924.32913863975,1889258.8614393128
Q,Q_phc
167997.8508889561,8997.850888956105
qm_cb,qm_phc/qm_t,qm_r,qm_v,qm,qm_pot
0.11044538379861257,6.852796502486154e-05,0.20131707891870448,0.025969513898690014,0.11051391176363744,0.0011309913421417045
number of iterations,30,Execution time: ,13.430936336517334
