architecture,t_cbt,t_hxt,eta_hpfp,eta_r,p_cbt,qm_cb0,t0,p0,tpr_hx,Q_hx,pcc,v
dual,170,130,0.71,0.71,1330000.0,0.11044461989789839,25.2,345000.0,0.95,159000.0,True,0
P_hpfp,P_rv,p_hpfp
48080.06833233672,33087.44114441186,1889258.8614393128
Q,Q_phc
180858.10316147545,21858.103161475447
qm_cb,qm_phc/qm_t,qm_r,qm_v,qm
0.11044461989789839,0.00016892663875449354,0.1390348336255083,0.025724330339466295,0.11061354653665288
number of iterations,30,Execution time: ,14.388620138168335
