architecture,t_cbt,t_hxt,eta_hpfp,eta_r,p_cbt,qm_cb0,t0,p0,tpr_hx,Q_hx,pcc,v
dual,170,150,0.71,0.71,1330000.0,0.11,25.2,345000.0,0.95,149000.0,True,0
P_hpfp,P_rv,p_hpfp
47809.89925653329,70201.59527300924,1889366.2728249198
Q,Q_phc
142560.7255344251,-6439.274465574912
qm_cb,qm_phc/qm_t,qm_r,qm_v,qm,m_z
0.11,0.0,0.29460001387303936,0.025579461103473675,0.11,0.0
number of iterations,22,Execution time: ,14.436580657958984
