architecture,t_cbt,t_hxt,eta_hpfp,eta_r,p_cbt,qm_cb0,t0,p0,tpr_hx,Q_hx,pcc,v
dual,170,120,0.71,0.71,1330000.0,0.11044461989789839,25.2,345000.0,0.95,159000.0,True,0
P_hpfp,P_rv,p_hpfp
48078.75568083611,23356.303623873584,1889258.8614393128
Q,Q_phc
190770.3917198912,31770.391719891195
qm_cb,qm_phc/qm_t,qm_r,qm_v,qm
0.11044461989789839,0.0002448450252064277,0.09816196434011232,0.02573215128650887,0.11068946492310482
number of iterations,31,Execution time: ,14.701006174087524
