architecture,t_cbt,t_hxt,eta_hpfp,eta_r,p_cbt,qm_cb0,t0,p0,tpr_hx,Q_hx,pcc,v
dual,170,100,0.71,0.71,1330000.0,0.11044538379861257,25.2,345000.0,0.95,159000.0,True,0
P_hpfp,P_rv,p_hpfp
48315.110792356,11267.17042388653,1889258.8614393128
Q,Q_phc
204515.8285025562,45515.82850255619
qm_cb,qm_phc/qm_t,qm_r,qm_v,qm,qm_pot
0.11044538379861257,0.00034864089422247005,0.04735650712223353,0.025886173538057545,0.11079402469283504,0.0006944220108703752
number of iterations,36,Execution time: ,16.7939350605011
