architecture,t_cbt,t_hxt,eta_hpfp,eta_r,p_cbt,qm_cb0,t0,p0,tpr_hx,Q_hx,pcc,v
dual,170,140,0.71,0.71,1330000.0,0.11,25.2,345000.0,0.95,149000.0,True,0
P_hpfp,P_rv,p_hpfp
47855.33937732963,47303.22033077524,1889366.2728249198
Q,Q_phc
165728.97726005272,16728.97726005272
qm_cb,qm_phc/qm_t,qm_r,qm_v,qm,m_z
0.11,0.00013343791936552385,0.19862704836657302,0.02560701340675668,0.11013343791936553,0.013343791936552385
number of iterations,22,Execution time: ,14.310580492019653
