architecture,t_cbt,t_hxt,eta_hpfp,eta_r,p_cbt,qm_cb0,t0,p0,tpr_hx,Q_hx,pcc,v
dual,170,150,0.71,0.71,1330000.0,0.10998,25.2,345000.0,0.95,159000.0,True,0
P_hpfp,P_rv,p_hpfp
47823.34457935759,70166.68164153978,1889258.8614393126
Q,Q_phc
142534.8170757859,-16465.18292421411
qm_cb,qm_phc/qm_t,qm_r,qm_v,qm,m_z
0.10998,0.0,0.2945891663416199,0.025582495179873457,0.10998,0.0
number of iterations,28,Execution time: ,15.710537433624268
