architecture,t_cbt,t_hxt,eta_hpfp,eta_r,p_cbt,qm_cb0,t0,p0,tpr_hx,Q_hx,pcc,v
dual,170,100,0.71,0.71,1330000.0,0.11044461989789839,25.2,345000.0,0.95,159000.0,True,0
P_hpfp,P_rv,p_hpfp
48005.2661420495,11197.531027071806,1889258.8614393128
Q,Q_phc
203225.37148824817,44225.37148824817
qm_cb,qm_phc/qm_t,qm_r,qm_v,qm
0.11044461989789839,0.00033886479292584426,0.047063566045812424,0.0257212138336371,0.11078348469082423
number of iterations,36,Execution time: ,17.922520875930786
