architecture,t_cbt,t_hxt,eta_hpfp,eta_r,p_cbt,qm_cb0,t0,p0,tpr_hx,Q_hx,pcc,v
dual,170,110,0.71,0.71,1330000.0,0.11044538379861257,25.2,345000.0,0.95,159000.0,True,0
P_hpfp,P_rv,p_hpfp
48372.490658552546,16517.85414847276,1889258.8614393128
Q,Q_phc
199317.32173458132,40317.32173458132
qm_cb,qm_phc/qm_t,qm_r,qm_v,qm,qm_pot
0.11044538379861257,0.0003046144765369511,0.0694201105610068,0.025907638649447583,0.11074999827514953,0.0007846976047187128
number of iterations,34,Execution time: ,15.610763549804688
