architecture,t_cbt,t_hxt,eta_hpfp,eta_r,p_cbt,qm_cb0,t0,p0,tpr_hx,Q_hx,pcc,v
dual,170,120,0.71,0.71,1330000.0,0.11044538379861257,25.2,345000.0,0.95,159000.0,True,0
P_hpfp,P_rv,p_hpfp
48456.746163483265,23534.113646037076,1889258.8614393128
Q,Q_phc
192230.67349608062,33230.67349608062
qm_cb,qm_phc/qm_t,qm_r,qm_v,qm,qm_pot
0.11044538379861257,0.0002560215418437624,0.09890818848841224,0.025932469363313986,0.11070140534045633,0.0008391443638871397
number of iterations,31,Execution time: ,14.501540422439575
