architecture,t_cbt,t_hxt,eta_hpfp,eta_r,p_cbt,qm_cb0,t0,p0,tpr_hx,Q_hx,pcc,v
dual,170,140,0.71,0.71,1330000.0,0.11044538379861257,25.2,345000.0,0.95,159000.0,True,0
P_hpfp,P_rv,p_hpfp
48544.550401107765,47922.01448948198,1889258.8614393128
Q,Q_phc
167989.21966704278,8989.21966704278
qm_cb,qm_phc/qm_t,qm_r,qm_v,qm,qm_pot
0.11044538379861257,6.949596646049967e-05,0.20130720623681522,0.025968350440873086,0.11051487976507307,0.0011245585994550786
number of iterations,30,Execution time: ,13.932349681854248
