architecture,t_cbt,t_hxt,eta_hpfp,eta_r,p_cbt,qm_cb0,t0,p0,tpr_hx,Q_hx,pcc,v
dual,170,110,0.71,0.71,1330000.0,0.11044538379861257,25.2,345000.0,0.95,159000.0,True,0
P_hpfp,P_rv,p_hpfp
48362.356479389426,16514.26476023976,1889258.8614393128
Q,Q_phc
199274.75533083017,40274.75533083017
qm_cb,qm_phc/qm_t,qm_r,qm_v,qm,qm_pot
0.11044538379861257,0.00030939788564224725,0.06940505784567326,0.025902166861588066,0.11075478168425482,0.0007561515058505344
number of iterations,34,Execution time: ,14.833917617797852
