architecture,t_cbt,t_hxt,eta_hpfp,eta_r,p_cbt,qm_cb0,t0,p0,tpr_hx,Q_hx,pcc,v
dual,170,100,0.71,0.71,1330000.0,0.11044538379861257,25.2,345000.0,0.95,159000.0,True,0
P_hpfp,P_rv,p_hpfp
48326.51553599965,11269.904185548263,1889258.8614393128
Q,Q_phc
204564.65903085654,45564.659030856536
qm_cb,qm_phc/qm_t,qm_r,qm_v,qm,qm_pot
0.11044538379861257,0.00034308516641656534,0.04736797210585623,0.025892313734696828,0.11078846896502914,0.0007265599802327048
number of iterations,36,Execution time: ,16.74502682685852
