architecture,t_cbt,t_hxt,eta_hpfp,eta_r,p_cbt,qm_cb0,t0,p0,tpr_hx,Q_hx,pcc,v
dual,170,110,0.71,0.71,1330000.0,0.11,25.2,345000.0,0.95,149000.0,True,0
P_hpfp,P_rv,p_hpfp
47859.038887515584,16358.496889187443,1889366.2728249198
Q,Q_phc
197257.26534318423,48257.265343184234
qm_cb,qm_phc/qm_t,qm_r,qm_v,qm,m_z
0.11,0.00038112828017620326,0.06872834910137543,0.025636023279331583,0.11038112828017621,0.03811282801762032
number of iterations,25,Execution time: ,16.492696046829224
