architecture,t_cbt,t_hxt,eta_hpfp,eta_r,p_cbt,qm_cb0,t0,p0,tpr_hx,Q_hx,pcc,v
dual,170,110,0.71,0.71,1330000.0,0.10998,25.2,345000.0,0.95,159000.0,True,0
P_hpfp,P_rv,p_hpfp
47826.81236962696,16333.475811742805,1889258.8614393128
Q,Q_phc
197072.29237784064,38072.29237784064
qm_cb,qm_phc/qm_t,qm_r,qm_v,qm,m_z
0.10998,0.0002987697570327047,0.0686413150002252,0.025615748778527438,0.1102787697570327,0.02987697570327023
number of iterations,32,Execution time: ,18.498393058776855
