architecture,t_cbt,t_hxt,eta_hpfp,eta_r,p_cbt,qm_cb0,t0,p0,tpr_hx,Q_hx,pcc,v
dual,170,140,0.71,0.71,1330000.0,0.11044461989789839,25.2,345000.0,0.95,159000.0,True,0
P_hpfp,P_rv,p_hpfp
48032.543514987774,47433.361851361034,1889258.8614393128
Q,Q_phc
166293.08800747723,7293.0880074772285
qm_cb,qm_phc/qm_t,qm_r,qm_v,qm
0.11044461989789839,5.6373892047351104e-05,0.19926058191976845,0.025698544228767273,0.11050099378994574
number of iterations,30,Execution time: ,14.361084461212158
