architecture,t_cbt,t_hxt,eta_hpfp,eta_r,p_cbt,qm_cb0,t0,p0,tpr_hx,Q_hx,pcc,v
dual,170,120,0.71,0.71,1330000.0,0.11,25.2,345000.0,0.95,149000.0,True,0
P_hpfp,P_rv,p_hpfp
47940.46582364659,23279.79605938858,1889366.2728249198
Q,Q_phc
190123.25406023735,41123.25406023735
qm_cb,qm_phc/qm_t,qm_r,qm_v,qm,m_z
0.11,0.0003258198862907216,0.09781494221942087,0.025652202561234103,0.11032581988629073,0.03258198862907216
number of iterations,22,Execution time: ,13.579049825668335
