architecture,t_cbt,t_hxt,eta_hpfp,eta_r,p_cbt,qm_cb0,t0,p0,tpr_hx,Q_hx,pcc,v
dual,170,120,0.71,0.71,1330000.0,0.11044538379861257,25.2,345000.0,0.95,159000.0,True,0
P_hpfp,P_rv,p_hpfp
48465.03933297527,23538.418208395902,1889258.8614393128
Q,Q_phc
192265.01186271512,33265.011862715124
qm_cb,qm_phc/qm_t,qm_r,qm_v,qm,qm_pot
0.11044538379861257,0.00025219004024779155,0.09892623722523018,0.025936987455849773,0.11069757383886036,0.0008627898381012151
number of iterations,31,Execution time: ,14.444023370742798
