architecture,t_cbt,t_hxt,eta_hpfp,eta_r,p_cbt,qm_cb0,t0,p0,tpr_hx,Q_hx,pcc,v
dual,170,100,0.71,0.71,1330000.0,0.11,25.2,345000.0,0.95,149000.0,True,0
P_hpfp,P_rv,p_hpfp
47852.68800535188,11161.78605743513,1889366.2728249198
Q,Q_phc
202556.47733057625,53556.47733057625
qm_cb,qm_phc/qm_t,qm_r,qm_v,qm,m_z
0.11,0.00042170068546480997,0.04690274421584595,0.025638852796792785,0.11042170068546481,0.042170068546481
number of iterations,26,Execution time: ,21.42144536972046
