architecture,t_cbt,t_hxt,eta_hpfp,eta_r,p_cbt,qm_cb0,t0,p0,tpr_hx,Q_hx,pcc,v
dual,180,120,0.71,0.71,1330000.0,0.10998,25.2,345000.0,0.95,159000.0,True,0
P_hpfp,P_rv,p_hpfp
47205.72732359747,20784.56254158764,1889258.8614393128
Q,Q_phc
211694.5542540772,52694.5542540772
qm_cb,qm_phc/qm_t,qm_r,qm_v,qm,m_z
0.10998,0.0004158839348200327,0.08247410448783307,0.023630712371517804,0.11039588393482003,0.04158839348200341
number of iterations,30,Execution time: ,17.22940182685852
