architecture,t_cbt,t_hxt,eta_hpfp,eta_r,p_cbt,qm_cb0,t0,p0,tpr_hx,Q_hx,pcc,v
dual,180,140,0.71,0.71,1330000.0,0.11,25.2,345000.0,0.95,149000.0,True,0
P_hpfp,P_rv,p_hpfp
47225.781439217106,39730.13218586277,1889366.2728249198
Q,Q_phc
192609.78148003257,43609.78148003257
qm_cb,qm_phc/qm_t,qm_r,qm_v,qm,m_z
0.11,0.00034906821752881794,0.15756604797945997,0.023630336314885023,0.11034906821752882,0.034906821752881796
number of iterations,22,Execution time: ,17.571667432785034
