architecture,t_cbt,t_hxt,eta_hpfp,eta_r,p_cbt,qm_cb0,t0,p0,tpr_hx,Q_hx,pcc,v
dual,180,100,0.71,0.71,1330000.0,0.10998,25.2,345000.0,0.95,159000.0,True,0
P_hpfp,P_rv,p_hpfp
47158.56553978904,10285.185744463004,1889258.8614393128
Q,Q_phc
222448.29806599952,63448.29806599952
qm_cb,qm_phc/qm_t,qm_r,qm_v,qm,m_z
0.10998,0.0004976710073480717,0.04081583222346118,0.023626349822221407,0.11047767100734807,0.04976710073480725
number of iterations,34,Execution time: ,19.905096530914307
