architecture,t_cbt,t_hxt,eta_hpfp,eta_r,p_cbt,qm_cb0,t0,p0,tpr_hx,Q_hx,pcc,v
dual,180,160,0.71,0.71,1330000.0,0.11028832850411228,25.2,345000.0,0.95,159000.0,True,0
P_hpfp,P_rv,p_hpfp
47219.077322736994,81217.09264263895,1889258.8614393128
Q,Q_phc
150976.18551753976,-8023.814482460235
qm_cb,qm_phc/qm_t,qm_r,qm_v,qm
0.11028832850411228,0.0,0.3220228167326216,0.023623296095113138,0.11028832850411228
number of iterations,30,Execution time: ,14.43978476524353
