architecture,t_cbt,t_hxt,eta_hpfp,eta_r,p_cbt,qm_cb0,t0,p0,tpr_hx,Q_hx,pcc,v
dual,180,140,0.71,0.71,1330000.0,0.1102888053852516,25.2,345000.0,0.95,159000.0,True,0
P_hpfp,P_rv,p_hpfp
47777.45324212357,40157.72714493774,1889258.8614393128
Q,Q_phc
194776.5330024019,35776.533002401906
qm_cb,qm_phc/qm_t,qm_r,qm_v,qm,qm_pot
0.1102888053852516,0.0002782906899247905,0.15931535314492817,0.023902581067404092,0.11056709607517638,0.0010235394368742013
number of iterations,30,Execution time: ,13.861305236816406
