architecture,t_cbt,t_hxt,eta_hpfp,eta_r,p_cbt,qm_cb0,t0,p0,tpr_hx,Q_hx,pcc,v
dual,180,140,0.71,0.71,1330000.0,0.1102888053852516,25.2,345000.0,0.95,159000.0,True,0
P_hpfp,P_rv,p_hpfp
47786.454497939034,40165.866856103166,1889258.8614393128
Q,Q_phc
194815.3882868269,35815.3882868269
qm_cb,qm_phc/qm_t,qm_r,qm_v,qm,qm_pot
0.1102888053852516,0.0002746389900607955,0.15934760447234816,0.023907194307158885,0.11056344437531239,0.0010492937132666423
number of iterations,30,Execution time: ,13.038519859313965
