architecture,t_cbt,t_hxt,eta_hpfp,eta_r,p_cbt,qm_cb0,t0,p0,tpr_hx,Q_hx,pcc,v
dual,180,150,0.71,0.71,1330000.0,0.1102888053852516,25.2,345000.0,0.95,159000.0,True,0
P_hpfp,P_rv,p_hpfp
47810.60411684733,56460.49938910498,1889258.8614393128
Q,Q_phc
178604.96272435118,19604.96272435118
qm_cb,qm_phc/qm_t,qm_r,qm_v,qm,qm_pot
0.1102888053852516,0.0001529576092029509,0.22394225910317928,0.023917916049519605,0.11044176299445455,0.0012137450965836562
number of iterations,30,Execution time: ,12.560057640075684
