architecture,t_cbt,t_hxt,eta_hpfp,eta_r,p_cbt,qm_cb0,t0,p0,tpr_hx,Q_hx,pcc,v
dual,180,120,0.71,0.71,1330000.0,0.11,25.2,345000.0,0.95,149000.0,True,0
P_hpfp,P_rv,p_hpfp
47251.62510650422,20807.486094558,1889366.2728249198
Q,Q_phc
211888.09550859052,62888.095508590515
qm_cb,qm_phc/qm_t,qm_r,qm_v,qm,m_z
0.11,0.0004996004916168165,0.08254895538609457,0.023652732679384232,0.11049960049161682,0.04996004916168165
number of iterations,23,Execution time: ,15.817660093307495
