architecture,t_cbt,t_hxt,eta_hpfp,eta_r,p_cbt,qm_cb0,t0,p0,tpr_hx,Q_hx,pcc,v
dual,180,130,0.71,0.71,1330000.0,0.10998,25.2,345000.0,0.95,159000.0,True,0
P_hpfp,P_rv,p_hpfp
47241.9809357743,28689.534002763932,1889258.8614393126
Q,Q_phc
203594.2090041875,44594.20900418749
qm_cb,qm_phc/qm_t,qm_r,qm_v,qm,m_z
0.10998,0.0003530767684326863,0.11383582752085875,0.023634067163589397,0.11033307676843268,0.03530767684326797
number of iterations,28,Execution time: ,16.303821802139282
