architecture,t_cbt,t_hxt,eta_hpfp,eta_r,p_cbt,qm_cb0,t0,p0,tpr_hx,Q_hx,pcc,v
dual,180,160,0.71,0.71,1330000.0,0.1102888053852516,25.2,345000.0,0.95,159000.0,True,0
P_hpfp,P_rv,p_hpfp
47869.814979058516,82318.91992059177,1889258.8614393128
Q,Q_phc
153064.68851079495,-5935.311489205051
qm_cb,qm_phc/qm_t,qm_r,qm_v,qm,qm_pot
0.1102888053852516,-2.168404344971009e-18,0.3264041609716544,0.023948618371631793,0.1102888053852516,0.0015156513540127308
number of iterations,31,Execution time: ,14.550751686096191
