architecture,t_cbt,t_hxt,eta_hpfp,eta_r,p_cbt,qm_cb0,t0,p0,tpr_hx,Q_hx,pcc,v
dual,180,110,0.71,0.71,1330000.0,0.1102888053852516,25.2,345000.0,0.95,159000.0,True,0
P_hpfp,P_rv,p_hpfp
47637.99073849897,15002.729298688937,1889258.8614393128
Q,Q_phc
219896.8021426929,60896.802142692904
qm_cb,qm_phc/qm_t,qm_r,qm_v,qm,qm_pot
0.1102888053852516,0.00046110065142356937,0.05953584007339336,0.02385851504377125,0.11074990603667517,0.0007719735418314544
number of iterations,34,Execution time: ,15.338905572891235
