architecture,t_cbt,t_hxt,eta_hpfp,eta_r,p_cbt,qm_cb0,t0,p0,tpr_hx,Q_hx,pcc,v
dual,180,100,0.71,0.71,1330000.0,0.11028832850411228,25.2,345000.0,0.95,159000.0,True,0
P_hpfp,P_rv,p_hpfp
47283.05334055087,10314.447744977888,1889258.8614393128
Q,Q_phc
223059.96099342848,64059.96099342848
qm_cb,qm_phc/qm_t,qm_r,qm_v,qm
0.11028832850411228,0.0004914626092662605,0.04093361697010203,0.023689611653740922,0.11077979111337855
number of iterations,36,Execution time: ,17.8905189037323
