architecture,t_cbt,t_hxt,eta_hpfp,eta_r,p_cbt,qm_cb0,t0,p0,tpr_hx,Q_hx,pcc,v
dual,180,150,0.71,0.71,1330000.0,0.11,25.2,345000.0,0.95,149000.0,True,0
P_hpfp,P_rv,p_hpfp
47168.27604956713,55757.393615445886,1889366.2728249198
Q,Q_phc
176311.4851371006,27311.485137100593
qm_cb,qm_phc/qm_t,qm_r,qm_v,qm,m_z
0.11,0.00021946919826899955,0.22107057905991725,0.023602039451350875,0.110219469198269,0.021946919826899954
number of iterations,22,Execution time: ,23.020191192626953
