architecture,t_cbt,t_hxt,eta_hpfp,eta_r,p_cbt,qm_cb0,t0,p0,tpr_hx,Q_hx,pcc,v
dual,180,160,0.71,0.71,1330000.0,0.11,25.2,345000.0,0.95,149000.0,True,0
P_hpfp,P_rv,p_hpfp
47089.40537450146,81034.72963486568,1889366.2728249198
Q,Q_phc
150588.50887776498,1588.5088777649798
qm_cb,qm_phc/qm_t,qm_r,qm_v,qm,m_z
0.11,1.2815906428613984e-05,0.32114988503360065,0.02356016782613968,0.11001281590642861,0.0012815906428613984
number of iterations,22,Execution time: ,29.266968250274658
