architecture,t_cbt,t_hxt,eta_hpfp,eta_r,p_cbt,qm_cb0,t0,p0,tpr_hx,Q_hx,pcc,v
dual,180,110,0.71,0.71,1330000.0,0.10998,25.2,345000.0,0.95,159000.0,True,0
P_hpfp,P_rv,p_hpfp
47178.50476708991,14857.248434638268,1889258.8614393128
Q,Q_phc
217766.81137473386,58766.811374733865
qm_cb,qm_phc/qm_t,qm_r,qm_v,qm,m_z
0.10998,0.0004623499990456248,0.058956185461368736,0.02362812070160482,0.11044234999904562,0.04623499990456201
number of iterations,32,Execution time: ,18.53048276901245
