architecture,t_cbt,t_hxt,eta_hpfp,eta_r,p_cbt,qm_cb0,t0,p0,tpr_hx,Q_hx,pcc,v
dual,180,120,0.71,0.71,1330000.0,0.1102888053852516,25.2,345000.0,0.95,159000.0,True,0
P_hpfp,P_rv,p_hpfp
47693.98028513198,21001.657946898507,1889258.8614393128
Q,Q_phc
213899.47561919573,54899.47561919573
qm_cb,qm_phc/qm_t,qm_r,qm_v,qm,qm_pot
0.1102888053852516,0.0004174000022821807,0.08333860271380536,0.02387571820197637,0.11070620538753378,0.0008384065041429832
number of iterations,32,Execution time: ,15.107787370681763
