architecture,t_cbt,t_hxt,eta_hpfp,eta_r,p_cbt,qm_cb0,t0,p0,tpr_hx,Q_hx,pcc,v
dual,180,130,0.71,0.71,1330000.0,0.1102888053852516,25.2,345000.0,0.95,159000.0,True,0
P_hpfp,P_rv,p_hpfp
47756.89883543491,29006.21009689607,1889258.8614393128
Q,Q_phc
205833.68389438835,46833.68389438835
qm_cb,qm_phc/qm_t,qm_r,qm_v,qm,qm_pot
0.1102888053852516,0.00036295908288214694,0.11509642571644445,0.023892558509606133,0.11065176446813374,0.0008935101408391685
number of iterations,30,Execution time: ,13.596509218215942
