architecture,t_cbt,t_hxt,eta_hpfp,eta_r,p_cbt,qm_cb0,t0,p0,tpr_hx,Q_hx,pcc,v
dual,180,100,0.71,0.71,1330000.0,0.1102888053852516,25.2,345000.0,0.95,159000.0,True,0
P_hpfp,P_rv,p_hpfp
47579.445096826756,10376.88807572935,1889258.8614393128
Q,Q_phc
224437.5565119071,65437.55651190711
qm_cb,qm_phc/qm_t,qm_r,qm_v,qm,qm_pot
0.1102888053852516,0.0005018680155678188,0.04118162268963086,0.023837231449931037,0.11079067340081941,0.0006745122358208735
number of iterations,36,Execution time: ,15.769721508026123
