architecture,t_cbt,t_hxt,eta_hpfp,eta_r,p_cbt,qm_cb0,t0,p0,tpr_hx,Q_hx,pcc,v
dual,180,130,0.71,0.71,1330000.0,0.1102888053852516,25.2,345000.0,0.95,159000.0,True,0
P_hpfp,P_rv,p_hpfp
47768.79102728565,29013.773086236022,1889258.8614393128
Q,Q_phc
205886.58582826817,46886.58582826817
qm_cb,qm_phc/qm_t,qm_r,qm_v,qm,qm_pot
0.1102888053852516,0.00035797878966621047,0.1151263853349334,0.023898589205958293,0.11064678417491781,0.0009270508936049723
number of iterations,30,Execution time: ,14.159261226654053
