architecture,t_cbt,t_hxt,eta_hpfp,eta_r,p_cbt,qm_cb0,t0,p0,tpr_hx,Q_hx,pcc,v
dual,180,110,0.71,0.71,1330000.0,0.1102888053852516,25.2,345000.0,0.95,159000.0,True,0
P_hpfp,P_rv,p_hpfp
47622.6559309801,14997.814126097488,1889258.8614393128
Q,Q_phc
219825.37440000183,60825.374400001834
qm_cb,qm_phc/qm_t,qm_r,qm_v,qm,qm_pot
0.1102888053852516,0.00046806828928865876,0.05951636243438813,0.023850804310073758,0.11075687367454026,0.0007288193051620597
number of iterations,34,Execution time: ,15.626049041748047
