architecture,t_cbt,t_hxt,eta_hpfp,eta_r,p_cbt,qm_cb0,t0,p0,tpr_hx,Q_hx,pcc,v
dual,180,110,0.71,0.71,1330000.0,0.11,25.2,345000.0,0.95,149000.0,True,0
P_hpfp,P_rv,p_hpfp
47211.327964955104,14879.814344771406,1889366.2728249198
Q,Q_phc
217973.75778595026,68973.75778595026
qm_cb,qm_phc/qm_t,qm_r,qm_v,qm,m_z
0.11,0.0005460011992946098,0.059031409264348494,0.023647299886936094,0.11054600119929461,0.05460011992946098
number of iterations,25,Execution time: ,19.213317155838013
