architecture,t_cbt,t_hxt,eta_hpfp,eta_r,p_cbt,qm_cb0,t0,p0,tpr_hx,Q_hx,pcc,v
dual,180,160,0.71,0.71,1330000.0,0.1102888053852516,25.2,345000.0,0.95,159000.0,True,0
P_hpfp,P_rv,p_hpfp
47869.478701286454,82319.22583292227,1889258.8614393128
Q,Q_phc
153064.71739756103,-5935.282602438965
qm_cb,qm_phc/qm_t,qm_r,qm_v,qm,qm_pot
0.1102888053852516,-3.903127820947816e-18,0.3264052488043043,0.023948528632838504,0.1102888053852516,0.0015156507703569144
number of iterations,31,Execution time: ,13.943289995193481
