architecture,t_cbt,t_hxt,eta_hpfp,eta_r,p_cbt,qm_cb0,t0,p0,tpr_hx,Q_hx,pcc,v
dual,180,130,0.71,0.71,1330000.0,0.11028832850411228,25.2,345000.0,0.95,159000.0,True,0
P_hpfp,P_rv,p_hpfp
47397.73934186143,28752.466917385605,1889258.8614393128
Q,Q_phc
204148.80496447557,45148.80496447557
qm_cb,qm_phc/qm_t,qm_r,qm_v,qm
0.11028832850411228,0.0003499765765302698,0.11409833854475938,0.0237059659557914,0.11063830508064255
number of iterations,29,Execution time: ,13.211330890655518
