architecture,t_cbt,t_hxt,eta_hpfp,eta_r,p_cbt,qm_cb0,t0,p0,tpr_hx,Q_hx,pcc,v
dual,180,100,0.71,0.71,1330000.0,0.11,25.2,345000.0,0.95,149000.0,True,0
P_hpfp,P_rv,p_hpfp
47203.72506520974,10295.303871112646,1889366.2728249198
Q,Q_phc
222654.79504282726,73654.79504282726
qm_cb,qm_phc/qm_t,qm_r,qm_v,qm,m_z
0.11,0.0005810838112222824,0.04084999188466726,0.023649033522877328,0.11058108381122228,0.05810838112222824
number of iterations,26,Execution time: ,23.711466550827026
