architecture,t_cbt,t_hxt,eta_hpfp,eta_r,p_cbt,qm_cb0,t0,p0,tpr_hx,Q_hx,pcc,v
dual,180,150,0.71,0.71,1330000.0,0.11028832850411228,25.2,345000.0,0.95,159000.0,True,0
P_hpfp,P_rv,p_hpfp
47304.277507760016,55828.648736354444,1889258.8614393128
Q,Q_phc
176627.81141359726,17627.811413597257
qm_cb,qm_phc/qm_t,qm_r,qm_v,qm
0.11028832850411228,0.0001375117706318707,0.22143847386605536,0.023659770097949204,0.11042584027474416
number of iterations,29,Execution time: ,13.742477416992188
