architecture,t_cbt,t_hxt,eta_hpfp,eta_r,p_cbt,qm_cb0,t0,p0,tpr_hx,Q_hx,pcc,v
dual,190,120,0.71,0.71,1330000.0,0.10998,25.2,345000.0,0.95,159000.0,True,0
P_hpfp,P_rv,p_hpfp
46663.36248369175,18955.24092557743,1889258.8614393128
Q,Q_phc
232586.8405625451,73586.84056254511
qm_cb,qm_phc/qm_t,qm_r,qm_v,qm,m_z
0.10998,0.0005822428492009007,0.07124262322814559,0.021943036350905325,0.1105622428492009,0.05822428492008942
number of iterations,30,Execution time: ,17.429778814315796
