architecture,t_cbt,t_hxt,eta_hpfp,eta_r,p_cbt,qm_cb0,t0,p0,tpr_hx,Q_hx,pcc,v
dual,190,110,0.71,0.71,1330000.0,0.10998,25.2,345000.0,0.95,159000.0,True,0
P_hpfp,P_rv,p_hpfp
46635.50082495576,13738.897617638653,1889258.8614393128
Q,Q_phc
237939.3365028817,78939.33650288169
qm_cb,qm_phc/qm_t,qm_r,qm_v,qm,m_z
0.10998,0.0006223926625943121,0.05163815746824999,0.021939869195807274,0.1106023926625943,0.06223926625943103
number of iterations,32,Execution time: ,17.736177444458008
