architecture,t_cbt,t_hxt,eta_hpfp,eta_r,p_cbt,qm_cb0,t0,p0,tpr_hx,Q_hx,pcc,v
dual,190,120,0.71,0.71,1330000.0,0.1101333293105488,25.2,345000.0,0.95,159000.0,True,0
P_hpfp,P_rv,p_hpfp
46712.88080383875,18984.376227941215,1889258.8614393128
Q,Q_phc
232893.4792423101,73893.4792423101
qm_cb,qm_phc/qm_t,qm_r,qm_v,qm
0.1101333293105488,0.0005717639860643164,0.07135058135989435,0.0219685652996956,0.11070509329661311
number of iterations,32,Execution time: ,15.68026876449585
