architecture,t_cbt,t_hxt,eta_hpfp,eta_r,p_cbt,qm_cb0,t0,p0,tpr_hx,Q_hx,pcc,v
dual,190,130,0.71,0.71,1330000.0,0.11,25.2,345000.0,0.95,149000.0,True,0
P_hpfp,P_rv,p_hpfp
46725.002883035275,25730.467804576496,1889366.2728249198
Q,Q_phc
225891.03504251974,76891.03504251974
qm_cb,qm_phc/qm_t,qm_r,qm_v,qm,m_z
0.11,0.0006147303864402599,0.09668348735641988,0.021962397815388827,0.11061473038644026,0.061473038644025986
number of iterations,22,Execution time: ,17.056548595428467
