architecture,t_cbt,t_hxt,eta_hpfp,eta_r,p_cbt,qm_cb0,t0,p0,tpr_hx,Q_hx,pcc,v
dual,190,120,0.71,0.71,1330000.0,0.11013355337186614,25.2,345000.0,0.95,159000.0,True,0
P_hpfp,P_rv,p_hpfp
47048.043908594766,19117.011461885762,1889258.8614393128
Q,Q_phc
234534.20014144736,75534.20014144736
qm_cb,qm_phc/qm_t,qm_r,qm_v,qm,qm_pot
0.11013355337186614,0.0005842722743286082,0.07184883096373079,0.022125061681681744,0.11071782564619476,0.0007690193613229852
number of iterations,32,Execution time: ,13.096287727355957
