architecture,t_cbt,t_hxt,eta_hpfp,eta_r,p_cbt,qm_cb0,t0,p0,tpr_hx,Q_hx,pcc,v
dual,190,100,0.71,0.71,1330000.0,0.11013355337186614,25.2,345000.0,0.95,159000.0,True,0
P_hpfp,P_rv,p_hpfp
46975.88638980386,9690.294188068934,1889258.8614393128
Q,Q_phc
244052.6831758284,85052.6831758284
qm_cb,qm_phc/qm_t,qm_r,qm_v,qm,qm_pot
0.11013355337186614,0.0006422791221336488,0.03642263031720587,0.022107785093224974,0.11077583249399979,0.0007182824384392133
number of iterations,36,Execution time: ,16.308409452438354
