architecture,t_cbt,t_hxt,eta_hpfp,eta_r,p_cbt,qm_cb0,t0,p0,tpr_hx,Q_hx,pcc,v
dual,190,150,0.71,0.71,1330000.0,0.1101333293105488,25.2,345000.0,0.95,159000.0,True,0
P_hpfp,P_rv,p_hpfp
46709.806677695604,47016.79404496616,1889258.8614393128
Q,Q_phc
204278.78736187163,45278.787361871626
qm_cb,qm_phc/qm_t,qm_r,qm_v,qm
0.1101333293105488,0.00035474109130044507,0.17665960948392787,0.02194747486893625,0.11048807040184924
number of iterations,29,Execution time: ,13.270964622497559
