architecture,t_cbt,t_hxt,eta_hpfp,eta_r,p_cbt,qm_cb0,t0,p0,tpr_hx,Q_hx,pcc,v
dual,190,110,0.71,0.71,1330000.0,0.11013355337186614,25.2,345000.0,0.95,159000.0,True,0
P_hpfp,P_rv,p_hpfp
47015.25379720682,13853.89390321887,1889258.8614393128
Q,Q_phc
239896.86931446503,80896.86931446503
qm_cb,qm_phc/qm_t,qm_r,qm_v,qm,qm_pot
0.11013355337186614,0.0006135631354636823,0.052069235274026245,0.022119216183046107,0.11074711650732982,0.0007644809037833627
number of iterations,34,Execution time: ,15.65453553199768
