architecture,t_cbt,t_hxt,eta_hpfp,eta_r,p_cbt,qm_cb0,t0,p0,tpr_hx,Q_hx,pcc,v
dual,190,100,0.71,0.71,1330000.0,0.10998,25.2,345000.0,0.95,159000.0,True,0
P_hpfp,P_rv,p_hpfp
46615.43456971582,9614.37069885441,1889258.8614393128
Q,Q_phc
242167.89277500505,83167.89277500505
qm_cb,qm_phc/qm_t,qm_r,qm_v,qm,m_z
0.10998,0.0006535227060930904,0.036137865087310164,0.02193779409828072,0.11063352270609308,0.06535227060930945
number of iterations,34,Execution time: ,18.96661615371704
