architecture,t_cbt,t_hxt,eta_hpfp,eta_r,p_cbt,qm_cb0,t0,p0,tpr_hx,Q_hx,pcc,v
dual,190,140,0.71,0.71,1330000.0,0.1101333293105488,25.2,345000.0,0.95,159000.0,True,0
P_hpfp,P_rv,p_hpfp
46752.51893065682,34690.59677287432,1889258.8614393128
Q,Q_phc
216822.15804619176,57822.15804619176
qm_cb,qm_phc/qm_t,qm_r,qm_v,qm
0.1101333293105488,0.00045109594534002706,0.13036676009371279,0.021967115014740635,0.11058442525588882
number of iterations,29,Execution time: ,13.049296140670776
