architecture,t_cbt,t_hxt,eta_hpfp,eta_r,p_cbt,qm_cb0,t0,p0,tpr_hx,Q_hx,pcc,v
dual,190,130,0.71,0.71,1330000.0,0.1101333293105488,25.2,345000.0,0.95,159000.0,True,0
P_hpfp,P_rv,p_hpfp
46747.405098232215,25730.07318511558,1889258.8614393128
Q,Q_phc
225974.51513958228,66974.51513958228
qm_cb,qm_phc/qm_t,qm_r,qm_v,qm
0.1101333293105488,0.0005203238761882778,0.09670254182104375,0.021972328950233006,0.11065365318673707
number of iterations,30,Execution time: ,13.32459807395935
