architecture,t_cbt,t_hxt,eta_hpfp,eta_r,p_cbt,qm_cb0,t0,p0,tpr_hx,Q_hx,pcc,v
dual,190,110,0.71,0.71,1330000.0,0.1101333293105488,25.2,345000.0,0.95,159000.0,True,0
P_hpfp,P_rv,p_hpfp
46687.53577516863,13759.857496495755,1889258.8614393128
Q,Q_phc
238248.66664421977,79248.66664421977
qm_cb,qm_phc/qm_t,qm_r,qm_v,qm
0.1101333293105488,0.00061081363554992,0.051715764253493,0.021965920706366764,0.11074414294609872
number of iterations,34,Execution time: ,15.89153242111206
