architecture,t_cbt,t_hxt,eta_hpfp,eta_r,p_cbt,qm_cb0,t0,p0,tpr_hx,Q_hx,pcc,v
dual,190,160,0.71,0.71,1330000.0,0.1101333293105488,25.2,345000.0,0.95,159000.0,True,0
P_hpfp,P_rv,p_hpfp
46647.95011069509,64813.41100961765,1889258.8614393128
Q,Q_phc
186163.41647552172,27163.41647552172
qm_cb,qm_phc/qm_t,qm_r,qm_v,qm
0.1101333293105488,0.00021362646669130514,0.2434799461072053,0.02191888461366291,0.1103469557772401
number of iterations,29,Execution time: ,13.123834133148193
