architecture,t_cbt,t_hxt,eta_hpfp,eta_r,p_cbt,qm_cb0,t0,p0,tpr_hx,Q_hx,pcc,v
dual,190,140,0.71,0.71,1330000.0,0.10998,25.2,345000.0,0.95,159000.0,True,0
P_hpfp,P_rv,p_hpfp
46671.17715102118,34656.559351931326,1889258.8614393126
Q,Q_phc
216544.5676136336,57544.56761363361
qm_cb,qm_phc/qm_t,qm_r,qm_v,qm,m_z
0.10998,0.0004587283717791685,0.13023371067423709,0.021933411328348914,0.11043872837177916,0.04587283717791703
number of iterations,28,Execution time: ,15.525672197341919
