architecture,t_cbt,t_hxt,eta_hpfp,eta_r,p_cbt,qm_cb0,t0,p0,tpr_hx,Q_hx,pcc,v
dual,190,170,0.71,0.71,1330000.0,0.11013355337186614,25.2,345000.0,0.95,159000.0,True,0
P_hpfp,P_rv,p_hpfp
47270.33626881594,93916.51226986332,1889258.8614393128
Q,Q_phc
160318.39395647548,1318.3939564754837
qm_cb,qm_phc/qm_t,qm_r,qm_v,qm,qm_pot
0.11013355337186614,9.819056971831002e-06,0.35270352226297763,0.0222083261798339,0.11014337242883797,0.0016422992110374306
number of iterations,30,Execution time: ,13.41846752166748
