architecture,t_cbt,t_hxt,eta_hpfp,eta_r,p_cbt,qm_cb0,t0,p0,tpr_hx,Q_hx,pcc,v
dual,190,130,0.71,0.71,1330000.0,0.10998,25.2,345000.0,0.95,159000.0,True,0
P_hpfp,P_rv,p_hpfp
46701.480961569905,25690.323266789197,1889258.8614393126
Q,Q_phc
225671.24857240226,66671.24857240226
qm_cb,qm_phc/qm_t,qm_r,qm_v,qm,m_z
0.10998,0.0005294500932275098,0.0965548465715435,0.021947566444692274,0.1105094500932275,0.05294500932275063
number of iterations,28,Execution time: ,16.084794759750366
