architecture,t_cbt,t_hxt,eta_hpfp,eta_r,p_cbt,qm_cb0,t0,p0,tpr_hx,Q_hx,pcc,v
dual,190,140,0.71,0.71,1330000.0,0.11013355337186614,25.2,345000.0,0.95,159000.0,True,0
P_hpfp,P_rv,p_hpfp
47186.69411787954,35005.83286588641,1889258.8614393128
Q,Q_phc
218789.3552581806,59789.355258180614
qm_cb,qm_phc/qm_t,qm_r,qm_v,qm,qm_pot
0.11013355337186614,0.0004599555260962648,0.13154923402321325,0.02216936269940536,0.1105935088979624,0.0009981224097107108
number of iterations,29,Execution time: ,13.170260906219482
