architecture,t_cbt,t_hxt,eta_hpfp,eta_r,p_cbt,qm_cb0,t0,p0,tpr_hx,Q_hx,pcc,v
dual,190,100,0.71,0.71,1330000.0,0.11013355337186614,25.2,345000.0,0.95,159000.0,True,0
P_hpfp,P_rv,p_hpfp
46954.77306443119,9685.908731441663,1889258.8614393128
Q,Q_phc
243942.67762968104,84942.67762968104
qm_cb,qm_phc/qm_t,qm_r,qm_v,qm,qm_pot
0.11013355337186614,0.0006520515970087786,0.03640616410373697,0.022097835085913533,0.11078560496887492,0.0006582705640541093
number of iterations,36,Execution time: ,16.26090145111084
