architecture,t_cbt,t_hxt,eta_hpfp,eta_r,p_cbt,qm_cb0,t0,p0,tpr_hx,Q_hx,pcc,v
dual,200,150,0.71,0.71,1330000.0,0.11,25.2,345000.0,0.95,149000.0,True,0
P_hpfp,P_rv,p_hpfp
46254.41201898018,41174.004486289996,1889366.2728249198
Q,Q_phc
228969.1548915857,79969.1548915857
qm_cb,qm_phc/qm_t,qm_r,qm_v,qm,m_z
0.11,0.0006466579086539535,0.14692519968248563,0.020498585491383732,0.11064665790865395,0.06466579086539535
number of iterations,21,Execution time: ,19.473042726516724
