architecture,t_cbt,t_hxt,eta_hpfp,eta_r,p_cbt,qm_cb0,t0,p0,tpr_hx,Q_hx,pcc,v
dual,200,180,0.71,0.71,1330000.0,0.10998,25.2,345000.0,0.95,159000.0,True,0
P_hpfp,P_rv,p_hpfp
46741.49206817016,106066.91460665203,1889258.8614393128
Q,Q_phc
166950.58718380285,7950.587183802854
qm_cb,qm_phc/qm_t,qm_r,qm_v,qm,qm_pot
0.10998,6.234894565900211e-05,0.37837621860805787,0.020716485281034272,0.110042348945659,0.0017796007926678375
number of iterations,30,Execution time: ,12.261328220367432
