architecture,t_cbt,t_hxt,eta_hpfp,eta_r,p_cbt,qm_cb0,t0,p0,tpr_hx,Q_hx,pcc,v
dual,200,100,0.71,0.71,1330000.0,0.10998,25.2,345000.0,0.95,159000.0,True,0
P_hpfp,P_rv,p_hpfp
46142.26602561989,9084.005740575329,1889258.8614393128
Q,Q_phc
261518.1313936318,102518.1313936318
qm_cb,qm_phc/qm_t,qm_r,qm_v,qm
0.10998,0.0007877263510977089,0.032429595715987095,0.02048411789829872,0.1107677263510977
number of iterations,36,Execution time: ,15.809852600097656
