architecture,t_cbt,t_hxt,eta_hpfp,eta_r,p_cbt,qm_cb0,t0,p0,tpr_hx,Q_hx,pcc,v
dual,200,110,0.71,0.71,1330000.0,0.11,25.2,345000.0,0.95,149000.0,True,0
P_hpfp,P_rv,p_hpfp
46210.42770513376,12886.910817860411,1889366.2728249198
Q,Q_phc
257926.18293081355,108926.18293081355
qm_cb,qm_phc/qm_t,qm_r,qm_v,qm,m_z
0.11,0.000865437970362522,0.045996838280532616,0.020508858093410083,0.11086543797036252,0.0865437970362522
number of iterations,25,Execution time: ,24.56424903869629
