architecture,t_cbt,t_hxt,eta_hpfp,eta_r,p_cbt,qm_cb0,t0,p0,tpr_hx,Q_hx,pcc,v
dual,200,170,0.71,0.71,1330000.0,0.10998,25.2,345000.0,0.95,159000.0,True,0
P_hpfp,P_rv,p_hpfp
46700.20875288001,75294.69427897327,1889258.8614393128
Q,Q_phc
197416.6543086497,38416.65430864971
qm_cb,qm_phc/qm_t,qm_r,qm_v,qm,qm_pot
0.10998,0.00030442806646055584,0.2686522972083938,0.020696184508892584,0.11028442806646055,0.0014160206989057556
number of iterations,29,Execution time: ,11.72847032546997
