architecture,t_cbt,t_hxt,eta_hpfp,eta_r,p_cbt,qm_cb0,t0,p0,tpr_hx,Q_hx,pcc,v
dual,200,100,0.71,0.71,1330000.0,0.10998,25.2,345000.0,0.95,159000.0,True,0
P_hpfp,P_rv,p_hpfp
46418.86146363308,9136.770010619493,1889258.8614393128
Q,Q_phc
263065.7229515619,104065.72295156191
qm_cb,qm_phc/qm_t,qm_r,qm_v,qm,qm_pot
0.10998,0.0007993509109320014,0.032618114723293866,0.020606259781494954,0.110779350910932,0.0006447583853138727
number of iterations,36,Execution time: ,14.689488410949707
