architecture,t_cbt,t_hxt,eta_hpfp,eta_r,p_cbt,qm_cb0,t0,p0,tpr_hx,Q_hx,pcc,v
dual,200,160,0.71,0.71,1330000.0,0.11,25.2,345000.0,0.95,149000.0,True,0
P_hpfp,P_rv,p_hpfp
46206.981211733255,54852.93833824969,1889366.2728249198
Q,Q_phc
215022.29556047078,66022.29556047078
qm_cb,qm_phc/qm_t,qm_r,qm_v,qm,m_z
0.11,0.0005363910955676679,0.19570600823931059,0.020477845531628472,0.11053639109556766,0.05363910955676679
number of iterations,21,Execution time: ,21.540573120117188
