architecture,t_cbt,t_hxt,eta_hpfp,eta_r,p_cbt,qm_cb0,t0,p0,tpr_hx,Q_hx,pcc,v
dual,200,170,0.71,0.71,1330000.0,0.11,25.2,345000.0,0.95,149000.0,True,0
P_hpfp,P_rv,p_hpfp
46136.26364680052,74412.41944351885,1889366.2728249198
Q,Q_phc
195074.97089456662,46074.97089456662
qm_cb,qm_phc/qm_t,qm_r,qm_v,qm,m_z
0.11,0.00037611449482872176,0.2654379449851136,0.020447297085400634,0.11037611449482872,0.03761144948287218
number of iterations,21,Execution time: ,25.344346046447754
