architecture,t_cbt,t_hxt,eta_hpfp,eta_r,p_cbt,qm_cb0,t0,p0,tpr_hx,Q_hx,pcc,v
dual,200,150,0.71,0.71,1330000.0,0.10998,25.2,345000.0,0.95,159000.0,True,0
P_hpfp,P_rv,p_hpfp
46221.686150759255,41120.7094779875,1889258.8614393123
Q,Q_phc
228750.78793143237,69750.78793143237
qm_cb,qm_phc/qm_t,qm_r,qm_v,qm,m_z
0.10998,0.0005599903163369807,0.14676575301405873,0.020482755273613252,0.11053999031633698,0.05599903163369861
number of iterations,27,Execution time: ,14.289121389389038
