architecture,t_cbt,t_hxt,eta_hpfp,eta_r,p_cbt,qm_cb0,t0,p0,tpr_hx,Q_hx,pcc,v
dual,200,100,0.71,0.71,1330000.0,0.10998,25.2,345000.0,0.95,159000.0,True,0
P_hpfp,P_rv,p_hpfp
46444.59476320473,9141.85136217332,1889258.8614393128
Q,Q_phc
263211.76929233654,104211.76929233654
qm_cb,qm_phc/qm_t,qm_r,qm_v,qm,qm_pot
0.10998,0.0007876927450604276,0.032636240400118435,0.020617692053323044,0.11076769274506042,0.0007182660732529217
number of iterations,36,Execution time: ,15.34926962852478
