architecture,t_cbt,t_hxt,eta_hpfp,eta_r,p_cbt,qm_cb0,t0,p0,tpr_hx,Q_hx,pcc,v
dual,200,140,0.71,0.71,1330000.0,0.11,25.2,345000.0,0.95,149000.0,True,0
P_hpfp,P_rv,p_hpfp
46287.9140862284,31127.025150197387,1889366.2728249198
Q,Q_phc
239209.8217241856,90209.8217241856
qm_cb,qm_phc/qm_t,qm_r,qm_v,qm,m_z
0.11,0.0007261115879794847,0.11109154503308923,0.020513377713507225,0.11072611158797949,0.07261115879794848
number of iterations,21,Execution time: ,22.012116193771362
