architecture,t_cbt,t_hxt,eta_hpfp,eta_r,p_cbt,qm_cb0,t0,p0,tpr_hx,Q_hx,pcc,v
dual,200,120,0.71,0.71,1330000.0,0.11,25.2,345000.0,0.95,149000.0,True,0
P_hpfp,P_rv,p_hpfp
46220.7338026052,17596.694518300654,1889366.2728249198
Q,Q_phc
253106.40034927212,104106.40034927212
qm_cb,qm_phc/qm_t,qm_r,qm_v,qm,m_z
0.11,0.0008305949617028883,0.06280198241399315,0.020507962518466955,0.11083059496170289,0.08305949617028882
number of iterations,24,Execution time: ,16.387906312942505
