architecture,t_cbt,t_hxt,eta_hpfp,eta_r,p_cbt,qm_cb0,t0,p0,tpr_hx,Q_hx,pcc,v
dual,200,180,0.71,0.71,1330000.0,0.10998,25.2,345000.0,0.95,159000.0,True,0
P_hpfp,P_rv,p_hpfp
45985.15953820556,104369.65153618569,1889258.8614393128
Q,Q_phc
164255.606657424,5255.60665742401
qm_cb,qm_phc/qm_t,qm_r,qm_v,qm
0.10998,4.1456767265579675e-05,0.37231372974590937,0.0203819046348831,0.11002145676726557
number of iterations,29,Execution time: ,12.393150329589844
