architecture,t_cbt,t_hxt,eta_hpfp,eta_r,p_cbt,qm_cb0,t0,p0,tpr_hx,Q_hx,pcc,v
dual,200,160,0.71,0.71,1330000.0,0.10998,25.2,345000.0,0.95,159000.0,True,0
P_hpfp,P_rv,p_hpfp
46174.18314955147,54783.99417919486,1889258.8614393123
Q,Q_phc
214820.71281040757,55820.71281040757
qm_cb,qm_phc/qm_t,qm_r,qm_v,qm,m_z
0.10998,0.0004500797155283509,0.19550675317311025,0.020462019499251426,0.11043007971552835,0.04500797155283521
number of iterations,27,Execution time: ,14.10839033126831
