architecture,t_cbt,t_hxt,eta_hpfp,eta_r,p_cbt,qm_cb0,t0,p0,tpr_hx,Q_hx,pcc,v
dual,200,130,0.71,0.71,1330000.0,0.10998,25.2,345000.0,0.95,159000.0,True,0
P_hpfp,P_rv,p_hpfp
46572.491335970386,23655.415227612844,1889258.8614393128
Q,Q_phc
248587.7763575142,89587.7763575142
qm_cb,qm_phc/qm_t,qm_r,qm_v,qm,qm_pot
0.10998,0.0006969240944452052,0.08444361546049133,0.020648082128531624,0.1106769240944452,0.0008151432315969106
number of iterations,30,Execution time: ,12.489600896835327
