architecture,t_cbt,t_hxt,eta_hpfp,eta_r,p_cbt,qm_cb0,t0,p0,tpr_hx,Q_hx,pcc,v
dual,200,130,0.71,0.71,1330000.0,0.10998,25.2,345000.0,0.95,159000.0,True,0
P_hpfp,P_rv,p_hpfp
46220.37991214249,23480.55584866013,1889258.8614393128
Q,Q_phc
246743.4188069853,87743.41880698531
qm_cb,qm_phc/qm_t,qm_r,qm_v,qm
0.10998,0.0006827972663105419,0.08382012820760107,0.020493112982644068,0.11066279726631054
number of iterations,30,Execution time: ,12.739333152770996
