architecture,t_cbt,t_hxt,eta_hpfp,eta_r,p_cbt,qm_cb0,t0,p0,tpr_hx,Q_hx,pcc,v
dual,200,170,0.71,0.71,1330000.0,0.10998,25.2,345000.0,0.95,159000.0,True,0
P_hpfp,P_rv,p_hpfp
46104.692624631636,74321.06114112577,1889258.8614393123
Q,Q_phc
194897.0932982318,35897.093298231805
qm_cb,qm_phc/qm_t,qm_r,qm_v,qm,m_z
0.10998,0.00029059827228823665,0.26518608593313525,0.020431800675464754,0.11027059827228823,0.029059827228823994
number of iterations,27,Execution time: ,15.145563840866089
