architecture,t_cbt,t_hxt,eta_hpfp,eta_r,p_cbt,qm_cb0,t0,p0,tpr_hx,Q_hx,pcc,v
dual,200,170,0.71,0.71,1330000.0,0.10998,25.2,345000.0,0.95,159000.0,True,0
P_hpfp,P_rv,p_hpfp
46709.96790949045,75312.16020793418,1889258.8614393128
Q,Q_phc
197462.11428422286,38462.11428422286
qm_cb,qm_phc/qm_t,qm_r,qm_v,qm,qm_pot
0.10998,0.0003015500629833846,0.26871462753240777,0.020700693652891497,0.11028155006298337,0.0014443171750768379
number of iterations,29,Execution time: ,12.274357080459595
