architecture,t_cbt,t_hxt,eta_hpfp,eta_r,p_cbt,qm_cb0,t0,p0,tpr_hx,Q_hx,pcc,v
dual,200,140,0.71,0.71,1330000.0,0.10998,25.2,345000.0,0.95,159000.0,True,0
P_hpfp,P_rv,p_hpfp
46642.02888308389,31363.304660988044,1889258.8614393128
Q,Q_phc
241053.31685541046,82053.31685541046
qm_cb,qm_phc/qm_t,qm_r,qm_v,qm,qm_pot
0.10998,0.0006328512855573873,0.111950486927181,0.02067177101280399,0.11061285128555738,0.0009641834618171193
number of iterations,29,Execution time: ,12.463976383209229
