architecture,t_cbt,t_hxt,eta_hpfp,eta_r,p_cbt,qm_cb0,t0,p0,tpr_hx,Q_hx,pcc,v
dual,200,110,0.71,0.71,1330000.0,0.10998,25.2,345000.0,0.95,159000.0,True,0
P_hpfp,P_rv,p_hpfp
46176.79568130174,12867.929359012145,1889258.8614393128
Q,Q_phc
257675.97280592102,98675.97280592102
qm_cb,qm_phc/qm_t,qm_r,qm_v,qm,m_z
0.10998,0.0007794364376443319,0.04593728553813402,0.020491575442071586,0.11075943643764433,0.07794364376443312
number of iterations,32,Execution time: ,17.259060621261597
