architecture,t_cbt,t_hxt,eta_hpfp,eta_r,p_cbt,qm_cb0,t0,p0,tpr_hx,Q_hx,pcc,v
dual,200,150,0.71,0.71,1330000.0,0.10998,25.2,345000.0,0.95,159000.0,True,0
P_hpfp,P_rv,p_hpfp
46657.61446743396,41529.66046292294,1889258.8614393128
Q,Q_phc
230975.93437162996,71975.93437162996
qm_cb,qm_phc/qm_t,qm_r,qm_v,qm,qm_pot
0.10998,0.0005582006953747762,0.1482201564780463,0.020678618555754067,0.11053820069537477,0.001075399029264197
number of iterations,29,Execution time: ,12.054060697555542
