architecture,t_cbt,t_hxt,eta_hpfp,eta_r,p_cbt,qm_cb0,t0,p0,tpr_hx,Q_hx,pcc,v
dual,200,120,0.71,0.71,1330000.0,0.10998,25.2,345000.0,0.95,159000.0,True,0
P_hpfp,P_rv,p_hpfp
46530.75685546808,17693.950254073243,1889258.8614393128
Q,Q_phc
254680.7766527625,95680.77665276249
qm_cb,qm_phc/qm_t,qm_r,qm_v,qm,qm_pot
0.10998,0.0007302370159676642,0.06316272039816875,0.020641096432615313,0.11071023701596766,0.0008132342903993278
number of iterations,32,Execution time: ,13.83547329902649
