architecture,t_cbt,t_hxt,eta_hpfp,eta_r,p_cbt,qm_cb0,t0,p0,tpr_hx,Q_hx,pcc,v
dual,200,130,0.71,0.71,1330000.0,0.10998,25.2,345000.0,0.95,159000.0,True,0
P_hpfp,P_rv,p_hpfp
46595.53768789214,23667.2836100916,1889258.8614393128
Q,Q_phc
248711.87190522428,89711.87190522428
qm_cb,qm_phc/qm_t,qm_r,qm_v,qm,qm_pot
0.10998,0.0006882234449287621,0.08448593619694827,0.02065834196368773,0.11066822344492876,0.0008794508854996359
number of iterations,30,Execution time: ,12.276323318481445
