architecture,t_cbt,t_hxt,eta_hpfp,eta_r,p_cbt,qm_cb0,t0,p0,tpr_hx,Q_hx,pcc,v
dual,200,150,0.71,0.71,1330000.0,0.10998,25.2,345000.0,0.95,159000.0,True,0
P_hpfp,P_rv,p_hpfp
46638.72494872768,41512.36830129817,1889258.8614393128
Q,Q_phc
230880.4374512653,71880.43745126529
qm_cb,qm_phc/qm_t,qm_r,qm_v,qm,qm_pot
0.10998,0.0005643903501526717,0.14815850628114932,0.020670167338282863,0.11054439035015266,0.0010231604496666294
number of iterations,29,Execution time: ,11.471713781356812
