architecture,t_cbt,t_hxt,eta_hpfp,eta_r,p_cbt,qm_cb0,t0,p0,tpr_hx,Q_hx,pcc,v
dual,200,100,0.71,0.71,1330000.0,0.11,25.2,345000.0,0.95,149000.0,True,0
P_hpfp,P_rv,p_hpfp
46201.34140608254,9091.350901063037,1889366.2728249198
Q,Q_phc
261808.9618391417,112808.9618391417
qm_cb,qm_phc/qm_t,qm_r,qm_v,qm,m_z
0.11,0.0008927438382874554,0.0324541601836737,0.020509333551712045,0.11089274383828746,0.08927438382874554
number of iterations,26,Execution time: ,29.505258798599243
