architecture,t_cbt,t_hxt,eta_hpfp,eta_r,p_cbt,qm_cb0,t0,p0,tpr_hx,Q_hx,pcc,v
dual,200,120,0.71,0.71,1330000.0,0.10998,25.2,345000.0,0.95,159000.0,True,0
P_hpfp,P_rv,p_hpfp
46204.95321263691,17562.783971787547,1889258.8614393128
Q,Q_phc
252852.17193046922,93852.17193046922
qm_cb,qm_phc/qm_t,qm_r,qm_v,qm,m_z
0.10998,0.0007441899155239684,0.06269675851442565,0.020495044772795828,0.11072418991552396,0.07441899155239749
number of iterations,30,Execution time: ,16.67290949821472
