architecture,t_cbt,t_hxt,eta_hpfp,eta_r,p_cbt,qm_cb0,t0,p0,tpr_hx,Q_hx,pcc,v
dual,200,120,0.71,0.71,1330000.0,0.10998,25.2,345000.0,0.95,159000.0,True,0
P_hpfp,P_rv,p_hpfp
46185.50034843354,17565.587377414646,1889258.8614393128
Q,Q_phc
252819.29680294066,93819.29680294066
qm_cb,qm_phc/qm_t,qm_r,qm_v,qm
0.10998,0.0007268708224426323,0.06270470132337895,0.020488853982384186,0.11070687082244263
number of iterations,32,Execution time: ,14.220714807510376
