architecture,t_cbt,t_hxt,eta_hpfp,eta_r,p_cbt,qm_cb0,t0,p0,tpr_hx,Q_hx,pcc,v
dual,200,100,0.71,0.71,1330000.0,0.10998,25.2,345000.0,0.95,159000.0,True,0
P_hpfp,P_rv,p_hpfp
46156.694394630285,9082.781925495152,1889258.8614393128
Q,Q_phc
261560.48109192864,102560.48109192864
qm_cb,qm_phc/qm_t,qm_r,qm_v,qm,m_z
0.10998,0.0008071540604650818,0.03242624587751535,0.020489322137484122,0.11078715406046508,0.08071540604650812
number of iterations,34,Execution time: ,18.491610050201416
