architecture,t_cbt,t_hxt,eta_hpfp,eta_r,p_cbt,qm_cb0,t0,p0,tpr_hx,Q_hx,pcc,v
dual,210,190,0.71,0.71,1330000.0,0.11,25.2,345000.0,0.95,149000.0,True,0
P_hpfp,P_rv,p_hpfp
45594.41437817286,116939.86178775247,1889366.2728249198
Q,Q_phc
170231.67973107926,21231.67973107926
qm_cb,qm_phc/qm_t,qm_r,qm_v,qm,m_z
0.11,0.00017564588827383103,0.39690477926068657,0.019133011543019815,0.11017564588827383,0.017564588827383102
number of iterations,21,Execution time: ,15.561470031738281
