architecture,t_cbt,t_hxt,eta_hpfp,eta_r,p_cbt,qm_cb0,t0,p0,tpr_hx,Q_hx,pcc,v
dual,210,150,0.71,0.71,1330000.0,0.10982854725341087,25.2,345000.0,0.95,159000.0,True,0
P_hpfp,P_rv,p_hpfp
45747.23545906126,36925.17200232825,1889258.8614393128
Q,Q_phc
251239.224387477,92239.224387477
qm_cb,qm_phc/qm_t,qm_r,qm_v,qm
0.10982854725341087,0.0007258860604185541,0.12549447302624325,0.0191988636627657,0.11055443331382943
number of iterations,29,Execution time: ,14.059866666793823
