architecture,t_cbt,t_hxt,eta_hpfp,eta_r,p_cbt,qm_cb0,t0,p0,tpr_hx,Q_hx,pcc,v
dual,210,150,0.71,0.71,1330000.0,0.10998,25.2,345000.0,0.95,159000.0,True,0
P_hpfp,P_rv,p_hpfp
45840.40089607307,36970.93470975201,1889258.8614393123
Q,Q_phc
251617.44660322738,92617.44660322738
qm_cb,qm_phc/qm_t,qm_r,qm_v,qm,m_z
0.10998,0.0007456560552829977,0.12565410080967118,0.019233624667081433,0.11072565605528299,0.07456560552829926
number of iterations,27,Execution time: ,15.432868003845215
