architecture,t_cbt,t_hxt,eta_hpfp,eta_r,p_cbt,qm_cb0,t0,p0,tpr_hx,Q_hx,pcc,v
dual,210,120,0.71,0.71,1330000.0,0.1098283476007073,25.2,345000.0,0.95,159000.0,True,0
P_hpfp,P_rv,p_hpfp
46037.79342882417,16561.557762998993,1889258.8614393128
Q,Q_phc
274003.501728078,115003.501728078
qm_cb,qm_phc/qm_t,qm_r,qm_v,qm,qm_pot
0.1098283476007073,0.0008915596221676357,0.05629488689014553,0.0193364799227448,0.11071990722287493,0.000725559502348623
number of iterations,32,Execution time: ,14.432936429977417
