architecture,t_cbt,t_hxt,eta_hpfp,eta_r,p_cbt,qm_cb0,t0,p0,tpr_hx,Q_hx,pcc,v
dual,210,180,0.71,0.71,1330000.0,0.1098283476007073,25.2,345000.0,0.95,159000.0,True,0
P_hpfp,P_rv,p_hpfp
46257.82824690736,85522.34322879711,1889258.8614393128
Q,Q_phc
205773.63954003432,46773.63954003432
qm_cb,qm_phc/qm_t,qm_r,qm_v,qm,qm_pot
0.1098283476007073,0.00037024749305268135,0.2905653952907485,0.01941091754629393,0.11019859509375998,0.0015617232968829684
number of iterations,29,Execution time: ,13.133328914642334
