architecture,t_cbt,t_hxt,eta_hpfp,eta_r,p_cbt,qm_cb0,t0,p0,tpr_hx,Q_hx,pcc,v
dual,210,100,0.71,0.71,1330000.0,0.1098283476007073,25.2,345000.0,0.95,159000.0,True,0
P_hpfp,P_rv,p_hpfp
45954.59391694892,8692.252893690564,1889258.8614393128
Q,Q_phc
281835.5761537215,122835.57615372149
qm_cb,qm_phc/qm_t,qm_r,qm_v,qm,qm_pot
0.1098283476007073,0.0009439107954494902,0.029547931254722232,0.019314885188275403,0.11077225839615679,0.0006333353081269533
number of iterations,36,Execution time: ,16.59441375732422
