architecture,t_cbt,t_hxt,eta_hpfp,eta_r,p_cbt,qm_cb0,t0,p0,tpr_hx,Q_hx,pcc,v
dual,210,110,0.71,0.71,1330000.0,0.1098283476007073,25.2,345000.0,0.95,159000.0,True,0
P_hpfp,P_rv,p_hpfp
45990.55225316913,12233.562601736192,1889258.8614393128
Q,Q_phc
278313.8063983178,119313.8063983178
qm_cb,qm_phc/qm_t,qm_r,qm_v,qm,qm_pot
0.1098283476007073,0.0009208017231203665,0.04158394289561833,0.019324312707618762,0.11074914932382766,0.0006748192476059998
number of iterations,34,Execution time: ,15.360543727874756
