architecture,t_cbt,t_hxt,eta_hpfp,eta_r,p_cbt,qm_cb0,t0,p0,tpr_hx,Q_hx,pcc,v
dual,210,110,0.71,0.71,1330000.0,0.10998,25.2,345000.0,0.95,159000.0,True,0
P_hpfp,P_rv,p_hpfp
45786.14243991892,12174.148876833953,1889258.8614393128
Q,Q_phc
277036.91129167425,118036.91129167425
qm_cb,qm_phc/qm_t,qm_r,qm_v,qm,m_z
0.10998,0.0009338537373731193,0.0413836393091858,0.019237294045065082,0.11091385373737311,0.09338537373731214
number of iterations,32,Execution time: ,18.81535267829895
