architecture,t_cbt,t_hxt,eta_hpfp,eta_r,p_cbt,qm_cb0,t0,p0,tpr_hx,Q_hx,pcc,v
dual,210,190,0.71,0.71,1330000.0,0.10982854725341087,25.2,345000.0,0.95,159000.0,True,0
P_hpfp,P_rv,p_hpfp
45515.45346849018,116619.64568131753,1889258.8614393126
Q,Q_phc
169845.98631926632,10845.986319266318
qm_cb,qm_phc/qm_t,qm_r,qm_v,qm
0.10982854725341087,8.670359222401336e-05,0.39614198630009134,0.019094992892514637,0.10991525084563489
number of iterations,28,Execution time: ,13.313151597976685
