architecture,t_cbt,t_hxt,eta_hpfp,eta_r,p_cbt,qm_cb0,t0,p0,tpr_hx,Q_hx,pcc,v
dual,210,140,0.71,0.71,1330000.0,0.1098283476007073,25.2,345000.0,0.95,159000.0,True,0
P_hpfp,P_rv,p_hpfp
46172.11643107231,28658.503650571696,1889258.8614393128
Q,Q_phc
262138.5864506542,103138.5864506542
qm_cb,qm_phc/qm_t,qm_r,qm_v,qm,qm_pot
0.1098283476007073,0.0007971111274476071,0.0974090186521307,0.019376054044070133,0.11062545872815491,0.0009413036098832357
number of iterations,29,Execution time: ,13.102816343307495
