architecture,t_cbt,t_hxt,eta_hpfp,eta_r,p_cbt,qm_cb0,t0,p0,tpr_hx,Q_hx,pcc,v
dual,210,180,0.71,0.71,1330000.0,0.1098283476007073,25.2,345000.0,0.95,159000.0,True,0
P_hpfp,P_rv,p_hpfp
46245.5932146465,85497.57221725961,1889258.8614393128
Q,Q_phc
205714.5379140142,46714.53791401419
qm_cb,qm_phc/qm_t,qm_r,qm_v,qm,qm_pot
0.1098283476007073,0.0003731678224096614,0.2904812689773481,0.019405594256626784,0.11020151542311696,0.0015269827852967548
number of iterations,29,Execution time: ,12.987269639968872
