architecture,t_cbt,t_hxt,eta_hpfp,eta_r,p_cbt,qm_cb0,t0,p0,tpr_hx,Q_hx,pcc,v
dual,210,110,0.71,0.71,1330000.0,0.1098283476007073,25.2,345000.0,0.95,159000.0,True,0
P_hpfp,P_rv,p_hpfp
46020.339414816204,12241.50499118185,1889258.8614393128
Q,Q_phc
278494.3268778552,119494.32687785517
qm_cb,qm_phc/qm_t,qm_r,qm_v,qm,qm_pot
0.1098283476007073,0.0009083681069573888,0.04161092306468682,0.01933683890907577,0.11073671570766469,0.0007595130253076395
number of iterations,34,Execution time: ,16.195411682128906
