architecture,t_cbt,t_hxt,eta_hpfp,eta_r,p_cbt,qm_cb0,t0,p0,tpr_hx,Q_hx,pcc,v
dual,210,180,0.71,0.71,1330000.0,0.10982854725341087,25.2,345000.0,0.95,159000.0,True,0
P_hpfp,P_rv,p_hpfp
45620.8003589564,84299.99679379669,1889258.8614393126
Q,Q_phc
202856.787326897,43856.787326897
qm_cb,qm_phc/qm_t,qm_r,qm_v,qm
0.10982854725341087,0.0003504155697364453,0.28641717983852244,0.01913998234834731,0.11017896282314732
number of iterations,28,Execution time: ,13.32465386390686
