architecture,t_cbt,t_hxt,eta_hpfp,eta_r,p_cbt,qm_cb0,t0,p0,tpr_hx,Q_hx,pcc,v
dual,210,150,0.71,0.71,1330000.0,0.11,25.2,345000.0,0.95,149000.0,True,0
P_hpfp,P_rv,p_hpfp
45873.587700950426,37035.2676160475,1889366.2728249198
Q,Q_phc
251845.80848501346,102845.80848501346
qm_cb,qm_phc/qm_t,qm_r,qm_v,qm,m_z
0.11,0.0008337624690147786,0.1257785578468283,0.019248827536393964,0.11083376246901477,0.08337624690147785
number of iterations,21,Execution time: ,13.533443450927734
