architecture,t_cbt,t_hxt,eta_hpfp,eta_r,p_cbt,qm_cb0,t0,p0,tpr_hx,Q_hx,pcc,v
dual,210,160,0.71,0.71,1330000.0,0.1098283476007073,25.2,345000.0,0.95,159000.0,True,0
P_hpfp,P_rv,p_hpfp
46180.3676454605,48523.2345693759,1889258.8614393128
Q,Q_phc
242320.28675532606,83320.28675532606
qm_cb,qm_phc/qm_t,qm_r,qm_v,qm,qm_pot
0.1098283476007073,0.0006588587591187898,0.1648945280262751,0.019379366512702962,0.11048720635982609,0.0010976607261563894
number of iterations,29,Execution time: ,12.067258834838867
