architecture,t_cbt,t_hxt,eta_hpfp,eta_r,p_cbt,qm_cb0,t0,p0,tpr_hx,Q_hx,pcc,v
dual,210,160,0.71,0.71,1330000.0,0.11,25.2,345000.0,0.95,149000.0,True,0
P_hpfp,P_rv,p_hpfp
45836.640071311485,48180.863991162834,1889366.2728249198
Q,Q_phc
240469.83309949303,91469.83309949303
qm_cb,qm_phc/qm_t,qm_r,qm_v,qm,m_z
0.11,0.0007452463812992597,0.1636110750975735,0.01923338108054486,0.11074524638129926,0.07452463812992598
number of iterations,21,Execution time: ,16.035404443740845
