architecture,t_cbt,t_hxt,eta_hpfp,eta_r,p_cbt,qm_cb0,t0,p0,tpr_hx,Q_hx,pcc,v
dual,210,140,0.71,0.71,1330000.0,0.10998,25.2,345000.0,0.95,159000.0,True,0
P_hpfp,P_rv,p_hpfp
45867.932878372965,28449.789685363106,1889258.8614393123
Q,Q_phc
260311.1403227859,101311.14032278591
qm_cb,qm_phc/qm_t,qm_r,qm_v,qm,m_z
0.10998,0.0008119005457555561,0.09670440922717918,0.019245160470939125,0.11079190054575555,0.08119005457555593
number of iterations,27,Execution time: ,16.51920747756958
