architecture,t_cbt,t_hxt,eta_hpfp,eta_r,p_cbt,qm_cb0,t0,p0,tpr_hx,Q_hx,pcc,v
dual,210,100,0.71,0.71,1330000.0,0.10982854725341087,25.2,345000.0,0.95,159000.0,True,0
P_hpfp,P_rv,p_hpfp
45685.47586981311,8642.85521328489,1889258.8614393128
Q,Q_phc
280204.9104512772,121204.91045127722
qm_cb,qm_phc/qm_t,qm_r,qm_v,qm
0.10982854725341087,0.0009316941244961602,0.029379879965676307,0.01920234109561458,0.11076024137790703
number of iterations,36,Execution time: ,17.20893144607544
