architecture,t_cbt,t_hxt,eta_hpfp,eta_r,p_cbt,qm_cb0,t0,p0,tpr_hx,Q_hx,pcc,v
dual,210,160,0.71,0.71,1330000.0,0.10982854725341087,25.2,345000.0,0.95,159000.0,True,0
P_hpfp,P_rv,p_hpfp
45747.310416498876,48018.681304732636,1889258.8614393126
Q,Q_phc
239885.59548990312,80885.59548990312
qm_cb,qm_phc/qm_t,qm_r,qm_v,qm
0.10982854725341087,0.0006397881685854118,0.16318885968821875,0.01919174472684308,0.11046833542199629
number of iterations,28,Execution time: ,13.10990023612976
