architecture,t_cbt,t_hxt,eta_hpfp,eta_r,p_cbt,qm_cb0,t0,p0,tpr_hx,Q_hx,pcc,v
dual,210,190,0.71,0.71,1330000.0,0.1098283476007073,25.2,345000.0,0.95,159000.0,True,0
P_hpfp,P_rv,p_hpfp
46290.67448430739,118670.29381898882,1889258.8614393128
Q,Q_phc
172897.2172241218,13897.217224121792
qm_cb,qm_phc/qm_t,qm_r,qm_v,qm,qm_pot
0.1098283476007073,0.00011043889070733366,0.40313351079829685,0.01942647770912073,0.10993878649141463,0.001922306920055112
number of iterations,30,Execution time: ,14.097610235214233
