architecture,t_cbt,t_hxt,eta_hpfp,eta_r,p_cbt,qm_cb0,t0,p0,tpr_hx,Q_hx,pcc,v
dual,210,100,0.71,0.71,1330000.0,0.10998,25.2,345000.0,0.95,159000.0,True,0
P_hpfp,P_rv,p_hpfp
45766.03743579398,8653.591709146805,1889258.8614393128
Q,Q_phc
280652.5975380117,121652.59753801167
qm_cb,qm_phc/qm_t,qm_r,qm_v,qm,m_z
0.10998,0.0009586933753279736,0.029417553022532655,0.0192349326634975,0.11093869337532797,0.09586933753279715
number of iterations,34,Execution time: ,20.922460556030273
