architecture,t_cbt,t_hxt,eta_hpfp,eta_r,p_cbt,qm_cb0,t0,p0,tpr_hx,Q_hx,pcc,v
dual,210,130,0.71,0.71,1330000.0,0.10998,25.2,345000.0,0.95,159000.0,True,0
P_hpfp,P_rv,p_hpfp
45823.93333003134,21797.51637634848,1889258.8614393128
Q,Q_phc
267161.667996607,108161.66799660702
qm_cb,qm_phc/qm_t,qm_r,qm_v,qm,m_z
0.10998,0.0008629726025323192,0.07409083032129195,0.01923972705683567,0.11084297260253231,0.08629726025323198
number of iterations,29,Execution time: ,15.893407344818115
