architecture,t_cbt,t_hxt,eta_hpfp,eta_r,p_cbt,qm_cb0,t0,p0,tpr_hx,Q_hx,pcc,v
dual,210,180,0.71,0.71,1330000.0,0.11,25.2,345000.0,0.95,149000.0,True,0
P_hpfp,P_rv,p_hpfp
45707.78565739314,84555.41266261952,1889366.2728249198
Q,Q_phc
203323.4588626266,54323.458862626605
qm_cb,qm_phc/qm_t,qm_r,qm_v,qm,m_z
0.11,0.00044711213170197864,0.28705259118083415,0.019180419355762743,0.11044711213170198,0.04471121317019786
number of iterations,21,Execution time: ,13.5657057762146
