architecture,t_cbt,t_hxt,eta_hpfp,eta_r,p_cbt,qm_cb0,t0,p0,tpr_hx,Q_hx,pcc,v
dual,210,170,0.71,0.71,1330000.0,0.1098283476007073,25.2,345000.0,0.95,159000.0,True,0
P_hpfp,P_rv,p_hpfp
46206.432537662484,63788.48218216676,1889258.8614393128
Q,Q_phc
227211.81184131722,68211.81184131722
qm_cb,qm_phc/qm_t,qm_r,qm_v,qm,qm_pot
0.1098283476007073,0.0005421796393178348,0.2167493575403932,0.01939010700165263,0.11037052724002513,0.0012748753419740031
number of iterations,29,Execution time: ,12.140861749649048
