architecture,t_cbt,t_hxt,eta_hpfp,eta_r,p_cbt,qm_cb0,t0,p0,tpr_hx,Q_hx,pcc,v
dual,210,180,0.71,0.71,1330000.0,0.10998,25.2,345000.0,0.95,159000.0,True,0
P_hpfp,P_rv,p_hpfp
45675.46133816599,84423.95028746044,1889258.8614393123
Q,Q_phc
203166.23184347936,44166.231843479356
qm_cb,qm_phc/qm_t,qm_r,qm_v,qm,m_z
0.10998,0.00036055373480328723,0.2868420385298527,0.019165490609549023,0.11034055373480328,0.03605537348032913
number of iterations,27,Execution time: ,15.438405752182007
