architecture,t_cbt,t_hxt,eta_hpfp,eta_r,p_cbt,qm_cb0,t0,p0,tpr_hx,Q_hx,pcc,v
dual,210,130,0.71,0.71,1330000.0,0.1098283476007073,25.2,345000.0,0.95,159000.0,True,0
P_hpfp,P_rv,p_hpfp
46128.38982405003,21927.196458946353,1889258.8614393128
Q,Q_phc
268831.10801778897,109831.10801778897
qm_cb,qm_phc/qm_t,qm_r,qm_v,qm,qm_pot
0.1098283476007073,0.000843979739755879,0.07453401888265296,0.019364177314306875,0.11067232734046317,0.0008671161139953255
number of iterations,30,Execution time: ,13.292600154876709
