architecture,t_cbt,t_hxt,eta_hpfp,eta_r,p_cbt,qm_cb0,t0,p0,tpr_hx,Q_hx,pcc,v
dual,210,160,0.71,0.71,1330000.0,0.1098283476007073,25.2,345000.0,0.95,159000.0,True,0
P_hpfp,P_rv,p_hpfp
46202.691461304705,48547.230009472165,1889258.8614393128
Q,Q_phc
242439.49842846056,83439.49842846056
qm_cb,qm_phc/qm_t,qm_r,qm_v,qm,qm_pot
0.1098283476007073,0.0006526181906158974,0.1649759999885767,0.019388810154930766,0.11048096579132319,0.0011587067471032996
number of iterations,29,Execution time: ,12.914557933807373
