architecture,t_cbt,t_hxt,eta_hpfp,eta_r,p_cbt,qm_cb0,t0,p0,tpr_hx,Q_hx,pcc,v
dual,210,120,0.71,0.71,1330000.0,0.1098283476007073,25.2,345000.0,0.95,159000.0,True,0
P_hpfp,P_rv,p_hpfp
46066.936194113165,16572.09240398999,1889258.8614393128
Q,Q_phc
274177.46236972755,115177.46236972755
qm_cb,qm_phc/qm_t,qm_r,qm_v,qm,qm_pot
0.1098283476007073,0.0008801935135223871,0.0563306689343734,0.019348739010787586,0.11070854111422969,0.0008076587962751097
number of iterations,32,Execution time: ,14.6841402053833
