architecture,t_cbt,t_hxt,eta_hpfp,eta_r,p_cbt,qm_cb0,t0,p0,tpr_hx,Q_hx,pcc,v
dual,210,100,0.71,0.71,1330000.0,0.11,25.2,345000.0,0.95,149000.0,True,0
P_hpfp,P_rv,p_hpfp
45810.463902877134,8665.917506451926,1889366.2728249198
Q,Q_phc
280917.47941366164,131917.47941366164
qm_cb,qm_phc/qm_t,qm_r,qm_v,qm,m_z
0.11,0.0010452667716893225,0.02944086399760796,0.019253848809855843,0.11104526677168933,0.10452667716893224
number of iterations,26,Execution time: ,25.768218278884888
