architecture,t_cbt,t_hxt,eta_hpfp,eta_r,p_cbt,qm_cb0,t0,p0,tpr_hx,Q_hx,pcc,v
dual,210,170,0.71,0.71,1330000.0,0.10982854725341087,25.2,345000.0,0.95,159000.0,True,0
P_hpfp,P_rv,p_hpfp
45695.45477410644,63030.47527527454,1889258.8614393126
Q,Q_phc
224567.80030978424,65567.80030978424
qm_cb,qm_phc/qm_t,qm_r,qm_v,qm
0.10982854725341087,0.0005213057387943726,0.21418176575116243,0.019170538251717738,0.11034985299220525
number of iterations,28,Execution time: ,12.951709032058716
