architecture,t_cbt,t_hxt,eta_hpfp,eta_r,p_cbt,qm_cb0,t0,p0,tpr_hx,Q_hx,pcc,v
dual,210,100,0.71,0.71,1330000.0,0.1098283476007073,25.2,345000.0,0.95,159000.0,True,0
P_hpfp,P_rv,p_hpfp
45984.81704007644,8697.974921144154,1889258.8614393128
Q,Q_phc
282021.0423641576,123021.04236415762
qm_cb,qm_phc/qm_t,qm_r,qm_v,qm,qm_pot
0.1098283476007073,0.0009304895806836166,0.02956736972728525,0.019327593150777915,0.11075883718139092,0.000720063365816997
number of iterations,36,Execution time: ,17.144547700881958
