architecture,t_cbt,t_hxt,eta_hpfp,eta_r,p_cbt,qm_cb0,t0,p0,tpr_hx,Q_hx,pcc,v
dual,220,120,0.71,0.71,1330000.0,0.11,25.2,345000.0,0.95,149000.0,True,0
P_hpfp,P_rv,p_hpfp
45496.85461920497,15636.242286010545,1889366.2728249198
Q,Q_phc
292254.9183845712,143254.9183845712
qm_cb,qm_phc/qm_t,qm_r,qm_v,qm,m_z
0.11,0.0011466392889434842,0.05069296550119163,0.018157102249096092,0.11114663928894349,0.11466392889434843
number of iterations,24,Execution time: ,15.408815860748291
