architecture,t_cbt,t_hxt,eta_hpfp,eta_r,p_cbt,qm_cb0,t0,p0,tpr_hx,Q_hx,pcc,v
dual,220,140,0.71,0.71,1330000.0,0.11,25.2,345000.0,0.95,149000.0,True,0
P_hpfp,P_rv,p_hpfp
45568.06736112042,26468.83471703786,1889366.2728249198
Q,Q_phc
281100.1605070939,132100.16050709388
qm_cb,qm_phc/qm_t,qm_r,qm_v,qm,m_z
0.11,0.0010678081395622734,0.08581672499993948,0.018164823803745,0.11106780813956227,0.10678081395622734
number of iterations,21,Execution time: ,12.493931531906128
