architecture,t_cbt,t_hxt,eta_hpfp,eta_r,p_cbt,qm_cb0,t0,p0,tpr_hx,Q_hx,pcc,v
dual,220,150,0.71,0.71,1330000.0,0.11,25.2,345000.0,0.95,149000.0,True,0
P_hpfp,P_rv,p_hpfp
45545.18831574737,33931.50507155148,1889366.2728249198
Q,Q_phc
273481.0995139597,124481.09951395972
qm_cb,qm_phc/qm_t,qm_r,qm_v,qm,m_z
0.11,0.0010114140260797156,0.10999704721563448,0.018155647876329367,0.11101141402607971,0.10114140260797155
number of iterations,21,Execution time: ,12.938812255859375
