architecture,t_cbt,t_hxt,eta_hpfp,eta_r,p_cbt,qm_cb0,t0,p0,tpr_hx,Q_hx,pcc,v
dual,220,140,0.71,0.71,1330000.0,0.10998,25.2,345000.0,0.95,159000.0,True,0
P_hpfp,P_rv,p_hpfp
45534.78758782101,26423.211529536155,1889258.8614393123
Q,Q_phc
280832.08605770074,121832.08605770074
qm_cb,qm_phc/qm_t,qm_r,qm_v,qm,m_z
0.10998,0.0009784566584555704,0.08572155371858273,0.018150267702169574,0.11095845665845556,0.09784566584555693
number of iterations,27,Execution time: ,15.837019681930542
