architecture,t_cbt,t_hxt,eta_hpfp,eta_r,p_cbt,qm_cb0,t0,p0,tpr_hx,Q_hx,pcc,v
dual,220,130,0.71,0.71,1330000.0,0.10967904834270684,25.2,345000.0,0.95,159000.0,True,0
P_hpfp,P_rv,p_hpfp
45362.96860378704,20398.06025131586,1889258.8614393128
Q,Q_phc
286113.3165268293,127113.31652682932
qm_cb,qm_phc/qm_t,qm_r,qm_v,qm
0.10967904834270684,0.0009913926417947916,0.06617500182285874,0.018091897970438368,0.11067044098450163
number of iterations,30,Execution time: ,14.911396980285645
