architecture,t_cbt,t_hxt,eta_hpfp,eta_r,p_cbt,qm_cb0,t0,p0,tpr_hx,Q_hx,pcc,v
dual,220,140,0.71,0.71,1330000.0,0.1096786699267212,25.2,345000.0,0.95,159000.0,True,0
P_hpfp,P_rv,p_hpfp
45762.72990544267,26576.73913498423,1889258.8614393128
Q,Q_phc
282361.5963251863,123361.59632518631
qm_cb,qm_phc/qm_t,qm_r,qm_v,qm,qm_pot
0.1096786699267212,0.0009549914886020748,0.0862146465602035,0.018244640053287183,0.11063366141532328,0.0009258308775200343
number of iterations,29,Execution time: ,13.217527389526367
