architecture,t_cbt,t_hxt,eta_hpfp,eta_r,p_cbt,qm_cb0,t0,p0,tpr_hx,Q_hx,pcc,v
dual,220,110,0.71,0.71,1330000.0,0.11,25.2,345000.0,0.95,149000.0,True,0
P_hpfp,P_rv,p_hpfp
45485.040711369824,11632.615832882499,1889366.2728249198
Q,Q_phc
296357.5238705255,147357.52387052547
qm_cb,qm_phc/qm_t,qm_r,qm_v,qm,m_z
0.11,0.0011740328392233327,0.03771613671669484,0.018156992319410033,0.11117403283922334,0.11740328392233328
number of iterations,25,Execution time: ,14.106628656387329
