architecture,t_cbt,t_hxt,eta_hpfp,eta_r,p_cbt,qm_cb0,t0,p0,tpr_hx,Q_hx,pcc,v
dual,220,160,0.71,0.71,1330000.0,0.11,25.2,345000.0,0.95,149000.0,True,0
P_hpfp,P_rv,p_hpfp
45515.133429624984,43378.98715470962,1889366.2728249198
Q,Q_phc
263830.00032021606,114830.00032021606
qm_cb,qm_phc/qm_t,qm_r,qm_v,qm,m_z
0.11,0.0009379082991740625,0.14060810638296228,0.0181436409905497,0.11093790829917406,0.09379082991740624
number of iterations,21,Execution time: ,12.202487230300903
