architecture,t_cbt,t_hxt,eta_hpfp,eta_r,p_cbt,qm_cb0,t0,p0,tpr_hx,Q_hx,pcc,v
dual,220,190,0.71,0.71,1330000.0,0.1096786699267212,25.2,345000.0,0.95,159000.0,True,0
P_hpfp,P_rv,p_hpfp
45866.11039445309,96173.43728527987,1889258.8614393128
Q,Q_phc
213419.6773511527,54419.6773511527
qm_cb,qm_phc/qm_t,qm_r,qm_v,qm,qm_pot
0.1096786699267212,0.00043500608238406934,0.311856081302269,0.01828481130631892,0.11011367600910528,0.0016842703386970345
number of iterations,29,Execution time: ,13.804088592529297
