architecture,t_cbt,t_hxt,eta_hpfp,eta_r,p_cbt,qm_cb0,t0,p0,tpr_hx,Q_hx,pcc,v
dual,220,100,0.71,0.71,1330000.0,0.1096786699267212,25.2,345000.0,0.95,159000.0,True,0
P_hpfp,P_rv,p_hpfp
45583.285296305046,8332.769149473126,1889258.8614393128
Q,Q_phc
300509.11214704986,141509.11214704986
qm_cb,qm_phc/qm_t,qm_r,qm_v,qm,qm_pot
0.1096786699267212,0.0010708197431901463,0.02703400232973796,0.018200517946161742,0.11074948966991136,0.0007232277862553065
number of iterations,36,Execution time: ,17.04037046432495
