architecture,t_cbt,t_hxt,eta_hpfp,eta_r,p_cbt,qm_cb0,t0,p0,tpr_hx,Q_hx,pcc,v
dual,220,150,0.71,0.71,1330000.0,0.1096786699267212,25.2,345000.0,0.95,159000.0,True,0
P_hpfp,P_rv,p_hpfp
45780.57186082118,34054.68273319717,1889258.8614393126
Q,Q_phc
274723.01071934664,115723.01071934664
qm_cb,qm_phc/qm_t,qm_r,qm_v,qm,qm_pot
0.1096786699267212,0.0009117680527607289,0.11046847027392086,0.018244835660252888,0.11059043797948194,0.0009241412784603183
number of iterations,28,Execution time: ,12.573274612426758
