architecture,t_cbt,t_hxt,eta_hpfp,eta_r,p_cbt,qm_cb0,t0,p0,tpr_hx,Q_hx,pcc,v
dual,220,170,0.71,0.71,1330000.0,0.1096786699267212,25.2,345000.0,0.95,159000.0,True,0
P_hpfp,P_rv,p_hpfp
45818.78396396096,55973.14334465922,1889258.8614393126
Q,Q_phc
253057.39317051592,94057.39317051592
qm_cb,qm_phc/qm_t,qm_r,qm_v,qm,qm_pot
0.1096786699267212,0.0007492305511907966,0.18153614392453338,0.018259951221842315,0.110427900477912,0.0011782205589904115
number of iterations,28,Execution time: ,12.151801109313965
