architecture,t_cbt,t_hxt,eta_hpfp,eta_r,p_cbt,qm_cb0,t0,p0,tpr_hx,Q_hx,pcc,v
dual,220,150,0.71,0.71,1330000.0,0.10967904834270684,25.2,345000.0,0.95,159000.0,True,0
P_hpfp,P_rv,p_hpfp
45388.53346304988,33767.50754889963,1889258.8614393126
Q,Q_phc
272408.1087770162,113408.10877701623
qm_cb,qm_phc/qm_t,qm_r,qm_v,qm
0.10967904834270684,0.0008938308743184076,0.10953830564422753,0.018089561148396195,0.11057287921702524
number of iterations,28,Execution time: ,13.398741722106934
