architecture,t_cbt,t_hxt,eta_hpfp,eta_r,p_cbt,qm_cb0,t0,p0,tpr_hx,Q_hx,pcc,v
dual,220,160,0.71,0.71,1330000.0,0.1096786699267212,25.2,345000.0,0.95,159000.0,True,0
P_hpfp,P_rv,p_hpfp
45797.50530892144,43585.099447779285,1889258.8614393126
Q,Q_phc
265305.5499573607,106305.54995736072
qm_cb,qm_phc/qm_t,qm_r,qm_v,qm,qm_pot
0.1096786699267212,0.0008421436410453351,0.14137024352607713,0.01825155643109356,0.11052081356776654,0.0010346181065082857
number of iterations,28,Execution time: ,11.930421590805054
