architecture,t_cbt,t_hxt,eta_hpfp,eta_r,p_cbt,qm_cb0,t0,p0,tpr_hx,Q_hx,pcc,v
dual,220,150,0.71,0.71,1330000.0,0.10998,25.2,345000.0,0.95,159000.0,True,0
P_hpfp,P_rv,p_hpfp
45511.62833442069,33874.31397009307,1889258.8614393123
Q,Q_phc
273224.14483449736,114224.14483449736
qm_cb,qm_phc/qm_t,qm_r,qm_v,qm,m_z
0.10998,0.0009218442276629074,0.10988201670284475,0.018141018227586497,0.1109018442276629,0.09218442276629049
number of iterations,27,Execution time: ,15.714916944503784
