architecture,t_cbt,t_hxt,eta_hpfp,eta_r,p_cbt,qm_cb0,t0,p0,tpr_hx,Q_hx,pcc,v
dual,220,180,0.71,0.71,1330000.0,0.1096786699267212,25.2,345000.0,0.95,159000.0,True,0
P_hpfp,P_rv,p_hpfp
45867.98266521948,72666.61503996616,1889258.8614393126
Q,Q_phc
236692.12136691212,77692.12136691212
qm_cb,qm_phc/qm_t,qm_r,qm_v,qm,qm_pot
0.1096786699267212,0.0006170293858250289,0.23565699530143902,0.01827947829223872,0.11029569931254624,0.001429119973484481
number of iterations,28,Execution time: ,12.903897047042847
