architecture,t_cbt,t_hxt,eta_hpfp,eta_r,p_cbt,qm_cb0,t0,p0,tpr_hx,Q_hx,pcc,v
dual,220,110,0.71,0.71,1330000.0,0.1096786699267212,25.2,345000.0,0.95,159000.0,True,0
P_hpfp,P_rv,p_hpfp
45617.494947591964,11659.14403557278,1889258.8614393128
Q,Q_phc
297204.68765124085,138204.68765124085
qm_cb,qm_phc/qm_t,qm_r,qm_v,qm,qm_pot
0.1096786699267212,0.0010513687915427385,0.037823917000966906,0.018209017042133995,0.11073003871826395,0.0007603420221081801
number of iterations,34,Execution time: ,16.95930528640747
