architecture,t_cbt,t_hxt,eta_hpfp,eta_r,p_cbt,qm_cb0,t0,p0,tpr_hx,Q_hx,pcc,v
dual,220,100,0.71,0.71,1330000.0,0.1096786699267212,25.2,345000.0,0.95,159000.0,True,0
P_hpfp,P_rv,p_hpfp
45548.687422071445,8326.447686834847,1889258.8614393128
Q,Q_phc
300281.00841803616,141281.00841803616
qm_cb,qm_phc/qm_t,qm_r,qm_v,qm,qm_pot
0.1096786699267212,0.00108589610595664,0.027013504722180746,0.01818670139010464,0.11076456603267784,0.0006235391130794224
number of iterations,36,Execution time: ,16.456221342086792
