architecture,t_cbt,t_hxt,eta_hpfp,eta_r,p_cbt,qm_cb0,t0,p0,tpr_hx,Q_hx,pcc,v
dual,220,160,0.71,0.71,1330000.0,0.10967904834270684,25.2,345000.0,0.95,159000.0,True,0
P_hpfp,P_rv,p_hpfp
45358.68072947731,43173.83436788884,1889258.8614393126
Q,Q_phc
262805.20898555854,103805.20898555854
qm_cb,qm_phc/qm_t,qm_r,qm_v,qm
0.10967904834270684,0.0008226161550112104,0.1400380499827793,0.018077776208044464,0.11050166449771805
number of iterations,28,Execution time: ,12.91777515411377
