architecture,t_cbt,t_hxt,eta_hpfp,eta_r,p_cbt,qm_cb0,t0,p0,tpr_hx,Q_hx,pcc,v
dual,220,100,0.71,0.71,1330000.0,0.11,25.2,345000.0,0.95,149000.0,True,0
P_hpfp,P_rv,p_hpfp
45475.05132237136,8312.648705350488,1889366.2728249198
Q,Q_phc
299756.89677823073,150756.89677823073
qm_cb,qm_phc/qm_t,qm_r,qm_v,qm,m_z
0.11,0.0011958471447117622,0.02695567059612298,0.018156788485590998,0.11119584714471176,0.11958471447117622
number of iterations,26,Execution time: ,18.104682207107544
