architecture,t_cbt,t_hxt,eta_hpfp,eta_r,p_cbt,qm_cb0,t0,p0,tpr_hx,Q_hx,pcc,v
dual,220,110,0.71,0.71,1330000.0,0.10998,25.2,345000.0,0.95,159000.0,True,0
P_hpfp,P_rv,p_hpfp
45450.90705624829,11610.934055549098,1889258.8614393128
Q,Q_phc
296070.0053405869,137070.00534058688
qm_cb,qm_phc/qm_t,qm_r,qm_v,qm,m_z
0.10998,0.001085946368261148,0.037669302637739516,0.018141261094681865,0.11106594636826114,0.10859463682611539
number of iterations,32,Execution time: ,19.171475172042847
