architecture,t_cbt,t_hxt,eta_hpfp,eta_r,p_cbt,qm_cb0,t0,p0,tpr_hx,Q_hx,pcc,v
dual,220,170,0.71,0.71,1330000.0,0.1096786699267212,25.2,345000.0,0.95,159000.0,True,0
P_hpfp,P_rv,p_hpfp
45844.451140244004,56005.233402139675,1889258.8614393126
Q,Q_phc
253201.7834614946,94201.7834614946
qm_cb,qm_phc/qm_t,qm_r,qm_v,qm,qm_pot
0.1096786699267212,0.0007433072941086122,0.18164013322723718,0.018270267995534738,0.11042197722082982,0.0012477226361848326
number of iterations,28,Execution time: ,12.673341989517212
