architecture,t_cbt,t_hxt,eta_hpfp,eta_r,p_cbt,qm_cb0,t0,p0,tpr_hx,Q_hx,pcc,v
dual,220,200,0.71,0.71,1330000.0,0.1096786699267212,25.2,345000.0,0.95,159000.0,True,0
P_hpfp,P_rv,p_hpfp
45931.956503744485,131628.0281494729,1889258.8614393128
Q,Q_phc
178189.0986204815,19189.098620481498
qm_cb,qm_phc/qm_t,qm_r,qm_v,qm,qm_pot
0.1096786699267212,0.00015513756650015068,0.42677154061702016,0.01830564803283151,0.10983380749322136,0.0020553041809997104
number of iterations,29,Execution time: ,13.128097295761108
