architecture,t_cbt,t_hxt,eta_hpfp,eta_r,p_cbt,qm_cb0,t0,p0,tpr_hx,Q_hx,pcc,v
dual,220,200,0.71,0.71,1330000.0,0.1096786699267212,25.2,345000.0,0.95,159000.0,True,0
P_hpfp,P_rv,p_hpfp
45936.577108917954,131644.13600562516,1889258.8614393128
Q,Q_phc
178211.90286770937,19211.902867709374
qm_cb,qm_phc/qm_t,qm_r,qm_v,qm,qm_pot
0.1096786699267212,0.0001543163029972981,0.42682422171770423,0.018307681001729383,0.1098329862297185,0.0020698172186148335
number of iterations,29,Execution time: ,13.909403562545776
