architecture,t_cbt,t_hxt,eta_hpfp,eta_r,p_cbt,qm_cb0,t0,p0,tpr_hx,Q_hx,pcc,v
dual,220,200,0.71,0.71,1330000.0,0.11,25.2,345000.0,0.95,149000.0,True,0
P_hpfp,P_rv,p_hpfp
45213.379625708956,129718.75155448375,1889366.2728249198
Q,Q_phc
175512.75899893048,26512.758998930483
qm_cb,qm_phc/qm_t,qm_r,qm_v,qm,m_z
0.11,0.00022125786549370406,0.420279477865574,0.0180248160516109,0.11022125786549371,0.022125786549370405
number of iterations,21,Execution time: ,13.28794527053833
