architecture,t_cbt,t_hxt,eta_hpfp,eta_r,p_cbt,qm_cb0,t0,p0,tpr_hx,Q_hx,pcc,v
dual,230,100,0.71,0.71,1330000.0,0.11,25.2,345000.0,0.95,149000.0,True,0
P_hpfp,P_rv,p_hpfp
45185.18573490319,8018.636566624949,1889366.2728249198
Q,Q_phc
318349.243723979,169349.243723979
qm_cb,qm_phc/qm_t,qm_r,qm_v,qm,m_z
0.11,0.0013446191251128923,0.024871098229967414,0.017190077577628613,0.1113446191251129,0.13446191251128922
number of iterations,26,Execution time: ,15.366538047790527
