architecture,t_cbt,t_hxt,eta_hpfp,eta_r,p_cbt,qm_cb0,t0,p0,tpr_hx,Q_hx,pcc,v
dual,230,160,0.71,0.71,1330000.0,0.10953094891161722,25.2,345000.0,0.95,159000.0,True,0
P_hpfp,P_rv,p_hpfp
45428.384698010304,39894.050950120356,1889258.8614393126
Q,Q_phc
286854.94075103843,127854.94075103843
qm_cb,qm_phc/qm_t,qm_r,qm_v,qm,qm_pot
0.10953094891161722,0.0010143796228196643,0.12375895783631477,0.017251555049378454,0.11054532853443688,0.0009862958323748224
number of iterations,28,Execution time: ,12.737200498580933
