architecture,t_cbt,t_hxt,eta_hpfp,eta_r,p_cbt,qm_cb0,t0,p0,tpr_hx,Q_hx,pcc,v
dual,230,190,0.71,0.71,1330000.0,0.10998,25.2,345000.0,0.95,159000.0,True,0
P_hpfp,P_rv,p_hpfp
45062.665540132504,81151.32481855183,1889258.8614393123
Q,Q_phc
243104.18008163507,84104.18008163507
qm_cb,qm_phc/qm_t,qm_r,qm_v,qm,m_z
0.10998,0.0006947966679465428,0.25169884821491234,0.01711574310117107,0.11067479666794654,0.06947966679465462
number of iterations,27,Execution time: ,17.22317409515381
