architecture,t_cbt,t_hxt,eta_hpfp,eta_r,p_cbt,qm_cb0,t0,p0,tpr_hx,Q_hx,pcc,v
dual,230,170,0.71,0.71,1330000.0,0.10953094891161722,25.2,345000.0,0.95,159000.0,True,0
P_hpfp,P_rv,p_hpfp
45446.69291609267,50351.89696554821,1889258.8614393126
Q,Q_phc
276527.41859027167,117527.41859027167
qm_cb,qm_phc/qm_t,qm_r,qm_v,qm,qm_pot
0.10953094891161722,0.0009378603508391895,0.15618991511960947,0.01725848056892558,0.1104688092624564,0.0011073561687974106
number of iterations,28,Execution time: ,13.001025676727295
