architecture,t_cbt,t_hxt,eta_hpfp,eta_r,p_cbt,qm_cb0,t0,p0,tpr_hx,Q_hx,pcc,v
dual,230,140,0.71,0.71,1330000.0,0.10953094891161722,25.2,345000.0,0.95,159000.0,True,0
P_hpfp,P_rv,p_hpfp
45402.88834284222,24928.666005449362,1889258.8614393128
Q,Q_phc
301921.81546486786,142921.81546486786
qm_cb,qm_phc/qm_t,qm_r,qm_v,qm,qm_pot
0.10953094891161722,0.0011079024323994231,0.07734296453991027,0.017248213016445323,0.11063885134401664,0.0009155462203105294
number of iterations,29,Execution time: ,14.048004150390625
