architecture,t_cbt,t_hxt,eta_hpfp,eta_r,p_cbt,qm_cb0,t0,p0,tpr_hx,Q_hx,pcc,v
dual,230,170,0.71,0.71,1330000.0,0.10953094891161722,25.2,345000.0,0.95,159000.0,True,0
P_hpfp,P_rv,p_hpfp
45479.01591681577,50388.19176956923,1889258.8614393126
Q,Q_phc
276726.18654125306,117726.18654125306
qm_cb,qm_phc/qm_t,qm_r,qm_v,qm,qm_pot
0.10953094891161722,0.0009310650098846092,0.15630242623673232,0.01727081836039722,0.11046201392150183,0.0011942798828334998
number of iterations,28,Execution time: ,14.040478229522705
