architecture,t_cbt,t_hxt,eta_hpfp,eta_r,p_cbt,qm_cb0,t0,p0,tpr_hx,Q_hx,pcc,v
dual,230,110,0.71,0.71,1330000.0,0.10953148807896115,25.2,345000.0,0.95,159000.0,True,0
P_hpfp,P_rv,p_hpfp
44966.62305458149,11094.248684338218,1889258.8614393128
Q,Q_phc
313423.20146193594,154423.20146193594
qm_cb,qm_phc/qm_t,qm_r,qm_v,qm
0.10953148807896115,0.0011930252175149508,0.03442510422124438,0.017100419599898324,0.1107245132964761
number of iterations,33,Execution time: ,16.64293360710144
