architecture,t_cbt,t_hxt,eta_hpfp,eta_r,p_cbt,qm_cb0,t0,p0,tpr_hx,Q_hx,pcc,v
dual,230,190,0.71,0.71,1330000.0,0.10953094891161722,25.2,345000.0,0.95,159000.0,True,0
P_hpfp,P_rv,p_hpfp
45523.24936025608,81944.58417470081,1889258.8614393126
Q,Q_phc
245477.7171303076,86477.7171303076
qm_cb,qm_phc/qm_t,qm_r,qm_v,qm,qm_pot
0.10953094891161722,0.0006934018842174601,0.2541561279923627,0.017287396096927695,0.11022435079583467,0.0015374748919797087
number of iterations,28,Execution time: ,13.774653673171997
