architecture,t_cbt,t_hxt,eta_hpfp,eta_r,p_cbt,qm_cb0,t0,p0,tpr_hx,Q_hx,pcc,v
dual,230,100,0.71,0.71,1330000.0,0.10953148807896115,25.2,345000.0,0.95,159000.0,True,0
P_hpfp,P_rv,p_hpfp
44945.00722622347,7970.6675571106825,1889258.8614393128
Q,Q_phc
316631.9185556634,157631.91855566337
qm_cb,qm_phc/qm_t,qm_r,qm_v,qm
0.10953148807896115,0.0012120605072348939,0.024733959700813418,0.017097571037038888,0.11074354858619605
number of iterations,35,Execution time: ,17.688660860061646
