architecture,t_cbt,t_hxt,eta_hpfp,eta_r,p_cbt,qm_cb0,t0,p0,tpr_hx,Q_hx,pcc,v
dual,230,180,0.71,0.71,1330000.0,0.10953094891161722,25.2,345000.0,0.95,159000.0,True,0
P_hpfp,P_rv,p_hpfp
45469.45852915498,63858.930113092654,1889258.8614393126
Q,Q_phc
263180.1988738776,104180.19887387758
qm_cb,qm_phc/qm_t,qm_r,qm_v,qm,qm_pot
0.10953094891161722,0.0008362198824137235,0.19807558081702598,0.017267042334037058,0.11036716879403094,0.0012637107027939503
number of iterations,28,Execution time: ,13.019047737121582
