architecture,t_cbt,t_hxt,eta_hpfp,eta_r,p_cbt,qm_cb0,t0,p0,tpr_hx,Q_hx,pcc,v
dual,230,180,0.71,0.71,1330000.0,0.11,25.2,345000.0,0.95,149000.0,True,0
P_hpfp,P_rv,p_hpfp
45158.416836800825,63497.04597525793,1889366.2728249198
Q,Q_phc
261518.43729814654,112518.43729814654
qm_cb,qm_phc/qm_t,qm_r,qm_v,qm,m_z
0.11,0.0009314105546058526,0.19683859519014274,0.01715288636377813,0.11093141055460586,0.09314105546058525
number of iterations,21,Execution time: ,13.17906641960144
