architecture,t_cbt,t_hxt,eta_hpfp,eta_r,p_cbt,qm_cb0,t0,p0,tpr_hx,Q_hx,pcc,v
dual,230,120,0.71,0.71,1330000.0,0.10953094891161722,25.2,345000.0,0.95,159000.0,True,0
P_hpfp,P_rv,p_hpfp
45267.58745581922,14923.157235130053,1889258.8614393128
Q,Q_phc
311584.20461106446,152584.20461106446
qm_cb,qm_phc/qm_t,qm_r,qm_v,qm,qm_pot
0.10953094891161722,0.0011843261166557362,0.04630162353249873,0.01721084413772338,0.11071527502827296,0.0006957526803828868
number of iterations,32,Execution time: ,15.60356855392456
