architecture,t_cbt,t_hxt,eta_hpfp,eta_r,p_cbt,qm_cb0,t0,p0,tpr_hx,Q_hx,pcc,v
dual,230,100,0.71,0.71,1330000.0,0.10953094891161722,25.2,345000.0,0.95,159000.0,True,0
P_hpfp,P_rv,p_hpfp
45241.580088933704,8021.917419855003,1889258.8614393128
Q,Q_phc
318699.08856344776,159699.08856344776
qm_cb,qm_phc/qm_t,qm_r,qm_v,qm,qm_pot
0.10953094891161722,0.0012087944997651444,0.0248930508218618,0.017209885285072175,0.11073974341138236,0.0007275140283129068
number of iterations,35,Execution time: ,17.170265913009644
