architecture,t_cbt,t_hxt,eta_hpfp,eta_r,p_cbt,qm_cb0,t0,p0,tpr_hx,Q_hx,pcc,v
dual,230,110,0.71,0.71,1330000.0,0.10953094891161722,25.2,345000.0,0.95,159000.0,True,0
P_hpfp,P_rv,p_hpfp
45224.065586309036,11167.779728147194,1889258.8614393128
Q,Q_phc
315312.8969889821,156312.8969889821
qm_cb,qm_phc/qm_t,qm_r,qm_v,qm,qm_pot
0.10953094891161722,0.0012072284077859442,0.03465018756536317,0.017200687687599452,0.11073817731940316,0.0006518112259677092
number of iterations,34,Execution time: ,15.79219388961792
