architecture,t_cbt,t_hxt,eta_hpfp,eta_r,p_cbt,qm_cb0,t0,p0,tpr_hx,Q_hx,pcc,v
dual,230,150,0.71,0.71,1330000.0,0.10953148807896115,25.2,345000.0,0.95,159000.0,True,0
P_hpfp,P_rv,p_hpfp
45038.64845885066,31338.830161477672,1889258.8614393126
Q,Q_phc
292644.8019430988,133644.80194309878
qm_cb,qm_phc/qm_t,qm_r,qm_v,qm
0.10953148807896115,0.0010546382917126645,0.09722875540936399,0.017104327777894425,0.11058612637067382
number of iterations,28,Execution time: ,13.511960983276367
