architecture,t_cbt,t_hxt,eta_hpfp,eta_r,p_cbt,qm_cb0,t0,p0,tpr_hx,Q_hx,pcc,v
dual,230,160,0.71,0.71,1330000.0,0.10953148807896115,25.2,345000.0,0.95,159000.0,True,0
P_hpfp,P_rv,p_hpfp
45013.74258353034,39534.632722606686,1889258.8614393126
Q,Q_phc
284272.3447774126,125272.3447774126
qm_cb,qm_phc/qm_t,qm_r,qm_v,qm
0.10953148807896115,0.000994235996585588,0.12264529821250983,0.017094920823480714,0.11052572407554674
number of iterations,28,Execution time: ,13.197046041488647
