architecture,t_cbt,t_hxt,eta_hpfp,eta_r,p_cbt,qm_cb0,t0,p0,tpr_hx,Q_hx,pcc,v
dual,230,140,0.71,0.71,1330000.0,0.10953094891161722,25.2,345000.0,0.95,159000.0,True,0
P_hpfp,P_rv,p_hpfp
45365.64803480694,24908.093589367552,1889258.8614393128
Q,Q_phc
301673.1321315935,142673.13213159348
qm_cb,qm_phc/qm_t,qm_r,qm_v,qm,qm_pot
0.10953094891161722,0.0011192404306843155,0.07727918356135476,0.017234034102139733,0.11065018934230153,0.0008123595355911667
number of iterations,29,Execution time: ,13.992691993713379
