architecture,t_cbt,t_hxt,eta_hpfp,eta_r,p_cbt,qm_cb0,t0,p0,tpr_hx,Q_hx,pcc,v
dual,230,100,0.71,0.71,1330000.0,0.10998,25.2,345000.0,0.95,159000.0,True,0
P_hpfp,P_rv,p_hpfp
45141.085300183055,8008.402600398804,1889258.8614393128
Q,Q_phc
318041.75333821884,159041.75333821884
qm_cb,qm_phc/qm_t,qm_r,qm_v,qm,m_z
0.10998,0.0012561059842995104,0.024850007933937535,0.017172973173165816,0.1112361059842995,0.1256105984299513
number of iterations,34,Execution time: ,21.82612705230713
