architecture,t_cbt,t_hxt,eta_hpfp,eta_r,p_cbt,qm_cb0,t0,p0,tpr_hx,Q_hx,pcc,v
dual,230,190,0.71,0.71,1330000.0,0.10953148807896115,25.2,345000.0,0.95,159000.0,True,0
P_hpfp,P_rv,p_hpfp
44876.83602248143,80802.75134746458,1889258.8614393126
Q,Q_phc
242062.07584408054,83062.07584408054
qm_cb,qm_phc/qm_t,qm_r,qm_v,qm
0.10953148807896115,0.0006708714584009734,0.2506178369333716,0.017043856730976106,0.11020235953736213
number of iterations,28,Execution time: ,13.942810297012329
