architecture,t_cbt,t_hxt,eta_hpfp,eta_r,p_cbt,qm_cb0,t0,p0,tpr_hx,Q_hx,pcc,v
dual,230,130,0.71,0.71,1330000.0,0.10953094891161722,25.2,345000.0,0.95,159000.0,True,0
P_hpfp,P_rv,p_hpfp
45362.7578119581,19450.92668965214,1889258.8614393128
Q,Q_phc
307353.77854432754,148353.77854432754
qm_cb,qm_phc/qm_t,qm_r,qm_v,qm,qm_pot
0.10953094891161722,0.0011427275969027935,0.06035077415161864,0.017238375623006928,0.11067367650852,0.0008549770909669567
number of iterations,30,Execution time: ,14.809380054473877
