architecture,t_cbt,t_hxt,eta_hpfp,eta_r,p_cbt,qm_cb0,t0,p0,tpr_hx,Q_hx,pcc,v
dual,230,190,0.71,0.71,1330000.0,0.11,25.2,345000.0,0.95,149000.0,True,0
P_hpfp,P_rv,p_hpfp
45097.26263261253,81271.40759998318,1889366.2728249198
Q,Q_phc
243317.23947067102,94317.23947067102
qm_cb,qm_phc/qm_t,qm_r,qm_v,qm,m_z
0.11,0.0007851654503456181,0.25192056943668495,0.017129955531269996,0.11078516545034561,0.0785165450345618
number of iterations,21,Execution time: ,12.576925277709961
