architecture,t_cbt,t_hxt,eta_hpfp,eta_r,p_cbt,qm_cb0,t0,p0,tpr_hx,Q_hx,pcc,v
dual,230,120,0.71,0.71,1330000.0,0.11,25.2,345000.0,0.95,149000.0,True,0
P_hpfp,P_rv,p_hpfp
45207.893128783864,14921.12698307906,1889366.2728249198
Q,Q_phc
311277.1257187359,162277.12571873592
qm_cb,qm_phc/qm_t,qm_r,qm_v,qm,m_z
0.11,0.0013006314520384356,0.04627025212690871,0.017190950668099617,0.11130063145203843,0.13006314520384354
number of iterations,24,Execution time: ,15.758984327316284
