architecture,t_cbt,t_hxt,eta_hpfp,eta_r,p_cbt,qm_cb0,t0,p0,tpr_hx,Q_hx,pcc,v
dual,230,110,0.71,0.71,1330000.0,0.10953094891161722,25.2,345000.0,0.95,159000.0,True,0
P_hpfp,P_rv,p_hpfp
45262.802220018195,11177.343095037106,1889258.8614393128
Q,Q_phc
315583.0417935019,156583.04179350188
qm_cb,qm_phc/qm_t,qm_r,qm_v,qm,qm_pot
0.10953094891161722,0.0011918026168096121,0.03467984583871792,0.017215425031419904,0.11072275152842682,0.0007626664240984984
number of iterations,34,Execution time: ,17.223881006240845
