architecture,t_cbt,t_hxt,eta_hpfp,eta_r,p_cbt,qm_cb0,t0,p0,tpr_hx,Q_hx,pcc,v
dual,230,210,0.71,0.71,1330000.0,0.10953148807896115,25.2,345000.0,0.95,159000.0,True,0
P_hpfp,P_rv,p_hpfp
44668.39151307151,142014.77759907534,1889258.8614393126
Q,Q_phc
179374.72282851214,20374.72282851214
qm_cb,qm_phc/qm_t,qm_r,qm_v,qm
0.10953148807896115,0.00016629015634073152,0.4403968243256465,0.01696519896103462,0.10969777823530188
number of iterations,28,Execution time: ,14.526910543441772
