architecture,t_cbt,t_hxt,eta_hpfp,eta_r,p_cbt,qm_cb0,t0,p0,tpr_hx,Q_hx,pcc,v
dual,230,210,0.71,0.71,1330000.0,0.10953094891161722,25.2,345000.0,0.95,159000.0,True,0
P_hpfp,P_rv,p_hpfp
45589.310144971336,144895.0481001481,1889258.8614393128
Q,Q_phc
183018.16928828013,24018.16928828013
qm_cb,qm_phc/qm_t,qm_r,qm_v,qm,qm_pot
0.10953094891161722,0.00019600812662614068,0.4493290418451874,0.01731284546656133,0.10972695703824335,0.0022017797483564164
number of iterations,29,Execution time: ,13.675311088562012
