architecture,t_cbt,t_hxt,eta_hpfp,eta_r,p_cbt,qm_cb0,t0,p0,tpr_hx,Q_hx,pcc,v
dual,230,210,0.71,0.71,1330000.0,0.11,25.2,345000.0,0.95,149000.0,True,0
P_hpfp,P_rv,p_hpfp
44878.60891619654,142790.95064131013,1889366.2728249198
Q,Q_phc
180274.56609090237,31274.56609090237
qm_cb,qm_phc/qm_t,qm_r,qm_v,qm,m_z
0.11,0.00026332496604211414,0.44253298513308814,0.017048039014889573,0.11026332496604212,0.026332496604211414
number of iterations,21,Execution time: ,11.754927635192871
