architecture,t_cbt,t_hxt,eta_hpfp,eta_r,p_cbt,qm_cb0,t0,p0,tpr_hx,Q_hx,pcc,v
dual,230,200,0.71,0.71,1330000.0,0.11,25.2,345000.0,0.95,149000.0,True,0
P_hpfp,P_rv,p_hpfp
45008.21959431078,106024.13513108683,1889366.2728249198
Q,Q_phc
217959.96935890862,68959.96935890862
qm_cb,qm_phc/qm_t,qm_r,qm_v,qm,m_z
0.11,0.0005773371038963633,0.3286198456853061,0.01709696308596189,0.11057733710389636,0.05773371038963633
number of iterations,21,Execution time: ,12.87170958518982
