architecture,t_cbt,t_hxt,eta_hpfp,eta_r,p_cbt,qm_cb0,t0,p0,tpr_hx,Q_hx,pcc,v
dual,230,200,0.71,0.71,1330000.0,0.10998,25.2,345000.0,0.95,159000.0,True,0
P_hpfp,P_rv,p_hpfp
44974.64580122687,105873.98346185693,1889258.8614393123
Q,Q_phc
217780.00850056592,58780.00850056592
qm_cb,qm_phc/qm_t,qm_r,qm_v,qm,m_z
0.10998,0.0004881621319438034,0.32835585880446344,0.017083007778636125,0.1104681621319438,0.04881621319438061
number of iterations,27,Execution time: ,16.659101724624634
