architecture,t_cbt,t_hxt,eta_hpfp,eta_r,p_cbt,qm_cb0,t0,p0,tpr_hx,Q_hx,pcc,v
dual,240,120,0.71,0.71,1330000.0,0.11,25.2,345000.0,0.95,149000.0,True,0
P_hpfp,P_rv,p_hpfp
44956.57366094785,14327.841510648019,1889366.2728249198
Q,Q_phc
330004.2268170027,181004.2268170027
qm_cb,qm_phc/qm_t,qm_r,qm_v,qm,m_z
0.11,0.001452449574981889,0.042579234186978406,0.01633288336819678,0.11145244957498189,0.1452449574981889
number of iterations,24,Execution time: ,15.132957935333252
