architecture,t_cbt,t_hxt,eta_hpfp,eta_r,p_cbt,qm_cb0,t0,p0,tpr_hx,Q_hx,pcc,v
dual,240,120,0.71,0.71,1330000.0,0.10938578935600733,25.2,345000.0,0.95,159000.0,True,0
P_hpfp,P_rv,p_hpfp
44661.756158106116,14220.934395994427,1889258.8614393128
Q,Q_phc
327766.2869349596,168766.2869349596
qm_cb,qm_phc/qm_t,qm_r,qm_v,qm
0.10938578935600733,0.0013108060035689484,0.04228042769291638,0.016223876573996265,0.11069659535957628
number of iterations,32,Execution time: ,16.512754917144775
