architecture,t_cbt,t_hxt,eta_hpfp,eta_r,p_cbt,qm_cb0,t0,p0,tpr_hx,Q_hx,pcc,v
dual,240,110,0.71,0.71,1330000.0,0.11,25.2,345000.0,0.95,149000.0,True,0
P_hpfp,P_rv,p_hpfp
44943.75512468542,10775.777098994136,1889366.2728249198
Q,Q_phc
333645.4756553899,184645.4756553899
qm_cb,qm_phc/qm_t,qm_r,qm_v,qm,m_z
0.11,0.0014742907103685718,0.03202574167369783,0.016332193550802322,0.11147429071036857,0.14742907103685718
number of iterations,25,Execution time: ,15.499850034713745
