architecture,t_cbt,t_hxt,eta_hpfp,eta_r,p_cbt,qm_cb0,t0,p0,tpr_hx,Q_hx,pcc,v
dual,240,100,0.71,0.71,1330000.0,0.11,25.2,345000.0,0.95,149000.0,True,0
P_hpfp,P_rv,p_hpfp
44933.07429777253,7770.853280104519,1889366.2728249198
Q,Q_phc
336722.2011822131,187722.2011822131
qm_cb,qm_phc/qm_t,qm_r,qm_v,qm,m_z
0.11,0.00149177073087312,0.02309824787554364,0.01633156523435538,0.11149177073087312,0.14917707308731198
number of iterations,26,Execution time: ,16.770418643951416
