architecture,t_cbt,t_hxt,eta_hpfp,eta_r,p_cbt,qm_cb0,t0,p0,tpr_hx,Q_hx,pcc,v
dual,240,130,0.71,0.71,1330000.0,0.10938510507387705,25.2,345000.0,0.95,159000.0,True,0
P_hpfp,P_rv,p_hpfp
45002.41406532488,18524.7512732854,1889258.8614393128
Q,Q_phc
325646.5213994765,166646.5213994765
qm_cb,qm_phc/qm_t,qm_r,qm_v,qm,qm_pot
0.10938510507387705,0.001300926883329846,0.05507707323725684,0.016339056589971125,0.1106860319572069,0.000733381085620587
number of iterations,30,Execution time: ,13.847599029541016
