architecture,t_cbt,t_hxt,eta_hpfp,eta_r,p_cbt,qm_cb0,t0,p0,tpr_hx,Q_hx,pcc,v
dual,240,110,0.71,0.71,1330000.0,0.10938510507387705,25.2,345000.0,0.95,159000.0,True,0
P_hpfp,P_rv,p_hpfp
44920.54379951614,10755.272327209037,1889258.8614393128
Q,Q_phc
333340.69578924065,174340.69578924065
qm_cb,qm_phc/qm_t,qm_r,qm_v,qm,qm_pot
0.10938510507387705,0.001346614813041241,0.03197958468015034,0.016320481720390047,0.1107317198869183,0.0006426944136442435
number of iterations,33,Execution time: ,16.753589153289795
