architecture,t_cbt,t_hxt,eta_hpfp,eta_r,p_cbt,qm_cb0,t0,p0,tpr_hx,Q_hx,pcc,v
dual,240,130,0.71,0.71,1330000.0,0.11,25.2,345000.0,0.95,149000.0,True,0
P_hpfp,P_rv,p_hpfp
44971.947863634865,18546.767301131833,1889366.2728249198
Q,Q_phc
325674.401191126,176674.40119112597
qm_cb,qm_phc/qm_t,qm_r,qm_v,qm,m_z
0.11,0.0014251269556885362,0.05511462536888941,0.016333626673824146,0.11142512695568854,0.14251269556885363
number of iterations,23,Execution time: ,14.508162260055542
