architecture,t_cbt,t_hxt,eta_hpfp,eta_r,p_cbt,qm_cb0,t0,p0,tpr_hx,Q_hx,pcc,v
dual,240,190,0.71,0.71,1330000.0,0.10938510507387705,25.2,345000.0,0.95,159000.0,True,0
P_hpfp,P_rv,p_hpfp
45161.76704114977,72114.78496994705,1889258.8614393126
Q,Q_phc
272733.79563904763,113733.79563904763
qm_cb,qm_phc/qm_t,qm_r,qm_v,qm,qm_pot
0.10938510507387705,0.0009200983686983579,0.21433752535846892,0.016385967202898,0.11030520344257541,0.0013537434405758717
number of iterations,28,Execution time: ,13.034939765930176
