architecture,t_cbt,t_hxt,eta_hpfp,eta_r,p_cbt,qm_cb0,t0,p0,tpr_hx,Q_hx,pcc,v
dual,240,150,0.71,0.71,1330000.0,0.10938510507387705,25.2,345000.0,0.95,159000.0,True,0
P_hpfp,P_rv,p_hpfp
45128.86985077035,29667.52671950199,1889258.8614393126
Q,Q_phc
314936.7282610329,155936.7282610329
qm_cb,qm_phc/qm_t,qm_r,qm_v,qm,qm_pot
0.10938510507387705,0.0012183598468270074,0.08819958296241845,0.016374165065459936,0.11060346492070407,0.0009761137913459537
number of iterations,28,Execution time: ,13.155629873275757
