architecture,t_cbt,t_hxt,eta_hpfp,eta_r,p_cbt,qm_cb0,t0,p0,tpr_hx,Q_hx,pcc,v
dual,240,110,0.71,0.71,1330000.0,0.10998,25.2,345000.0,0.95,159000.0,True,0
P_hpfp,P_rv,p_hpfp
44909.252072274394,10757.820728186456,1889258.8614393128
Q,Q_phc
333313.8217239527,174313.82172395271
qm_cb,qm_phc/qm_t,qm_r,qm_v,qm,m_z
0.10998,0.0013842171341144904,0.031984204585861396,0.016317724817512945,0.11136421713411448,0.1384217134114495
number of iterations,32,Execution time: ,20.03250002861023
