architecture,t_cbt,t_hxt,eta_hpfp,eta_r,p_cbt,qm_cb0,t0,p0,tpr_hx,Q_hx,pcc,v
dual,240,120,0.71,0.71,1330000.0,0.10998,25.2,345000.0,0.95,159000.0,True,0
P_hpfp,P_rv,p_hpfp
44937.62373338346,14297.578586585207,1889258.8614393128
Q,Q_phc
329667.0905369182,170667.0905369182
qm_cb,qm_phc/qm_t,qm_r,qm_v,qm,m_z
0.10998,0.0013617136813928732,0.04250823710503419,0.016321459915146698,0.11134171368139287,0.13617136813928693
number of iterations,30,Execution time: ,19.037955284118652
