architecture,t_cbt,t_hxt,eta_hpfp,eta_r,p_cbt,qm_cb0,t0,p0,tpr_hx,Q_hx,pcc,v
dual,240,100,0.71,0.71,1330000.0,0.10998,25.2,345000.0,0.95,159000.0,True,0
P_hpfp,P_rv,p_hpfp
44889.10109535172,7761.858985663329,1889258.8614393128
Q,Q_phc
336393.1910755791,177393.1910755791
qm_cb,qm_phc/qm_t,qm_r,qm_v,qm,m_z
0.10998,0.0014023273431774397,0.02307786007993205,0.016315221996179505,0.11138232734317743,0.14023273431774463
number of iterations,34,Execution time: ,22.039828538894653
