architecture,t_cbt,t_hxt,eta_hpfp,eta_r,p_cbt,qm_cb0,t0,p0,tpr_hx,Q_hx,pcc,v
dual,240,110,0.71,0.71,1330000.0,0.10938578935600733,25.2,345000.0,0.95,159000.0,True,0
P_hpfp,P_rv,p_hpfp
44652.513311249815,10692.667855017306,1889258.8614393128
Q,Q_phc
331377.5132870146,172377.51328701462
qm_cb,qm_phc/qm_t,qm_r,qm_v,qm
0.10938578935600733,0.00133191097845492,0.03179344625772886,0.016223635383543548,0.11071770033446225
number of iterations,33,Execution time: ,16.964715719223022
