architecture,t_cbt,t_hxt,eta_hpfp,eta_r,p_cbt,qm_cb0,t0,p0,tpr_hx,Q_hx,pcc,v
dual,240,160,0.71,0.71,1330000.0,0.10938578935600733,25.2,345000.0,0.95,159000.0,True,0
P_hpfp,P_rv,p_hpfp
44705.891283697,36704.48428109267,1889258.8614393126
Q,Q_phc
304704.2087717985,145704.20877179853
qm_cb,qm_phc/qm_t,qm_r,qm_v,qm
0.10938578935600733,0.0011578106356611717,0.10911181040436271,0.016221322744210277,0.1105435999916685
number of iterations,28,Execution time: ,13.218564510345459
