architecture,t_cbt,t_hxt,eta_hpfp,eta_r,p_cbt,qm_cb0,t0,p0,tpr_hx,Q_hx,pcc,v
dual,240,190,0.71,0.71,1330000.0,0.10938510507387705,25.2,345000.0,0.95,159000.0,True,0
P_hpfp,P_rv,p_hpfp
45194.21071824089,72167.57639680132,1889258.8614393126
Q,Q_phc
272932.8075712668,113932.80757126678
qm_cb,qm_phc/qm_t,qm_r,qm_v,qm,qm_pot
0.10938510507387705,0.0009158826488276084,0.21449433026598083,0.016397826373944012,0.11030098772270466,0.0014393383466759513
number of iterations,28,Execution time: ,13.728081703186035
