architecture,t_cbt,t_hxt,eta_hpfp,eta_r,p_cbt,qm_cb0,t0,p0,tpr_hx,Q_hx,pcc,v
dual,240,160,0.71,0.71,1330000.0,0.10938510507387705,25.2,345000.0,0.95,159000.0,True,0
P_hpfp,P_rv,p_hpfp
45141.75952065969,37058.87802545531,1889258.8614393126
Q,Q_phc
307644.5591843751,148644.5591843751
qm_cb,qm_phc/qm_t,qm_r,qm_v,qm,qm_pot
0.10938510507387705,0.0011695218983023158,0.11016418779917096,0.016378859262596974,0.11055462697217937,0.0010570376327541638
number of iterations,28,Execution time: ,13.446281909942627
