architecture,t_cbt,t_hxt,eta_hpfp,eta_r,p_cbt,qm_cb0,t0,p0,tpr_hx,Q_hx,pcc,v
dual,240,110,0.71,0.71,1330000.0,0.10938510507387705,25.2,345000.0,0.95,159000.0,True,0
P_hpfp,P_rv,p_hpfp
44963.60254837397,10765.581807773717,1889258.8614393128
Q,Q_phc
333660.28067356424,174660.28067356424
qm_cb,qm_phc/qm_t,qm_r,qm_v,qm,qm_pot
0.10938510507387705,0.001329839552809717,0.032010219997073514,0.01633613026424834,0.11071494462668677,0.0007662451791119433
number of iterations,33,Execution time: ,16.596606969833374
