architecture,t_cbt,t_hxt,eta_hpfp,eta_r,p_cbt,qm_cb0,t0,p0,tpr_hx,Q_hx,pcc,v
dual,240,170,0.71,0.71,1330000.0,0.10938510507387705,25.2,345000.0,0.95,159000.0,True,0
P_hpfp,P_rv,p_hpfp
45156.47770460304,46151.45940610286,1889258.8614393126
Q,Q_phc
298664.58192395326,139664.58192395326
qm_cb,qm_phc/qm_t,qm_r,qm_v,qm,qm_pot
0.10938510507387705,0.0011066909286597422,0.13718433442767244,0.016384206243548104,0.1104917960025368,0.0011563206465127738
number of iterations,28,Execution time: ,13.650474071502686
