architecture,t_cbt,t_hxt,eta_hpfp,eta_r,p_cbt,qm_cb0,t0,p0,tpr_hx,Q_hx,pcc,v
dual,240,140,0.71,0.71,1330000.0,0.10938578935600733,25.2,345000.0,0.95,159000.0,True,0
P_hpfp,P_rv,p_hpfp
44710.87820498777,23400.906223152015,1889258.8614393128
Q,Q_phc
318329.27554649045,159329.27554649045
qm_cb,qm_phc/qm_t,qm_r,qm_v,qm
0.10938578935600733,0.0012512797606380327,0.06957206498956416,0.0162288836504405,0.11063706911664536
number of iterations,29,Execution time: ,14.298230409622192
