architecture,t_cbt,t_hxt,eta_hpfp,eta_r,p_cbt,qm_cb0,t0,p0,tpr_hx,Q_hx,pcc,v
dual,240,170,0.71,0.71,1330000.0,0.10938510507387705,25.2,345000.0,0.95,159000.0,True,0
P_hpfp,P_rv,p_hpfp
45117.99521899642,46111.777165924446,1889258.8614393126
Q,Q_phc
298408.2368342,139408.23683419998
qm_cb,qm_phc/qm_t,qm_r,qm_v,qm,qm_pot
0.10938510507387705,0.001114093498076888,0.1370664425989767,0.016370193283942795,0.11049919857195394,0.001053148788023866
number of iterations,28,Execution time: ,13.38528561592102
