architecture,t_cbt,t_hxt,eta_hpfp,eta_r,p_cbt,qm_cb0,t0,p0,tpr_hx,Q_hx,pcc,v
dual,240,120,0.71,0.71,1330000.0,0.10938510507387705,25.2,345000.0,0.95,159000.0,True,0
P_hpfp,P_rv,p_hpfp
44947.13278471679,14309.906454046408,1889258.8614393128
Q,Q_phc
329833.30668700393,170833.30668700393
qm_cb,qm_phc/qm_t,qm_r,qm_v,qm,qm_pot
0.10938510507387705,0.0013264004821352151,0.042544874447351784,0.016326975825347877,0.11071150555601227,0.0006840472292808621
number of iterations,32,Execution time: ,15.271113872528076
