architecture,t_cbt,t_hxt,eta_hpfp,eta_r,p_cbt,qm_cb0,t0,p0,tpr_hx,Q_hx,pcc,v
dual,240,170,0.71,0.71,1330000.0,0.10998,25.2,345000.0,0.95,159000.0,True,0
P_hpfp,P_rv,p_hpfp
44928.79979450281,45935.93944386783,1889258.8614393123
Q,Q_phc
297237.01821017935,138237.01821017935
qm_cb,qm_phc/qm_t,qm_r,qm_v,qm,m_z
0.10998,0.0011325224787077648,0.1365350929006915,0.016303563061120317,0.11111252247870776,0.11325224787077633
number of iterations,27,Execution time: ,16.686923503875732
