architecture,t_cbt,t_hxt,eta_hpfp,eta_r,p_cbt,qm_cb0,t0,p0,tpr_hx,Q_hx,pcc,v
dual,240,190,0.71,0.71,1330000.0,0.10938578935600733,25.2,345000.0,0.95,159000.0,True,0
P_hpfp,P_rv,p_hpfp
44596.35263085939,71224.73153164968,1889258.8614393126
Q,Q_phc
269369.297147086,110369.297147086
qm_cb,qm_phc/qm_t,qm_r,qm_v,qm
0.10938578935600733,0.0008932137158049885,0.21169401208000804,0.016182003301532376,0.11027900307181232
number of iterations,28,Execution time: ,13.824090242385864
