architecture,t_cbt,t_hxt,eta_hpfp,eta_r,p_cbt,qm_cb0,t0,p0,tpr_hx,Q_hx,pcc,v
dual,240,190,0.71,0.71,1330000.0,0.10998,25.2,345000.0,0.95,159000.0,True,0
P_hpfp,P_rv,p_hpfp
44844.92788187672,71635.96123021141,1889258.8614393123
Q,Q_phc
270903.3547480776,111903.35474807757
qm_cb,qm_phc/qm_t,qm_r,qm_v,qm,m_z
0.10998,0.0009271002068730466,0.21290212768316435,0.016273256681261245,0.11090710020687304,0.09271002068730484
number of iterations,27,Execution time: ,17.27349305152893
