architecture,t_cbt,t_hxt,eta_hpfp,eta_r,p_cbt,qm_cb0,t0,p0,tpr_hx,Q_hx,pcc,v
dual,240,140,0.71,0.71,1330000.0,0.11,25.2,345000.0,0.95,149000.0,True,0
P_hpfp,P_rv,p_hpfp
44990.372037734654,23581.193657604275,1889366.2728249198
Q,Q_phc
320501.94909326755,171501.94909326755
qm_cb,qm_phc/qm_t,qm_r,qm_v,qm,m_z
0.11,0.0013909158341826326,0.07007379923407352,0.016334407785437634,0.11139091583418263,0.13909158341826325
number of iterations,22,Execution time: ,14.041043043136597
