architecture,t_cbt,t_hxt,eta_hpfp,eta_r,p_cbt,qm_cb0,t0,p0,tpr_hx,Q_hx,pcc,v
dual,240,150,0.71,0.71,1330000.0,0.10998,25.2,345000.0,0.95,159000.0,True,0
P_hpfp,P_rv,p_hpfp
44978.38816664143,29581.53431428042,1889258.8614393123
Q,Q_phc
313972.31121334597,154972.31121334597
qm_cb,qm_phc/qm_t,qm_r,qm_v,qm,m_z
0.10998,0.0012557667068280598,0.08793782115211575,0.016321608329330613,0.11123576670682805,0.12557667068280567
number of iterations,27,Execution time: ,17.101389408111572
