architecture,t_cbt,t_hxt,eta_hpfp,eta_r,p_cbt,qm_cb0,t0,p0,tpr_hx,Q_hx,pcc,v
dual,240,140,0.71,0.71,1330000.0,0.10938510507387705,25.2,345000.0,0.95,159000.0,True,0
P_hpfp,P_rv,p_hpfp
45084.01304213616,23593.659740118506,1889258.8614393128
Q,Q_phc
320955.38873967604,161955.38873967604
qm_cb,qm_phc/qm_t,qm_r,qm_v,qm,qm_pot
0.10938510507387705,0.0012568022178799832,0.07014453162844653,0.01636370397486037,0.11064190729175703,0.0009090235553998144
number of iterations,29,Execution time: ,13.946108102798462
