architecture,t_cbt,t_hxt,eta_hpfp,eta_r,p_cbt,qm_cb0,t0,p0,tpr_hx,Q_hx,pcc,v
dual,240,140,0.71,0.71,1330000.0,0.10998,25.2,345000.0,0.95,159000.0,True,0
P_hpfp,P_rv,p_hpfp
44963.62026990282,23541.15655623384,1889258.8614393126
Q,Q_phc
320178.9440955753,161178.9440955753
qm_cb,qm_phc/qm_t,qm_r,qm_v,qm,m_z
0.10998,0.001299137105548423,0.06998323192867567,0.01632190886674384,0.11127913710554842,0.12991371055484222
number of iterations,28,Execution time: ,16.42366313934326
