architecture,t_cbt,t_hxt,eta_hpfp,eta_r,p_cbt,qm_cb0,t0,p0,tpr_hx,Q_hx,pcc,v
dual,240,220,0.71,0.71,1330000.0,0.10938510507387705,25.2,345000.0,0.95,159000.0,True,0
P_hpfp,P_rv,p_hpfp
45295.487074388606,158431.48885172023,1889258.8614393128
Q,Q_phc
187446.0568755734,28446.056875573413
qm_cb,qm_phc/qm_t,qm_r,qm_v,qm,qm_pot
0.10938510507387705,0.00023357698656995647,0.4708090270832873,0.016434666308547383,0.109618682060447,0.0023731385537721435
number of iterations,29,Execution time: ,14.289376735687256
