architecture,t_cbt,t_hxt,eta_hpfp,eta_r,p_cbt,qm_cb0,t0,p0,tpr_hx,Q_hx,pcc,v
dual,240,210,0.71,0.71,1330000.0,0.11,25.2,345000.0,0.95,149000.0,True,0
P_hpfp,P_rv,p_hpfp
44719.243144858,117255.27685498225,1889366.2728249198
Q,Q_phc
224467.11470715108,75467.11470715108
qm_cb,qm_phc/qm_t,qm_r,qm_v,qm,m_z
0.11,0.0006373863964729859,0.34828868352606634,0.016229833036523453,0.11063738639647298,0.06373863964729859
number of iterations,21,Execution time: ,11.463364124298096
