architecture,t_cbt,t_hxt,eta_hpfp,eta_r,p_cbt,qm_cb0,t0,p0,tpr_hx,Q_hx,pcc,v
dual,240,220,0.71,0.71,1330000.0,0.10998,25.2,345000.0,0.95,159000.0,True,0
P_hpfp,P_rv,p_hpfp
44551.92161922542,155895.11211411672,1889258.8614393123
Q,Q_phc
184447.4891795651,25447.489179565106
qm_cb,qm_phc/qm_t,qm_r,qm_v,qm,m_z
0.10998,0.0002142995833029765,0.4632490662893785,0.016167725888210912,0.11019429958330297,0.021429958330297864
number of iterations,27,Execution time: ,17.822900533676147
