architecture,t_cbt,t_hxt,eta_hpfp,eta_r,p_cbt,qm_cb0,t0,p0,tpr_hx,Q_hx,pcc,v
dual,240,200,0.71,0.71,1330000.0,0.10938510507387705,25.2,345000.0,0.95,159000.0,True,0
P_hpfp,P_rv,p_hpfp
45192.86192349255,91519.3859027594,1889258.8614393126
Q,Q_phc
253556.157723782,94556.157723782
qm_cb,qm_phc/qm_t,qm_r,qm_v,qm,qm_pot
0.10938510507387705,0.0007696623358036034,0.2719976114342228,0.01639704221921013,0.11015476740968065,0.001578060778185086
number of iterations,28,Execution time: ,13.339188575744629
