architecture,t_cbt,t_hxt,eta_hpfp,eta_r,p_cbt,qm_cb0,t0,p0,tpr_hx,Q_hx,pcc,v
dual,240,200,0.71,0.71,1330000.0,0.10938578935600733,25.2,345000.0,0.95,159000.0,True,0
P_hpfp,P_rv,p_hpfp
44531.22728068173,90206.14489414463,1889258.8614393126
Q,Q_phc
249919.05715929327,90919.05715929327
qm_cb,qm_phc/qm_t,qm_r,qm_v,qm
0.10938578935600733,0.0007403446557223692,0.2680970846631661,0.016158941713403693,0.1101261340117297
number of iterations,28,Execution time: ,14.531901836395264
