architecture,t_cbt,t_hxt,eta_hpfp,eta_r,p_cbt,qm_cb0,t0,p0,tpr_hx,Q_hx,pcc,v
dual,240,210,0.71,0.71,1330000.0,0.10938510507387705,25.2,345000.0,0.95,159000.0,True,0
P_hpfp,P_rv,p_hpfp
45238.452993955645,118471.37893870274,1889258.8614393126
Q,Q_phc
226900.97842036904,67900.97842036904
qm_cb,qm_phc/qm_t,qm_r,qm_v,qm,qm_pot
0.10938510507387705,0.0005560577608881604,0.35207865000728067,0.01641255212606562,0.10994116283476521,0.0018896949565208978
number of iterations,28,Execution time: ,13.494625806808472
