architecture,t_cbt,t_hxt,eta_hpfp,eta_r,p_cbt,qm_cb0,t0,p0,tpr_hx,Q_hx,pcc,v
dual,240,200,0.71,0.71,1330000.0,0.10998,25.2,345000.0,0.95,159000.0,True,0
P_hpfp,P_rv,p_hpfp
44779.12459343793,90721.07151369765,1889258.8614393123
Q,Q_phc
251332.78079249922,92332.78079249922
qm_cb,qm_phc/qm_t,qm_r,qm_v,qm,m_z
0.10998,0.00076927391166004,0.26961073228103727,0.016249716324627576,0.11074927391166003,0.07692739116600421
number of iterations,27,Execution time: ,17.35748314857483
