architecture,t_cbt,t_hxt,eta_hpfp,eta_r,p_cbt,qm_cb0,t0,p0,tpr_hx,Q_hx,pcc,v
dual,240,220,0.71,0.71,1330000.0,0.11,25.2,345000.0,0.95,149000.0,True,0
P_hpfp,P_rv,p_hpfp
44582.21692258921,156091.64783810548,1889366.2728249198
Q,Q_phc
184597.67585354202,35597.67585354202
qm_cb,qm_phc/qm_t,qm_r,qm_v,qm,m_z
0.11,0.0003024408840662893,0.4636146479976989,0.016180374837717133,0.1103024408840663,0.03024408840662893
number of iterations,21,Execution time: ,11.820819616317749
