architecture,t_cbt,t_hxt,eta_hpfp,eta_r,p_cbt,qm_cb0,t0,p0,tpr_hx,Q_hx,pcc,v
dual,240,220,0.71,0.71,1330000.0,0.10938510507387705,25.2,345000.0,0.95,159000.0,True,0
P_hpfp,P_rv,p_hpfp
45287.931919733644,158400.495726088,1889258.8614393128
Q,Q_phc
187409.15763168957,28409.157631689566
qm_cb,qm_phc/qm_t,qm_r,qm_v,qm,qm_pot
0.10938510507387705,0.00023397311894994598,0.4707167416449895,0.016431717273681812,0.109619078192827,0.002351141991699362
number of iterations,29,Execution time: ,13.83205270767212
