architecture,t_cbt,t_hxt,eta_hpfp,eta_r,p_cbt,qm_cb0,t0,p0,tpr_hx,Q_hx,pcc,v
dual,250,140,0.71,0.71,1330000.0,0.10924102132671379,25.2,345000.0,0.95,159000.0,True,0
P_hpfp,P_rv,p_hpfp
44752.39294431847,22468.73178472839,1889258.8614393128
Q,Q_phc
339203.49299649516,180203.49299649516
qm_cb,qm_phc/qm_t,qm_r,qm_v,qm,qm_pot
0.10924102132671379,0.0014155093283857488,0.06412075198650766,0.015556470519984858,0.11065653065509953,0.0007750187857818541
number of iterations,29,Execution time: ,13.500020503997803
