architecture,t_cbt,t_hxt,eta_hpfp,eta_r,p_cbt,qm_cb0,t0,p0,tpr_hx,Q_hx,pcc,v
dual,250,150,0.71,0.71,1330000.0,0.10924102132671379,25.2,345000.0,0.95,159000.0,True,0
P_hpfp,P_rv,p_hpfp
44796.554794422984,28050.18584625401,1889258.8614393126
Q,Q_phc
333686.5946288717,174686.5946288717
qm_cb,qm_phc/qm_t,qm_r,qm_v,qm,qm_pot
0.10924102132671379,0.001380442713915164,0.08004670363432478,0.015566411054027465,0.11062146404062895,0.0008398930542470959
number of iterations,28,Execution time: ,13.030489444732666
