architecture,t_cbt,t_hxt,eta_hpfp,eta_r,p_cbt,qm_cb0,t0,p0,tpr_hx,Q_hx,pcc,v
dual,250,140,0.71,0.71,1330000.0,0.11,25.2,345000.0,0.95,149000.0,True,0
P_hpfp,P_rv,p_hpfp
44771.922823442175,22509.434228757775,1889366.2728249198
Q,Q_phc
339566.2158624724,190566.21586247243
qm_cb,qm_phc/qm_t,qm_r,qm_v,qm,m_z
0.11,0.001547697397133055,0.06421499610879439,0.015567494467574905,0.11154769739713305,0.1547697397133055
number of iterations,22,Execution time: ,12.041666269302368
