architecture,t_cbt,t_hxt,eta_hpfp,eta_r,p_cbt,qm_cb0,t0,p0,tpr_hx,Q_hx,pcc,v
dual,250,190,0.71,0.71,1330000.0,0.11,25.2,345000.0,0.95,149000.0,True,0
P_hpfp,P_rv,p_hpfp
44684.63819043678,64775.1369249917,1889366.2728249198
Q,Q_phc
296235.859059229,147235.85905922903
qm_cb,qm_phc/qm_t,qm_r,qm_v,qm,m_z
0.11,0.0012318535716229974,0.18473744937646244,0.01553017593160013,0.111231853571623,0.12318535716229974
number of iterations,21,Execution time: ,11.994231462478638
