architecture,t_cbt,t_hxt,eta_hpfp,eta_r,p_cbt,qm_cb0,t0,p0,tpr_hx,Q_hx,pcc,v
dual,250,160,0.71,0.71,1330000.0,0.1092418370649313,25.2,345000.0,0.95,159000.0,True,0
P_hpfp,P_rv,p_hpfp
44429.51814650973,34443.986316799004,1889258.8614393126
Q,Q_phc
324361.9019094705,165361.9019094705
qm_cb,qm_phc/qm_t,qm_r,qm_v,qm
0.1092418370649313,0.0013153097265200392,0.09828535365671572,0.015439425255627068,0.11055714679145134
number of iterations,28,Execution time: ,13.72348165512085
