architecture,t_cbt,t_hxt,eta_hpfp,eta_r,p_cbt,qm_cb0,t0,p0,tpr_hx,Q_hx,pcc,v
dual,250,180,0.71,0.71,1330000.0,0.10924102132671379,25.2,345000.0,0.95,159000.0,True,0
P_hpfp,P_rv,p_hpfp
44842.68369595728,52675.121087059204,1889258.8614393126
Q,Q_phc
309435.6424966301,150435.64249663008
qm_cb,qm_phc/qm_t,qm_r,qm_v,qm,qm_pot
0.10924102132671379,0.0012112921109806835,0.15028879699086206,0.015582474976307896,0.11045231343769447,0.0011242279501161878
number of iterations,28,Execution time: ,12.678110361099243
