architecture,t_cbt,t_hxt,eta_hpfp,eta_r,p_cbt,qm_cb0,t0,p0,tpr_hx,Q_hx,pcc,v
dual,250,120,0.71,0.71,1330000.0,0.10924102132671379,25.2,345000.0,0.95,159000.0,True,0
P_hpfp,P_rv,p_hpfp
44660.388078737116,13792.99518740528,1889258.8614393128
Q,Q_phc
347786.7089960859,188786.70899608592
qm_cb,qm_phc/qm_t,qm_r,qm_v,qm,qm_pot
0.10924102132671379,0.0014660552834035528,0.03936309207103977,0.015536538877526308,0.11070707661011735,0.0006738805255946168
number of iterations,32,Execution time: ,16.091907024383545
