architecture,t_cbt,t_hxt,eta_hpfp,eta_r,p_cbt,qm_cb0,t0,p0,tpr_hx,Q_hx,pcc,v
dual,250,130,0.71,0.71,1330000.0,0.11,25.2,345000.0,0.95,149000.0,True,0
P_hpfp,P_rv,p_hpfp
44752.69620438679,17810.340904679484,1889366.2728249198
Q,Q_phc
344395.4395687189,195395.4395687189
qm_cb,qm_phc/qm_t,qm_r,qm_v,qm,m_z
0.11,0.0015780730239693549,0.050810380588225984,0.015566340308667121,0.11157807302396935,0.1578073023969355
number of iterations,23,Execution time: ,12.336027145385742
