architecture,t_cbt,t_hxt,eta_hpfp,eta_r,p_cbt,qm_cb0,t0,p0,tpr_hx,Q_hx,pcc,v
dual,250,100,0.71,0.71,1330000.0,0.10998,25.2,345000.0,0.95,159000.0,True,0
P_hpfp,P_rv,p_hpfp
44668.676607264366,7551.282984863642,1889258.8614393128
Q,Q_phc
354553.33832213277,195553.33832213277
qm_cb,qm_phc/qm_t,qm_r,qm_v,qm,m_z
0.10998,0.0015471489001506605,0.02155258241867231,0.01554798471720808,0.11152714890015065,0.1547148900150664
number of iterations,34,Execution time: ,22.45206069946289
