architecture,t_cbt,t_hxt,eta_hpfp,eta_r,p_cbt,qm_cb0,t0,p0,tpr_hx,Q_hx,pcc,v
dual,250,110,0.71,0.71,1330000.0,0.10924102132671379,25.2,345000.0,0.95,159000.0,True,0
P_hpfp,P_rv,p_hpfp
44681.662998046384,10422.504351552325,1889258.8614393128
Q,Q_phc
351488.09706789197,192488.09706789197
qm_cb,qm_phc/qm_t,qm_r,qm_v,qm,qm_pot
0.10924102132671379,0.0014658753261386456,0.02974697104061888,0.015546879752263695,0.11070689665285244,0.000770617352742146
number of iterations,33,Execution time: ,16.87497091293335
