architecture,t_cbt,t_hxt,eta_hpfp,eta_r,p_cbt,qm_cb0,t0,p0,tpr_hx,Q_hx,pcc,v
dual,250,180,0.71,0.71,1330000.0,0.10924102132671379,25.2,345000.0,0.95,159000.0,True,0
P_hpfp,P_rv,p_hpfp
44885.124867182116,52725.38028341706,1889258.8614393126
Q,Q_phc
309730.48633889394,150730.48633889394
qm_cb,qm_phc/qm_t,qm_r,qm_v,qm,qm_pot
0.10924102132671379,0.0012052320439160595,0.15043213085002521,0.015597273525663622,0.11044625337062985,0.0012365430270808366
number of iterations,28,Execution time: ,14.072598695755005
