architecture,t_cbt,t_hxt,eta_hpfp,eta_r,p_cbt,qm_cb0,t0,p0,tpr_hx,Q_hx,pcc,v
dual,250,170,0.71,0.71,1330000.0,0.10998,25.2,345000.0,0.95,159000.0,True,0
P_hpfp,P_rv,p_hpfp
44718.33265467499,42713.01232679921,1889258.8614393123
Q,Q_phc
318474.3709088807,159474.37090888072
qm_cb,qm_phc/qm_t,qm_r,qm_v,qm,m_z
0.10998,0.0013092794282374975,0.12187194829042061,0.015540797789256102,0.11128927942823749,0.1309279428237492
number of iterations,27,Execution time: ,17.43113684654236
