architecture,t_cbt,t_hxt,eta_hpfp,eta_r,p_cbt,qm_cb0,t0,p0,tpr_hx,Q_hx,pcc,v
dual,250,120,0.71,0.71,1330000.0,0.10924102132671379,25.2,345000.0,0.95,159000.0,True,0
P_hpfp,P_rv,p_hpfp
44707.719051356864,13807.615689803926,1889258.8614393128
Q,Q_phc
348155.4455154624,189155.44551546237
qm_cb,qm_phc/qm_t,qm_r,qm_v,qm,qm_pot
0.10924102132671379,0.0014495729818239439,0.03940479699523978,0.015553011235235451,0.11069059430853773,0.00080844679268196
number of iterations,32,Execution time: ,15.519429922103882
