architecture,t_cbt,t_hxt,eta_hpfp,eta_r,p_cbt,qm_cb0,t0,p0,tpr_hx,Q_hx,pcc,v
dual,250,190,0.71,0.71,1330000.0,0.10998,25.2,345000.0,0.95,159000.0,True,0
P_hpfp,P_rv,p_hpfp
44649.22468316738,64684.51406471007,1889258.8614393123
Q,Q_phc
295945.3245235281,136945.3245235281
qm_cb,qm_phc/qm_t,qm_r,qm_v,qm,m_z
0.10998,0.001137466823278907,0.18454591908702123,0.015516782629551074,0.1111174668232789,0.1137466823278902
number of iterations,27,Execution time: ,17.50297236442566
