architecture,t_cbt,t_hxt,eta_hpfp,eta_r,p_cbt,qm_cb0,t0,p0,tpr_hx,Q_hx,pcc,v
dual,250,190,0.71,0.71,1330000.0,0.10924102132671379,25.2,345000.0,0.95,159000.0,True,0
P_hpfp,P_rv,p_hpfp
44863.523689492264,64979.18081192184,1889258.8614393126
Q,Q_phc
297298.3245119139,138298.32451191387
qm_cb,qm_phc/qm_t,qm_r,qm_v,qm,qm_pot
0.10924102132671379,0.001120676342675401,0.18538591571814395,0.015589691248911559,0.11036169766938919,0.0012662739771196216
number of iterations,28,Execution time: ,14.099845886230469
