architecture,t_cbt,t_hxt,eta_hpfp,eta_r,p_cbt,qm_cb0,t0,p0,tpr_hx,Q_hx,pcc,v
dual,250,180,0.71,0.71,1330000.0,0.10998,25.2,345000.0,0.95,159000.0,True,0
P_hpfp,P_rv,p_hpfp
44688.16596175774,52506.53500945682,1889258.8614393123
Q,Q_phc
308436.4438496514,149436.44384965138
qm_cb,qm_phc/qm_t,qm_r,qm_v,qm,m_z
0.10998,0.0012339988512979766,0.14980811343831846,0.015530295731170277,0.11121399885129797,0.12339988512979813
number of iterations,27,Execution time: ,17.411115646362305
