architecture,t_cbt,t_hxt,eta_hpfp,eta_r,p_cbt,qm_cb0,t0,p0,tpr_hx,Q_hx,pcc,v
dual,250,130,0.71,0.71,1330000.0,0.1092418370649313,25.2,345000.0,0.95,159000.0,True,0
P_hpfp,P_rv,p_hpfp
44414.84019611059,17648.313182236536,1889258.8614393128
Q,Q_phc
341577.1030630338,182577.10306303378
qm_cb,qm_phc/qm_t,qm_r,qm_v,qm
0.1092418370649313,0.0014263095736454373,0.05036683502747791,0.015444304903648938,0.11066814663857674
number of iterations,30,Execution time: ,15.566588640213013
