architecture,t_cbt,t_hxt,eta_hpfp,eta_r,p_cbt,qm_cb0,t0,p0,tpr_hx,Q_hx,pcc,v
dual,250,180,0.71,0.71,1330000.0,0.1092418370649313,25.2,345000.0,0.95,159000.0,True,0
P_hpfp,P_rv,p_hpfp
44377.10213554223,52133.208502083355,1889258.8614393126
Q,Q_phc
306253.8902855855,147253.89028558548
qm_cb,qm_phc/qm_t,qm_r,qm_v,qm
0.1092418370649313,0.001186116879777141,0.14874385989775016,0.015421286419191814,0.11042795394470845
number of iterations,28,Execution time: ,13.420146703720093
