architecture,t_cbt,t_hxt,eta_hpfp,eta_r,p_cbt,qm_cb0,t0,p0,tpr_hx,Q_hx,pcc,v
dual,250,150,0.71,0.71,1330000.0,0.11,25.2,345000.0,0.95,149000.0,True,0
P_hpfp,P_rv,p_hpfp
44795.12311330652,28078.45964961111,1889366.2728249198
Q,Q_phc
333835.6935649708,184835.6935649708
qm_cb,qm_phc/qm_t,qm_r,qm_v,qm,m_z
0.11,0.0015098166736437185,0.08010209035119945,0.015568799122711056,0.11150981667364372,0.15098166736437185
number of iterations,21,Execution time: ,10.952836275100708
