architecture,t_cbt,t_hxt,eta_hpfp,eta_r,p_cbt,qm_cb0,t0,p0,tpr_hx,Q_hx,pcc,v
dual,250,160,0.71,0.71,1330000.0,0.10998,25.2,345000.0,0.95,159000.0,True,0
P_hpfp,P_rv,p_hpfp
44742.086770741385,34693.20032448506,1889258.8614393123
Q,Q_phc
326687.6453173384,167687.6453173384
qm_cb,qm_phc/qm_t,qm_r,qm_v,qm,m_z
0.10998,0.001368834810904676,0.09899541009996798,0.01554908617440678,0.11134883481090467,0.13688348109046797
number of iterations,27,Execution time: ,16.522905588150024
