architecture,t_cbt,t_hxt,eta_hpfp,eta_r,p_cbt,qm_cb0,t0,p0,tpr_hx,Q_hx,pcc,v
dual,250,100,0.71,0.71,1330000.0,0.1092418370649313,25.2,345000.0,0.95,159000.0,True,0
P_hpfp,P_rv,p_hpfp
44350.050624138705,7495.558330668456,1889258.8614393128
Q,Q_phc
352004.0942045638,193004.09420456382
qm_cb,qm_phc/qm_t,qm_r,qm_v,qm
0.1092418370649313,0.0014837346687136266,0.021394179894726695,0.015436571310243915,0.11072557173364493
number of iterations,35,Execution time: ,17.671862363815308
