architecture,t_cbt,t_hxt,eta_hpfp,eta_r,p_cbt,qm_cb0,t0,p0,tpr_hx,Q_hx,pcc,v
dual,250,170,0.71,0.71,1330000.0,0.10924102132671379,25.2,345000.0,0.95,159000.0,True,0
P_hpfp,P_rv,p_hpfp
44825.08342805446,42803.78267673019,1889258.8614393126
Q,Q_phc
319164.9769003032,160164.9769003032
qm_cb,qm_phc/qm_t,qm_r,qm_v,qm,qm_pot
0.10924102132671379,0.0012815028160730053,0.12213089595517156,0.015576358600989711,0.1105225241427868,0.00101025771167916
number of iterations,28,Execution time: ,13.310341835021973
