architecture,t_cbt,t_hxt,eta_hpfp,eta_r,p_cbt,qm_cb0,t0,p0,tpr_hx,Q_hx,pcc,v
dual,250,110,0.71,0.71,1330000.0,0.10924102132671379,25.2,345000.0,0.95,159000.0,True,0
P_hpfp,P_rv,p_hpfp
44634.36756241708,10411.478051056318,1889258.8614393128
Q,Q_phc
351116.0674995775,192116.06749957748
qm_cb,qm_phc/qm_t,qm_r,qm_v,qm,qm_pot
0.10924102132671379,0.0014839169800069032,0.029715518704275436,0.015530420560003087,0.11072493830672069,0.0006345840454007399
number of iterations,33,Execution time: ,16.29816246032715
