architecture,t_cbt,t_hxt,eta_hpfp,eta_r,p_cbt,qm_cb0,t0,p0,tpr_hx,Q_hx,pcc,v
dual,250,110,0.71,0.71,1330000.0,0.1092418370649313,25.2,345000.0,0.95,159000.0,True,0
P_hpfp,P_rv,p_hpfp
44371.2300053336,10351.551475565506,1889258.8614393128
Q,Q_phc
349071.86209157004,190071.86209157004
qm_cb,qm_phc/qm_t,qm_r,qm_v,qm
0.1092418370649313,0.001468638695653779,0.029544490694400224,0.015439348519022832,0.11071047576058508
number of iterations,33,Execution time: ,16.85302233695984
