architecture,t_cbt,t_hxt,eta_hpfp,eta_r,p_cbt,qm_cb0,t0,p0,tpr_hx,Q_hx,pcc,v
dual,250,230,0.71,0.71,1330000.0,0.10924102132671379,25.2,345000.0,0.95,159000.0,True,0
P_hpfp,P_rv,p_hpfp
45030.19394069367,172132.2208501513,1889258.8614393128
Q,Q_phc
191476.7909548965,32476.79095489651
qm_cb,qm_phc/qm_t,qm_r,qm_v,qm,qm_pot
0.10924102132671379,0.00026959706510948367,0.4910175060681623,0.015647366809504893,0.10951061839182327,0.002528116154736665
number of iterations,29,Execution time: ,14.784998893737793
