architecture,t_cbt,t_hxt,eta_hpfp,eta_r,p_cbt,qm_cb0,t0,p0,tpr_hx,Q_hx,pcc,v
dual,250,200,0.71,0.71,1330000.0,0.10998,25.2,345000.0,0.95,159000.0,True,0
P_hpfp,P_rv,p_hpfp
44597.749047196856,80194.843769503,1889258.8614393123
Q,Q_phc
280025.727754066,121025.727754066
qm_cb,qm_phc/qm_t,qm_r,qm_v,qm,m_z
0.10998,0.0010111426027797493,0.22878880748213282,0.015499006597612965,0.11099114260277974,0.1011142602779756
number of iterations,27,Execution time: ,16.93054986000061
