architecture,t_cbt,t_hxt,eta_hpfp,eta_r,p_cbt,qm_cb0,t0,p0,tpr_hx,Q_hx,pcc,v
dual,250,220,0.71,0.71,1330000.0,0.10924102132671379,25.2,345000.0,0.95,159000.0,True,0
P_hpfp,P_rv,p_hpfp
44990.254615130296,130132.61687198275,1889258.8614393126
Q,Q_phc
233107.82529564633,74107.82529564633
qm_cb,qm_phc/qm_t,qm_r,qm_v,qm,qm_pot
0.10924102132671379,0.0006106836728582564,0.3712243913323392,0.015632629357264845,0.10985170499957204,0.002075026521776657
number of iterations,28,Execution time: ,14.547687768936157
