architecture,t_cbt,t_hxt,eta_hpfp,eta_r,p_cbt,qm_cb0,t0,p0,tpr_hx,Q_hx,pcc,v
dual,250,220,0.71,0.71,1330000.0,0.1092418370649313,25.2,345000.0,0.95,159000.0,True,0
P_hpfp,P_rv,p_hpfp
44157.25821228617,127666.11382836831,1889258.8614393123
Q,Q_phc
228715.77564192173,69715.77564192173
qm_cb,qm_phc/qm_t,qm_r,qm_v,qm
0.1092418370649313,0.0005760624702289413,0.3641961533393123,0.015340587625394544,0.10981789953516025
number of iterations,27,Execution time: ,14.017707109451294
