architecture,t_cbt,t_hxt,eta_hpfp,eta_r,p_cbt,qm_cb0,t0,p0,tpr_hx,Q_hx,pcc,v
dual,250,200,0.71,0.71,1330000.0,0.11,25.2,345000.0,0.95,149000.0,True,0
P_hpfp,P_rv,p_hpfp
44633.35265104104,80304.90763144166,1889366.2728249198
Q,Q_phc
280295.5553775987,131295.55537759868
qm_cb,qm_phc/qm_t,qm_r,qm_v,qm,m_z
0.11,0.001105215354990153,0.22901805802761938,0.01551241628337197,0.11110521535499016,0.1105215354990153
number of iterations,21,Execution time: ,11.976689100265503
