architecture,t_cbt,t_hxt,eta_hpfp,eta_r,p_cbt,qm_cb0,t0,p0,tpr_hx,Q_hx,pcc,v
dual,250,200,0.71,0.71,1330000.0,0.10924102132671379,25.2,345000.0,0.95,159000.0,True,0
P_hpfp,P_rv,p_hpfp
44888.97307535471,80697.25584609214,1889258.8614393126
Q,Q_phc
281781.2663769798,122781.26637697982
qm_cb,qm_phc/qm_t,qm_r,qm_v,qm,qm_pot
0.10924102132671379,0.0010013173554165038,0.23022086246540777,0.015598455373513634,0.11024233868213029,0.001447724402603628
number of iterations,28,Execution time: ,14.335138320922852
