architecture,t_cbt,t_hxt,eta_hpfp,eta_r,p_cbt,qm_cb0,t0,p0,tpr_hx,Q_hx,pcc,v
dual,250,210,0.71,0.71,1330000.0,0.10998,25.2,345000.0,0.95,159000.0,True,0
P_hpfp,P_rv,p_hpfp
44527.31628183962,100587.77446556606,1889258.8614393123
Q,Q_phc
259082.99254330844,100082.99254330844
qm_cb,qm_phc/qm_t,qm_r,qm_v,qm,m_z
0.10998,0.0008410889246242559,0.2869576787067985,0.015474873338180883,0.11082108892462425,0.08410889246242517
number of iterations,27,Execution time: ,17.50458812713623
