architecture,t_cbt,t_hxt,eta_hpfp,eta_r,p_cbt,qm_cb0,t0,p0,tpr_hx,Q_hx,pcc,v
dual,250,220,0.71,0.71,1330000.0,0.10924102132671379,25.2,345000.0,0.95,159000.0,True,0
P_hpfp,P_rv,p_hpfp
44968.751003996214,130065.65371658663,1889258.8614393126
Q,Q_phc
232988.86220279656,73988.86220279656
qm_cb,qm_phc/qm_t,qm_r,qm_v,qm,qm_pot
0.10924102132671379,0.0006111444049946395,0.3710335708877467,0.015624926236428206,0.10985216573170843,0.002017693667177873
number of iterations,28,Execution time: ,14.297952890396118
