architecture,t_cbt,t_hxt,eta_hpfp,eta_r,p_cbt,qm_cb0,t0,p0,tpr_hx,Q_hx,pcc,v
dual,250,230,0.71,0.71,1330000.0,0.10998,25.2,345000.0,0.95,159000.0,True,0
P_hpfp,P_rv,p_hpfp
44322.78685759228,169334.35126635028,1889258.8614393119
Q,Q_phc
188384.0767557998,29384.07675579979
qm_cb,qm_phc/qm_t,qm_r,qm_v,qm,m_z
0.10998,0.0002497291041495542,0.4830433420379423,0.015398180874812026,0.11022972910414955,0.024972910414955543
number of iterations,26,Execution time: ,18.00325632095337
