architecture,t_cbt,t_hxt,eta_hpfp,eta_r,p_cbt,qm_cb0,t0,p0,tpr_hx,Q_hx,pcc,v
dual,250,210,0.71,0.71,1330000.0,0.10924102132671379,25.2,345000.0,0.95,159000.0,True,0
P_hpfp,P_rv,p_hpfp
44921.427066148804,101443.7391342906,1889258.8614393126
Q,Q_phc
261285.74316385848,102285.74316385848
qm_cb,qm_phc/qm_t,qm_r,qm_v,qm,qm_pot
0.10924102132671379,0.0008395250504744424,0.28939724542285394,0.015609532009968466,0.11008054637718823,0.001687221814756219
number of iterations,28,Execution time: ,13.5240159034729
