architecture,t_cbt,t_hxt,eta_hpfp,eta_r,p_cbt,qm_cb0,t0,p0,tpr_hx,Q_hx,pcc,v
dual,260,150,0.71,0.71,1330000.0,0.10909856077794512,25.2,345000.0,0.95,159000.0,True,0
P_hpfp,P_rv,p_hpfp
44586.11860347623,26761.611465047285,1889258.8614393126
Q,Q_phc
352686.19397472177,193686.19397472177
qm_cb,qm_phc/qm_t,qm_r,qm_v,qm,qm_pot
0.10909856077794512,0.0015163084905874427,0.07343059181953927,0.014870099103463002,0.11061486926853256,0.0009613869970494346
number of iterations,28,Execution time: ,13.576274871826172
