architecture,t_cbt,t_hxt,eta_hpfp,eta_r,p_cbt,qm_cb0,t0,p0,tpr_hx,Q_hx,pcc,v
dual,260,120,0.71,0.71,1330000.0,0.10909949597353935,25.2,345000.0,0.95,159000.0,True,0
P_hpfp,P_rv,p_hpfp
44127.65334147019,13269.59232639628,1889258.8614393128
Q,Q_phc
363254.5431278816,204254.5431278816
qm_cb,qm_phc/qm_t,qm_r,qm_v,qm
0.10909949597353935,0.0015868173707278554,0.036412042446018714,0.014733796804729565,0.1106863133442672
number of iterations,32,Execution time: ,17.19806957244873
