architecture,t_cbt,t_hxt,eta_hpfp,eta_r,p_cbt,qm_cb0,t0,p0,tpr_hx,Q_hx,pcc,v
dual,260,140,0.71,0.71,1330000.0,0.10909949597353935,25.2,345000.0,0.95,159000.0,True,0
P_hpfp,P_rv,p_hpfp
44177.64810984018,21392.06357325139,1889258.8614393128
Q,Q_phc
354904.17269242264,195904.17269242264
qm_cb,qm_phc/qm_t,qm_r,qm_v,qm
0.10909949597353935,0.0015400052925962082,0.05869926328447851,0.014739344629930503,0.11063950126613556
number of iterations,29,Execution time: ,14.67262864112854
