architecture,t_cbt,t_hxt,eta_hpfp,eta_r,p_cbt,qm_cb0,t0,p0,tpr_hx,Q_hx,pcc,v
dual,260,100,0.71,0.71,1330000.0,0.11,25.2,345000.0,0.95,149000.0,True,0
P_hpfp,P_rv,p_hpfp
44518.65128863892,7377.8144479959965,1889366.2728249198
Q,Q_phc
372918.99301631236,223918.99301631236
qm_cb,qm_phc/qm_t,qm_r,qm_v,qm,m_z
0.11,0.0017819870355181323,0.020244349025559823,0.014872209381784317,0.11178198703551813,0.17819870355181322
number of iterations,26,Execution time: ,14.742775440216064
