architecture,t_cbt,t_hxt,eta_hpfp,eta_r,p_cbt,qm_cb0,t0,p0,tpr_hx,Q_hx,pcc,v
dual,260,100,0.71,0.71,1330000.0,0.10909856077794512,25.2,345000.0,0.95,159000.0,True,0
P_hpfp,P_rv,p_hpfp
44392.87749341537,7353.789146699951,1889258.8614393128
Q,Q_phc
371822.20912157174,212822.20912157174
qm_cb,qm_phc/qm_t,qm_r,qm_v,qm,qm_pot
0.10909856077794512,0.0016109823313524316,0.020181747641089282,0.014828986298968139,0.11070954310929755,0.000744344771830077
number of iterations,35,Execution time: ,17.760541915893555
