architecture,t_cbt,t_hxt,eta_hpfp,eta_r,p_cbt,qm_cb0,t0,p0,tpr_hx,Q_hx,pcc,v
dual,260,110,0.71,0.71,1330000.0,0.10909856077794512,25.2,345000.0,0.95,159000.0,True,0
P_hpfp,P_rv,p_hpfp
44427.94650631013,10126.880956563797,1889258.8614393128
Q,Q_phc
369091.66269266396,210091.66269266396
qm_cb,qm_phc/qm_t,qm_r,qm_v,qm,qm_pot
0.10909856077794512,0.001600057600073785,0.027790853626773505,0.014836331818494664,0.1106986183780189,0.0007756922169699914
number of iterations,33,Execution time: ,16.681427001953125
