architecture,t_cbt,t_hxt,eta_hpfp,eta_r,p_cbt,qm_cb0,t0,p0,tpr_hx,Q_hx,pcc,v
dual,260,100,0.71,0.71,1330000.0,0.10909949597353935,25.2,345000.0,0.95,159000.0,True,0
P_hpfp,P_rv,p_hpfp
44096.62111577464,7305.807368484357,1889258.8614393128
Q,Q_phc
369363.2362271458,210363.23622714583
qm_cb,qm_phc/qm_t,qm_r,qm_v,qm
0.10909949597353935,0.0016167815967658289,0.020050031723305817,0.014730410361489225,0.11071627757030518
number of iterations,35,Execution time: ,17.72754216194153
