architecture,t_cbt,t_hxt,eta_hpfp,eta_r,p_cbt,qm_cb0,t0,p0,tpr_hx,Q_hx,pcc,v
dual,260,160,0.71,0.71,1330000.0,0.11,25.2,345000.0,0.95,149000.0,True,0
P_hpfp,P_rv,p_hpfp
44587.79814739606,32922.41476726878,1889366.2728249198
Q,Q_phc
346716.3387707813,197716.3387707813
qm_cb,qm_phc/qm_t,qm_r,qm_v,qm,m_z
0.11,0.0016271601559366743,0.09030386066171077,0.01487309779111384,0.11162716015593667,0.1627160155936674
number of iterations,21,Execution time: ,10.807197093963623
