architecture,t_cbt,t_hxt,eta_hpfp,eta_r,p_cbt,qm_cb0,t0,p0,tpr_hx,Q_hx,pcc,v
dual,260,180,0.71,0.71,1330000.0,0.10909949597353935,25.2,345000.0,0.95,159000.0,True,0
P_hpfp,P_rv,p_hpfp
44135.25768784356,48411.78061380632,1889258.8614393126
Q,Q_phc
327230.13947576546,168230.13947576546
qm_cb,qm_phc/qm_t,qm_r,qm_v,qm
0.10909949597353935,0.0013566805406750038,0.13281120649134667,0.014720197960929025,0.11045617651421435
number of iterations,28,Execution time: ,14.7336106300354
