architecture,t_cbt,t_hxt,eta_hpfp,eta_r,p_cbt,qm_cb0,t0,p0,tpr_hx,Q_hx,pcc,v
dual,260,190,0.71,0.71,1330000.0,0.10909856077794512,25.2,345000.0,0.95,159000.0,True,0
P_hpfp,P_rv,p_hpfp
44643.52784765336,59605.244241693115,1889258.8614393126
Q,Q_phc
320335.12805193366,161335.12805193366
qm_cb,qm_phc/qm_t,qm_r,qm_v,qm,qm_pot
0.10909856077794512,0.00130212503239538,0.16351111060695342,0.014889321849397404,0.1104006858103405,0.0013202859380716519
number of iterations,28,Execution time: ,13.98380970954895
