architecture,t_cbt,t_hxt,eta_hpfp,eta_r,p_cbt,qm_cb0,t0,p0,tpr_hx,Q_hx,pcc,v
dual,260,160,0.71,0.71,1330000.0,0.10998,25.2,345000.0,0.95,159000.0,True,0
P_hpfp,P_rv,p_hpfp
44553.23646620082,32875.4431350067,1889258.8614393123
Q,Q_phc
346361.29448954214,187361.29448954214
qm_cb,qm_phc/qm_t,qm_r,qm_v,qm,m_z
0.10998,0.0015320655938638322,0.09019888142146042,0.01486034404108178,0.11151206559386383,0.15320655938638322
number of iterations,27,Execution time: ,17.91598868370056
