architecture,t_cbt,t_hxt,eta_hpfp,eta_r,p_cbt,qm_cb0,t0,p0,tpr_hx,Q_hx,pcc,v
dual,260,140,0.71,0.71,1330000.0,0.10909856077794512,25.2,345000.0,0.95,159000.0,True,0
P_hpfp,P_rv,p_hpfp
44491.83600795538,21542.107895031124,1889258.8614393128
Q,Q_phc
357398.3532527328,198398.35325273278
qm_cb,qm_phc/qm_t,qm_r,qm_v,qm,qm_pot
0.10909856077794512,0.001559049264377856,0.05911055278287175,0.01484366340303346,0.11065761004232298,0.000760339842630787
number of iterations,29,Execution time: ,14.117687702178955
