architecture,t_cbt,t_hxt,eta_hpfp,eta_r,p_cbt,qm_cb0,t0,p0,tpr_hx,Q_hx,pcc,v
dual,260,140,0.71,0.71,1330000.0,0.10998,25.2,345000.0,0.95,159000.0,True,0
P_hpfp,P_rv,p_hpfp
44552.540172753375,21577.205081608674,1889258.8614393126
Q,Q_phc
357949.4912194567,198949.49121945672
qm_cb,qm_phc/qm_t,qm_r,qm_v,qm,m_z
0.10998,0.0016081793478615325,0.0592065462112972,0.014865153854215288,0.11158817934786153,0.1608179347861539
number of iterations,28,Execution time: ,18.065068006515503
