architecture,t_cbt,t_hxt,eta_hpfp,eta_r,p_cbt,qm_cb0,t0,p0,tpr_hx,Q_hx,pcc,v
dual,260,120,0.71,0.71,1330000.0,0.10998,25.2,345000.0,0.95,159000.0,True,0
P_hpfp,P_rv,p_hpfp
44523.57862903906,13376.495690148216,1889258.8614393128
Q,Q_phc
366369.0369373969,207369.03693739692
qm_cb,qm_phc/qm_t,qm_r,qm_v,qm,m_z
0.10998,0.0016581411934096513,0.036707941871624516,0.014863418452064068,0.11163814119340965,0.16581411934096502
number of iterations,30,Execution time: ,18.934335947036743
