architecture,t_cbt,t_hxt,eta_hpfp,eta_r,p_cbt,qm_cb0,t0,p0,tpr_hx,Q_hx,pcc,v
dual,260,190,0.71,0.71,1330000.0,0.10909949597353935,25.2,345000.0,0.95,159000.0,True,0
P_hpfp,P_rv,p_hpfp
44103.61825718612,58888.89187230528,1889258.8614393126
Q,Q_phc
316487.2910979573,157487.2910979573
qm_cb,qm_phc/qm_t,qm_r,qm_v,qm
0.10909949597353935,0.0012784317019262775,0.16154721541830866,0.014709701536719891,0.11037792767546563
number of iterations,28,Execution time: ,14.62990927696228
