architecture,t_cbt,t_hxt,eta_hpfp,eta_r,p_cbt,qm_cb0,t0,p0,tpr_hx,Q_hx,pcc,v
dual,260,140,0.71,0.71,1330000.0,0.10909856077794512,25.2,345000.0,0.95,159000.0,True,0
P_hpfp,P_rv,p_hpfp
44543.44975458216,21567.181452552257,1889258.8614393128
Q,Q_phc
357813.94182758237,198813.94182758237
qm_cb,qm_phc/qm_t,qm_r,qm_v,qm,qm_pot
0.10909856077794512,0.0015451831846316278,0.05917931299019344,0.014860907484957844,0.11064374396257674,0.0009037387180190692
number of iterations,29,Execution time: ,14.38796615600586
