architecture,t_cbt,t_hxt,eta_hpfp,eta_r,p_cbt,qm_cb0,t0,p0,tpr_hx,Q_hx,pcc,v
dual,260,160,0.71,0.71,1330000.0,0.10909949597353935,25.2,345000.0,0.95,159000.0,True,0
P_hpfp,P_rv,p_hpfp
44179.97884350645,32595.23549148837,1889258.8614393126
Q,Q_phc
343425.3547603518,184425.35476035182
qm_cb,qm_phc/qm_t,qm_r,qm_v,qm
0.10909949597353935,0.001468087707676341,0.08943082113983412,0.014735086460919837,0.11056758368121569
number of iterations,28,Execution time: ,14.515483856201172
