architecture,t_cbt,t_hxt,eta_hpfp,eta_r,p_cbt,qm_cb0,t0,p0,tpr_hx,Q_hx,pcc,v
dual,260,170,0.71,0.71,1330000.0,0.10909949597353935,25.2,345000.0,0.95,159000.0,True,0
P_hpfp,P_rv,p_hpfp
44160.16201997786,39789.932570320605,1889258.8614393126
Q,Q_phc
336062.4447566866,177062.44475668657
qm_cb,qm_phc/qm_t,qm_r,qm_v,qm
0.10909949597353935,0.001418611346943946,0.1091637921345005,0.014728481968488907,0.1105181073204833
number of iterations,28,Execution time: ,14.607999801635742
