architecture,t_cbt,t_hxt,eta_hpfp,eta_r,p_cbt,qm_cb0,t0,p0,tpr_hx,Q_hx,pcc,v
dual,260,130,0.71,0.71,1330000.0,0.10909856077794512,25.2,345000.0,0.95,159000.0,True,0
P_hpfp,P_rv,p_hpfp
44506.13570568112,17140.283046031076,1889258.8614393128
Q,Q_phc
362177.49854465603,203177.49854465603
qm_cb,qm_phc/qm_t,qm_r,qm_v,qm,qm_pot
0.10909856077794512,0.001568005309665655,0.04703412049593955,0.014852783978255148,0.11066656608761077,0.0008544309987441706
number of iterations,30,Execution time: ,15.11124038696289
