architecture,t_cbt,t_hxt,eta_hpfp,eta_r,p_cbt,qm_cb0,t0,p0,tpr_hx,Q_hx,pcc,v
dual,260,180,0.71,0.71,1330000.0,0.10998,25.2,345000.0,0.95,159000.0,True,0
P_hpfp,P_rv,p_hpfp
44506.931715857645,48824.80750387211,1889258.8614393123
Q,Q_phc
330013.9250364588,171013.92503645882
qm_cb,qm_phc/qm_t,qm_r,qm_v,qm,m_z
0.10998,0.0014151541272302143,0.13394367692924128,0.014844827323772526,0.11139515412723021,0.14151541272302087
number of iterations,27,Execution time: ,17.984623908996582
