architecture,t_cbt,t_hxt,eta_hpfp,eta_r,p_cbt,qm_cb0,t0,p0,tpr_hx,Q_hx,pcc,v
dual,260,180,0.71,0.71,1330000.0,0.10909856077794512,25.2,345000.0,0.95,159000.0,True,0
P_hpfp,P_rv,p_hpfp
44626.841553688966,48947.69383794314,1889258.8614393126
Q,Q_phc
330850.3396703238,171850.33967032382
qm_cb,qm_phc/qm_t,qm_r,qm_v,qm,qm_pot
0.10909856077794512,0.0013762887808247421,0.13428032466326623,0.014883748756060656,0.11047484955876986,0.0012042778418265559
number of iterations,28,Execution time: ,14.427352666854858
