architecture,t_cbt,t_hxt,eta_hpfp,eta_r,p_cbt,qm_cb0,t0,p0,tpr_hx,Q_hx,pcc,v
dual,260,160,0.71,0.71,1330000.0,0.10909856077794512,25.2,345000.0,0.95,159000.0,True,0
P_hpfp,P_rv,p_hpfp
44547.67595737111,32864.01130366286,1889258.8614393126
Q,Q_phc
346256.3081730533,187256.30817305332
qm_cb,qm_phc/qm_t,qm_r,qm_v,qm,qm_pot
0.10909856077794512,0.0014900706725346274,0.0901674721838941,0.014857267041851661,0.11058863145047974,0.0008913378390956817
number of iterations,28,Execution time: ,13.39886736869812
