architecture,t_cbt,t_hxt,eta_hpfp,eta_r,p_cbt,qm_cb0,t0,p0,tpr_hx,Q_hx,pcc,v
dual,260,170,0.71,0.71,1330000.0,0.10998,25.2,345000.0,0.95,159000.0,True,0
P_hpfp,P_rv,p_hpfp
44532.667957304104,40130.70449086178,1889258.8614393123
Q,Q_phc
338928.8657800368,179928.86578003678
qm_cb,qm_phc/qm_t,qm_r,qm_v,qm,m_z
0.10998,0.0014800352585027515,0.11009802008838339,0.014853445163656734,0.11146003525850275,0.14800352585027568
number of iterations,27,Execution time: ,17.743245601654053
