architecture,t_cbt,t_hxt,eta_hpfp,eta_r,p_cbt,qm_cb0,t0,p0,tpr_hx,Q_hx,pcc,v
dual,260,230,0.71,0.71,1330000.0,0.10998,25.2,345000.0,0.95,159000.0,True,0
P_hpfp,P_rv,p_hpfp
44231.59558469338,140235.8154274397,1889258.8614393119
Q,Q_phc
235995.96994876675,76995.96994876675
qm_cb,qm_phc/qm_t,qm_r,qm_v,qm,m_z
0.10998,0.0006567374974505019,0.3846618653032784,0.014748459536389072,0.1106367374974505,0.06567374974505022
number of iterations,26,Execution time: ,16.410704851150513
