architecture,t_cbt,t_hxt,eta_hpfp,eta_r,p_cbt,qm_cb0,t0,p0,tpr_hx,Q_hx,pcc,v
dual,260,210,0.71,0.71,1330000.0,0.10998,25.2,345000.0,0.95,159000.0,True,0
P_hpfp,P_rv,p_hpfp
44377.375604951645,89036.00611593794,1889258.8614393123
Q,Q_phc
288708.0476277636,129708.04762776359
qm_cb,qm_phc/qm_t,qm_r,qm_v,qm,m_z
0.10998,0.0010930205902009577,0.2442325852225705,0.014801735303832317,0.11107302059020095,0.10930205902009561
number of iterations,27,Execution time: ,16.97421932220459
