architecture,t_cbt,t_hxt,eta_hpfp,eta_r,p_cbt,qm_cb0,t0,p0,tpr_hx,Q_hx,pcc,v
dual,260,240,0.71,0.71,1330000.0,0.10998,25.2,345000.0,0.95,159000.0,True,0
P_hpfp,P_rv,p_hpfp
44084.22639996449,182921.63865585125,1889258.8614393119
Q,Q_phc
192038.93420695933,33038.934206959326
qm_cb,qm_phc/qm_t,qm_r,qm_v,qm,m_z
0.10998,0.0002834653932414777,0.501730358049023,0.014698995701082431,0.11026346539324147,0.028346539324147105
number of iterations,26,Execution time: ,17.68000626564026
