architecture,t_cbt,t_hxt,eta_hpfp,eta_r,p_cbt,qm_cb0,t0,p0,tpr_hx,Q_hx,pcc,v
dual,260,230,0.71,0.71,1330000.0,0.10909949597353935,25.2,345000.0,0.95,159000.0,True,0
P_hpfp,P_rv,p_hpfp
43866.80694705626,139083.8171452115,1889258.8614393123
Q,Q_phc
234048.04407291336,75048.04407291336
qm_cb,qm_phc/qm_t,qm_r,qm_v,qm
0.10909949597353935,0.0006255699314695606,0.3814998541746727,0.014626780854006446,0.10972506590500891
number of iterations,27,Execution time: ,14.026721000671387
