architecture,t_cbt,t_hxt,eta_hpfp,eta_r,p_cbt,qm_cb0,t0,p0,tpr_hx,Q_hx,pcc,v
dual,260,230,0.71,0.71,1330000.0,0.10909856077794512,25.2,345000.0,0.95,159000.0,True,0
P_hpfp,P_rv,p_hpfp
44752.13314842712,141948.83551166183,1889258.8614393126
Q,Q_phc
238844.70680484152,79844.70680484152
qm_cb,qm_phc/qm_t,qm_r,qm_v,qm,qm_pot
0.10909856077794512,0.000664918798628913,0.3893504999141873,0.014924349138782707,0.10976347957657404,0.0022105645886822266
number of iterations,28,Execution time: ,14.936861515045166
