architecture,t_cbt,t_hxt,eta_hpfp,eta_r,p_cbt,qm_cb0,t0,p0,tpr_hx,Q_hx,pcc,v
dual,260,220,0.71,0.71,1330000.0,0.10909949597353935,25.2,345000.0,0.95,159000.0,True,0
P_hpfp,P_rv,p_hpfp
43969.932273748665,109768.17264377598,1889258.8614393123
Q,Q_phc
264193.5409745706,105193.54097457061
qm_cb,qm_phc/qm_t,qm_r,qm_v,qm
0.10909949597353935,0.0008710648224340839,0.30110095780979074,0.014660375034935186,0.10997056079597343
number of iterations,27,Execution time: ,13.62128758430481
