architecture,t_cbt,t_hxt,eta_hpfp,eta_r,p_cbt,qm_cb0,t0,p0,tpr_hx,Q_hx,pcc,v
dual,260,200,0.71,0.71,1330000.0,0.10909949597353935,25.2,345000.0,0.95,159000.0,True,0
P_hpfp,P_rv,p_hpfp
44062.75933074558,71856.16238489999,1889258.8614393126
Q,Q_phc
303179.85820814123,144179.85820814123
qm_cb,qm_phc/qm_t,qm_r,qm_v,qm
0.10909949597353935,0.0011781733777462972,0.19711302168461733,0.014696197860443044,0.11027766935128565
number of iterations,28,Execution time: ,14.701992273330688
