architecture,t_cbt,t_hxt,eta_hpfp,eta_r,p_cbt,qm_cb0,t0,p0,tpr_hx,Q_hx,pcc,v
dual,260,210,0.71,0.71,1330000.0,0.10909856077794512,25.2,345000.0,0.95,159000.0,True,0
P_hpfp,P_rv,p_hpfp
44684.994745048156,89636.2673317802,1889258.8614393126
Q,Q_phc
290653.05483852606,131653.05483852606
qm_cb,qm_phc/qm_t,qm_r,qm_v,qm,qm_pot
0.10909856077794512,0.001079294841395298,0.24587761486818335,0.014903090250339276,0.11017785561934042,0.0016458466880306221
number of iterations,28,Execution time: ,14.14458680152893
