architecture,t_cbt,t_hxt,eta_hpfp,eta_r,p_cbt,qm_cb0,t0,p0,tpr_hx,Q_hx,pcc,v
dual,260,220,0.71,0.71,1330000.0,0.10909856077794512,25.2,345000.0,0.95,159000.0,True,0
P_hpfp,P_rv,p_hpfp
44712.445180889976,111704.49089920415,1889258.8614393126
Q,Q_phc
268810.06446192047,109810.06446192047
qm_cb,qm_phc/qm_t,qm_r,qm_v,qm,qm_pot
0.10909856077794512,0.000907320082670115,0.306402903426636,0.014912106647825418,0.11000588086061523,0.0018843102144787216
number of iterations,28,Execution time: ,14.811330795288086
