architecture,t_cbt,t_hxt,eta_hpfp,eta_r,p_cbt,qm_cb0,t0,p0,tpr_hx,Q_hx,pcc,v
dual,260,200,0.71,0.71,1330000.0,0.10909856077794512,25.2,345000.0,0.95,159000.0,True,0
P_hpfp,P_rv,p_hpfp
44619.03589835015,72755.25490720534,1889258.8614393126
Q,Q_phc
306972.4025687567,147972.40256875672
qm_cb,qm_phc/qm_t,qm_r,qm_v,qm,qm_pot
0.10909856077794512,0.001208684687189237,0.19957805741081017,0.014881077210271973,0.11030724546513436,0.0013513099493043669
number of iterations,28,Execution time: ,13.629923582077026
