architecture,t_cbt,t_hxt,eta_hpfp,eta_r,p_cbt,qm_cb0,t0,p0,tpr_hx,Q_hx,pcc,v
dual,260,210,0.71,0.71,1330000.0,0.10909949597353935,25.2,345000.0,0.95,159000.0,True,0
P_hpfp,P_rv,p_hpfp
44008.72945493436,88293.39025097208,1889258.8614393126
Q,Q_phc
286298.7375794773,127298.73757947731
qm_cb,qm_phc/qm_t,qm_r,qm_v,qm
0.10909949597353935,0.001047154747507592,0.2421955314905038,0.014678442316054514,0.11014665072104694
number of iterations,28,Execution time: ,14.942267417907715
