architecture,t_cbt,t_hxt,eta_hpfp,eta_r,p_cbt,qm_cb0,t0,p0,tpr_hx,Q_hx,pcc,v
dual,260,240,0.71,0.71,1330000.0,0.10909856077794512,25.2,345000.0,0.95,159000.0,True,0
P_hpfp,P_rv,p_hpfp
44793.81349733729,185967.25676927197,1889258.8614393128
Q,Q_phc
195213.68542621168,36213.68542621168
qm_cb,qm_phc/qm_t,qm_r,qm_v,qm,qm_pot
0.10909856077794512,0.0003039272603300334,0.5100754898081632,0.014938811931985426,0.10940248803827515,0.002684460219675164
number of iterations,29,Execution time: ,15.050536155700684
