architecture,t_cbt,t_hxt,eta_hpfp,eta_r,p_cbt,qm_cb0,t0,p0,tpr_hx,Q_hx,pcc,v
dual,260,230,0.71,0.71,1330000.0,0.10909856077794512,25.2,345000.0,0.95,159000.0,True,0
P_hpfp,P_rv,p_hpfp
44728.29280355791,141867.7719473382,1889258.8614393126
Q,Q_phc
238709.39782708703,79709.39782708703
qm_cb,qm_phc/qm_t,qm_r,qm_v,qm,qm_pot
0.10909856077794512,0.0006641589849735443,0.3891284019439618,0.014916165279071778,0.10976271976291867,0.002148117066526415
number of iterations,28,Execution time: ,14.556533575057983
