architecture,t_cbt,t_hxt,eta_hpfp,eta_r,p_cbt,qm_cb0,t0,p0,tpr_hx,Q_hx,pcc,v
dual,270,120,0.71,0.71,1330000.0,0.10895757945940257,25.2,345000.0,0.95,159000.0,True,0
P_hpfp,P_rv,p_hpfp
44223.79563747513,12984.375001251965,1889258.8614393128
Q,Q_phc
383451.48504416866,224451.48504416866
qm_cb,qm_phc/qm_t,qm_r,qm_v,qm,qm_pot
0.10895757945940257,0.0017207454112483642,0.03430986102711645,0.014198410357248057,0.11067832487065093,0.0008163598632215526
number of iterations,32,Execution time: ,16.38209080696106
