architecture,t_cbt,t_hxt,eta_hpfp,eta_r,p_cbt,qm_cb0,t0,p0,tpr_hx,Q_hx,pcc,v
dual,270,190,0.71,0.71,1330000.0,0.10998,25.2,345000.0,0.95,159000.0,True,0
P_hpfp,P_rv,p_hpfp
44353.705518092414,55205.42308777531,1889258.8614393119
Q,Q_phc
341118.8080220538,182118.8080220538
qm_cb,qm_phc/qm_t,qm_r,qm_v,qm,m_z
0.10998,0.0015193101362119266,0.1458413431046203,0.014220131893013275,0.11149931013621192,0.15193101362119335
number of iterations,26,Execution time: ,17.8659827709198
