architecture,t_cbt,t_hxt,eta_hpfp,eta_r,p_cbt,qm_cb0,t0,p0,tpr_hx,Q_hx,pcc,v
dual,270,160,0.71,0.71,1330000.0,0.10998,25.2,345000.0,0.95,159000.0,True,0
P_hpfp,P_rv,p_hpfp
44421.535235014955,31349.865593055765,1889258.8614393119
Q,Q_phc
365588.6280306058,206588.6280306058
qm_cb,qm_phc/qm_t,qm_r,qm_v,qm,m_z
0.10998,0.001691891531505757,0.08283397402575496,0.014242017385105653,0.11167189153150575,0.1691891531505755
number of iterations,26,Execution time: ,17.643245458602905
