architecture,t_cbt,t_hxt,eta_hpfp,eta_r,p_cbt,qm_cb0,t0,p0,tpr_hx,Q_hx,pcc,v
dual,270,170,0.71,0.71,1330000.0,0.10895757945940257,25.2,345000.0,0.95,159000.0,True,0
P_hpfp,P_rv,p_hpfp
44379.57099435355,38020.73735902011,1889258.8614393126
Q,Q_phc
358839.8601490425,199839.8601490425
qm_cb,qm_phc/qm_t,qm_r,qm_v,qm,qm_pot
0.10895757945940257,0.001589986059257924,0.10044660016904412,0.01423319208858272,0.11054756551866049,0.0010939992233127927
number of iterations,28,Execution time: ,14.415599584579468
