architecture,t_cbt,t_hxt,eta_hpfp,eta_r,p_cbt,qm_cb0,t0,p0,tpr_hx,Q_hx,pcc,v
dual,270,140,0.71,0.71,1330000.0,0.10998,25.2,345000.0,0.95,159000.0,True,0
P_hpfp,P_rv,p_hpfp
44382.76362111536,20817.273307700518,1889258.8614393126
Q,Q_phc
376428.0387622648,217428.03876226483
qm_cb,qm_phc/qm_t,qm_r,qm_v,qm,m_z
0.10998,0.0017597121197701904,0.0550061955549895,0.014239850017128252,0.11173971211977018,0.17597121197701834
number of iterations,28,Execution time: ,18.711646795272827
