architecture,t_cbt,t_hxt,eta_hpfp,eta_r,p_cbt,qm_cb0,t0,p0,tpr_hx,Q_hx,pcc,v
dual,270,130,0.71,0.71,1330000.0,0.10895757945940257,25.2,345000.0,0.95,159000.0,True,0
P_hpfp,P_rv,p_hpfp
44219.16452577743,16566.789941935553,1889258.8614393128
Q,Q_phc
379414.1381429649,220414.13814296492
qm_cb,qm_phc/qm_t,qm_r,qm_v,qm,qm_pot
0.10895757945940257,0.0017218350412336308,0.04377692398979907,0.01419043570404695,0.1106794145006362,0.0006989926498644927
number of iterations,30,Execution time: ,16.0142023563385
