architecture,t_cbt,t_hxt,eta_hpfp,eta_r,p_cbt,qm_cb0,t0,p0,tpr_hx,Q_hx,pcc,v
dual,270,130,0.71,0.71,1330000.0,0.10998,25.2,345000.0,0.95,159000.0,True,0
P_hpfp,P_rv,p_hpfp
44366.72926139804,16625.863455801238,1889258.8614393128
Q,Q_phc
380732.98440887505,221732.98440887505
qm_cb,qm_phc/qm_t,qm_r,qm_v,qm,m_z
0.10998,0.0017843817068665252,0.04393276617152285,0.014238742882094806,0.11176438170686652,0.17843817068665224
number of iterations,29,Execution time: ,19.30409002304077
