architecture,t_cbt,t_hxt,eta_hpfp,eta_r,p_cbt,qm_cb0,t0,p0,tpr_hx,Q_hx,pcc,v
dual,270,100,0.71,0.71,1330000.0,0.10895757945940257,25.2,345000.0,0.95,159000.0,True,0
P_hpfp,P_rv,p_hpfp
44163.65872085995,7187.353080146678,1889258.8614393128
Q,Q_phc
389132.75015022565,230132.75015022565
qm_cb,qm_phc/qm_t,qm_r,qm_v,qm,qm_pot
0.10895757945940257,0.0017416937582033212,0.018994469435628925,0.01418574031601204,0.11069927321760589,0.0007509072919620339
number of iterations,35,Execution time: ,17.55237317085266
