architecture,t_cbt,t_hxt,eta_hpfp,eta_r,p_cbt,qm_cb0,t0,p0,tpr_hx,Q_hx,pcc,v
dual,270,190,0.71,0.71,1330000.0,0.10895757945940257,25.2,345000.0,0.95,159000.0,True,0
P_hpfp,P_rv,p_hpfp
44357.02158191812,55264.97584584452,1889258.8614393126
Q,Q_phc
341393.90283176635,182393.90283176635
qm_cb,qm_phc/qm_t,qm_r,qm_v,qm,qm_pot
0.10895757945940257,0.0014817439409607475,0.1459913088134027,0.014225956040425982,0.11043932340036332,0.0011454975105965048
number of iterations,28,Execution time: ,13.650405883789062
