architecture,t_cbt,t_hxt,eta_hpfp,eta_r,p_cbt,qm_cb0,t0,p0,tpr_hx,Q_hx,pcc,v
dual,270,110,0.71,0.71,1330000.0,0.10895757945940257,25.2,345000.0,0.95,159000.0,True,0
P_hpfp,P_rv,p_hpfp
44142.682168410254,9857.537783156751,1889258.8614393128
Q,Q_phc
386014.23119118554,227014.23119118554
qm_cb,qm_phc/qm_t,qm_r,qm_v,qm,qm_pot
0.10895757945940257,0.001752945024969573,0.02604988728998881,0.014174920852989503,0.11071052448437214,0.0006209120921879816
number of iterations,33,Execution time: ,16.728920221328735
