architecture,t_cbt,t_hxt,eta_hpfp,eta_r,p_cbt,qm_cb0,t0,p0,tpr_hx,Q_hx,pcc,v
dual,270,160,0.71,0.71,1330000.0,0.11,25.2,345000.0,0.95,149000.0,True,0
P_hpfp,P_rv,p_hpfp
44420.93262256049,31425.206323592312,1889366.2728249198
Q,Q_phc
365972.84090752073,216972.84090752073
qm_cb,qm_phc/qm_t,qm_r,qm_v,qm,m_z
0.11,0.0017882361134683982,0.08295874944111424,0.014248568708746629,0.1117882361134684,0.17882361134683983
number of iterations,21,Execution time: ,12.187990188598633
