architecture,t_cbt,t_hxt,eta_hpfp,eta_r,p_cbt,qm_cb0,t0,p0,tpr_hx,Q_hx,pcc,v
dual,270,100,0.71,0.71,1330000.0,0.10998,25.2,345000.0,0.95,159000.0,True,0
P_hpfp,P_rv,p_hpfp
44303.7484243993,7212.316635888461,1889258.8614393128
Q,Q_phc
390402.9647476253,231402.9647476253
qm_cb,qm_phc/qm_t,qm_r,qm_v,qm,m_z
0.10998,0.001833328656046851,0.019060017828343545,0.014231413532601657,0.11181332865604685,0.18333286560468565
number of iterations,34,Execution time: ,23.508487224578857
