architecture,t_cbt,t_hxt,eta_hpfp,eta_r,p_cbt,qm_cb0,t0,p0,tpr_hx,Q_hx,pcc,v
dual,270,140,0.71,0.71,1330000.0,0.10895862351703661,25.2,345000.0,0.95,159000.0,True,0
P_hpfp,P_rv,p_hpfp
43948.35477421556,20611.080781997767,1889258.8614393128
Q,Q_phc
372718.7388561009,213718.73885610088
qm_cb,qm_phc/qm_t,qm_r,qm_v,qm
0.10895862351703661,0.0016804866632436632,0.05446186785521452,0.01409995156502395,0.11063911018028028
number of iterations,29,Execution time: ,14.350713014602661
