architecture,t_cbt,t_hxt,eta_hpfp,eta_r,p_cbt,qm_cb0,t0,p0,tpr_hx,Q_hx,pcc,v
dual,270,160,0.71,0.71,1330000.0,0.10895862351703661,25.2,345000.0,0.95,159000.0,True,0
P_hpfp,P_rv,p_hpfp
43988.6699286671,31040.73573575785,1889258.8614393123
Q,Q_phc
361997.3366048013,202997.3366048013
qm_cb,qm_phc/qm_t,qm_r,qm_v,qm
0.10895862351703661,0.0016168698851610208,0.08201774094054,0.014102632926480575,0.11057549340219763
number of iterations,27,Execution time: ,14.095577716827393
