architecture,t_cbt,t_hxt,eta_hpfp,eta_r,p_cbt,qm_cb0,t0,p0,tpr_hx,Q_hx,pcc,v
dual,270,150,0.71,0.71,1330000.0,0.10895757945940257,25.2,345000.0,0.95,159000.0,True,0
P_hpfp,P_rv,p_hpfp
44297.83960613247,25619.00602789413,1889258.8614393126
Q,Q_phc
370505.70692460914,211505.70692460914
qm_cb,qm_phc/qm_t,qm_r,qm_v,qm,qm_pot
0.10895757945940257,0.0016730867726946735,0.0676923530627497,0.014206890198958893,0.11063066623209725,0.0008040272188250986
number of iterations,28,Execution time: ,13.181535720825195
