architecture,t_cbt,t_hxt,eta_hpfp,eta_r,p_cbt,qm_cb0,t0,p0,tpr_hx,Q_hx,pcc,v
dual,270,120,0.71,0.71,1330000.0,0.10998,25.2,345000.0,0.95,159000.0,True,0
P_hpfp,P_rv,p_hpfp
44352.58604933528,13011.508965314039,1889258.8614393128
Q,Q_phc
384440.25863646145,225440.25863646145
qm_cb,qm_phc/qm_t,qm_r,qm_v,qm,m_z
0.10998,0.001804313560645504,0.03438414434370548,0.014237652396769638,0.1117843135606455,0.18043135606455057
number of iterations,30,Execution time: ,19.593955278396606
