architecture,t_cbt,t_hxt,eta_hpfp,eta_r,p_cbt,qm_cb0,t0,p0,tpr_hx,Q_hx,pcc,v
dual,270,190,0.71,0.71,1330000.0,0.10895862351703661,25.2,345000.0,0.95,159000.0,True,0
P_hpfp,P_rv,p_hpfp
43923.280610140784,54666.13018463717,1889258.8614393123
Q,Q_phc
337789.7156665832,178789.71566658322
qm_cb,qm_phc/qm_t,qm_r,qm_v,qm
0.10895862351703661,0.0014530116344784322,0.14441697975734866,0.014081691112887441,0.11041163515151504
number of iterations,27,Execution time: ,14.243031024932861
