architecture,t_cbt,t_hxt,eta_hpfp,eta_r,p_cbt,qm_cb0,t0,p0,tpr_hx,Q_hx,pcc,v
dual,270,180,0.71,0.71,1330000.0,0.10895862351703661,25.2,345000.0,0.95,159000.0,True,0
P_hpfp,P_rv,p_hpfp
43950.088666360636,45397.54359413647,1889258.8614393123
Q,Q_phc
347296.02813307155,188296.02813307155
qm_cb,qm_phc/qm_t,qm_r,qm_v,qm
0.10895862351703661,0.0015199433968772075,0.11993668029353816,0.014090261450706531,0.11047856691391382
number of iterations,27,Execution time: ,13.886871337890625
