architecture,t_cbt,t_hxt,eta_hpfp,eta_r,p_cbt,qm_cb0,t0,p0,tpr_hx,Q_hx,pcc,v
dual,270,140,0.71,0.71,1330000.0,0.10895757945940257,25.2,345000.0,0.95,159000.0,True,0
P_hpfp,P_rv,p_hpfp
44255.83642050181,20753.38993703631,1889258.8614393128
Q,Q_phc
375297.1271154278,216297.1271154278
qm_cb,qm_phc/qm_t,qm_r,qm_v,qm,qm_pot
0.10895757945940257,0.0017001390592951589,0.054837513662778274,0.014198145680978665,0.11065771851869773,0.0007475745088910102
number of iterations,29,Execution time: ,13.80668330192566
