architecture,t_cbt,t_hxt,eta_hpfp,eta_r,p_cbt,qm_cb0,t0,p0,tpr_hx,Q_hx,pcc,v
dual,270,180,0.71,0.71,1330000.0,0.10998,25.2,345000.0,0.95,159000.0,True,0
P_hpfp,P_rv,p_hpfp
44381.40436267512,45846.87692818428,1889258.8614393119
Q,Q_phc
350727.31364419847,191727.31364419847
qm_cb,qm_phc/qm_t,qm_r,qm_v,qm,m_z
0.10998,0.0015895625975359123,0.12112335147067403,0.014229055193274555,0.1115695625975359,0.15895625975359148
number of iterations,26,Execution time: ,16.908607721328735
