architecture,t_cbt,t_hxt,eta_hpfp,eta_r,p_cbt,qm_cb0,t0,p0,tpr_hx,Q_hx,pcc,v
dual,270,100,0.71,0.71,1330000.0,0.11,25.2,345000.0,0.95,149000.0,True,0
P_hpfp,P_rv,p_hpfp
44347.42832986184,7223.694779227991,1889366.2728249198
Q,Q_phc
390790.4983297987,241790.4983297987
qm_cb,qm_phc/qm_t,qm_r,qm_v,qm,m_z
0.11,0.0019253979219886915,0.019076714599878627,0.014245884480175344,0.11192539792198869,0.19253979219886913
number of iterations,26,Execution time: ,14.845646619796753
