architecture,t_cbt,t_hxt,eta_hpfp,eta_r,p_cbt,qm_cb0,t0,p0,tpr_hx,Q_hx,pcc,v
dual,270,150,0.71,0.71,1330000.0,0.11,25.2,345000.0,0.95,149000.0,True,0
P_hpfp,P_rv,p_hpfp
44435.128991347345,25733.209418568367,1889366.2728249198
Q,Q_phc
371795.3421350563,222795.34213505627
qm_cb,qm_phc/qm_t,qm_r,qm_v,qm,m_z
0.11,0.0018248532781438293,0.06793921198696157,0.014253182085349992,0.11182485327814383,0.18248532781438292
number of iterations,21,Execution time: ,11.918686866760254
