architecture,t_cbt,t_hxt,eta_hpfp,eta_r,p_cbt,qm_cb0,t0,p0,tpr_hx,Q_hx,pcc,v
dual,270,170,0.71,0.71,1330000.0,0.10998,25.2,345000.0,0.95,159000.0,True,0
P_hpfp,P_rv,p_hpfp
44403.60783567467,38000.41043785983,1889258.8614393119
Q,Q_phc
358775.0342605356,199775.0342605356
qm_cb,qm_phc/qm_t,qm_r,qm_v,qm,m_z
0.10998,0.0016461013213150272,0.10039924424838098,0.014236222059468714,0.11162610132131502,0.16461013213150333
number of iterations,26,Execution time: ,17.810423612594604
