architecture,t_cbt,t_hxt,eta_hpfp,eta_r,p_cbt,qm_cb0,t0,p0,tpr_hx,Q_hx,pcc,v
dual,270,120,0.71,0.71,1330000.0,0.10895862351703661,25.2,345000.0,0.95,159000.0,True,0
P_hpfp,P_rv,p_hpfp
43898.01971153906,12890.21869867583,1889258.8614393128
Q,Q_phc
380653.60845459317,221653.60845459317
qm_cb,qm_phc/qm_t,qm_r,qm_v,qm
0.10895862351703661,0.0017218986878188292,0.03406114050475306,0.01409423891935569,0.11068052220485544
number of iterations,32,Execution time: ,16.353742361068726
