architecture,t_cbt,t_hxt,eta_hpfp,eta_r,p_cbt,qm_cb0,t0,p0,tpr_hx,Q_hx,pcc,v
dual,270,100,0.71,0.71,1330000.0,0.10895757945940257,25.2,345000.0,0.95,159000.0,True,0
P_hpfp,P_rv,p_hpfp
44108.492957956994,7178.395835261182,1889258.8614393128
Q,Q_phc
388647.0358523791,229647.0358523791
qm_cb,qm_phc/qm_t,qm_r,qm_v,qm,qm_pot
0.10895757945940257,0.0017637957036085717,0.018970809897351296,0.014168024081193966,0.11072137516301114,0.0005896867858805343
number of iterations,35,Execution time: ,17.723079442977905
