architecture,t_cbt,t_hxt,eta_hpfp,eta_r,p_cbt,qm_cb0,t0,p0,tpr_hx,Q_hx,pcc,v
dual,270,180,0.71,0.71,1330000.0,0.11,25.2,345000.0,0.95,149000.0,True,0
P_hpfp,P_rv,p_hpfp
44381.45546083105,45949.028827145776,1889366.2728249198
Q,Q_phc
351087.79874305014,202087.79874305014
qm_cb,qm_phc/qm_t,qm_r,qm_v,qm,m_z
0.11,0.0016868376199406017,0.12128374996107563,0.014235767506538858,0.1116868376199406,0.16868376199406018
number of iterations,21,Execution time: ,12.6279776096344
