architecture,t_cbt,t_hxt,eta_hpfp,eta_r,p_cbt,qm_cb0,t0,p0,tpr_hx,Q_hx,pcc,v
dual,270,230,0.71,0.71,1330000.0,0.10895757945940257,25.2,345000.0,0.95,159000.0,True,0
P_hpfp,P_rv,p_hpfp
44462.395526223714,122008.67057924518,1889258.8614393126
Q,Q_phc
275572.25368705357,116572.25368705357
qm_cb,qm_phc/qm_t,qm_r,qm_v,qm,qm_pot
0.10895757945940257,0.0009732415874958687,0.3222717260098865,0.01425944720314903,0.10993082104689844,0.0019139551729788786
number of iterations,28,Execution time: ,13.377626895904541
