architecture,t_cbt,t_hxt,eta_hpfp,eta_r,p_cbt,qm_cb0,t0,p0,tpr_hx,Q_hx,pcc,v
dual,270,200,0.71,0.71,1330000.0,0.10895757945940257,25.2,345000.0,0.95,159000.0,True,0
P_hpfp,P_rv,p_hpfp
44427.357484418586,66757.16891193303,1889258.8614393126
Q,Q_phc
330533.5786149891,171533.57861498912
qm_cb,qm_phc/qm_t,qm_r,qm_v,qm,qm_pot
0.10895757945940257,0.0013977770431745351,0.17634416902314368,0.014248568535543505,0.1103553565025771,0.0014071346271381663
number of iterations,28,Execution time: ,14.253065586090088
