architecture,t_cbt,t_hxt,eta_hpfp,eta_r,p_cbt,qm_cb0,t0,p0,tpr_hx,Q_hx,pcc,v
dual,270,230,0.71,0.71,1330000.0,0.10895757945940257,25.2,345000.0,0.95,159000.0,True,0
P_hpfp,P_rv,p_hpfp
44498.5051400702,122111.03033895502,1889258.8614393126
Q,Q_phc
275802.4386102855,116802.43861028552
qm_cb,qm_phc/qm_t,qm_r,qm_v,qm,qm_pot
0.10895757945940257,0.0009751805969583482,0.32254188594099814,0.014271184088482176,0.10993276005636092,0.002005292219234499
number of iterations,28,Execution time: ,14.946008205413818
