architecture,t_cbt,t_hxt,eta_hpfp,eta_r,p_cbt,qm_cb0,t0,p0,tpr_hx,Q_hx,pcc,v
dual,270,240,0.71,0.71,1330000.0,0.10895862351703661,25.2,345000.0,0.95,159000.0,True,0
P_hpfp,P_rv,p_hpfp
43600.64360966824,150641.01812032823,1889258.8614393123
Q,Q_phc
239055.60628899632,80055.60628899632
qm_cb,qm_phc/qm_t,qm_r,qm_v,qm
0.10895862351703661,0.0006732469544244307,0.3978991581127,0.013980150482091514,0.10963187047146104
number of iterations,27,Execution time: ,14.396431684494019
