architecture,t_cbt,t_hxt,eta_hpfp,eta_r,p_cbt,qm_cb0,t0,p0,tpr_hx,Q_hx,pcc,v
dual,270,240,0.71,0.71,1330000.0,0.11,25.2,345000.0,0.95,149000.0,True,0
P_hpfp,P_rv,p_hpfp
44067.32601980063,152320.20353180385,1889366.2728249198
Q,Q_phc
241538.34120678197,92538.34120678197
qm_cb,qm_phc/qm_t,qm_r,qm_v,qm,m_z
0.11,0.000803114708518049,0.40198625480747524,0.014128902635374571,0.11080311470851804,0.0803114708518049
number of iterations,20,Execution time: ,12.110554218292236
