architecture,t_cbt,t_hxt,eta_hpfp,eta_r,p_cbt,qm_cb0,t0,p0,tpr_hx,Q_hx,pcc,v
dual,270,230,0.71,0.71,1330000.0,0.10998,25.2,345000.0,0.95,159000.0,True,0
P_hpfp,P_rv,p_hpfp
44134.88010985691,121019.9870050101,1889258.8614393119
Q,Q_phc
273385.51765413326,114385.51765413326
qm_cb,qm_phc/qm_t,qm_r,qm_v,qm,m_z
0.10998,0.0009784717192177633,0.3196703320456181,0.014150517424850894,0.11095847171921776,0.09784717192177594
number of iterations,26,Execution time: ,17.476560354232788
