architecture,t_cbt,t_hxt,eta_hpfp,eta_r,p_cbt,qm_cb0,t0,p0,tpr_hx,Q_hx,pcc,v
dual,270,210,0.71,0.71,1330000.0,0.10895757945940257,25.2,345000.0,0.95,159000.0,True,0
P_hpfp,P_rv,p_hpfp
44447.22959958732,80875.90008063056,1889258.8614393126
Q,Q_phc
316591.7661842053,157591.7661842053
qm_cb,qm_phc/qm_t,qm_r,qm_v,qm,qm_pot
0.10895757945940257,0.0012945665302082235,0.21363420333532387,0.014254932105869134,0.11025214598961079,0.0015601367056357598
number of iterations,28,Execution time: ,14.124442100524902
