architecture,t_cbt,t_hxt,eta_hpfp,eta_r,p_cbt,qm_cb0,t0,p0,tpr_hx,Q_hx,pcc,v
dual,270,210,0.71,0.71,1330000.0,0.10998,25.2,345000.0,0.95,159000.0,True,0
P_hpfp,P_rv,p_hpfp
44273.9049101141,80484.19190394889,1889258.8614393119
Q,Q_phc
315127.6436030376,156127.64360303758
qm_cb,qm_phc/qm_t,qm_r,qm_v,qm,m_z
0.10998,0.0013188704870773227,0.21260836511210654,0.014194545499705655,0.11129887048707732,0.13188704870773202
number of iterations,26,Execution time: ,18.68259358406067
