architecture,t_cbt,t_hxt,eta_hpfp,eta_r,p_cbt,qm_cb0,t0,p0,tpr_hx,Q_hx,pcc,v
dual,270,230,0.71,0.71,1330000.0,0.10895862351703661,25.2,345000.0,0.95,159000.0,True,0
P_hpfp,P_rv,p_hpfp
43708.91703934436,119859.74818742991,1889258.8614393123
Q,Q_phc
270756.8994296036,111756.8994296036
qm_cb,qm_phc/qm_t,qm_r,qm_v,qm
0.10895862351703661,0.0009334241862621745,0.3166044244202647,0.014014132336187635,0.10989204770329879
number of iterations,27,Execution time: ,14.583061456680298
