architecture,t_cbt,t_hxt,eta_hpfp,eta_r,p_cbt,qm_cb0,t0,p0,tpr_hx,Q_hx,pcc,v
dual,270,250,0.71,0.71,1330000.0,0.10895862351703661,25.2,345000.0,0.95,159000.0,True,0
P_hpfp,P_rv,p_hpfp
43451.91845251557,194748.34587469333,1889258.8614393123
Q,Q_phc
193593.73580275787,34593.735802757874
qm_cb,qm_phc/qm_t,qm_r,qm_v,qm
0.10895862351703661,0.0002928935973698227,0.51438994242296,0.01393204325060378,0.10925151711440644
number of iterations,27,Execution time: ,14.175691366195679
