architecture,t_cbt,t_hxt,eta_hpfp,eta_r,p_cbt,qm_cb0,t0,p0,tpr_hx,Q_hx,pcc,v
dual,270,200,0.71,0.71,1330000.0,0.10895862351703661,25.2,345000.0,0.95,159000.0,True,0
P_hpfp,P_rv,p_hpfp
43889.304621709794,65880.97949898812,1889258.8614393123
Q,Q_phc
326275.70744408056,167275.70744408056
qm_cb,qm_phc/qm_t,qm_r,qm_v,qm
0.10895862351703661,0.0013687226150746329,0.17403785517564258,0.014070862755223085,0.11032734613211125
number of iterations,27,Execution time: ,14.362660646438599
