architecture,t_cbt,t_hxt,eta_hpfp,eta_r,p_cbt,qm_cb0,t0,p0,tpr_hx,Q_hx,pcc,v
dual,270,230,0.71,0.71,1330000.0,0.11,25.2,345000.0,0.95,149000.0,True,0
P_hpfp,P_rv,p_hpfp
44180.80759916726,121212.67048550468,1889366.2728249198
Q,Q_phc
273604.3163491732,124604.3163491732
qm_cb,qm_phc/qm_t,qm_r,qm_v,qm,m_z
0.11,0.001074356270706636,0.3199033343271504,0.014164390665770977,0.11107435627070664,0.10743562707066359
number of iterations,20,Execution time: ,12.156620264053345
