architecture,t_cbt,t_hxt,eta_hpfp,eta_r,p_cbt,qm_cb0,t0,p0,tpr_hx,Q_hx,pcc,v
dual,270,220,0.71,0.71,1330000.0,0.11,25.2,345000.0,0.95,149000.0,True,0
P_hpfp,P_rv,p_hpfp
44216.247348254976,98288.14071084795,1889366.2728249198
Q,Q_phc
297266.94969760766,148266.94969760766
qm_cb,qm_phc/qm_t,qm_r,qm_v,qm,m_z
0.11,0.0012700663320207265,0.25939720615442313,0.014182687107069618,0.11127006633202073,0.12700663320207264
number of iterations,21,Execution time: ,12.14256501197815
