architecture,t_cbt,t_hxt,eta_hpfp,eta_r,p_cbt,qm_cb0,t0,p0,tpr_hx,Q_hx,pcc,v
dual,270,200,0.71,0.71,1330000.0,0.10998,25.2,345000.0,0.95,159000.0,True,0
P_hpfp,P_rv,p_hpfp
44318.75315424875,66528.53575807376,1889258.8614393119
Q,Q_phc
329482.16697366827,170482.16697366827
qm_cb,qm_phc/qm_t,qm_r,qm_v,qm,m_z
0.10998,0.0014311383465862582,0.17574830069511715,0.014208901527227346,0.11141113834658625,0.14311383465862515
number of iterations,26,Execution time: ,16.478431701660156
