architecture,t_cbt,t_hxt,eta_hpfp,eta_r,p_cbt,qm_cb0,t0,p0,tpr_hx,Q_hx,pcc,v
dual,270,220,0.71,0.71,1330000.0,0.10998,25.2,345000.0,0.95,159000.0,True,0
P_hpfp,P_rv,p_hpfp
44214.9783433771,98097.32878282563,1889258.8614393119
Q,Q_phc
296997.1235871635,137997.1235871635
qm_cb,qm_phc/qm_t,qm_r,qm_v,qm,m_z
0.10998,0.001173053941590882,0.2591282410616597,0.014175788294621768,0.11115305394159088,0.1173053941590878
number of iterations,26,Execution time: ,16.88081645965576
