architecture,t_cbt,t_hxt,eta_hpfp,eta_r,p_cbt,qm_cb0,t0,p0,tpr_hx,Q_hx,pcc,v
dual,270,240,0.71,0.71,1330000.0,0.10998,25.2,345000.0,0.95,159000.0,True,0
P_hpfp,P_rv,p_hpfp
44023.121379218035,152089.01130614034,1889258.8614393119
Q,Q_phc
241363.1648351819,82363.1648351819
qm_cb,qm_phc/qm_t,qm_r,qm_v,qm,m_z
0.10998,0.0007089858122379666,0.40172582729504946,0.014115383186047872,0.11068898581223796,0.07089858122379723
number of iterations,26,Execution time: ,17.689902782440186
