architecture,t_cbt,t_hxt,eta_hpfp,eta_r,p_cbt,qm_cb0,t0,p0,tpr_hx,Q_hx,pcc,v
dual,270,220,0.71,0.71,1330000.0,0.10895757945940257,25.2,345000.0,0.95,159000.0,True,0
P_hpfp,P_rv,p_hpfp
44427.511708761565,98655.1747582333,1889258.8614393126
Q,Q_phc
298627.2872754401,139627.28727544012
qm_cb,qm_phc/qm_t,qm_r,qm_v,qm,qm_pot
0.10895757945940257,0.001157764183962019,0.2605921984209311,0.01424846636807427,0.11011534364336459,0.0016450901315385447
number of iterations,28,Execution time: ,14.03589415550232
