architecture,t_cbt,t_hxt,eta_hpfp,eta_r,p_cbt,qm_cb0,t0,p0,tpr_hx,Q_hx,pcc,v
dual,280,120,0.71,0.71,1330000.0,0.10881793500259157,25.2,345000.0,0.95,159000.0,True,0
P_hpfp,P_rv,p_hpfp
43973.192347337535,12625.982794421003,1889258.8614393128
Q,Q_phc
400248.63199621765,241248.63199621765
qm_cb,qm_phc/qm_t,qm_r,qm_v,qm,qm_pot
0.10881793500259157,0.0018731506414656745,0.03217502336815645,0.013596493713527781,0.11069108564405725,0.0006499968705161191
number of iterations,31,Execution time: ,16.17442798614502
