architecture,t_cbt,t_hxt,eta_hpfp,eta_r,p_cbt,qm_cb0,t0,p0,tpr_hx,Q_hx,pcc,v
dual,280,170,0.71,0.71,1330000.0,0.10881793500259157,25.2,345000.0,0.95,159000.0,True,0
P_hpfp,P_rv,p_hpfp
44142.76344983029,36141.99691882077,1889258.8614393123
Q,Q_phc
377172.9703639157,218172.97036391572
qm_cb,qm_phc/qm_t,qm_r,qm_v,qm,qm_pot
0.10881793500259157,0.0017497292296776144,0.09208140398257147,0.01363220708594915,0.11056766423226919,0.0009220663708182237
number of iterations,27,Execution time: ,13.223828554153442
