architecture,t_cbt,t_hxt,eta_hpfp,eta_r,p_cbt,qm_cb0,t0,p0,tpr_hx,Q_hx,pcc,v
dual,280,190,0.71,0.71,1330000.0,0.1088190785213669,25.2,345000.0,0.95,159000.0,True,0
P_hpfp,P_rv,p_hpfp
43724.611391380124,51269.54096674787,1889258.8614393123
Q,Q_phc
358152.8568765436,199152.8568765436
qm_cb,qm_phc/qm_t,qm_r,qm_v,qm
0.1088190785213669,0.0016200606363958314,0.13061111140830126,0.013503341945699346,0.11043913915776273
number of iterations,27,Execution time: ,14.544010877609253
