architecture,t_cbt,t_hxt,eta_hpfp,eta_r,p_cbt,qm_cb0,t0,p0,tpr_hx,Q_hx,pcc,v
dual,280,100,0.71,0.71,1330000.0,0.11,25.2,345000.0,0.95,149000.0,True,0
P_hpfp,P_rv,p_hpfp
44195.68116391186,7084.563303891217,1889366.2728249198
Q,Q_phc
408549.72180223477,259549.72180223477
qm_cb,qm_phc/qm_t,qm_r,qm_v,qm,m_z
0.11,0.0020679686377781,0.01804417533072374,0.013675429777534958,0.1120679686377781,0.20679686377781
number of iterations,26,Execution time: ,15.740834474563599
