architecture,t_cbt,t_hxt,eta_hpfp,eta_r,p_cbt,qm_cb0,t0,p0,tpr_hx,Q_hx,pcc,v
dual,280,120,0.71,0.71,1330000.0,0.10881793500259157,25.2,345000.0,0.95,159000.0,True,0
P_hpfp,P_rv,p_hpfp
44033.237835225395,12643.232887707565,1889258.8614393128
Q,Q_phc
400795.39171881456,241795.39171881456
qm_cb,qm_phc/qm_t,qm_r,qm_v,qm,qm_pot
0.10881793500259157,0.0018537369325393228,0.032218955268509035,0.013615067800000392,0.11067167193513089,0.0008215027904265964
number of iterations,31,Execution time: ,16.297520875930786
