architecture,t_cbt,t_hxt,eta_hpfp,eta_r,p_cbt,qm_cb0,t0,p0,tpr_hx,Q_hx,pcc,v
dual,280,150,0.71,0.71,1330000.0,0.10881793500259157,25.2,345000.0,0.95,159000.0,True,0
P_hpfp,P_rv,p_hpfp
44116.7764929953,24655.34086559507,1889258.8614393123
Q,Q_phc
388412.0142598438,229412.0142598438
qm_cb,qm_phc/qm_t,qm_r,qm_v,qm,qm_pot
0.10881793500259157,0.001815221762899126,0.06282634169137837,0.013624115601685347,0.1106331567654907,0.0007898933784447046
number of iterations,27,Execution time: ,13.423713445663452
