architecture,t_cbt,t_hxt,eta_hpfp,eta_r,p_cbt,qm_cb0,t0,p0,tpr_hx,Q_hx,pcc,v
dual,280,180,0.71,0.71,1330000.0,0.11,25.2,345000.0,0.95,149000.0,True,0
P_hpfp,P_rv,p_hpfp
44282.4691093977,43488.330414097094,1889366.2728249198
Q,Q_phc
371195.64730215626,222195.64730215626
qm_cb,qm_phc/qm_t,qm_r,qm_v,qm,m_z
0.11,0.0018576910712602632,0.11071748799316718,0.013675457666372378,0.11185769107126026,0.18576910712602632
number of iterations,20,Execution time: ,11.278959035873413
