architecture,t_cbt,t_hxt,eta_hpfp,eta_r,p_cbt,qm_cb0,t0,p0,tpr_hx,Q_hx,pcc,v
dual,280,170,0.71,0.71,1330000.0,0.11,25.2,345000.0,0.95,149000.0,True,0
P_hpfp,P_rv,p_hpfp
44301.384370604326,36300.0022821686,1889366.2728249198
Q,Q_phc
378566.56527368806,229566.56527368806
qm_cb,qm_phc/qm_t,qm_r,qm_v,qm,m_z
0.11,0.0019068093582947933,0.09242306428792224,0.013681385565979292,0.11190680935829479,0.19068093582947934
number of iterations,20,Execution time: ,11.459683179855347
