architecture,t_cbt,t_hxt,eta_hpfp,eta_r,p_cbt,qm_cb0,t0,p0,tpr_hx,Q_hx,pcc,v
dual,280,190,0.71,0.71,1330000.0,0.10881793500259157,25.2,345000.0,0.95,159000.0,True,0
P_hpfp,P_rv,p_hpfp
44173.90098519284,51794.6164130856,1889258.8614393123
Q,Q_phc
361815.4747662993,202815.4747662993
qm_cb,qm_phc/qm_t,qm_r,qm_v,qm,qm_pot
0.10881793500259157,0.001649187544323543,0.13194752638731463,0.01364187953552687,0.11046712254691511,0.0011021231604483297
number of iterations,27,Execution time: ,14.097624063491821
