architecture,t_cbt,t_hxt,eta_hpfp,eta_r,p_cbt,qm_cb0,t0,p0,tpr_hx,Q_hx,pcc,v
dual,280,110,0.71,0.71,1330000.0,0.10998,25.2,345000.0,0.95,159000.0,True,0
P_hpfp,P_rv,p_hpfp
44172.54302353819,9686.864260871269,1889258.8614393128
Q,Q_phc
405461.04807346367,246461.04807346367
qm_cb,qm_phc/qm_t,qm_r,qm_v,qm,m_z
0.10998,0.0019637062443572106,0.024685045395189772,0.013664037213593919,0.1119437062443572,0.19637062443572167
number of iterations,32,Execution time: ,20.573282718658447
