architecture,t_cbt,t_hxt,eta_hpfp,eta_r,p_cbt,qm_cb0,t0,p0,tpr_hx,Q_hx,pcc,v
dual,280,140,0.71,0.71,1330000.0,0.1088190785213669,25.2,345000.0,0.95,159000.0,True,0
P_hpfp,P_rv,p_hpfp
43739.26283663176,19938.068369216224,1889258.8614393128
Q,Q_phc
390285.4331860176,231285.43318601762
qm_cb,qm_phc/qm_t,qm_r,qm_v,qm
0.1088190785213669,0.0018188731530583008,0.05080354186638485,0.013517530775962025,0.1106379516744252
number of iterations,29,Execution time: ,14.59825873374939
