architecture,t_cbt,t_hxt,eta_hpfp,eta_r,p_cbt,qm_cb0,t0,p0,tpr_hx,Q_hx,pcc,v
dual,280,120,0.71,0.71,1330000.0,0.10998,25.2,345000.0,0.95,159000.0,True,0
P_hpfp,P_rv,p_hpfp
44201.078551389364,12694.024986264956,1889258.8614393128
Q,Q_phc
402366.7759710291,243366.77597102913
qm_cb,qm_phc/qm_t,qm_r,qm_v,qm,m_z
0.10998,0.001949430377523445,0.0323481961748151,0.013667700093179358,0.11192943037752344,0.19494303775234456
number of iterations,30,Execution time: ,20.01800560951233
