architecture,t_cbt,t_hxt,eta_hpfp,eta_r,p_cbt,qm_cb0,t0,p0,tpr_hx,Q_hx,pcc,v
dual,280,140,0.71,0.71,1330000.0,0.10881793500259157,25.2,345000.0,0.95,159000.0,True,0
P_hpfp,P_rv,p_hpfp
44101.56597388918,20101.569281401247,1889258.8614393128
Q,Q_phc
393490.4721891117,234490.4721891117
qm_cb,qm_phc/qm_t,qm_r,qm_v,qm,qm_pot
0.10881793500259157,0.0018240459554334442,0.05121976090818531,0.013629110523968748,0.11064198095802502,0.0009052365543249158
number of iterations,29,Execution time: ,14.475515604019165
