architecture,t_cbt,t_hxt,eta_hpfp,eta_r,p_cbt,qm_cb0,t0,p0,tpr_hx,Q_hx,pcc,v
dual,280,110,0.71,0.71,1330000.0,0.1088190785213669,25.2,345000.0,0.95,159000.0,True,0
P_hpfp,P_rv,p_hpfp
43677.94273373658,9577.481747983134,1889258.8614393128
Q,Q_phc
400909.3613134118,241909.3613134118
qm_cb,qm_phc/qm_t,qm_r,qm_v,qm
0.1088190785213669,0.0018681089847276122,0.024406607735688965,0.013510769584983187,0.1106871875060945
number of iterations,33,Execution time: ,17.806658029556274
