architecture,t_cbt,t_hxt,eta_hpfp,eta_r,p_cbt,qm_cb0,t0,p0,tpr_hx,Q_hx,pcc,v
dual,280,170,0.71,0.71,1330000.0,0.1088190785213669,25.2,345000.0,0.95,159000.0,True,0
P_hpfp,P_rv,p_hpfp
43766.088451048934,35835.114372941505,1889258.8614393123
Q,Q_phc
373975.3855781953,214975.38557819527
qm_cb,qm_phc/qm_t,qm_r,qm_v,qm
0.1088190785213669,0.0017247559173831084,0.09130048716257232,0.013516153203976084,0.11054383443875
number of iterations,27,Execution time: ,14.232317447662354
