architecture,t_cbt,t_hxt,eta_hpfp,eta_r,p_cbt,qm_cb0,t0,p0,tpr_hx,Q_hx,pcc,v
dual,280,120,0.71,0.71,1330000.0,0.11,25.2,345000.0,0.95,149000.0,True,0
P_hpfp,P_rv,p_hpfp
44221.80824228491,12724.357488240312,1889366.2728249198
Q,Q_phc
402785.07423793914,253785.07423793914
qm_cb,qm_phc/qm_t,qm_r,qm_v,qm,m_z
0.11,0.002043949595993898,0.03240181377469766,0.013677890004989403,0.1120439495959939,0.2043949595993898
number of iterations,24,Execution time: ,14.02333378791809
