architecture,t_cbt,t_hxt,eta_hpfp,eta_r,p_cbt,qm_cb0,t0,p0,tpr_hx,Q_hx,pcc,v
dual,280,180,0.71,0.71,1330000.0,0.10881793500259157,25.2,345000.0,0.95,159000.0,True,0
P_hpfp,P_rv,p_hpfp
44157.571085344425,43333.551394165646,1889258.8614393123
Q,Q_phc
370121.9998697812,211121.9998697812
qm_cb,qm_phc/qm_t,qm_r,qm_v,qm,qm_pot
0.10881793500259157,0.0017048679197228086,0.1103976975885403,0.013636810308431748,0.11052280292231438,0.0010047990912284857
number of iterations,27,Execution time: ,13.321099519729614
