architecture,t_cbt,t_hxt,eta_hpfp,eta_r,p_cbt,qm_cb0,t0,p0,tpr_hx,Q_hx,pcc,v
dual,280,160,0.71,0.71,1330000.0,0.10998,25.2,345000.0,0.95,159000.0,True,0
P_hpfp,P_rv,p_hpfp
44273.01085495289,30076.840655476124,1889258.8614393119
Q,Q_phc
384501.6539880676,225501.65398806758
qm_cb,qm_phc/qm_t,qm_r,qm_v,qm,m_z
0.10998,0.001849415699076623,0.07663475546301704,0.01367310793560316,0.11182941569907662,0.18494156990766233
number of iterations,26,Execution time: ,16.695432424545288
