architecture,t_cbt,t_hxt,eta_hpfp,eta_r,p_cbt,qm_cb0,t0,p0,tpr_hx,Q_hx,pcc,v
dual,280,110,0.71,0.71,1330000.0,0.10881793500259157,25.2,345000.0,0.95,159000.0,True,0
P_hpfp,P_rv,p_hpfp
43989.100540839005,9644.493851354528,1889258.8614393128
Q,Q_phc
403739.16459285095,244739.16459285095
qm_cb,qm_phc/qm_t,qm_r,qm_v,qm,qm_pot
0.10881793500259157,0.0018636483533635076,0.024577347386499502,0.013606638004096918,0.11068158335595507,0.0007874382797158976
number of iterations,33,Execution time: ,16.712371587753296
