architecture,t_cbt,t_hxt,eta_hpfp,eta_r,p_cbt,qm_cb0,t0,p0,tpr_hx,Q_hx,pcc,v
dual,280,140,0.71,0.71,1330000.0,0.10881793500259157,25.2,345000.0,0.95,159000.0,True,0
P_hpfp,P_rv,p_hpfp
44040.86842277831,20073.824973966814,1889258.8614393128
Q,Q_phc
392947.8163350757,233947.8163350757
qm_cb,qm_phc/qm_t,qm_r,qm_v,qm,qm_pot
0.10881793500259157,0.0018391304903564117,0.051149106335916066,0.013610329150660915,0.11065706549294799,0.0007363434612926899
number of iterations,29,Execution time: ,14.406742095947266
