architecture,t_cbt,t_hxt,eta_hpfp,eta_r,p_cbt,qm_cb0,t0,p0,tpr_hx,Q_hx,pcc,v
dual,280,190,0.71,0.71,1330000.0,0.10881793500259157,25.2,345000.0,0.95,159000.0,True,0
P_hpfp,P_rv,p_hpfp
44232.66779096099,51864.002777922855,1889258.8614393123
Q,Q_phc
362299.690130838,203299.69013083802
qm_cb,qm_phc/qm_t,qm_r,qm_v,qm,qm_pot
0.10881793500259157,0.0016455533121106556,0.13212422291563358,0.013660085286271375,0.11046348831470222,0.0012550013521057204
number of iterations,27,Execution time: ,14.174340724945068
