architecture,t_cbt,t_hxt,eta_hpfp,eta_r,p_cbt,qm_cb0,t0,p0,tpr_hx,Q_hx,pcc,v
dual,280,160,0.71,0.71,1330000.0,0.11,25.2,345000.0,0.95,149000.0,True,0
P_hpfp,P_rv,p_hpfp
44316.696319027076,30127.23907330682,1889366.2728249198
Q,Q_phc
384887.633510451,235887.633510451
qm_cb,qm_phc/qm_t,qm_r,qm_v,qm,m_z
0.11,0.0019466920932962287,0.07671350132701414,0.013686191775623824,0.11194669209329623,0.19466920932962287
number of iterations,20,Execution time: ,11.220228672027588
