architecture,t_cbt,t_hxt,eta_hpfp,eta_r,p_cbt,qm_cb0,t0,p0,tpr_hx,Q_hx,pcc,v
dual,280,150,0.71,0.71,1330000.0,0.10881793500259157,25.2,345000.0,0.95,159000.0,True,0
P_hpfp,P_rv,p_hpfp
44177.56430089768,24689.53298448665,1889258.8614393123
Q,Q_phc
388949.58380321064,229949.58380321064
qm_cb,qm_phc/qm_t,qm_r,qm_v,qm,qm_pot
0.10881793500259157,0.0018024128488406633,0.06291340135405309,0.013642934723869262,0.11062034785143224,0.0009568646670430242
number of iterations,27,Execution time: ,13.976906538009644
