architecture,t_cbt,t_hxt,eta_hpfp,eta_r,p_cbt,qm_cb0,t0,p0,tpr_hx,Q_hx,pcc,v
dual,280,130,0.71,0.71,1330000.0,0.11,25.2,345000.0,0.95,149000.0,True,0
P_hpfp,P_rv,p_hpfp
44239.07247868092,16201.486045859054,1889366.2728249198
Q,Q_phc
399220.86232492974,250220.86232492974
qm_cb,qm_phc/qm_t,qm_r,qm_v,qm,m_z
0.11,0.002026961407295968,0.0412544299795337,0.013679445533829644,0.11202696140729597,0.2026961407295968
number of iterations,23,Execution time: ,13.285954475402832
