architecture,t_cbt,t_hxt,eta_hpfp,eta_r,p_cbt,qm_cb0,t0,p0,tpr_hx,Q_hx,pcc,v
dual,280,220,0.71,0.71,1330000.0,0.10998,25.2,345000.0,0.95,159000.0,True,0
P_hpfp,P_rv,p_hpfp
44099.14922751855,88753.46561287068,1889258.8614393119
Q,Q_phc
324185.99623847357,165185.99623847357
qm_cb,qm_phc/qm_t,qm_r,qm_v,qm,m_z
0.10998,0.0014075844721058994,0.2260823337534214,0.01361922839230222,0.1113875844721059,0.14075844721058953
number of iterations,26,Execution time: ,16.72998356819153
