architecture,t_cbt,t_hxt,eta_hpfp,eta_r,p_cbt,qm_cb0,t0,p0,tpr_hx,Q_hx,pcc,v
dual,280,200,0.71,0.71,1330000.0,0.10998,25.2,345000.0,0.95,159000.0,True,0
P_hpfp,P_rv,p_hpfp
44184.33338937628,61858.48949905118,1889258.8614393119
Q,Q_phc
351877.67443532596,192877.67443532596
qm_cb,qm_phc/qm_t,qm_r,qm_v,qm,m_z
0.10998,0.001622514187487406,0.15758114168746126,0.013645534483489135,0.1116025141874874,0.16225141874874005
number of iterations,26,Execution time: ,17.727978944778442
