architecture,t_cbt,t_hxt,eta_hpfp,eta_r,p_cbt,qm_cb0,t0,p0,tpr_hx,Q_hx,pcc,v
dual,280,240,0.71,0.71,1330000.0,0.1088190785213669,25.2,345000.0,0.95,159000.0,True,0
P_hpfp,P_rv,p_hpfp
43468.69606604828,130105.3785453698,1889258.8614393123
Q,Q_phc
277005.23760882573,118005.23760882573
qm_cb,qm_phc/qm_t,qm_r,qm_v,qm
0.1088190785213669,0.0009942720024372909,0.3314015630257924,0.013425502975924743,0.10981335052380418
number of iterations,27,Execution time: ,14.760398864746094
