architecture,t_cbt,t_hxt,eta_hpfp,eta_r,p_cbt,qm_cb0,t0,p0,tpr_hx,Q_hx,pcc,v
dual,280,200,0.71,0.71,1330000.0,0.11,25.2,345000.0,0.95,149000.0,True,0
P_hpfp,P_rv,p_hpfp
44229.74172056747,61960.28662962803,1889366.2728249198
Q,Q_phc
352218.2581793367,203218.25817933673
qm_cb,qm_phc/qm_t,qm_r,qm_v,qm,m_z
0.11,0.0017216347049065018,0.15772977156119355,0.013658987162546007,0.11172163470490651,0.17216347049065017
number of iterations,20,Execution time: ,11.55752420425415
