architecture,t_cbt,t_hxt,eta_hpfp,eta_r,p_cbt,qm_cb0,t0,p0,tpr_hx,Q_hx,pcc,v
dual,280,210,0.71,0.71,1330000.0,0.10881793500259157,25.2,345000.0,0.95,159000.0,True,0
P_hpfp,P_rv,p_hpfp
44212.830282121824,74036.55057103923,1889258.8614393123
Q,Q_phc
339939.225902976,180939.225902976
qm_cb,qm_phc/qm_t,qm_r,qm_v,qm,qm_pot
0.10881793500259157,0.0014920062612741195,0.1885969083961867,0.013653924573800184,0.11030994126386569,0.0013579154599490364
number of iterations,27,Execution time: ,13.505719184875488
