architecture,t_cbt,t_hxt,eta_hpfp,eta_r,p_cbt,qm_cb0,t0,p0,tpr_hx,Q_hx,pcc,v
dual,280,200,0.71,0.71,1330000.0,0.1088190785213669,25.2,345000.0,0.95,159000.0,True,0
P_hpfp,P_rv,p_hpfp
43695.92236839667,61173.871195352396,1889258.8614393123
Q,Q_phc
347981.9232832714,188981.92328327138
qm_cb,qm_phc/qm_t,qm_r,qm_v,qm
0.1088190785213669,0.0015480931811827636,0.1558371499857494,0.013494507403796499,0.11036717170254966
number of iterations,27,Execution time: ,14.863119125366211
