architecture,t_cbt,t_hxt,eta_hpfp,eta_r,p_cbt,qm_cb0,t0,p0,tpr_hx,Q_hx,pcc,v
dual,280,250,0.71,0.71,1330000.0,0.1088190785213669,25.2,345000.0,0.95,159000.0,True,0
P_hpfp,P_rv,p_hpfp
43355.37487000532,162306.05795681308,1889258.8614393123
Q,Q_phc
243790.3957003581,84790.39570035809
qm_cb,qm_phc/qm_t,qm_r,qm_v,qm
0.1088190785213669,0.0007194862796161827,0.4134120085115166,0.013391174770110703,0.10953856480098308
number of iterations,27,Execution time: ,15.14263367652893
