architecture,t_cbt,t_hxt,eta_hpfp,eta_r,p_cbt,qm_cb0,t0,p0,tpr_hx,Q_hx,pcc,v
dual,280,210,0.71,0.71,1330000.0,0.10998,25.2,345000.0,0.95,159000.0,True,0
P_hpfp,P_rv,p_hpfp
44146.96121978266,73929.62753048028,1889258.8614393119
Q,Q_phc
339455.3352500347,180455.3352500347
qm_cb,qm_phc/qm_t,qm_r,qm_v,qm,m_z
0.10998,0.0015278126834112615,0.18832620323995483,0.01363396909752836,0.11150781268341126,0.15278126834112654
number of iterations,26,Execution time: ,17.94040036201477
