architecture,t_cbt,t_hxt,eta_hpfp,eta_r,p_cbt,qm_cb0,t0,p0,tpr_hx,Q_hx,pcc,v
dual,280,240,0.71,0.71,1330000.0,0.10998,25.2,345000.0,0.95,159000.0,True,0
P_hpfp,P_rv,p_hpfp
43951.768126935276,131536.85498569757,1889258.8614393119
Q,Q_phc
280062.3786539864,121062.37865398638
qm_cb,qm_phc/qm_t,qm_r,qm_v,qm,m_z
0.10998,0.0010450304035604097,0.3350491964946079,0.01357427143617525,0.1110250304035604,0.10450304035604069
number of iterations,26,Execution time: ,17.71195363998413
