architecture,t_cbt,t_hxt,eta_hpfp,eta_r,p_cbt,qm_cb0,t0,p0,tpr_hx,Q_hx,pcc,v
dual,280,260,0.71,0.71,1330000.0,0.10881793500259157,25.2,345000.0,0.95,159000.0,True,0
P_hpfp,P_rv,p_hpfp
44378.227688824416,213850.27785382938,1889258.8614393128
Q,Q_phc
201936.968161428,42936.968161428
qm_cb,qm_phc/qm_t,qm_r,qm_v,qm,qm_pot
0.10881793500259157,0.0003667608086931713,0.5446842232593735,0.013708842699521925,0.10918469581128475,0.0029649548546971565
number of iterations,29,Execution time: ,15.37232494354248
