architecture,t_cbt,t_hxt,eta_hpfp,eta_r,p_cbt,qm_cb0,t0,p0,tpr_hx,Q_hx,pcc,v
dual,280,220,0.71,0.71,1330000.0,0.11,25.2,345000.0,0.95,149000.0,True,0
P_hpfp,P_rv,p_hpfp
44145.2829340278,88895.44975567519,1889366.2728249198
Q,Q_phc
324485.519780161,175485.51978016098
qm_cb,qm_phc/qm_t,qm_r,qm_v,qm,m_z
0.11,0.0015066304021117754,0.22628212126238115,0.013632787500198596,0.11150663040211177,0.15066304021117755
number of iterations,20,Execution time: ,12.012666463851929
