architecture,t_cbt,t_hxt,eta_hpfp,eta_r,p_cbt,qm_cb0,t0,p0,tpr_hx,Q_hx,pcc,v
dual,280,230,0.71,0.71,1330000.0,0.1088190785213669,25.2,345000.0,0.95,159000.0,True,0
P_hpfp,P_rv,p_hpfp
43551.79026390064,106215.03166597737,1889258.8614393123
Q,Q_phc
301629.0617129304,142629.0617129304
qm_cb,qm_phc/qm_t,qm_r,qm_v,qm
0.1088190785213669,0.0011932834559635619,0.2705553259907386,0.013450526791159245,0.11001236197733046
number of iterations,27,Execution time: ,14.57022476196289
