architecture,t_cbt,t_hxt,eta_hpfp,eta_r,p_cbt,qm_cb0,t0,p0,tpr_hx,Q_hx,pcc,v
dual,280,260,0.71,0.71,1330000.0,0.10881793500259157,25.2,345000.0,0.95,159000.0,True,0
P_hpfp,P_rv,p_hpfp
44391.6530600273,213921.99536927414,1889258.8614393128
Q,Q_phc
202004.08836934718,43004.088369347184
qm_cb,qm_phc/qm_t,qm_r,qm_v,qm,qm_pot
0.10881793500259157,0.00036900987892765766,0.5448666762554318,0.013713181133355025,0.10918694488151923,0.0029998147242697713
number of iterations,29,Execution time: ,15.314346075057983
