architecture,t_cbt,t_hxt,eta_hpfp,eta_r,p_cbt,qm_cb0,t0,p0,tpr_hx,Q_hx,pcc,v
dual,280,220,0.71,0.71,1330000.0,0.1088190785213669,25.2,345000.0,0.95,159000.0,True,0
P_hpfp,P_rv,p_hpfp
43613.082156422184,87777.90200856488,1889258.8614393123
Q,Q_phc
320617.77895174094,161617.77895174094
qm_cb,qm_phc/qm_t,qm_r,qm_v,qm
0.1088190785213669,0.0013426519393205383,0.22359693349103632,0.013469138923855754,0.11016173046068743
number of iterations,27,Execution time: ,14.952544450759888
