architecture,t_cbt,t_hxt,eta_hpfp,eta_r,p_cbt,qm_cb0,t0,p0,tpr_hx,Q_hx,pcc,v
dual,280,210,0.71,0.71,1330000.0,0.1088190785213669,25.2,345000.0,0.95,159000.0,True,0
P_hpfp,P_rv,p_hpfp
43659.66779739384,73113.94367820561,1889258.8614393123
Q,Q_phc
335707.31026886136,176707.31026886136
qm_cb,qm_phc/qm_t,qm_r,qm_v,qm
0.1088190785213669,0.0014577245125254046,0.1862482455816075,0.013483377616021665,0.1102768030338923
number of iterations,27,Execution time: ,14.530753374099731
