architecture,t_cbt,t_hxt,eta_hpfp,eta_r,p_cbt,qm_cb0,t0,p0,tpr_hx,Q_hx,pcc,v
dual,280,230,0.71,0.71,1330000.0,0.11,25.2,345000.0,0.95,149000.0,True,0
P_hpfp,P_rv,p_hpfp
44082.8521443858,107558.16434845323,1889366.2728249198
Q,Q_phc
305244.4744882328,156244.4744882328
qm_cb,qm_phc/qm_t,qm_r,qm_v,qm,m_z
0.11,0.0013504399077852072,0.27377996108521596,0.013613591866659058,0.1113504399077852,0.13504399077852072
number of iterations,20,Execution time: ,11.956105947494507
