architecture,t_cbt,t_hxt,eta_hpfp,eta_r,p_cbt,qm_cb0,t0,p0,tpr_hx,Q_hx,pcc,v
dual,280,240,0.71,0.71,1330000.0,0.10881793500259157,25.2,345000.0,0.95,159000.0,True,0
P_hpfp,P_rv,p_hpfp
44301.84210979727,132556.34378445835,1889258.8614393123
Q,Q_phc
282227.616754731,123227.61675473099
qm_cb,qm_phc/qm_t,qm_r,qm_v,qm,qm_pot
0.10881793500259157,0.001037799323799163,0.33764333521053946,0.013681059474892576,0.10985573432639073,0.002030783317705742
number of iterations,27,Execution time: ,14.535160064697266
