architecture,t_cbt,t_hxt,eta_hpfp,eta_r,p_cbt,qm_cb0,t0,p0,tpr_hx,Q_hx,pcc,v
dual,280,220,0.71,0.71,1330000.0,0.10881793500259157,25.2,345000.0,0.95,159000.0,True,0
P_hpfp,P_rv,p_hpfp
44236.86765500618,89025.83121128405,1889258.8614393123
Q,Q_phc
325173.1392887723,166173.1392887723
qm_cb,qm_phc/qm_t,qm_r,qm_v,qm,qm_pot
0.10881793500259157,0.0013799014601021751,0.2267741056420455,0.01366132411169274,0.11019783646269375,0.0015302744883665738
number of iterations,27,Execution time: ,13.460693120956421
