architecture,t_cbt,t_hxt,eta_hpfp,eta_r,p_cbt,qm_cb0,t0,p0,tpr_hx,Q_hx,pcc,v
dual,280,240,0.71,0.71,1330000.0,0.10881793500259157,25.2,345000.0,0.95,159000.0,True,0
P_hpfp,P_rv,p_hpfp
44340.878019313146,132677.63291243935,1889258.8614393123
Q,Q_phc
282484.6487799283,123484.64877992828
qm_cb,qm_phc/qm_t,qm_r,qm_v,qm,qm_pot
0.10881793500259157,0.0010419025509073878,0.33795201654143125,0.013693306512470579,0.10985983755349896,0.002128396650093746
number of iterations,27,Execution time: ,14.717737913131714
