architecture,t_cbt,t_hxt,eta_hpfp,eta_r,p_cbt,qm_cb0,t0,p0,tpr_hx,Q_hx,pcc,v
dual,290,110,0.71,0.71,1330000.0,0.11,25.2,345000.0,0.95,149000.0,True,0
P_hpfp,P_rv,p_hpfp
44072.896526913195,9516.292174316628,1889366.2728249198
Q,Q_phc
423607.85502750217,274607.85502750217
qm_cb,qm_phc/qm_t,qm_r,qm_v,qm,m_z
0.11,0.0022007858666992703,0.023402868197023474,0.013154494387730245,0.11220078586669927,0.22007858666992702
number of iterations,25,Execution time: ,14.493453741073608
