architecture,t_cbt,t_hxt,eta_hpfp,eta_r,p_cbt,qm_cb0,t0,p0,tpr_hx,Q_hx,pcc,v
dual,290,170,0.71,0.71,1330000.0,0.11,25.2,345000.0,0.95,149000.0,True,0
P_hpfp,P_rv,p_hpfp
44171.033572120905,34804.8996792072,1889366.2728249198
Q,Q_phc
397656.3309034279,248656.3309034279
qm_cb,qm_phc/qm_t,qm_r,qm_v,qm,m_z
0.11,0.0020681614123007563,0.08557560289383347,0.013160837138148201,0.11206816141230076,0.20681614123007563
number of iterations,20,Execution time: ,11.512922286987305
