architecture,t_cbt,t_hxt,eta_hpfp,eta_r,p_cbt,qm_cb0,t0,p0,tpr_hx,Q_hx,pcc,v
dual,290,140,0.71,0.71,1330000.0,0.10868072680881756,25.2,345000.0,0.95,159000.0,True,0
P_hpfp,P_rv,p_hpfp
43547.647112422535,19351.880002174326,1889258.8614393128
Q,Q_phc
407643.5989426559,248643.5989426559
qm_cb,qm_phc/qm_t,qm_r,qm_v,qm
0.10868072680881756,0.001955454187760844,0.04761211696529504,0.01298436642902858,0.1106361809965784
number of iterations,29,Execution time: ,15.848939895629883
