architecture,t_cbt,t_hxt,eta_hpfp,eta_r,p_cbt,qm_cb0,t0,p0,tpr_hx,Q_hx,pcc,v
dual,290,130,0.71,0.71,1330000.0,0.10867949220682627,25.2,345000.0,0.95,159000.0,True,0
P_hpfp,P_rv,p_hpfp
43808.44501696963,15665.256583021242,1889258.8614393128
Q,Q_phc
414124.1224736074,255124.12247360742
qm_cb,qm_phc/qm_t,qm_r,qm_v,qm,qm_pot
0.10867949220682627,0.0019927666362555764,0.0385430939520049,0.013065347933561445,0.11067225884308185,0.0006821562619365376
number of iterations,30,Execution time: ,14.966082096099854
