architecture,t_cbt,t_hxt,eta_hpfp,eta_r,p_cbt,qm_cb0,t0,p0,tpr_hx,Q_hx,pcc,v
dual,290,100,0.71,0.71,1330000.0,0.10867949220682627,25.2,345000.0,0.95,159000.0,True,0
P_hpfp,P_rv,p_hpfp
43700.91133473811,6900.649621920602,1889258.8614393128
Q,Q_phc
422694.1568300919,263694.1568300919
qm_cb,qm_phc/qm_t,qm_r,qm_v,qm,qm_pot
0.10867949220682627,0.0020235702858561943,0.016980450646751247,0.013044879106640489,0.11070306249268246,0.0005803200459653457
number of iterations,35,Execution time: ,17.877530336380005
