architecture,t_cbt,t_hxt,eta_hpfp,eta_r,p_cbt,qm_cb0,t0,p0,tpr_hx,Q_hx,pcc,v
dual,290,140,0.71,0.71,1330000.0,0.10998,25.2,345000.0,0.95,159000.0,True,0
P_hpfp,P_rv,p_hpfp
44098.734636860674,19597.49207604671,1889258.8614393126
Q,Q_phc
412811.40248678066,253811.40248678066
qm_cb,qm_phc/qm_t,qm_r,qm_v,qm,m_z
0.10998,0.0020585813562445515,0.04821623173008759,0.0131489008595089,0.11203858135624455,0.20585813562445548
number of iterations,28,Execution time: ,17.867939710617065
