architecture,t_cbt,t_hxt,eta_hpfp,eta_r,p_cbt,qm_cb0,t0,p0,tpr_hx,Q_hx,pcc,v
dual,290,140,0.71,0.71,1330000.0,0.10867949220682627,25.2,345000.0,0.95,159000.0,True,0
P_hpfp,P_rv,p_hpfp
43909.18537997186,19511.03650660501,1889258.8614393128
Q,Q_phc
411000.62662986567,252000.62662986567
qm_cb,qm_phc/qm_t,qm_r,qm_v,qm,qm_pot
0.10867949220682627,0.0019607284047334444,0.04800333030176256,0.013091812131690889,0.11064022061155972,0.0009077076406723894
number of iterations,29,Execution time: ,14.802038431167603
