architecture,t_cbt,t_hxt,eta_hpfp,eta_r,p_cbt,qm_cb0,t0,p0,tpr_hx,Q_hx,pcc,v
dual,290,170,0.71,0.71,1330000.0,0.10867949220682627,25.2,345000.0,0.95,159000.0,True,0
P_hpfp,P_rv,p_hpfp
44009.84586462451,34655.49533865094,1889258.8614393123
Q,Q_phc
396171.48838529474,237171.48838529474
qm_cb,qm_phc/qm_t,qm_r,qm_v,qm,qm_pot
0.10867949220682627,0.0018901608059276396,0.08525418519185467,0.013112774011411367,0.11056965301275391,0.0010760825490285294
number of iterations,27,Execution time: ,14.122838973999023
