architecture,t_cbt,t_hxt,eta_hpfp,eta_r,p_cbt,qm_cb0,t0,p0,tpr_hx,Q_hx,pcc,v
dual,290,130,0.71,0.71,1330000.0,0.10867949220682627,25.2,345000.0,0.95,159000.0,True,0
P_hpfp,P_rv,p_hpfp
43873.1375237301,15688.424286528143,1889258.8614393128
Q,Q_phc
414736.30456606456,255736.30456606456
qm_cb,qm_phc/qm_t,qm_r,qm_v,qm,qm_pot
0.10867949220682627,0.0019747923352661004,0.038600064562229384,0.013084656400307197,0.11065428454209236,0.0008647276054085059
number of iterations,30,Execution time: ,15.48771333694458
