architecture,t_cbt,t_hxt,eta_hpfp,eta_r,p_cbt,qm_cb0,t0,p0,tpr_hx,Q_hx,pcc,v
dual,290,190,0.71,0.71,1330000.0,0.10867949220682627,25.2,345000.0,0.95,159000.0,True,0
P_hpfp,P_rv,p_hpfp
43974.455491612265,48947.736325082726,1889258.8614393123
Q,Q_phc
381533.96006083005,222533.96006083005
qm_cb,qm_phc/qm_t,qm_r,qm_v,qm,qm_pot
0.10867949220682627,0.0018109444083629072,0.1204020591105131,0.01310224024528129,0.11049043661518917,0.0010657923194463549
number of iterations,27,Execution time: ,13.842869758605957
