architecture,t_cbt,t_hxt,eta_hpfp,eta_r,p_cbt,qm_cb0,t0,p0,tpr_hx,Q_hx,pcc,v
dual,290,120,0.71,0.71,1330000.0,0.10867949220682627,25.2,345000.0,0.95,159000.0,True,0
P_hpfp,P_rv,p_hpfp
43841.361926109115,12350.022017058913,1889258.8614393128
Q,Q_phc
417991.48875872587,258991.48875872587
qm_cb,qm_phc/qm_t,qm_r,qm_v,qm,qm_pot
0.10867949220682627,0.0019854443172643748,0.030388129546811943,0.013078260009766533,0.11066493652409064,0.0008270378020649685
number of iterations,31,Execution time: ,15.800037384033203
