architecture,t_cbt,t_hxt,eta_hpfp,eta_r,p_cbt,qm_cb0,t0,p0,tpr_hx,Q_hx,pcc,v
dual,290,160,0.71,0.71,1330000.0,0.10867949220682627,25.2,345000.0,0.95,159000.0,True,0
P_hpfp,P_rv,p_hpfp
43996.50671317563,28892.0849586082,1889258.8614393123
Q,Q_phc
401801.7800908077,242801.7800908077
qm_cb,qm_phc/qm_t,qm_r,qm_v,qm,qm_pot
0.10867949220682627,0.001919277445972714,0.07108090316747664,0.013108763531584603,0.11059876965279898,0.0010125300971608325
number of iterations,27,Execution time: ,14.392658948898315
