architecture,t_cbt,t_hxt,eta_hpfp,eta_r,p_cbt,qm_cb0,t0,p0,tpr_hx,Q_hx,pcc,v
dual,290,150,0.71,0.71,1330000.0,0.10867949220682627,25.2,345000.0,0.95,159000.0,True,0
P_hpfp,P_rv,p_hpfp
43983.915686202716,23871.158403623373,1889258.8614393123
Q,Q_phc
406696.84897253296,247696.84897253296
qm_cb,qm_phc/qm_t,qm_r,qm_v,qm,qm_pot
0.10867949220682627,0.0019423161188705088,0.05873368857738807,0.01310497520948835,0.11062180832569678,0.0009569387535099683
number of iterations,27,Execution time: ,13.166094303131104
