architecture,t_cbt,t_hxt,eta_hpfp,eta_r,p_cbt,qm_cb0,t0,p0,tpr_hx,Q_hx,pcc,v
dual,290,110,0.71,0.71,1330000.0,0.10998,25.2,345000.0,0.95,159000.0,True,0
P_hpfp,P_rv,p_hpfp
44037.81188052221,9498.542101897141,1889258.8614393128
Q,Q_phc
423173.8304849996,264173.8304849996
qm_cb,qm_phc/qm_t,qm_r,qm_v,qm,m_z
0.10998,0.0021062070466892624,0.023371791074114683,0.013142357857049397,0.11208620704668926,0.21062070466892588
number of iterations,32,Execution time: ,21.136212587356567
