architecture,t_cbt,t_hxt,eta_hpfp,eta_r,p_cbt,qm_cb0,t0,p0,tpr_hx,Q_hx,pcc,v
dual,290,120,0.71,0.71,1330000.0,0.10867949220682627,25.2,345000.0,0.95,159000.0,True,0
P_hpfp,P_rv,p_hpfp
43777.198117792745,12331.93869582073,1889258.8614393128
Q,Q_phc
417379.5233610009,258379.52336100087
qm_cb,qm_phc/qm_t,qm_r,qm_v,qm,qm_pot
0.10867949220682627,0.0020057074773897395,0.030343660958920535,0.013059111603013129,0.110685199684216,0.0006435483220446436
number of iterations,31,Execution time: ,16.053701400756836
