architecture,t_cbt,t_hxt,eta_hpfp,eta_r,p_cbt,qm_cb0,t0,p0,tpr_hx,Q_hx,pcc,v
dual,290,170,0.71,0.71,1330000.0,0.10867949220682627,25.2,345000.0,0.95,159000.0,True,0
P_hpfp,P_rv,p_hpfp
43944.299615017575,34603.563432810275,1889258.8614393123
Q,Q_phc
395578.56480659975,236578.56480659975
qm_cb,qm_phc/qm_t,qm_r,qm_v,qm,qm_pot
0.10867949220682627,0.001898234248335386,0.08512649289210793,0.013093192267010046,0.11057772645516166,0.0009009763088038061
number of iterations,27,Execution time: ,13.006447315216064
