architecture,t_cbt,t_hxt,eta_hpfp,eta_r,p_cbt,qm_cb0,t0,p0,tpr_hx,Q_hx,pcc,v
dual,290,100,0.71,0.71,1330000.0,0.10868072680881756,25.2,345000.0,0.95,159000.0,True,0
P_hpfp,P_rv,p_hpfp
43464.81970836917,6864.276628140983,1889258.8614393128
Q,Q_phc
420432.93803362286,261432.93803362286
qm_cb,qm_phc/qm_t,qm_r,qm_v,qm
0.10868072680881756,0.0020069248785100774,0.016890916797323838,0.012974709636044905,0.11068765168732764
number of iterations,35,Execution time: ,19.956849813461304
