architecture,t_cbt,t_hxt,eta_hpfp,eta_r,p_cbt,qm_cb0,t0,p0,tpr_hx,Q_hx,pcc,v
dual,290,190,0.71,0.71,1330000.0,0.11,25.2,345000.0,0.95,149000.0,True,0
P_hpfp,P_rv,p_hpfp
44134.20021344137,49154.6784489514,1889366.2728249198
Q,Q_phc
382934.42504651187,233934.42504651187
qm_cb,qm_phc/qm_t,qm_r,qm_v,qm,m_z
0.11,0.0019719897326761493,0.12084278490688491,0.01314969374066427,0.11197198973267615,0.19719897326761493
number of iterations,20,Execution time: ,11.360726833343506
