architecture,t_cbt,t_hxt,eta_hpfp,eta_r,p_cbt,qm_cb0,t0,p0,tpr_hx,Q_hx,pcc,v
dual,290,160,0.71,0.71,1330000.0,0.10868072680881756,25.2,345000.0,0.95,159000.0,True,0
P_hpfp,P_rv,p_hpfp
43590.73262362745,28626.62728803818,1889258.8614393123
Q,Q_phc
398115.6164615123,239115.61646151228
qm_cb,qm_phc/qm_t,qm_r,qm_v,qm
0.10868072680881756,0.0019060428645554794,0.0704286467071218,0.012988086119021256,0.11058676967337304
number of iterations,27,Execution time: ,15.137675046920776
