architecture,t_cbt,t_hxt,eta_hpfp,eta_r,p_cbt,qm_cb0,t0,p0,tpr_hx,Q_hx,pcc,v
dual,290,110,0.71,0.71,1330000.0,0.10867949220682627,25.2,345000.0,0.95,159000.0,True,0
P_hpfp,P_rv,p_hpfp
43797.7431711293,9445.032391182991,1889258.8614393128
Q,Q_phc
420833.12226828956,261833.12226828956
qm_cb,qm_phc/qm_t,qm_r,qm_v,qm,qm_pot
0.10867949220682627,0.001993410674406353,0.023240306982065105,0.013070166071052524,0.11067290288123262,0.0007939190400381971
number of iterations,33,Execution time: ,16.942644596099854
