architecture,t_cbt,t_hxt,eta_hpfp,eta_r,p_cbt,qm_cb0,t0,p0,tpr_hx,Q_hx,pcc,v
dual,290,100,0.71,0.71,1330000.0,0.11,25.2,345000.0,0.95,149000.0,True,0
P_hpfp,P_rv,p_hpfp
44060.76860539923,6961.728642664633,1889366.2728249198
Q,Q_phc
426213.05626330496,277213.05626330496
qm_cb,qm_phc/qm_t,qm_r,qm_v,qm,m_z
0.11,0.0022098213966174726,0.017122845832330348,0.01315326812348417,0.11220982139661748,0.22098213966174726
number of iterations,26,Execution time: ,14.85588264465332
