architecture,t_cbt,t_hxt,eta_hpfp,eta_r,p_cbt,qm_cb0,t0,p0,tpr_hx,Q_hx,pcc,v
dual,290,150,0.71,0.71,1330000.0,0.11,25.2,345000.0,0.95,149000.0,True,0
P_hpfp,P_rv,p_hpfp
44152.60177125581,24020.317487825356,1889366.2728249198
Q,Q_phc
408731.8949544158,259731.8949544158
qm_cb,qm_phc/qm_t,qm_r,qm_v,qm,m_z
0.11,0.0021322014024057236,0.059063821003751765,0.013161996861921583,0.11213220140240572,0.21322014024057234
number of iterations,21,Execution time: ,11.822691679000854
