architecture,t_cbt,t_hxt,eta_hpfp,eta_r,p_cbt,qm_cb0,t0,p0,tpr_hx,Q_hx,pcc,v
dual,290,200,0.71,0.71,1330000.0,0.10868072680881756,25.2,345000.0,0.95,159000.0,True,0
P_hpfp,P_rv,p_hpfp
43517.171058130785,57358.40534738766,1889258.8614393123
Q,Q_phc
368662.475700887,209662.47570088698
qm_cb,qm_phc/qm_t,qm_r,qm_v,qm
0.10868072680881756,0.0017191367550259684,0.14108702001777015,0.012966141574844058,0.11039986356384353
number of iterations,27,Execution time: ,15.298225164413452
