architecture,t_cbt,t_hxt,eta_hpfp,eta_r,p_cbt,qm_cb0,t0,p0,tpr_hx,Q_hx,pcc,v
dual,290,230,0.71,0.71,1330000.0,0.10867949220682627,25.2,345000.0,0.95,159000.0,True,0
P_hpfp,P_rv,p_hpfp
44112.73263556357,97601.7301210424,1889258.8614393123
Q,Q_phc
334241.11293201055,175241.11293201055
qm_cb,qm_phc/qm_t,qm_r,qm_v,qm,qm_pot
0.10867949220682627,0.0014690913582683096,0.24005559861906062,0.01314356019740544,0.11014858356509458,0.001760196527910901
number of iterations,27,Execution time: ,13.658564805984497
