architecture,t_cbt,t_hxt,eta_hpfp,eta_r,p_cbt,qm_cb0,t0,p0,tpr_hx,Q_hx,pcc,v
dual,290,220,0.71,0.71,1330000.0,0.11,25.2,345000.0,0.95,149000.0,True,0
P_hpfp,P_rv,p_hpfp
44038.40432669975,81669.9131214382,1889366.2728249198
Q,Q_phc
349463.26442200586,200463.26442200586
qm_cb,qm_phc/qm_t,qm_r,qm_v,qm,m_z
0.11,0.0017246625239299646,0.2007569165984937,0.013120879912476568,0.11172466252392997,0.17246625239299646
number of iterations,20,Execution time: ,12.012092113494873
