architecture,t_cbt,t_hxt,eta_hpfp,eta_r,p_cbt,qm_cb0,t0,p0,tpr_hx,Q_hx,pcc,v
dual,290,200,0.71,0.71,1330000.0,0.10867949220682627,25.2,345000.0,0.95,159000.0,True,0
P_hpfp,P_rv,p_hpfp
43991.67470163379,57982.70824905761,1889258.8614393123
Q,Q_phc
372669.3316846213,213669.33168462128
qm_cb,qm_phc/qm_t,qm_r,qm_v,qm,qm_pot
0.10867949220682627,0.0017512538175028752,0.14262138904468222,0.013107397087813633,0.11043074602432915,0.001169583495501812
number of iterations,27,Execution time: ,13.920284986495972
