architecture,t_cbt,t_hxt,eta_hpfp,eta_r,p_cbt,qm_cb0,t0,p0,tpr_hx,Q_hx,pcc,v
dual,290,210,0.71,0.71,1330000.0,0.10867949220682627,25.2,345000.0,0.95,159000.0,True,0
P_hpfp,P_rv,p_hpfp
44072.49175717162,68800.02933440162,1889258.8614393123
Q,Q_phc
362648.63526375964,203648.63526375964
qm_cb,qm_phc/qm_t,qm_r,qm_v,qm,qm_pot
0.10867949220682627,0.0016783681477405288,0.16922410205828564,0.013131561572729634,0.1103578603545668,0.0014487771433734631
number of iterations,27,Execution time: ,13.56713318824768
