architecture,t_cbt,t_hxt,eta_hpfp,eta_r,p_cbt,qm_cb0,t0,p0,tpr_hx,Q_hx,pcc,v
dual,290,260,0.71,0.71,1330000.0,0.11,25.2,345000.0,0.95,149000.0,True,0
P_hpfp,P_rv,p_hpfp
43707.54522374305,176433.79762843222,1889366.2728249198
Q,Q_phc
251552.6826353554,102552.68263535539
qm_cb,qm_phc/qm_t,qm_r,qm_v,qm,m_z
0.11,0.0009068798588964272,0.43365728930746317,0.01302355252270092,0.11090687985889643,0.09068798588964272
number of iterations,20,Execution time: ,12.036810159683228
