architecture,t_cbt,t_hxt,eta_hpfp,eta_r,p_cbt,qm_cb0,t0,p0,tpr_hx,Q_hx,pcc,v
dual,290,270,0.71,0.71,1330000.0,0.10868072680881756,25.2,345000.0,0.95,159000.0,True,0
P_hpfp,P_rv,p_hpfp
42967.470769540465,221464.54554312403,1889258.8614393123
Q,Q_phc
199271.7720717584,40271.7720717584
qm_cb,qm_phc/qm_t,qm_r,qm_v,qm
0.10868072680881756,0.00034735886394167415,0.5446640596920789,0.012803592839148342,0.10902808567275923
number of iterations,27,Execution time: ,16.124244213104248
