architecture,t_cbt,t_hxt,eta_hpfp,eta_r,p_cbt,qm_cb0,t0,p0,tpr_hx,Q_hx,pcc,v
dual,290,250,0.71,0.71,1330000.0,0.10867949220682627,25.2,345000.0,0.95,159000.0,True,0
P_hpfp,P_rv,p_hpfp
44166.35442935017,143424.7971914816,1889258.8614393123
Q,Q_phc
288924.9455793402,129924.94557934022
qm_cb,qm_phc/qm_t,qm_r,qm_v,qm,qm_pot
0.10867949220682627,0.0011080816430182154,0.3527464040403287,0.01315930110878714,0.10978757384984449,0.0022529985401275633
number of iterations,27,Execution time: ,14.75830864906311
