architecture,t_cbt,t_hxt,eta_hpfp,eta_r,p_cbt,qm_cb0,t0,p0,tpr_hx,Q_hx,pcc,v
dual,290,270,0.71,0.71,1330000.0,0.10867949220682627,25.2,345000.0,0.95,159000.0,True,0
P_hpfp,P_rv,p_hpfp
44219.42780501508,227997.98406909493,1889258.8614393128
Q,Q_phc
205139.14478315087,46139.14478315087
qm_cb,qm_phc/qm_t,qm_r,qm_v,qm,qm_pot
0.10867949220682627,0.0004003967718341065,0.5607254578779722,0.013178732718561362,0.10907988897866037,0.0031582959561891485
number of iterations,29,Execution time: ,15.63846731185913
