architecture,t_cbt,t_hxt,eta_hpfp,eta_r,p_cbt,qm_cb0,t0,p0,tpr_hx,Q_hx,pcc,v
dual,290,210,0.71,0.71,1330000.0,0.10867949220682627,25.2,345000.0,0.95,159000.0,True,0
P_hpfp,P_rv,p_hpfp
44010.793570444745,68702.9590693715,1889258.8614393123
Q,Q_phc
362137.44381093566,203137.44381093566
qm_cb,qm_phc/qm_t,qm_r,qm_v,qm,qm_pot
0.10867949220682627,0.0016769023138769271,0.16898541758338817,0.013113112404723268,0.1103563945207032,0.0012927190412596098
number of iterations,27,Execution time: ,14.042948961257935
