architecture,t_cbt,t_hxt,eta_hpfp,eta_r,p_cbt,qm_cb0,t0,p0,tpr_hx,Q_hx,pcc,v
dual,290,260,0.71,0.71,1330000.0,0.10998,25.2,345000.0,0.95,159000.0,True,0
P_hpfp,P_rv,p_hpfp
43663.05245332162,176187.95456330525,1889258.8614393119
Q,Q_phc
251345.88908790483,92345.88908790483
qm_cb,qm_phc/qm_t,qm_r,qm_v,qm,m_z
0.10998,0.000809898301699738,0.43332033230812544,0.01301078725361959,0.11078989830169973,0.08098983016997319
number of iterations,26,Execution time: ,18.107213258743286
