architecture,t_cbt,t_hxt,eta_hpfp,eta_r,p_cbt,qm_cb0,t0,p0,tpr_hx,Q_hx,pcc,v
dual,290,230,0.71,0.71,1330000.0,0.11,25.2,345000.0,0.95,149000.0,True,0
P_hpfp,P_rv,p_hpfp
43987.94420419699,97370.16621382612,1889366.2728249198
Q,Q_phc
333267.2231947216,184267.22319472162
qm_cb,qm_phc/qm_t,qm_r,qm_v,qm,m_z
0.11,0.0015962040203689816,0.23934432682820783,0.013105811646684444,0.11159620402036899,0.15962040203689815
number of iterations,20,Execution time: ,11.787331104278564
