architecture,t_cbt,t_hxt,eta_hpfp,eta_r,p_cbt,qm_cb0,t0,p0,tpr_hx,Q_hx,pcc,v
dual,290,250,0.71,0.71,1330000.0,0.10868072680881756,25.2,345000.0,0.95,159000.0,True,0
P_hpfp,P_rv,p_hpfp
43246.508861747374,140477.9892183729,1889258.8614393123
Q,Q_phc
282984.5067456611,123984.50674566109
qm_cb,qm_phc/qm_t,qm_r,qm_v,qm
0.10868072680881756,0.001053958645615194,0.3454999290201556,0.012886695528187478,0.10973468545443275
number of iterations,27,Execution time: ,15.611199855804443
