architecture,t_cbt,t_hxt,eta_hpfp,eta_r,p_cbt,qm_cb0,t0,p0,tpr_hx,Q_hx,pcc,v
dual,290,240,0.71,0.71,1330000.0,0.10867949220682627,25.2,345000.0,0.95,159000.0,True,0
P_hpfp,P_rv,p_hpfp
44086.961302902535,117422.7797074284,1889258.8614393123
Q,Q_phc
314155.415584495,155155.415584495
qm_cb,qm_phc/qm_t,qm_r,qm_v,qm,qm_pot
0.10867949220682627,0.0013087959800567445,0.28880107868959004,0.013135711293955443,0.10998828818688301,0.0018522072842755432
number of iterations,27,Execution time: ,13.62122106552124
