architecture,t_cbt,t_hxt,eta_hpfp,eta_r,p_cbt,qm_cb0,t0,p0,tpr_hx,Q_hx,pcc,v
dual,290,220,0.71,0.71,1330000.0,0.10867949220682627,25.2,345000.0,0.95,159000.0,True,0
P_hpfp,P_rv,p_hpfp
44032.38255357257,81618.4198112188,1889258.8614393123
Q,Q_phc
349433.4582922779,190433.45829227788
qm_cb,qm_phc/qm_t,qm_r,qm_v,qm,qm_pot
0.10867949220682627,0.0015833678934781116,0.20074818545689752,0.013119549610728148,0.11026286010030438,0.0014410525486836954
number of iterations,27,Execution time: ,13.19263505935669
