architecture,t_cbt,t_hxt,eta_hpfp,eta_r,p_cbt,qm_cb0,t0,p0,tpr_hx,Q_hx,pcc,v
dual,290,260,0.71,0.71,1330000.0,0.10867949220682627,25.2,345000.0,0.95,159000.0,True,0
P_hpfp,P_rv,p_hpfp
44142.847041798916,178198.7796313717,1889258.8614393126
Q,Q_phc
254188.55901052032,95188.55901052032
qm_cb,qm_phc/qm_t,qm_r,qm_v,qm,qm_pot
0.10867949220682627,0.0008146945813953589,0.4382574839417776,0.013155904437803432,0.10949418678822162,0.002549698148308335
number of iterations,28,Execution time: ,14.205573081970215
