architecture,t_cbt,t_hxt,eta_hpfp,eta_r,p_cbt,qm_cb0,t0,p0,tpr_hx,Q_hx,pcc,v
dual,290,270,0.71,0.71,1330000.0,0.10998,25.2,345000.0,0.95,159000.0,True,0
P_hpfp,P_rv,p_hpfp
43495.91598962979,224156.6870383307,1889258.8614393119
Q,Q_phc
201703.26826903404,42703.268269034044
qm_cb,qm_phc/qm_t,qm_r,qm_v,qm,m_z
0.10998,0.0003770284061546392,0.5512874144445027,0.012960455188841079,0.11035702840615463,0.03770284061546343
number of iterations,26,Execution time: ,17.86214828491211
