architecture,t_cbt,t_hxt,eta_hpfp,eta_r,p_cbt,qm_cb0,t0,p0,tpr_hx,Q_hx,pcc,v
dual,290,200,0.71,0.71,1330000.0,0.11,25.2,345000.0,0.95,149000.0,True,0
P_hpfp,P_rv,p_hpfp
44109.081880415666,58169.948820454716,1889366.2728249198
Q,Q_phc
373666.80247141264,224666.80247141264
qm_cb,qm_phc/qm_t,qm_r,qm_v,qm,m_z
0.11,0.0019067389659523071,0.14299983692046986,0.01314211454678953,0.11190673896595231,0.1906738965952307
number of iterations,20,Execution time: ,12.177234172821045
