architecture,t_cbt,t_hxt,eta_hpfp,eta_r,p_cbt,qm_cb0,t0,p0,tpr_hx,Q_hx,pcc,v
dual,290,240,0.71,0.71,1330000.0,0.10868072680881756,25.2,345000.0,0.95,159000.0,True,0
P_hpfp,P_rv,p_hpfp
43333.87367604196,115434.64933866965,1889258.8614393123
Q,Q_phc
308835.95486744045,149835.95486744045
qm_cb,qm_phc/qm_t,qm_r,qm_v,qm
0.10868072680881756,0.001264506231279272,0.28391273305913334,0.012912099575001591,0.10994523304009683
number of iterations,27,Execution time: ,15.623732566833496
