architecture,t_cbt,t_hxt,eta_hpfp,eta_r,p_cbt,qm_cb0,t0,p0,tpr_hx,Q_hx,pcc,v
dual,290,200,0.71,0.71,1330000.0,0.10998,25.2,345000.0,0.95,159000.0,True,0
P_hpfp,P_rv,p_hpfp
44063.85524719142,58078.107956710846,1889258.8614393119
Q,Q_phc
373291.8425720513,214291.84257205128
qm_cb,qm_phc/qm_t,qm_r,qm_v,qm,m_z
0.10998,0.0018060992433676232,0.1428574160555792,0.013129077424610756,0.11178609924336762,0.18060992433676193
number of iterations,26,Execution time: ,18.24480175971985
