architecture,t_cbt,t_hxt,eta_hpfp,eta_r,p_cbt,qm_cb0,t0,p0,tpr_hx,Q_hx,pcc,v
dual,290,270,0.71,0.71,1330000.0,0.10867949220682627,25.2,345000.0,0.95,159000.0,True,0
P_hpfp,P_rv,p_hpfp
44204.48335537334,227913.42670831588,1889258.8614393128
Q,Q_phc
205063.74187658375,46063.74187658375
qm_cb,qm_phc/qm_t,qm_r,qm_v,qm,qm_pot
0.10867949220682627,0.0003971331652767385,0.5605177677532124,0.013174093953289188,0.10907662537210301,0.003120435192090049
number of iterations,29,Execution time: ,14.393530368804932
