architecture,t_cbt,t_hxt,eta_hpfp,eta_r,p_cbt,qm_cb0,t0,p0,tpr_hx,Q_hx,pcc,v
dual,290,250,0.71,0.71,1330000.0,0.10867949220682627,25.2,345000.0,0.95,159000.0,True,0
P_hpfp,P_rv,p_hpfp
44124.15151876107,143282.58461084877,1889258.8614393123
Q,Q_phc
288639.7158241627,129639.7158241627
qm_cb,qm_phc/qm_t,qm_r,qm_v,qm,qm_pot
0.10867949220682627,0.001101508190305299,0.35239692546118584,0.013146527968594115,0.10978100039713157,0.0021491469252803304
number of iterations,27,Execution time: ,13.589699506759644
