architecture,t_cbt,t_hxt,eta_hpfp,eta_r,p_cbt,qm_cb0,t0,p0,tpr_hx,Q_hx,pcc,v
dual,300,190,0.71,0.71,1330000.0,0.10854344449863279,25.2,345000.0,0.95,159000.0,True,0
P_hpfp,P_rv,p_hpfp
43372.78103816863,46114.69900357058,1889258.8614393123
Q,Q_phc
396874.06653645216,237874.06653645216
qm_cb,qm_phc/qm_t,qm_r,qm_v,qm
0.10854344449863279,0.0019378145367145855,0.10966157203737768,0.012485853647472227,0.11048125903534738
number of iterations,27,Execution time: ,16.0597722530365
