architecture,t_cbt,t_hxt,eta_hpfp,eta_r,p_cbt,qm_cb0,t0,p0,tpr_hx,Q_hx,pcc,v
dual,300,100,0.71,0.71,1330000.0,0.10854212631012997,25.2,345000.0,0.95,159000.0,True,0
P_hpfp,P_rv,p_hpfp
43521.42625375821,6783.7467438606245,1889258.8614393128
Q,Q_phc
439528.50509055814,280528.50509055814
qm_cb,qm_phc/qm_t,qm_r,qm_v,qm,qm_pot
0.10854212631012997,0.0021516668064203446,0.016137525308512004,0.01255136846393157,0.11069379311655031,0.0005761908158584672
number of iterations,35,Execution time: ,18.510300397872925
