architecture,t_cbt,t_hxt,eta_hpfp,eta_r,p_cbt,qm_cb0,t0,p0,tpr_hx,Q_hx,pcc,v
dual,300,190,0.71,0.71,1330000.0,0.11,25.2,345000.0,0.95,149000.0,True,0
P_hpfp,P_rv,p_hpfp
44022.73503476781,46828.47441134092,1889366.2728249198
Q,Q_phc
402823.9480386563,253823.94803865632
qm_cb,qm_phc/qm_t,qm_r,qm_v,qm,m_z
0.11,0.002142876514446672,0.11130615126069915,0.012672653817942343,0.11214287651444667,0.2142876514446672
number of iterations,20,Execution time: ,12.056711673736572
