architecture,t_cbt,t_hxt,eta_hpfp,eta_r,p_cbt,qm_cb0,t0,p0,tpr_hx,Q_hx,pcc,v
dual,300,170,0.71,0.71,1330000.0,0.11,25.2,345000.0,0.95,149000.0,True,0
P_hpfp,P_rv,p_hpfp
44054.888791125166,33523.933104856085,1889366.2728249198
Q,Q_phc
416468.33307997056,267468.33307997056
qm_cb,qm_phc/qm_t,qm_r,qm_v,qm,m_z
0.11,0.0022273911846576715,0.07969249690784924,0.012682065295129887,0.11222739118465767,0.22273911846576716
number of iterations,20,Execution time: ,12.220890998840332
