architecture,t_cbt,t_hxt,eta_hpfp,eta_r,p_cbt,qm_cb0,t0,p0,tpr_hx,Q_hx,pcc,v
dual,300,160,0.71,0.71,1330000.0,0.11,25.2,345000.0,0.95,149000.0,True,0
P_hpfp,P_rv,p_hpfp
44066.65154731954,28091.20590909402,1889366.2728249198
Q,Q_phc
422025.9096284112,273025.9096284112
qm_cb,qm_phc/qm_t,qm_r,qm_v,qm,m_z
0.11,0.002258428321065261,0.06678381201315622,0.012685515170042738,0.11225842832106527,0.2258428321065261
number of iterations,20,Execution time: ,11.740309000015259
