architecture,t_cbt,t_hxt,eta_hpfp,eta_r,p_cbt,qm_cb0,t0,p0,tpr_hx,Q_hx,pcc,v
dual,300,190,0.71,0.71,1330000.0,0.10998,25.2,345000.0,0.95,159000.0,True,0
P_hpfp,P_rv,p_hpfp
43978.186858414825,46759.213829230015,1889258.8614393119
Q,Q_phc
402403.8613318864,243403.86133188638
qm_cb,qm_phc/qm_t,qm_r,qm_v,qm,m_z
0.10998,0.0020413304146133515,0.11118753020345011,0.012660104300159476,0.11202133041461335,0.20413304146133557
number of iterations,26,Execution time: ,18.249433755874634
