architecture,t_cbt,t_hxt,eta_hpfp,eta_r,p_cbt,qm_cb0,t0,p0,tpr_hx,Q_hx,pcc,v
dual,300,100,0.71,0.71,1330000.0,0.10854344449863279,25.2,345000.0,0.95,159000.0,True,0
P_hpfp,P_rv,p_hpfp
43287.78596199066,6748.191463049881,1889258.8614393128
Q,Q_phc
437191.39944942284,278191.39944942284
qm_cb,qm_phc/qm_t,qm_r,qm_v,qm
0.10854344449863279,0.002134495425481553,0.016052918344591074,0.012484272217659305,0.11067793992411434
number of iterations,35,Execution time: ,21.063428163528442
