architecture,t_cbt,t_hxt,eta_hpfp,eta_r,p_cbt,qm_cb0,t0,p0,tpr_hx,Q_hx,pcc,v
dual,300,170,0.71,0.71,1330000.0,0.10998,25.2,345000.0,0.95,159000.0,True,0
P_hpfp,P_rv,p_hpfp
44011.266894675406,33474.328907184565,1889258.8614393119
Q,Q_phc
416033.55842698505,257033.55842698505
qm_cb,qm_phc/qm_t,qm_r,qm_v,qm,m_z
0.10998,0.0021271719194740357,0.07960548503457189,0.012669719029710773,0.11210717191947403,0.21271719194740335
number of iterations,26,Execution time: ,17.822914361953735
