architecture,t_cbt,t_hxt,eta_hpfp,eta_r,p_cbt,qm_cb0,t0,p0,tpr_hx,Q_hx,pcc,v
dual,300,110,0.71,0.71,1330000.0,0.10854212631012997,25.2,345000.0,0.95,159000.0,True,0
P_hpfp,P_rv,p_hpfp
43554.33657903096,9252.876139484792,1889258.8614393128
Q,Q_phc
437125.1921399916,278125.1921399916
qm_cb,qm_phc/qm_t,qm_r,qm_v,qm,qm_pot
0.10854212631012997,0.0021454082408491407,0.022010189394063295,0.012557446902410216,0.1106875345509791,0.0006048760267171953
number of iterations,33,Execution time: ,17.16657853126526
