architecture,t_cbt,t_hxt,eta_hpfp,eta_r,p_cbt,qm_cb0,t0,p0,tpr_hx,Q_hx,pcc,v
dual,300,140,0.71,0.71,1330000.0,0.11,25.2,345000.0,0.95,149000.0,True,0
P_hpfp,P_rv,p_hpfp
44041.92783450434,19121.925750600654,1889366.2728249198
Q,Q_phc
431221.5543412215,282221.5543412215
qm_cb,qm_phc/qm_t,qm_r,qm_v,qm,m_z
0.11,0.0023041859364623207,0.045465603049114366,0.012684690189185182,0.11230418593646233,0.23041859364623207
number of iterations,21,Execution time: ,12.443487167358398
