architecture,t_cbt,t_hxt,eta_hpfp,eta_r,p_cbt,qm_cb0,t0,p0,tpr_hx,Q_hx,pcc,v
dual,300,170,0.71,0.71,1330000.0,0.10854212631012997,25.2,345000.0,0.95,159000.0,True,0
P_hpfp,P_rv,p_hpfp
43832.55332450078,33336.60025712101,1889258.8614393123
Q,Q_phc
414334.4417664192,255334.44176641922
qm_cb,qm_phc/qm_t,qm_r,qm_v,qm,qm_pot
0.10854212631012997,0.0020361593265612555,0.07928193474521099,0.012618098408287705,0.11057828563669123,0.001071034537763531
number of iterations,27,Execution time: ,14.224246263504028
