architecture,t_cbt,t_hxt,eta_hpfp,eta_r,p_cbt,qm_cb0,t0,p0,tpr_hx,Q_hx,pcc,v
dual,300,140,0.71,0.71,1330000.0,0.10854344449863279,25.2,345000.0,0.95,159000.0,True,0
P_hpfp,P_rv,p_hpfp
43371.254662001644,18836.4840639515,1889258.8614393128
Q,Q_phc
424825.8272064859,265825.8272064859
qm_cb,qm_phc/qm_t,qm_r,qm_v,qm
0.10854344449863279,0.0020904695828952574,0.04480257386460135,0.012494090686704103,0.11063391408152805
number of iterations,29,Execution time: ,16.818182945251465
