architecture,t_cbt,t_hxt,eta_hpfp,eta_r,p_cbt,qm_cb0,t0,p0,tpr_hx,Q_hx,pcc,v
dual,300,120,0.71,0.71,1330000.0,0.10854212631012997,25.2,345000.0,0.95,159000.0,True,0
P_hpfp,P_rv,p_hpfp
43596.81456136224,12070.732305849557,1889258.8614393128
Q,Q_phc
434372.14986433904,275372.14986433904
qm_cb,qm_phc/qm_t,qm_r,qm_v,qm,qm_pot
0.10854212631012997,0.0021369811395212973,0.02871300211905875,0.012565039456662043,0.11067910744965126,0.0006376754109722148
number of iterations,31,Execution time: ,15.547902345657349
