architecture,t_cbt,t_hxt,eta_hpfp,eta_r,p_cbt,qm_cb0,t0,p0,tpr_hx,Q_hx,pcc,v
dual,300,180,0.71,0.71,1330000.0,0.10854212631012997,25.2,345000.0,0.95,159000.0,True,0
P_hpfp,P_rv,p_hpfp
43846.780702321594,39526.18272866508,1889258.8614393123
Q,Q_phc
408292.8994577659,249292.89945776592
qm_cb,qm_phc/qm_t,qm_r,qm_v,qm,qm_pot
0.10854212631012997,0.0020048591400019244,0.0939970693520263,0.012622230246998017,0.11054698545013189,0.0011391952087187044
number of iterations,27,Execution time: ,14.757798433303833
