architecture,t_cbt,t_hxt,eta_hpfp,eta_r,p_cbt,qm_cb0,t0,p0,tpr_hx,Q_hx,pcc,v
dual,300,120,0.71,0.71,1330000.0,0.10854212631012997,25.2,345000.0,0.95,159000.0,True,0
P_hpfp,P_rv,p_hpfp
43665.04863176537,12089.633133448217,1889258.8614393128
Q,Q_phc
435052.2198573242,276052.2198573242
qm_cb,qm_phc/qm_t,qm_r,qm_v,qm,qm_pot
0.10854212631012997,0.002115923402344076,0.028757935199321252,0.012584712956304743,0.11065804971247405,0.0008330104175813023
number of iterations,31,Execution time: ,15.921281337738037
