architecture,t_cbt,t_hxt,eta_hpfp,eta_r,p_cbt,qm_cb0,t0,p0,tpr_hx,Q_hx,pcc,v
dual,300,160,0.71,0.71,1330000.0,0.10854212631012997,25.2,345000.0,0.95,159000.0,True,0
P_hpfp,P_rv,p_hpfp
43819.023881424786,27917.476082214183,1889258.8614393123
Q,Q_phc
419612.5962469352,260612.5962469352
qm_cb,qm_phc/qm_t,qm_r,qm_v,qm,qm_pot
0.10854212631012997,0.002060989680337192,0.06639865320429565,0.01261416684562417,0.11060311599046715,0.0010111083600119859
number of iterations,27,Execution time: ,13.72548532485962
