architecture,t_cbt,t_hxt,eta_hpfp,eta_r,p_cbt,qm_cb0,t0,p0,tpr_hx,Q_hx,pcc,v
dual,300,160,0.71,0.71,1330000.0,0.10854344449863279,25.2,345000.0,0.95,159000.0,True,0
P_hpfp,P_rv,p_hpfp
43415.46956297313,27661.182084265252,1889258.8614393123
Q,Q_phc
415766.31121134234,256766.31121134234
qm_cb,qm_phc/qm_t,qm_r,qm_v,qm
0.10854344449863279,0.002047172435487063,0.06578985153692063,0.012498182424951175,0.11059061693411985
number of iterations,27,Execution time: ,16.062573432922363
