architecture,t_cbt,t_hxt,eta_hpfp,eta_r,p_cbt,qm_cb0,t0,p0,tpr_hx,Q_hx,pcc,v
dual,300,130,0.71,0.71,1330000.0,0.10854212631012997,25.2,345000.0,0.95,159000.0,True,0
P_hpfp,P_rv,p_hpfp
43696.69856813233,15317.15931936323,1889258.8614393128
Q,Q_phc
431916.6807226991,272916.6807226991
qm_cb,qm_phc/qm_t,qm_r,qm_v,qm,qm_pot
0.10854212631012997,0.002107438466389211,0.03643305159150717,0.012590920218440473,0.11064956477651917,0.0008695805715304259
number of iterations,30,Execution time: ,15.591402053833008
