architecture,t_cbt,t_hxt,eta_hpfp,eta_r,p_cbt,qm_cb0,t0,p0,tpr_hx,Q_hx,pcc,v
dual,300,180,0.71,0.71,1330000.0,0.10998,25.2,345000.0,0.95,159000.0,True,0
P_hpfp,P_rv,p_hpfp
43996.362071333846,39662.511083634985,1889258.8614393119
Q,Q_phc
409689.82319177745,250689.82319177745
qm_cb,qm_phc/qm_t,qm_r,qm_v,qm,m_z
0.10998,0.002088450927735963,0.09431651224311426,0.012665384526157267,0.11206845092773596,0.20884509277359656
number of iterations,26,Execution time: ,17.853022575378418
