architecture,t_cbt,t_hxt,eta_hpfp,eta_r,p_cbt,qm_cb0,t0,p0,tpr_hx,Q_hx,pcc,v
dual,300,150,0.71,0.71,1330000.0,0.10854344449863279,25.2,345000.0,0.95,159000.0,True,0
P_hpfp,P_rv,p_hpfp
43424.71713768351,22955.906268540275,1889258.8614393123
Q,Q_phc
420567.0285774621,261567.02857746207
qm_cb,qm_phc/qm_t,qm_r,qm_v,qm
0.10854344449863279,0.0020709534815633868,0.05460376040741837,0.012500858236147275,0.11061439798019618
number of iterations,27,Execution time: ,16.236720085144043
