architecture,t_cbt,t_hxt,eta_hpfp,eta_r,p_cbt,qm_cb0,t0,p0,tpr_hx,Q_hx,pcc,v
dual,300,130,0.71,0.71,1330000.0,0.11,25.2,345000.0,0.95,149000.0,True,0
P_hpfp,P_rv,p_hpfp
44013.83377372971,15431.049143044718,1889366.2728249198
Q,Q_phc
435012.84355622355,286012.84355622355
qm_cb,qm_phc/qm_t,qm_r,qm_v,qm,m_z
0.11,0.0023205717002262203,0.03669067785297838,0.01268169029652099,0.11232057170022622,0.23205717002262202
number of iterations,22,Execution time: ,12.90205192565918
