architecture,t_cbt,t_hxt,eta_hpfp,eta_r,p_cbt,qm_cb0,t0,p0,tpr_hx,Q_hx,pcc,v
dual,300,150,0.71,0.71,1330000.0,0.10854212631012997,25.2,345000.0,0.95,159000.0,True,0
P_hpfp,P_rv,p_hpfp
43736.20093005639,23119.428538571694,1889258.8614393123
Q,Q_phc
423558.7778281189,264558.7778281189
qm_cb,qm_phc/qm_t,qm_r,qm_v,qm,qm_pot
0.10854212631012997,0.0020938375052948484,0.05499208190861252,0.012590238650878076,0.11063596381542481,0.0007659378119021096
number of iterations,27,Execution time: ,13.702807903289795
