architecture,t_cbt,t_hxt,eta_hpfp,eta_r,p_cbt,qm_cb0,t0,p0,tpr_hx,Q_hx,pcc,v
dual,300,120,0.71,0.71,1330000.0,0.10998,25.2,345000.0,0.95,159000.0,True,0
P_hpfp,P_rv,p_hpfp
43946.474236898124,12169.716079942134,1889258.8614393128
Q,Q_phc
437887.5535510352,278887.5535510352
qm_cb,qm_phc/qm_t,qm_r,qm_v,qm,m_z
0.10998,0.0022372506742856235,0.028946650631940418,0.012666303936710772,0.11221725067428562,0.22372506742856166
number of iterations,30,Execution time: ,20.85804557800293
