architecture,t_cbt,t_hxt,eta_hpfp,eta_r,p_cbt,qm_cb0,t0,p0,tpr_hx,Q_hx,pcc,v
dual,300,120,0.71,0.71,1330000.0,0.10854344449863279,25.2,345000.0,0.95,159000.0,True,0
P_hpfp,P_rv,p_hpfp
43337.43783823695,12000.17002946128,1889258.8614393128
Q,Q_phc
431816.8061040492,272816.8061040492
qm_cb,qm_phc/qm_t,qm_r,qm_v,qm
0.10854344449863279,0.0021179212669946434,0.028545260310025616,0.012490645984910412,0.11066136576562743
number of iterations,31,Execution time: ,18.78080987930298
