architecture,t_cbt,t_hxt,eta_hpfp,eta_r,p_cbt,qm_cb0,t0,p0,tpr_hx,Q_hx,pcc,v
dual,300,200,0.71,0.71,1330000.0,0.10854212631012997,25.2,345000.0,0.95,159000.0,True,0
P_hpfp,P_rv,p_hpfp
43877.59592774048,54860.00221999515,1889258.8614393123
Q,Q_phc
393278.92823681363,234278.92823681363
qm_cb,qm_phc/qm_t,qm_r,qm_v,qm,qm_pot
0.10854212631012997,0.0019166879939776108,0.13045231713504052,0.012631169452865961,0.11045881430410757,0.001307022620304977
number of iterations,27,Execution time: ,13.874342203140259
