architecture,t_cbt,t_hxt,eta_hpfp,eta_r,p_cbt,qm_cb0,t0,p0,tpr_hx,Q_hx,pcc,v
dual,300,280,0.71,0.71,1330000.0,0.10998,25.2,345000.0,0.95,159000.0,True,0
P_hpfp,P_rv,p_hpfp
43332.94029949806,238004.2146321091,1889258.8614393119
Q,Q_phc
204607.66232606553,45607.66232606553
qm_cb,qm_phc/qm_t,qm_r,qm_v,qm,m_z
0.10998,0.0004065953426032193,0.5658390551354298,0.0124747625520693,0.11038659534260321,0.04065953426032134
number of iterations,26,Execution time: ,18.578897714614868
