architecture,t_cbt,t_hxt,eta_hpfp,eta_r,p_cbt,qm_cb0,t0,p0,tpr_hx,Q_hx,pcc,v
dual,300,240,0.71,0.71,1330000.0,0.10854212631012997,25.2,345000.0,0.95,159000.0,True,0
P_hpfp,P_rv,p_hpfp
43894.264531240326,106100.04705705353,1889258.8614393123
Q,Q_phc
342206.4483706777,183206.4483706777
qm_cb,qm_phc/qm_t,qm_r,qm_v,qm,qm_pot
0.10854212631012997,0.001547561004817271,0.25227475713675085,0.01263593638418821,0.11008968731494724,0.0017179998696307437
number of iterations,27,Execution time: ,13.7430579662323
