architecture,t_cbt,t_hxt,eta_hpfp,eta_r,p_cbt,qm_cb0,t0,p0,tpr_hx,Q_hx,pcc,v
dual,300,260,0.71,0.71,1330000.0,0.11,25.2,345000.0,0.95,149000.0,True,0
P_hpfp,P_rv,p_hpfp
43681.33112642915,153230.26579002317,1889366.2728249198
Q,Q_phc
292948.501402335,143948.501402335
qm_cb,qm_phc/qm_t,qm_r,qm_v,qm,m_z
0.11,0.001276114364081935,0.3641407794409249,0.012574496486770066,0.11127611436408194,0.1276114364081935
number of iterations,20,Execution time: ,12.47958493232727
