architecture,t_cbt,t_hxt,eta_hpfp,eta_r,p_cbt,qm_cb0,t0,p0,tpr_hx,Q_hx,pcc,v
dual,300,270,0.71,0.71,1330000.0,0.10854212631012997,25.2,345000.0,0.95,159000.0,True,0
P_hpfp,P_rv,p_hpfp
44051.32533280117,190664.80686887252,1889258.8614393123
Q,Q_phc
259128.93331714,100128.93331714
qm_cb,qm_phc/qm_t,qm_r,qm_v,qm,qm_pot
0.10854212631012997,0.0008710288835848171,0.4533261868292033,0.01267970211631238,0.10941315519371478,0.0027680503123018126
number of iterations,27,Execution time: ,14.872453927993774
