architecture,t_cbt,t_hxt,eta_hpfp,eta_r,p_cbt,qm_cb0,t0,p0,tpr_hx,Q_hx,pcc,v
dual,300,250,0.71,0.71,1330000.0,0.10998,25.2,345000.0,0.95,159000.0,True,0
P_hpfp,P_rv,p_hpfp
43728.86374168661,126501.40299319908,1889258.8614393119
Q,Q_phc
320119.3383692671,161119.33836926712
qm_cb,qm_phc/qm_t,qm_r,qm_v,qm,m_z
0.10998,0.001407181245182354,0.30076261213396516,0.012588349924889091,0.11138718124518235,0.1407181245182348
number of iterations,26,Execution time: ,18.41392946243286
