architecture,t_cbt,t_hxt,eta_hpfp,eta_r,p_cbt,qm_cb0,t0,p0,tpr_hx,Q_hx,pcc,v
dual,300,230,0.71,0.71,1330000.0,0.10854212631012997,25.2,345000.0,0.95,159000.0,True,0
P_hpfp,P_rv,p_hpfp
43868.524192030214,89382.04284637653,1889258.8614393123
Q,Q_phc
358663.50748883403,199663.50748883403
qm_cb,qm_phc/qm_t,qm_r,qm_v,qm,qm_pot
0.10854212631012997,0.0016741767596434665,0.21252783968678285,0.012628547639285613,0.11021630306977344,0.0015262610234179968
number of iterations,27,Execution time: ,14.054579973220825
