architecture,t_cbt,t_hxt,eta_hpfp,eta_r,p_cbt,qm_cb0,t0,p0,tpr_hx,Q_hx,pcc,v
dual,300,250,0.71,0.71,1330000.0,0.10854344449863279,25.2,345000.0,0.95,159000.0,True,0
P_hpfp,P_rv,p_hpfp
43131.69769763727,124787.01864897976,1889258.8614393123
Q,Q_phc
315788.6055047225,156788.6055047225
qm_cb,qm_phc/qm_t,qm_r,qm_v,qm
0.10854344449863279,0.0013348842852412696,0.2967036622907105,0.01241704072993661,0.10987832878387406
number of iterations,27,Execution time: ,17.416345596313477
