architecture,t_cbt,t_hxt,eta_hpfp,eta_r,p_cbt,qm_cb0,t0,p0,tpr_hx,Q_hx,pcc,v
dual,300,240,0.71,0.71,1330000.0,0.11,25.2,345000.0,0.95,149000.0,True,0
P_hpfp,P_rv,p_hpfp
43845.61292985486,106020.45560656127,1889366.2728249198
Q,Q_phc
341794.94796676585,192794.94796676585
qm_cb,qm_phc/qm_t,qm_r,qm_v,qm,m_z
0.11,0.0016852732876280756,0.2519603546244125,0.01262127022144346,0.11168527328762808,0.16852732876280754
number of iterations,20,Execution time: ,12.289661407470703
