architecture,t_cbt,t_hxt,eta_hpfp,eta_r,p_cbt,qm_cb0,t0,p0,tpr_hx,Q_hx,pcc,v
dual,300,240,0.71,0.71,1330000.0,0.10998,25.2,345000.0,0.95,159000.0,True,0
P_hpfp,P_rv,p_hpfp
43798.92095049778,105869.1379251011,1889258.8614393119
Q,Q_phc
341454.2599743092,182454.25997430919
qm_cb,qm_phc/qm_t,qm_r,qm_v,qm,m_z
0.10998,0.0015827098989288912,0.2517125921932304,0.012608364541323972,0.11156270989892889,0.15827098989288868
number of iterations,26,Execution time: ,18.046890258789062
