architecture,t_cbt,t_hxt,eta_hpfp,eta_r,p_cbt,qm_cb0,t0,p0,tpr_hx,Q_hx,pcc,v
dual,300,210,0.71,0.71,1330000.0,0.10854344449863279,25.2,345000.0,0.95,159000.0,True,0
P_hpfp,P_rv,p_hpfp
43325.51109855129,63636.74479566761,1889258.8614393123
Q,Q_phc
378869.6772360097,219869.67723600968
qm_cb,qm_phc/qm_t,qm_r,qm_v,qm
0.10854344449863279,0.0018175082317761077,0.15131976754516754,0.012472245410959926,0.1103609527304089
number of iterations,27,Execution time: ,16.352930307388306
