architecture,t_cbt,t_hxt,eta_hpfp,eta_r,p_cbt,qm_cb0,t0,p0,tpr_hx,Q_hx,pcc,v
dual,300,210,0.71,0.71,1330000.0,0.10854212631012997,25.2,345000.0,0.95,159000.0,True,0
P_hpfp,P_rv,p_hpfp
43894.43450691125,64472.76408022658,1889258.8614393123
Q,Q_phc
383840.37154070294,224840.37154070294
qm_cb,qm_phc/qm_t,qm_r,qm_v,qm,qm_pot
0.10854212631012997,0.001855451700837907,0.15330634942215526,0.012636046972929308,0.11039757801096788,0.0014116561627506045
number of iterations,27,Execution time: ,14.991008520126343
