architecture,t_cbt,t_hxt,eta_hpfp,eta_r,p_cbt,qm_cb0,t0,p0,tpr_hx,Q_hx,pcc,v
dual,300,270,0.71,0.71,1330000.0,0.11,25.2,345000.0,0.95,149000.0,True,0
P_hpfp,P_rv,p_hpfp
43551.32942977464,188647.8136817428,1889366.2728249198
Q,Q_phc
256258.9986095452,107258.9986095452
qm_cb,qm_phc/qm_t,qm_r,qm_v,qm,m_z
0.11,0.0009576049761788194,0.44829803122330963,0.012537788883927963,0.11095760497617882,0.09576049761788194
number of iterations,20,Execution time: ,12.304932832717896
