architecture,t_cbt,t_hxt,eta_hpfp,eta_r,p_cbt,qm_cb0,t0,p0,tpr_hx,Q_hx,pcc,v
dual,300,220,0.71,0.71,1330000.0,0.10854212631012997,25.2,345000.0,0.95,159000.0,True,0
P_hpfp,P_rv,p_hpfp
43846.11120824901,75731.36482288217,1889258.8614393123
Q,Q_phc
372085.0850413131,213085.08504131308
qm_cb,qm_phc/qm_t,qm_r,qm_v,qm,qm_pot
0.10854212631012997,0.001773618598609317,0.18007349577826406,0.012622090296056803,0.11031574490873929,0.0013696857137948822
number of iterations,27,Execution time: ,13.640251398086548
