architecture,t_cbt,t_hxt,eta_hpfp,eta_r,p_cbt,qm_cb0,t0,p0,tpr_hx,Q_hx,pcc,v
dual,300,200,0.71,0.71,1330000.0,0.11,25.2,345000.0,0.95,149000.0,True,0
P_hpfp,P_rv,p_hpfp
44000.99997794762,55039.4426569695,1889366.2728249198
Q,Q_phc
394384.3254389894,245384.32543898938
qm_cb,qm_phc/qm_t,qm_r,qm_v,qm,m_z
0.11,0.002085989851786798,0.13081706041027955,0.012666305973636398,0.1120859898517868,0.2085989851786798
number of iterations,20,Execution time: ,12.45367169380188
