architecture,t_cbt,t_hxt,eta_hpfp,eta_r,p_cbt,qm_cb0,t0,p0,tpr_hx,Q_hx,pcc,v
dual,300,210,0.71,0.71,1330000.0,0.10998,25.2,345000.0,0.95,159000.0,True,0
P_hpfp,P_rv,p_hpfp
43928.719514492914,64522.461879414295,1889258.8614393119
Q,Q_phc
384127.8556064947,225127.8556064947
qm_cb,qm_phc/qm_t,qm_r,qm_v,qm,m_z
0.10998,0.0019136161074038427,0.15341671690994965,0.012645762680902438,0.11189361610740384,0.19136161074038438
number of iterations,26,Execution time: ,18.12497329711914
