architecture,t_cbt,t_hxt,eta_hpfp,eta_r,p_cbt,qm_cb0,t0,p0,tpr_hx,Q_hx,pcc,v
dual,300,280,0.71,0.71,1330000.0,0.10854344449863279,25.2,345000.0,0.95,159000.0,True,0
P_hpfp,P_rv,p_hpfp
42750.218917984435,234837.55365943463,1889258.8614393123
Q,Q_phc
201886.9177137791,42886.91771377911
qm_cb,qm_phc/qm_t,qm_r,qm_v,qm
0.10854344449863279,0.00037340518170776715,0.5583427124271466,0.012307743913397113,0.10891684968034056
number of iterations,27,Execution time: ,17.57028079032898
