architecture,t_cbt,t_hxt,eta_hpfp,eta_r,p_cbt,qm_cb0,t0,p0,tpr_hx,Q_hx,pcc,v
dual,300,210,0.71,0.71,1330000.0,0.10854212631012997,25.2,345000.0,0.95,159000.0,True,0
P_hpfp,P_rv,p_hpfp
43826.163379226884,64371.77492789134,1889258.8614393123
Q,Q_phc
383239.6260589051,224239.6260589051
qm_cb,qm_phc/qm_t,qm_r,qm_v,qm,qm_pot
0.10854212631012997,0.0018528198726646143,0.15306628249803117,0.012616328766250054,0.11039494618279458,0.0012393744793015567
number of iterations,27,Execution time: ,13.954589605331421
