architecture,t_cbt,t_hxt,eta_hpfp,eta_r,p_cbt,qm_cb0,t0,p0,tpr_hx,Q_hx,pcc,v
dual,300,270,0.71,0.71,1330000.0,0.10854344449863279,25.2,345000.0,0.95,159000.0,True,0
P_hpfp,P_rv,p_hpfp
42916.87749236731,185872.8950922228,1889258.8614393123
Q,Q_phc
252601.98784608245,93601.98784608245
qm_cb,qm_phc/qm_t,qm_r,qm_v,qm
0.10854344449863279,0.0008088843517990718,0.4419310733160013,0.012356349927470084,0.10935232885043186
number of iterations,27,Execution time: ,17.58942937850952
