architecture,t_cbt,t_hxt,eta_hpfp,eta_r,p_cbt,qm_cb0,t0,p0,tpr_hx,Q_hx,pcc,v
dual,300,280,0.71,0.71,1330000.0,0.10854212631012997,25.2,345000.0,0.95,159000.0,True,0
P_hpfp,P_rv,p_hpfp
44063.0789410912,242123.010098006,1889258.8614393128
Q,Q_phc
208140.3892127386,49140.389212738606
qm_cb,qm_phc/qm_t,qm_r,qm_v,qm,qm_pot
0.10854212631012997,0.0004313305009906983,0.5756580767937381,0.012687478029612117,0.10897345681112067,0.003317105787853078
number of iterations,29,Execution time: ,16.136656522750854
