architecture,t_cbt,t_hxt,eta_hpfp,eta_r,p_cbt,qm_cb0,t0,p0,tpr_hx,Q_hx,pcc,v
dual,310,170,0.71,0.71,1330000.0,0.10840711966136722,25.2,345000.0,0.95,159000.0,True,0
P_hpfp,P_rv,p_hpfp
43243.49842569033,31879.52058806493,1889258.8614393123
Q,Q_phc
428035.8019324151,269035.8019324151
qm_cb,qm_phc/qm_t,qm_r,qm_v,qm
0.10840711966136722,0.0021607856277125886,0.07337459372349121,0.012043023488515377,0.11056790528907981
number of iterations,27,Execution time: ,16.275070190429688
