architecture,t_cbt,t_hxt,eta_hpfp,eta_r,p_cbt,qm_cb0,t0,p0,tpr_hx,Q_hx,pcc,v
dual,310,130,0.71,0.71,1330000.0,0.10840572461983221,25.2,345000.0,0.95,159000.0,True,0
P_hpfp,P_rv,p_hpfp
43460.87620692686,14961.952832388746,1889258.8614393128
Q,Q_phc
448214.0692150456,289214.0692150456
qm_cb,qm_phc/qm_t,qm_r,qm_v,qm,qm_pot
0.10840572461983221,0.00225806602534037,0.03444147218434951,0.012114734101963434,0.11066379064517258,0.0006684135220964022
number of iterations,30,Execution time: ,15.214515924453735
