architecture,t_cbt,t_hxt,eta_hpfp,eta_r,p_cbt,qm_cb0,t0,p0,tpr_hx,Q_hx,pcc,v
dual,310,160,0.71,0.71,1330000.0,0.10840572461983221,25.2,345000.0,0.95,159000.0,True,0
P_hpfp,P_rv,p_hpfp
43655.51025847972,27065.82530188868,1889258.8614393123
Q,Q_phc
437214.9791381138,278214.9791381138
qm_cb,qm_phc/qm_t,qm_r,qm_v,qm,qm_pot
0.10840572461983221,0.002200919386162009,0.0622989111460579,0.012157623637220573,0.11060664400599422,0.001011103708050859
number of iterations,27,Execution time: ,14.112980365753174
