architecture,t_cbt,t_hxt,eta_hpfp,eta_r,p_cbt,qm_cb0,t0,p0,tpr_hx,Q_hx,pcc,v
dual,310,150,0.71,0.71,1330000.0,0.11,25.2,345000.0,0.95,149000.0,True,0
P_hpfp,P_rv,p_hpfp
43928.603559785195,22723.78547269909,1889366.2728249198
Q,Q_phc
444999.93244654435,295999.93244654435
qm_cb,qm_phc/qm_t,qm_r,qm_v,qm,m_z
0.11,0.0024345670225923498,0.05228916725196118,0.012239638089104507,0.11243456702259234,0.24345670225923496
number of iterations,21,Execution time: ,12.699073314666748
