architecture,t_cbt,t_hxt,eta_hpfp,eta_r,p_cbt,qm_cb0,t0,p0,tpr_hx,Q_hx,pcc,v
dual,310,170,0.71,0.71,1330000.0,0.10998,25.2,345000.0,0.95,159000.0,True,0
P_hpfp,P_rv,p_hpfp
43907.92713022657,32367.78229595046,1889258.8614393119
Q,Q_phc
434599.8224190692,275599.8224190692
qm_cb,qm_phc/qm_t,qm_r,qm_v,qm,m_z
0.10998,0.0022836334057563384,0.07449856621378502,0.012227976787968673,0.11226363340575633,0.22836334057563318
number of iterations,26,Execution time: ,17.68371605873108
