architecture,t_cbt,t_hxt,eta_hpfp,eta_r,p_cbt,qm_cb0,t0,p0,tpr_hx,Q_hx,pcc,v
dual,310,160,0.71,0.71,1330000.0,0.10840572461983221,25.2,345000.0,0.95,159000.0,True,0
P_hpfp,P_rv,p_hpfp
43580.46289789916,27019.006430577243,1889258.8614393123
Q,Q_phc
436459.91542255785,277459.91542255785
qm_cb,qm_phc/qm_t,qm_r,qm_v,qm,qm_pot
0.10840572461983221,0.0022115262852206424,0.06219121081243174,0.01213667045711949,0.11061725090505285,0.0008077936239576107
number of iterations,27,Execution time: ,13.847046852111816
