architecture,t_cbt,t_hxt,eta_hpfp,eta_r,p_cbt,qm_cb0,t0,p0,tpr_hx,Q_hx,pcc,v
dual,310,160,0.71,0.71,1330000.0,0.10840711966136722,25.2,345000.0,0.95,159000.0,True,0
P_hpfp,P_rv,p_hpfp
43253.441703663906,26817.18952027773,1889258.8614393123
Q,Q_phc
433204.9771910092,274204.9771910092
qm_cb,qm_phc/qm_t,qm_r,qm_v,qm
0.10840711966136722,0.002186449384859457,0.06172732653259865,0.01204580670377342,0.11059356904622668
number of iterations,27,Execution time: ,16.33163809776306
