architecture,t_cbt,t_hxt,eta_hpfp,eta_r,p_cbt,qm_cb0,t0,p0,tpr_hx,Q_hx,pcc,v
dual,310,150,0.71,0.71,1330000.0,0.10840711966136722,25.2,345000.0,0.95,159000.0,True,0
P_hpfp,P_rv,p_hpfp
43261.46043151641,22332.278879359073,1889258.8614393123
Q,Q_phc
437776.1845450306,278776.1845450306
qm_cb,qm_phc/qm_t,qm_r,qm_v,qm
0.10840711966136722,0.002207174969523218,0.05140872981464508,0.012048052777600095,0.11061429463089044
number of iterations,27,Execution time: ,16.555853843688965
