architecture,t_cbt,t_hxt,eta_hpfp,eta_r,p_cbt,qm_cb0,t0,p0,tpr_hx,Q_hx,pcc,v
dual,310,150,0.71,0.71,1330000.0,0.10998,25.2,345000.0,0.95,159000.0,True,0
P_hpfp,P_rv,p_hpfp
43927.408573218134,22675.126284636546,1889258.8614393119
Q,Q_phc
444505.07623486995,285505.07623486995
qm_cb,qm_phc/qm_t,qm_r,qm_v,qm,m_z
0.10998,0.002334632245857185,0.05219803938155265,0.012233468237739763,0.11231463224585718,0.23346322458571814
number of iterations,26,Execution time: ,17.217719316482544
