architecture,t_cbt,t_hxt,eta_hpfp,eta_r,p_cbt,qm_cb0,t0,p0,tpr_hx,Q_hx,pcc,v
dual,310,140,0.71,0.71,1330000.0,0.10840711966136722,25.2,345000.0,0.95,159000.0,True,0
P_hpfp,P_rv,p_hpfp
43208.20884617977,18380.369976967104,1889258.8614393128
Q,Q_phc
441858.4318175754,282858.4318175754
qm_cb,qm_phc/qm_t,qm_r,qm_v,qm
0.10840711966136722,0.0022241145996514805,0.04230904712765447,0.01204140946021749,0.1106312342610187
number of iterations,29,Execution time: ,17.015702962875366
