architecture,t_cbt,t_hxt,eta_hpfp,eta_r,p_cbt,qm_cb0,t0,p0,tpr_hx,Q_hx,pcc,v
dual,310,110,0.71,0.71,1330000.0,0.10998,25.2,345000.0,0.95,159000.0,True,0
P_hpfp,P_rv,p_hpfp
43810.590319216055,9182.627442971574,1889258.8614393128
Q,Q_phc
458364.0736073356,299364.0736073356
qm_cb,qm_phc/qm_t,qm_r,qm_v,qm,m_z
0.10998,0.002389498868578227,0.021139187723926547,0.012219836772221129,0.11236949886857822,0.238949886857822
number of iterations,32,Execution time: ,22.65952157974243
