architecture,t_cbt,t_hxt,eta_hpfp,eta_r,p_cbt,qm_cb0,t0,p0,tpr_hx,Q_hx,pcc,v
dual,310,140,0.71,0.71,1330000.0,0.10998,25.2,345000.0,0.95,159000.0,True,0
P_hpfp,P_rv,p_hpfp
43873.609085554985,18662.899327702617,1889258.8614393126
Q,Q_phc
448657.21555193467,289657.21555193467
qm_cb,qm_phc/qm_t,qm_r,qm_v,qm,m_z
0.10998,0.0023535553364019413,0.04295943163292577,0.0122268520420381,0.11233355533640194,0.23535553364019407
number of iterations,28,Execution time: ,18.672610759735107
