architecture,t_cbt,t_hxt,eta_hpfp,eta_r,p_cbt,qm_cb0,t0,p0,tpr_hx,Q_hx,pcc,v
dual,310,180,0.71,0.71,1330000.0,0.10840572461983221,25.2,345000.0,0.95,159000.0,True,0
P_hpfp,P_rv,p_hpfp
43608.003517167694,37933.90727605622,1889258.8614393123
Q,Q_phc
425843.50841404445,266843.50841404445
qm_cb,qm_phc/qm_t,qm_r,qm_v,qm,qm_pot
0.10840572461983221,0.002158017136675155,0.08730394926830509,0.012144409370494774,0.11056374175650736,0.0009329480371336327
number of iterations,27,Execution time: ,14.204389095306396
