architecture,t_cbt,t_hxt,eta_hpfp,eta_r,p_cbt,qm_cb0,t0,p0,tpr_hx,Q_hx,pcc,v
dual,310,140,0.71,0.71,1330000.0,0.11,25.2,345000.0,0.95,149000.0,True,0
P_hpfp,P_rv,p_hpfp
43935.28506951962,18681.73482440682,1889366.2728249198
Q,Q_phc
449115.77039375604,300115.77039375604
qm_cb,qm_phc/qm_t,qm_r,qm_v,qm,m_z
0.11,0.0024522523106029186,0.04299359604327762,0.012241533072393371,0.11245225231060292,0.24522523106029187
number of iterations,21,Execution time: ,11.952605962753296
