architecture,t_cbt,t_hxt,eta_hpfp,eta_r,p_cbt,qm_cb0,t0,p0,tpr_hx,Q_hx,pcc,v
dual,310,120,0.71,0.71,1330000.0,0.10840711966136722,25.2,345000.0,0.95,159000.0,True,0
P_hpfp,P_rv,p_hpfp
43173.69980512258,11768.84305486874,1889258.8614393128
Q,Q_phc
448610.8667142759,289610.8667142759
qm_cb,qm_phc/qm_t,qm_r,qm_v,qm
0.10840711966136722,0.002247495501898067,0.02709292382568447,0.012037766980771402,0.11065461516326529
number of iterations,31,Execution time: ,18.567680835723877
