architecture,t_cbt,t_hxt,eta_hpfp,eta_r,p_cbt,qm_cb0,t0,p0,tpr_hx,Q_hx,pcc,v
dual,310,190,0.71,0.71,1330000.0,0.10840572461983221,25.2,345000.0,0.95,159000.0,True,0
P_hpfp,P_rv,p_hpfp
43698.77809185108,44605.84944065609,1889258.8614393123
Q,Q_phc
420144.0865207057,261144.08652070572
qm_cb,qm_phc/qm_t,qm_r,qm_v,qm,qm_pot
0.10840572461983221,0.002119870503557766,0.10265484311105177,0.012169783979254096,0.11052559512338997,0.0012047510803675724
number of iterations,27,Execution time: ,14.241852521896362
