architecture,t_cbt,t_hxt,eta_hpfp,eta_r,p_cbt,qm_cb0,t0,p0,tpr_hx,Q_hx,pcc,v
dual,310,180,0.71,0.71,1330000.0,0.10840572461983221,25.2,345000.0,0.95,159000.0,True,0
P_hpfp,P_rv,p_hpfp
43683.71560983443,38000.179782746076,1889258.8614393123
Q,Q_phc
426586.62718022196,267586.62718022196
qm_cb,qm_phc/qm_t,qm_r,qm_v,qm,qm_pot
0.10840572461983221,0.0021533548301171145,0.08745641060389327,0.012165552885302034,0.11055907944994932,0.0011321096171166788
number of iterations,27,Execution time: ,14.401518821716309
