architecture,t_cbt,t_hxt,eta_hpfp,eta_r,p_cbt,qm_cb0,t0,p0,tpr_hx,Q_hx,pcc,v
dual,310,170,0.71,0.71,1330000.0,0.10840572461983221,25.2,345000.0,0.95,159000.0,True,0
P_hpfp,P_rv,p_hpfp
43593.82362922888,32136.989251469226,1889258.8614393123
Q,Q_phc
431486.8367899285,272486.8367899285
qm_cb,qm_phc/qm_t,qm_r,qm_v,qm,qm_pot
0.10840572461983221,0.0021876143609584836,0.07396645797555708,0.012140425956560959,0.1105933389807907,0.0008664838725014674
number of iterations,27,Execution time: ,13.365615367889404
