architecture,t_cbt,t_hxt,eta_hpfp,eta_r,p_cbt,qm_cb0,t0,p0,tpr_hx,Q_hx,pcc,v
dual,310,120,0.71,0.71,1330000.0,0.10840572461983221,25.2,345000.0,0.95,159000.0,True,0
P_hpfp,P_rv,p_hpfp
43502.3662798476,11857.256239982597,1889258.8614393128
Q,Q_phc
451997.143251826,292997.143251826
qm_cb,qm_phc/qm_t,qm_r,qm_v,qm,qm_pot
0.10840572461983221,0.002245314703642763,0.02729632851682967,0.012129075534101834,0.11065103932347498,0.0008393539486243373
number of iterations,31,Execution time: ,16.1928870677948
