architecture,t_cbt,t_hxt,eta_hpfp,eta_r,p_cbt,qm_cb0,t0,p0,tpr_hx,Q_hx,pcc,v
dual,310,190,0.71,0.71,1330000.0,0.11,25.2,345000.0,0.95,149000.0,True,0
P_hpfp,P_rv,p_hpfp
43923.16606706811,44851.3151737783,1889366.2728249198
Q,Q_phc
422313.6697103967,273313.6697103967
qm_cb,qm_phc/qm_t,qm_r,qm_v,qm,m_z
0.11,0.0023106286006710974,0.1031859251222458,0.01223197196785233,0.11231062860067109,0.23106286006710974
number of iterations,20,Execution time: ,11.581691026687622
