architecture,t_cbt,t_hxt,eta_hpfp,eta_r,p_cbt,qm_cb0,t0,p0,tpr_hx,Q_hx,pcc,v
dual,310,170,0.71,0.71,1330000.0,0.10840572461983221,25.2,345000.0,0.95,159000.0,True,0
P_hpfp,P_rv,p_hpfp
43669.3018973901,32192.9770990326,1889258.8614393123
Q,Q_phc
432237.5416112212,273237.5416112212
qm_cb,qm_phc/qm_t,qm_r,qm_v,qm,qm_pot
0.10840572461983221,0.002179977296151171,0.07409525584702586,0.01216150185005994,0.11058570191598338,0.0010679758168267457
number of iterations,27,Execution time: ,14.292299270629883
