architecture,t_cbt,t_hxt,eta_hpfp,eta_r,p_cbt,qm_cb0,t0,p0,tpr_hx,Q_hx,pcc,v
dual,310,190,0.71,0.71,1330000.0,0.10840572461983221,25.2,345000.0,0.95,159000.0,True,0
P_hpfp,P_rv,p_hpfp
43623.08655725412,44528.09668895689,1889258.8614393123
Q,Q_phc
419412.4585688963,260412.45856889628
qm_cb,qm_phc/qm_t,qm_r,qm_v,qm,qm_pot
0.10840572461983221,0.002121588707572944,0.10247596843578945,0.012148643762154323,0.11052731332740515,0.0010085404431027316
number of iterations,27,Execution time: ,14.503178119659424
