architecture,t_cbt,t_hxt,eta_hpfp,eta_r,p_cbt,qm_cb0,t0,p0,tpr_hx,Q_hx,pcc,v
dual,310,100,0.71,0.71,1330000.0,0.10998,25.2,345000.0,0.95,159000.0,True,0
P_hpfp,P_rv,p_hpfp
43789.68087528032,6746.658859691365,1889258.8614393128
Q,Q_phc
460852.7283054462,301852.7283054462
qm_cb,qm_phc/qm_t,qm_r,qm_v,qm,m_z
0.10998,0.002396481713341364,0.015532004942555437,0.012217244250159775,0.11237648171334136,0.23964817133413643
number of iterations,34,Execution time: ,23.29894185066223
