architecture,t_cbt,t_hxt,eta_hpfp,eta_r,p_cbt,qm_cb0,t0,p0,tpr_hx,Q_hx,pcc,v
dual,310,150,0.71,0.71,1330000.0,0.10840572461983221,25.2,345000.0,0.95,159000.0,True,0
P_hpfp,P_rv,p_hpfp
43642.34042271868,22528.133246679296,1889258.8614393123
Q,Q_phc
441609.5319268155,282609.5319268155
qm_cb,qm_phc/qm_t,qm_r,qm_v,qm,qm_pot
0.10840572461983221,0.00221712999122435,0.051858922365924945,0.012153918217392205,0.11062285461105656,0.0009605445647218749
number of iterations,27,Execution time: ,14.03125262260437
