architecture,t_cbt,t_hxt,eta_hpfp,eta_r,p_cbt,qm_cb0,t0,p0,tpr_hx,Q_hx,pcc,v
dual,310,180,0.71,0.71,1330000.0,0.10840711966136722,25.2,345000.0,0.95,159000.0,True,0
P_hpfp,P_rv,p_hpfp
43231.26227511056,37606.75498563225,1889258.8614393123
Q,Q_phc
422177.3091248993,263177.3091248993
qm_cb,qm_phc/qm_t,qm_r,qm_v,qm
0.10840711966136722,0.002129253053269886,0.08655183293240384,0.012039601105141944,0.11053637271463711
number of iterations,27,Execution time: ,16.34370255470276
