architecture,t_cbt,t_hxt,eta_hpfp,eta_r,p_cbt,qm_cb0,t0,p0,tpr_hx,Q_hx,pcc,v
dual,310,230,0.71,0.71,1330000.0,0.10840572461983221,25.2,345000.0,0.95,159000.0,True,0
P_hpfp,P_rv,p_hpfp
43696.10070695051,82932.59755908904,1889258.8614393123
Q,Q_phc
381793.0497351072,222793.04973510723
qm_cb,qm_phc/qm_t,qm_r,qm_v,qm,qm_pot
0.10840572461983221,0.001870084315683116,0.19083953235239617,0.012169087168508586,0.11027580893551532,0.0014486115450575258
number of iterations,27,Execution time: ,13.631748914718628
