architecture,t_cbt,t_hxt,eta_hpfp,eta_r,p_cbt,qm_cb0,t0,p0,tpr_hx,Q_hx,pcc,v
dual,310,260,0.71,0.71,1330000.0,0.10840572461983221,25.2,345000.0,0.95,159000.0,True,0
P_hpfp,P_rv,p_hpfp
43834.68897581926,137030.95822893406,1889258.8614393123
Q,Q_phc
329172.1197505945,170172.1197505945
qm_cb,qm_phc/qm_t,qm_r,qm_v,qm,qm_pot
0.10840572461983221,0.0014701702699868933,0.3153137077152603,0.012207741010458932,0.1098758948898191,0.0022036417553426076
number of iterations,27,Execution time: ,14.864789962768555
