architecture,t_cbt,t_hxt,eta_hpfp,eta_r,p_cbt,qm_cb0,t0,p0,tpr_hx,Q_hx,pcc,v
dual,310,250,0.71,0.71,1330000.0,0.10840572461983221,25.2,345000.0,0.95,159000.0,True,0
P_hpfp,P_rv,p_hpfp
43745.75338830266,114878.31572135586,1889258.8614393123
Q,Q_phc
350373.72348520823,191373.72348520823
qm_cb,qm_phc/qm_t,qm_r,qm_v,qm,qm_pot
0.10840572461983221,0.0016307370835888374,0.2643431270667532,0.012182901426795905,0.11003646170342105,0.0018145431505727783
number of iterations,27,Execution time: ,13.670945644378662
