architecture,t_cbt,t_hxt,eta_hpfp,eta_r,p_cbt,qm_cb0,t0,p0,tpr_hx,Q_hx,pcc,v
dual,310,210,0.71,0.71,1330000.0,0.10840711966136722,25.2,345000.0,0.95,159000.0,True,0
P_hpfp,P_rv,p_hpfp
43175.43958160008,60115.706541170846,1889258.8614393123
Q,Q_phc
399072.5529642544,240072.5529642544
qm_cb,qm_phc/qm_t,qm_r,qm_v,qm
0.10840711966136722,0.0019860595675594422,0.13834160986409685,0.01202402321746641,0.11039317922892666
number of iterations,27,Execution time: ,16.57156753540039
