architecture,t_cbt,t_hxt,eta_hpfp,eta_r,p_cbt,qm_cb0,t0,p0,tpr_hx,Q_hx,pcc,v
dual,310,210,0.71,0.71,1330000.0,0.11,25.2,345000.0,0.95,149000.0,True,0
P_hpfp,P_rv,p_hpfp
43881.10879834869,61118.3291774174,1889366.2728249198
Q,Q_phc
405585.4155857889,256585.4155857889
qm_cb,qm_phc/qm_t,qm_r,qm_v,qm,m_z
0.11,0.002200014718645649,0.14059926804499773,0.012220082000146975,0.11220001471864564,0.22000147186456492
number of iterations,20,Execution time: ,12.195531129837036
