architecture,t_cbt,t_hxt,eta_hpfp,eta_r,p_cbt,qm_cb0,t0,p0,tpr_hx,Q_hx,pcc,v
dual,310,280,0.71,0.71,1330000.0,0.11,25.2,345000.0,0.95,149000.0,True,0
P_hpfp,P_rv,p_hpfp
43408.316531381526,200949.2616198638,1889366.2728249198
Q,Q_phc
260803.0251315002,111803.02513150021
qm_cb,qm_phc/qm_t,qm_r,qm_v,qm,m_z
0.11,0.001007873254079306,0.46220512359435756,0.012089291546812516,0.1110078732540793,0.1007873254079306
number of iterations,20,Execution time: ,12.444377899169922
