architecture,t_cbt,t_hxt,eta_hpfp,eta_r,p_cbt,qm_cb0,t0,p0,tpr_hx,Q_hx,pcc,v
dual,310,280,0.71,0.71,1330000.0,0.10998,25.2,345000.0,0.95,159000.0,True,0
P_hpfp,P_rv,p_hpfp
43363.40110259247,200689.80310638808,1889258.8614393119
Q,Q_phc
260561.8810224589,101561.8810224589
qm_cb,qm_phc/qm_t,qm_r,qm_v,qm,m_z
0.10998,0.0009079157606575877,0.4617859815150569,0.012077149690741237,0.11088791576065758,0.0907915760657583
number of iterations,26,Execution time: ,18.651729822158813
