architecture,t_cbt,t_hxt,eta_hpfp,eta_r,p_cbt,qm_cb0,t0,p0,tpr_hx,Q_hx,pcc,v
dual,310,250,0.71,0.71,1330000.0,0.11,25.2,345000.0,0.95,149000.0,True,0
P_hpfp,P_rv,p_hpfp
43716.51346433924,114827.52559612025,1889366.2728249198
Q,Q_phc
350103.0258920841,201103.02589208412
qm_cb,qm_phc/qm_t,qm_r,qm_v,qm,m_z
0.11,0.0017741246515909385,0.2641302408244809,0.012173941178956616,0.11177412465159094,0.17741246515909384
number of iterations,20,Execution time: ,12.148430347442627
