architecture,t_cbt,t_hxt,eta_hpfp,eta_r,p_cbt,qm_cb0,t0,p0,tpr_hx,Q_hx,pcc,v
dual,310,240,0.71,0.71,1330000.0,0.10998,25.2,345000.0,0.95,159000.0,True,0
P_hpfp,P_rv,p_hpfp
43726.37690396021,97316.4529895368,1889258.8614393119
Q,Q_phc
367696.88756689406,208696.88756689406
qm_cb,qm_phc/qm_t,qm_r,qm_v,qm,m_z
0.10998,0.0018142934820804674,0.22393756039953547,0.012177118081306186,0.11179429348208046,0.18142934820804688
number of iterations,26,Execution time: ,17.51621723175049
