architecture,t_cbt,t_hxt,eta_hpfp,eta_r,p_cbt,qm_cb0,t0,p0,tpr_hx,Q_hx,pcc,v
dual,310,200,0.71,0.71,1330000.0,0.10840572461983221,25.2,345000.0,0.95,159000.0,True,0
P_hpfp,P_rv,p_hpfp
43714.54849353937,52166.381856656444,1889258.8614393123
Q,Q_phc
412754.1167728324,253754.1167728324
qm_cb,qm_phc/qm_t,qm_r,qm_v,qm,qm_pot
0.10840572461983221,0.002078016790660756,0.12005040573555585,0.012174211187417744,0.11048374141049297,0.001287551024072636
number of iterations,27,Execution time: ,14.670980453491211
