architecture,t_cbt,t_hxt,eta_hpfp,eta_r,p_cbt,qm_cb0,t0,p0,tpr_hx,Q_hx,pcc,v
dual,310,240,0.71,0.71,1330000.0,0.10840572461983221,25.2,345000.0,0.95,159000.0,True,0
P_hpfp,P_rv,p_hpfp
43787.56912918223,97464.3695655098,1889258.8614393123
Q,Q_phc
368240.9368566793,209240.93685667933
qm_cb,qm_phc/qm_t,qm_r,qm_v,qm,qm_pot
0.10840572461983221,0.001775443320018029,0.2242754582829882,0.01219465219294448,0.11018116793985024,0.0017786301682141527
number of iterations,27,Execution time: ,14.680140018463135
