architecture,t_cbt,t_hxt,eta_hpfp,eta_r,p_cbt,qm_cb0,t0,p0,tpr_hx,Q_hx,pcc,v
dual,310,220,0.71,0.71,1330000.0,0.10840711966136722,25.2,345000.0,0.95,159000.0,True,0
P_hpfp,P_rv,p_hpfp
43147.75270128961,70083.86209588309,1889258.8614393123
Q,Q_phc
388810.77396562335,229810.77396562335
qm_cb,qm_phc/qm_t,qm_r,qm_v,qm
0.10840711966136722,0.0019154524192419725,0.1612771663386066,0.012016319067474544,0.1103225720806092
number of iterations,27,Execution time: ,16.816401958465576
