architecture,t_cbt,t_hxt,eta_hpfp,eta_r,p_cbt,qm_cb0,t0,p0,tpr_hx,Q_hx,pcc,v
dual,310,210,0.71,0.71,1330000.0,0.10840572461983221,25.2,345000.0,0.95,159000.0,True,0
P_hpfp,P_rv,p_hpfp
43731.12508608435,60890.56597802372,1889258.8614393123
Q,Q_phc
404208.9087613085,245208.90876130853
qm_cb,qm_phc/qm_t,qm_r,qm_v,qm,qm_pot
0.10840572461983221,0.002025822601256974,0.14012349939334606,0.012178861122122178,0.11043154722108918,0.0013827174357183669
number of iterations,27,Execution time: ,14.355562448501587
