architecture,t_cbt,t_hxt,eta_hpfp,eta_r,p_cbt,qm_cb0,t0,p0,tpr_hx,Q_hx,pcc,v
dual,310,260,0.71,0.71,1330000.0,0.10998,25.2,345000.0,0.95,159000.0,True,0
P_hpfp,P_rv,p_hpfp
43595.723311899725,136274.75204969512,1889258.8614393119
Q,Q_phc
327367.0345381963,168367.03453819628
qm_cb,qm_phc/qm_t,qm_r,qm_v,qm,m_z
0.10998,0.0014841870894853476,0.3135765863485751,0.012140927390771173,0.11146418708948534,0.14841870894853432
number of iterations,26,Execution time: ,18.06407332420349
