architecture,t_cbt,t_hxt,eta_hpfp,eta_r,p_cbt,qm_cb0,t0,p0,tpr_hx,Q_hx,pcc,v
dual,310,230,0.71,0.71,1330000.0,0.10998,25.2,345000.0,0.95,159000.0,True,0
P_hpfp,P_rv,p_hpfp
43771.106546851704,83066.42988181546,1889258.8614393119
Q,Q_phc
382423.7936448727,223423.79364487273
qm_cb,qm_phc/qm_t,qm_r,qm_v,qm,m_z
0.10998,0.0019289165625220872,0.19114959194002262,0.012189594347765799,0.11190891656252208,0.19289165625220886
number of iterations,26,Execution time: ,18.23766851425171
