architecture,t_cbt,t_hxt,eta_hpfp,eta_r,p_cbt,qm_cb0,t0,p0,tpr_hx,Q_hx,pcc,v
dual,310,230,0.71,0.71,1330000.0,0.10840572461983221,25.2,345000.0,0.95,159000.0,True,0
P_hpfp,P_rv,p_hpfp
43767.364354299985,83068.96155602351,1889258.8614393123
Q,Q_phc
382420.30112701206,223420.30112701206
qm_cb,qm_phc/qm_t,qm_r,qm_v,qm,qm_pot
0.10840572461983221,0.0018788877267637374,0.19115324160115882,0.012189009236609134,0.11028461234659595,0.0016232707353630214
number of iterations,27,Execution time: ,14.238347291946411
