architecture,t_cbt,t_hxt,eta_hpfp,eta_r,p_cbt,qm_cb0,t0,p0,tpr_hx,Q_hx,pcc,v
dual,310,260,0.71,0.71,1330000.0,0.10840572461983221,25.2,345000.0,0.95,159000.0,True,0
P_hpfp,P_rv,p_hpfp
43776.87288268195,136846.55367016673,1889258.8614393123
Q,Q_phc
328730.08481591614,169730.08481591614
qm_cb,qm_phc/qm_t,qm_r,qm_v,qm,qm_pot
0.10840572461983221,0.0014572967637786895,0.31488958685793833,0.012191497062952968,0.1098630213836109,0.0020661517903339814
number of iterations,27,Execution time: ,14.397936344146729
