architecture,t_cbt,t_hxt,eta_hpfp,eta_r,p_cbt,qm_cb0,t0,p0,tpr_hx,Q_hx,pcc,v
dual,310,260,0.71,0.71,1330000.0,0.10840711966136722,25.2,345000.0,0.95,159000.0,True,0
P_hpfp,P_rv,p_hpfp
42943.35678406382,134259.6469565777,1889258.8614393123
Q,Q_phc
322514.8140125285,163514.8140125285
qm_cb,qm_phc/qm_t,qm_r,qm_v,qm
0.10840711966136722,0.0014046336945563037,0.3089382095287751,0.011960003020406056,0.10981175335592352
number of iterations,27,Execution time: ,15.247944116592407
