architecture,t_cbt,t_hxt,eta_hpfp,eta_r,p_cbt,qm_cb0,t0,p0,tpr_hx,Q_hx,pcc,v
dual,310,270,0.71,0.71,1330000.0,0.10998,25.2,345000.0,0.95,159000.0,True,0
P_hpfp,P_rv,p_hpfp
43496.817835330694,163947.2740891417,1889258.8614393119
Q,Q_phc
298682.01801075623,139682.01801075623
qm_cb,qm_phc/qm_t,qm_r,qm_v,qm,m_z
0.10998,0.0012399596986409356,0.3772472125669453,0.012113834676369614,0.11121995969864093,0.12399596986409411
number of iterations,26,Execution time: ,18.169119834899902
