architecture,t_cbt,t_hxt,eta_hpfp,eta_r,p_cbt,qm_cb0,t0,p0,tpr_hx,Q_hx,pcc,v
dual,310,270,0.71,0.71,1330000.0,0.11,25.2,345000.0,0.95,149000.0,True,0
P_hpfp,P_rv,p_hpfp
43543.66820762767,164166.13328054725,1889366.2728249198
Q,Q_phc
298972.0672910366,149972.0672910366
qm_cb,qm_phc/qm_t,qm_r,qm_v,qm,m_z
0.11,0.001342211591461245,0.37760723259612017,0.012126345168590395,0.11134221159146125,0.1342211591461245
number of iterations,20,Execution time: ,12.933903932571411
