architecture,t_cbt,t_hxt,eta_hpfp,eta_r,p_cbt,qm_cb0,t0,p0,tpr_hx,Q_hx,pcc,v
dual,310,280,0.71,0.71,1330000.0,0.10840572461983221,25.2,345000.0,0.95,159000.0,True,0
P_hpfp,P_rv,p_hpfp
43907.89163502659,203122.39436757923,1889258.8614393123
Q,Q_phc
263724.545615033,104724.54561503301
qm_cb,qm_phc/qm_t,qm_r,qm_v,qm,qm_pot
0.10840572461983221,0.0009213599526734424,0.46738352449226866,0.012226556448926994,0.10932708457250565,0.002910025257037979
number of iterations,27,Execution time: ,14.437511444091797
