architecture,t_cbt,t_hxt,eta_hpfp,eta_r,p_cbt,qm_cb0,t0,p0,tpr_hx,Q_hx,pcc,v
dual,310,270,0.71,0.71,1330000.0,0.10840572461983221,25.2,345000.0,0.95,159000.0,True,0
P_hpfp,P_rv,p_hpfp
43815.744505567985,165130.73566455688,1889258.8614393123
Q,Q_phc
300833.4571644509,141833.4571644509
qm_cb,qm_phc/qm_t,qm_r,qm_v,qm,qm_pot
0.10840572461983221,0.0012270654723326594,0.3799682542890141,0.01220202384223083,0.10963279009216487,0.0023900891321120546
number of iterations,27,Execution time: ,13.633711576461792
