architecture,t_cbt,t_hxt,eta_hpfp,eta_r,p_cbt,qm_cb0,t0,p0,tpr_hx,Q_hx,pcc,v
dual,320,140,0.71,0.71,1330000.0,0.11,25.2,345000.0,0.95,149000.0,True,0
P_hpfp,P_rv,p_hpfp
43840.02288174958,18290.224771521498,1889366.2728249198
Q,Q_phc
466926.8773934939,317926.8773934939
qm_cb,qm_phc/qm_t,qm_r,qm_v,qm,m_z
0.11,0.0025997155903254676,0.040784269616257605,0.011830863665432572,0.11259971559032547,0.25997155903254676
number of iterations,21,Execution time: ,12.64539647102356
