architecture,t_cbt,t_hxt,eta_hpfp,eta_r,p_cbt,qm_cb0,t0,p0,tpr_hx,Q_hx,pcc,v
dual,320,180,0.71,0.71,1330000.0,0.10827018701439552,25.2,345000.0,0.95,159000.0,True,0
P_hpfp,P_rv,p_hpfp
43452.26587557679,36602.72300641315,1889258.8614393123
Q,Q_phc
443782.9194789511,284782.9194789511
qm_cb,qm_phc/qm_t,qm_r,qm_v,qm,qm_pot
0.10827018701439552,0.002303685151410558,0.08161701061647339,0.01172060930233098,0.11057387216580608,0.0009147951628650018
number of iterations,27,Execution time: ,13.9109046459198
