architecture,t_cbt,t_hxt,eta_hpfp,eta_r,p_cbt,qm_cb0,t0,p0,tpr_hx,Q_hx,pcc,v
dual,320,120,0.71,0.71,1330000.0,0.10827018701439552,25.2,345000.0,0.95,159000.0,True,0
P_hpfp,P_rv,p_hpfp
43275.445209272264,11626.944838822477,1889258.8614393128
Q,Q_phc
468019.77352167486,309019.77352167486
qm_cb,qm_phc/qm_t,qm_r,qm_v,qm,qm_pot
0.10827018701439552,0.0023962491364590195,0.025932597746036037,0.011686269369172855,0.11066643615085453,0.0006273327851050808
number of iterations,31,Execution time: ,15.889377355575562
