architecture,t_cbt,t_hxt,eta_hpfp,eta_r,p_cbt,qm_cb0,t0,p0,tpr_hx,Q_hx,pcc,v
dual,320,160,0.71,0.71,1330000.0,0.10998,25.2,345000.0,0.95,159000.0,True,0
P_hpfp,P_rv,p_hpfp
43825.116158776014,26505.234158097697,1889258.8614393119
Q,Q_phc
457994.0585489398,298994.0585489398
qm_cb,qm_phc/qm_t,qm_r,qm_v,qm,m_z
0.10998,0.0024635313319707197,0.059109594848364116,0.0118211256432096,0.11244353133197071,0.24635313319707258
number of iterations,26,Execution time: ,17.783084392547607
