architecture,t_cbt,t_hxt,eta_hpfp,eta_r,p_cbt,qm_cb0,t0,p0,tpr_hx,Q_hx,pcc,v
dual,320,100,0.71,0.71,1330000.0,0.10998,25.2,345000.0,0.95,159000.0,True,0
P_hpfp,P_rv,p_hpfp
43693.724927405165,6659.12804205729,1889258.8614393128
Q,Q_phc
478312.7905385546,319312.7905385546
qm_cb,qm_phc/qm_t,qm_r,qm_v,qm,m_z
0.10998,0.0025361564606573433,0.014853098914551898,0.011806863877082876,0.11251615646065734,0.25361564606573384
number of iterations,34,Execution time: ,24.0689537525177
