architecture,t_cbt,t_hxt,eta_hpfp,eta_r,p_cbt,qm_cb0,t0,p0,tpr_hx,Q_hx,pcc,v
dual,320,150,0.71,0.71,1330000.0,0.11,25.2,345000.0,0.95,149000.0,True,0
P_hpfp,P_rv,p_hpfp
43874.88192995262,22171.381470374152,1889366.2728249198
Q,Q_phc
462938.02273398836,313938.02273398836
qm_cb,qm_phc/qm_t,qm_r,qm_v,qm,m_z
0.11,0.0025842650238730876,0.04943857203648418,0.011834601954523195,0.11258426502387309,0.25842650238730874
number of iterations,20,Execution time: ,11.758226871490479
