architecture,t_cbt,t_hxt,eta_hpfp,eta_r,p_cbt,qm_cb0,t0,p0,tpr_hx,Q_hx,pcc,v
dual,320,120,0.71,0.71,1330000.0,0.10827018701439552,25.2,345000.0,0.95,159000.0,True,0
P_hpfp,P_rv,p_hpfp
43351.69661459646,11647.443927409475,1889258.8614393128
Q,Q_phc
468844.7297534248,309844.7297534248
qm_cb,qm_phc/qm_t,qm_r,qm_v,qm,qm_pot
0.10827018701439552,0.0023737514147371738,0.025978291157845,0.011706868907077247,0.11064393842913268,0.0008459977808475628
number of iterations,31,Execution time: ,16.50615668296814
