architecture,t_cbt,t_hxt,eta_hpfp,eta_r,p_cbt,qm_cb0,t0,p0,tpr_hx,Q_hx,pcc,v
dual,320,180,0.71,0.71,1330000.0,0.10827018701439552,25.2,345000.0,0.95,159000.0,True,0
P_hpfp,P_rv,p_hpfp
43533.08037389813,36671.230944540745,1889258.8614393123
Q,Q_phc
444612.52597928717,285612.52597928717
qm_cb,qm_phc/qm_t,qm_r,qm_v,qm,qm_pot
0.10827018701439552,0.002299588060496507,0.08176970585931916,0.011742468647797284,0.11056977507489202,0.001127238157788044
number of iterations,27,Execution time: ,14.316282510757446
