architecture,t_cbt,t_hxt,eta_hpfp,eta_r,p_cbt,qm_cb0,t0,p0,tpr_hx,Q_hx,pcc,v
dual,320,160,0.71,0.71,1330000.0,0.10827165283985414,25.2,345000.0,0.95,159000.0,True,0
P_hpfp,P_rv,p_hpfp
43103.11514413933,26070.526891851194,1889258.8614393123
Q,Q_phc
450469.10233963217,291469.10233963217
qm_cb,qm_phc/qm_t,qm_r,qm_v,qm
0.10827165283985414,0.0023241557733951618,0.05813992451591178,0.011626544438193581,0.1105958086132493
number of iterations,27,Execution time: ,14.50854229927063
