architecture,t_cbt,t_hxt,eta_hpfp,eta_r,p_cbt,qm_cb0,t0,p0,tpr_hx,Q_hx,pcc,v
dual,320,120,0.71,0.71,1330000.0,0.11,25.2,345000.0,0.95,149000.0,True,0
P_hpfp,P_rv,p_hpfp
43787.741611158,11768.546413907872,1889366.2728249198
Q,Q_phc
473600.61865721457,324600.61865721457
qm_cb,qm_phc/qm_t,qm_r,qm_v,qm,m_z
0.11,0.002620874616405423,0.026243723978635794,0.011825146642696995,0.11262087461640542,0.26208746164054225
number of iterations,23,Execution time: ,13.975017547607422
