architecture,t_cbt,t_hxt,eta_hpfp,eta_r,p_cbt,qm_cb0,t0,p0,tpr_hx,Q_hx,pcc,v
dual,320,170,0.71,0.71,1330000.0,0.10827165283985414,25.2,345000.0,0.95,159000.0,True,0
P_hpfp,P_rv,p_hpfp
43094.50938181228,30885.32207748465,1889258.8614393123
Q,Q_phc
445558.04412872245,286558.04412872245
qm_cb,qm_phc/qm_t,qm_r,qm_v,qm
0.10827165283985414,0.0023018365002237112,0.0688726476807935,0.011624209798155644,0.11057348934007785
number of iterations,27,Execution time: ,14.362914085388184
