architecture,t_cbt,t_hxt,eta_hpfp,eta_r,p_cbt,qm_cb0,t0,p0,tpr_hx,Q_hx,pcc,v
dual,320,140,0.71,0.71,1330000.0,0.10998,25.2,345000.0,0.95,159000.0,True,0
P_hpfp,P_rv,p_hpfp
43778.84376347826,18272.385141720075,1889258.8614393126
Q,Q_phc
466444.9072978169,307444.9072978169
qm_cb,qm_phc/qm_t,qm_r,qm_v,qm,m_z
0.10998,0.0025000801415603624,0.040750770335063476,0.011816671869523948,0.11248008014156036,0.2500080141560355
number of iterations,28,Execution time: ,18.86341166496277
