architecture,t_cbt,t_hxt,eta_hpfp,eta_r,p_cbt,qm_cb0,t0,p0,tpr_hx,Q_hx,pcc,v
dual,320,190,0.71,0.71,1330000.0,0.10998,25.2,345000.0,0.95,159000.0,True,0
P_hpfp,P_rv,p_hpfp
43790.215746106456,43089.662767404036,1889258.8614393119
Q,Q_phc
441014.2304257984,282014.2304257984
qm_cb,qm_phc/qm_t,qm_r,qm_v,qm,m_z
0.10998,0.002371950397120598,0.09607882259616611,0.011811602327055236,0.11235195039712059,0.2371950397120594
number of iterations,26,Execution time: ,18.29770565032959
