architecture,t_cbt,t_hxt,eta_hpfp,eta_r,p_cbt,qm_cb0,t0,p0,tpr_hx,Q_hx,pcc,v
dual,320,190,0.71,0.71,1330000.0,0.10827018701439552,25.2,345000.0,0.95,159000.0,True,0
P_hpfp,P_rv,p_hpfp
43548.326695101554,42855.64693805778,1889258.8614393123
Q,Q_phc
438599.879651669,279599.879651669
qm_cb,qm_phc/qm_t,qm_r,qm_v,qm,qm_pot
0.10827018701439552,0.0022711835337478068,0.09555575046066983,0.01174661823810456,0.11054137054814332,0.0011954453846437635
number of iterations,27,Execution time: ,14.64268708229065
