architecture,t_cbt,t_hxt,eta_hpfp,eta_r,p_cbt,qm_cb0,t0,p0,tpr_hx,Q_hx,pcc,v
dual,320,160,0.71,0.71,1330000.0,0.11,25.2,345000.0,0.95,149000.0,True,0
P_hpfp,P_rv,p_hpfp
43867.70905473918,26542.278546433514,1889366.2728249198
Q,Q_phc
458484.14173740987,309484.14173740987
qm_cb,qm_phc/qm_t,qm_r,qm_v,qm,m_z
0.11,0.0025650739039647158,0.05917821068344336,0.011832623846578802,0.11256507390396471,0.2565073903964716
number of iterations,20,Execution time: ,11.882886409759521
