architecture,t_cbt,t_hxt,eta_hpfp,eta_r,p_cbt,qm_cb0,t0,p0,tpr_hx,Q_hx,pcc,v
dual,320,130,0.71,0.71,1330000.0,0.10998,25.2,345000.0,0.95,159000.0,True,0
P_hpfp,P_rv,p_hpfp
43760.12189228527,14818.519181575257,1889258.8614393128
Q,Q_phc
469977.91002530686,310977.91002530686
qm_cb,qm_phc/qm_t,qm_r,qm_v,qm,m_z
0.10998,0.002512938272198284,0.03304924695420835,0.011814769544193785,0.11249293827219828,0.2512938272198284
number of iterations,29,Execution time: ,19.461109161376953
