architecture,t_cbt,t_hxt,eta_hpfp,eta_r,p_cbt,qm_cb0,t0,p0,tpr_hx,Q_hx,pcc,v
dual,320,180,0.71,0.71,1330000.0,0.10998,25.2,345000.0,0.95,159000.0,True,0
P_hpfp,P_rv,p_hpfp
43804.211011213454,36896.67351228037,1889258.8614393119
Q,Q_phc
447365.53885768,288365.53885768
qm_cb,qm_phc/qm_t,qm_r,qm_v,qm,m_z
0.10998,0.002408624160470635,0.08227354213277653,0.01181541861066697,0.11238862416047063,0.24086241604706413
number of iterations,26,Execution time: ,16.98391604423523
