architecture,t_cbt,t_hxt,eta_hpfp,eta_r,p_cbt,qm_cb0,t0,p0,tpr_hx,Q_hx,pcc,v
dual,320,180,0.71,0.71,1330000.0,0.11,25.2,345000.0,0.95,149000.0,True,0
P_hpfp,P_rv,p_hpfp
43847.7384687455,36948.47494030787,1889366.2728249198
Q,Q_phc
447847.82156069024,298847.82156069024
qm_cb,qm_phc/qm_t,qm_r,qm_v,qm,m_z
0.11,0.0025118392187622484,0.08236693663205065,0.011827126981711282,0.11251183921876225,0.25118392187622485
number of iterations,20,Execution time: ,12.162215948104858
