architecture,t_cbt,t_hxt,eta_hpfp,eta_r,p_cbt,qm_cb0,t0,p0,tpr_hx,Q_hx,pcc,v
dual,320,120,0.71,0.71,1330000.0,0.10998,25.2,345000.0,0.95,159000.0,True,0
P_hpfp,P_rv,p_hpfp
43743.770035212576,11753.464496065195,1889258.8614393128
Q,Q_phc
473106.1393479414,314106.1393479414
qm_cb,qm_phc/qm_t,qm_r,qm_v,qm,m_z
0.10998,0.00252290358640192,0.02621490472685723,0.011813042396051241,0.11250290358640191,0.2522903586401926
number of iterations,30,Execution time: ,20.833069562911987
