architecture,t_cbt,t_hxt,eta_hpfp,eta_r,p_cbt,qm_cb0,t0,p0,tpr_hx,Q_hx,pcc,v
dual,320,190,0.71,0.71,1330000.0,0.10827165283985414,25.2,345000.0,0.95,159000.0,True,0
P_hpfp,P_rv,p_hpfp
43070.83384176019,42385.26923819663,1889258.8614393123
Q,Q_phc
433793.91581989604,274793.91581989604
qm_cb,qm_phc/qm_t,qm_r,qm_v,qm
0.10827165283985414,0.0022405718264895402,0.09450786339836124,0.011617794070248336,0.11051222466634368
number of iterations,27,Execution time: ,14.51783800125122
