architecture,t_cbt,t_hxt,eta_hpfp,eta_r,p_cbt,qm_cb0,t0,p0,tpr_hx,Q_hx,pcc,v
dual,320,150,0.71,0.71,1330000.0,0.10827018701439552,25.2,345000.0,0.95,159000.0,True,0
P_hpfp,P_rv,p_hpfp
43490.76707410011,21968.81381856614,1889258.8614393123
Q,Q_phc
458837.2961168799,299837.2961168799
qm_cb,qm_phc/qm_t,qm_r,qm_v,qm,qm_pot
0.10827018701439552,0.0023524933855495916,0.04899649784510357,0.011730941961522409,0.1106226803999451,0.0009636694411251485
number of iterations,27,Execution time: ,14.06416630744934
