architecture,t_cbt,t_hxt,eta_hpfp,eta_r,p_cbt,qm_cb0,t0,p0,tpr_hx,Q_hx,pcc,v
dual,320,130,0.71,0.71,1330000.0,0.11,25.2,345000.0,0.95,149000.0,True,0
P_hpfp,P_rv,p_hpfp
43811.374933298044,14835.159876419024,1889366.2728249198
Q,Q_phc
470467.2922303243,321467.2922303243
qm_cb,qm_phc/qm_t,qm_r,qm_v,qm,m_z
0.11,0.0026117409102938485,0.033080707650941905,0.011827754491762186,0.11261174091029386,0.2611740910293848
number of iterations,22,Execution time: ,13.174031019210815
