architecture,t_cbt,t_hxt,eta_hpfp,eta_r,p_cbt,qm_cb0,t0,p0,tpr_hx,Q_hx,pcc,v
dual,320,200,0.71,0.71,1330000.0,0.10827018701439552,25.2,345000.0,0.95,159000.0,True,0
P_hpfp,P_rv,p_hpfp
43483.112312127894,49773.90894205966,1889258.8614393123
Q,Q_phc
430958.6633136801,271958.6633136801
qm_cb,qm_phc/qm_t,qm_r,qm_v,qm,qm_pot
0.10827018701439552,0.002233279512733605,0.11097783101002659,0.011728998251696031,0.11050346652712913,0.0010656030885595384
number of iterations,27,Execution time: ,13.91094422340393
