architecture,t_cbt,t_hxt,eta_hpfp,eta_r,p_cbt,qm_cb0,t0,p0,tpr_hx,Q_hx,pcc,v
dual,320,250,0.71,0.71,1330000.0,0.10998,25.2,345000.0,0.95,159000.0,True,0
P_hpfp,P_rv,p_hpfp
43611.80975893096,105435.2643351097,1889258.8614393119
Q,Q_phc
376674.76658107503,217674.76658107503
qm_cb,qm_phc/qm_t,qm_r,qm_v,qm,m_z
0.10998,0.0019096255252665506,0.23506217506794752,0.011763221608457169,0.11188962552526655,0.19096255252665545
number of iterations,26,Execution time: ,17.789829969406128
