architecture,t_cbt,t_hxt,eta_hpfp,eta_r,p_cbt,qm_cb0,t0,p0,tpr_hx,Q_hx,pcc,v
dual,320,270,0.71,0.71,1330000.0,0.11,25.2,345000.0,0.95,149000.0,True,0
P_hpfp,P_rv,p_hpfp
43521.66760570943,146373.12583516497,1889366.2728249198
Q,Q_phc
334777.585926535,185777.58592653502
qm_cb,qm_phc/qm_t,qm_r,qm_v,qm,m_z
0.11,0.0016664283104411686,0.32621925123378587,0.01173866108102671,0.11166642831044117,0.16664283104411687
number of iterations,20,Execution time: ,12.896472454071045
