architecture,t_cbt,t_hxt,eta_hpfp,eta_r,p_cbt,qm_cb0,t0,p0,tpr_hx,Q_hx,pcc,v
dual,320,280,0.71,0.71,1330000.0,0.10827018701439552,25.2,345000.0,0.95,159000.0,True,0
P_hpfp,P_rv,p_hpfp
43733.712359349345,176440.61023793358,1889258.8614393123
Q,Q_phc
307054.1612260586,148054.1612260586
qm_cb,qm_phc/qm_t,qm_r,qm_v,qm,qm_pot
0.10827018701439552,0.0013053075971028094,0.393347413774718,0.011796531976762614,0.10957549461149832,0.0026347904805054884
number of iterations,27,Execution time: ,14.286179780960083
