architecture,t_cbt,t_hxt,eta_hpfp,eta_r,p_cbt,qm_cb0,t0,p0,tpr_hx,Q_hx,pcc,v
dual,320,220,0.71,0.71,1330000.0,0.10827018701439552,25.2,345000.0,0.95,159000.0,True,0
P_hpfp,P_rv,p_hpfp
43518.07714348172,66962.12295825778,1889258.8614393123
Q,Q_phc
414162.43181418255,255162.43181418255
qm_cb,qm_phc/qm_t,qm_r,qm_v,qm,qm_pot
0.10827018701439552,0.002127408297378621,0.1492939234472512,0.011738493284517891,0.11039759531177414,0.0012623417079231903
number of iterations,27,Execution time: ,13.529044389724731
