architecture,t_cbt,t_hxt,eta_hpfp,eta_r,p_cbt,qm_cb0,t0,p0,tpr_hx,Q_hx,pcc,v
dual,320,240,0.71,0.71,1330000.0,0.10827018701439552,25.2,345000.0,0.95,159000.0,True,0
P_hpfp,P_rv,p_hpfp
43635.41416788205,90441.92794316077,1889258.8614393123
Q,Q_phc
391990.2659590662,232990.26595906622
qm_cb,qm_phc/qm_t,qm_r,qm_v,qm,qm_pot
0.10827018701439552,0.001979801662236532,0.20163577442367853,0.011770271439654399,0.11024998867663205,0.0017132266852199077
number of iterations,27,Execution time: ,15.307311058044434
