architecture,t_cbt,t_hxt,eta_hpfp,eta_r,p_cbt,qm_cb0,t0,p0,tpr_hx,Q_hx,pcc,v
dual,320,280,0.71,0.71,1330000.0,0.10998,25.2,345000.0,0.95,159000.0,True,0
P_hpfp,P_rv,p_hpfp
43370.594601242,174982.8701223675,1889258.8614393119
Q,Q_phc
304523.85739410005,145523.85739410005
qm_cb,qm_phc/qm_t,qm_r,qm_v,qm,m_z
0.10998,0.001304225308720236,0.39010002254307646,0.01169882819282195,0.11128422530872023,0.13042253087202343
number of iterations,26,Execution time: ,18.76051926612854
