architecture,t_cbt,t_hxt,eta_hpfp,eta_r,p_cbt,qm_cb0,t0,p0,tpr_hx,Q_hx,pcc,v
dual,320,230,0.71,0.71,1330000.0,0.10827018701439552,25.2,345000.0,0.95,159000.0,True,0
P_hpfp,P_rv,p_hpfp
43616.13121471623,77807.52955436082,1889258.8614393123
Q,Q_phc
404409.32549781195,245409.32549781195
qm_cb,qm_phc/qm_t,qm_r,qm_v,qm,qm_pot
0.10827018701439552,0.0020664450585904806,0.1734707437093415,0.011765044205039306,0.110336632072986,0.001576648620622677
number of iterations,27,Execution time: ,14.972387552261353
