architecture,t_cbt,t_hxt,eta_hpfp,eta_r,p_cbt,qm_cb0,t0,p0,tpr_hx,Q_hx,pcc,v
dual,320,230,0.71,0.71,1330000.0,0.10827165283985414,25.2,345000.0,0.95,159000.0,True,0
P_hpfp,P_rv,p_hpfp
42982.35340243887,76674.08971205105,1889258.8614393123
Q,Q_phc
398525.6455179401,239525.6455179401
qm_cb,qm_phc/qm_t,qm_r,qm_v,qm
0.10827165283985414,0.0020132837276051474,0.1709451979386303,0.011593903612606949,0.11028493656745929
number of iterations,27,Execution time: ,14.405231714248657
