architecture,t_cbt,t_hxt,eta_hpfp,eta_r,p_cbt,qm_cb0,t0,p0,tpr_hx,Q_hx,pcc,v
dual,320,230,0.71,0.71,1330000.0,0.10827018701439552,25.2,345000.0,0.95,159000.0,True,0
P_hpfp,P_rv,p_hpfp
43537.64898737869,77666.46683173567,1889258.8614393123
Q,Q_phc
403676.70690882916,244676.70690882916
qm_cb,qm_phc/qm_t,qm_r,qm_v,qm,qm_pot
0.10827018701439552,0.002055605313220532,0.17315632514625778,0.011743799442005843,0.11032579232761605,0.0013848389541389924
number of iterations,27,Execution time: ,14.632540464401245
