architecture,t_cbt,t_hxt,eta_hpfp,eta_r,p_cbt,qm_cb0,t0,p0,tpr_hx,Q_hx,pcc,v
dual,320,240,0.71,0.71,1330000.0,0.10827165283985414,25.2,345000.0,0.95,159000.0,True,0
P_hpfp,P_rv,p_hpfp
42946.08114608132,89010.24551812379,1889258.8614393123
Q,Q_phc
385791.75311775465,226791.75311775465
qm_cb,qm_phc/qm_t,qm_r,qm_v,qm
0.10827165283985414,0.0019209134207306966,0.19844548796297443,0.011584151517432084,0.11019256626058484
number of iterations,27,Execution time: ,14.635466575622559
