architecture,t_cbt,t_hxt,eta_hpfp,eta_r,p_cbt,qm_cb0,t0,p0,tpr_hx,Q_hx,pcc,v
dual,320,220,0.71,0.71,1330000.0,0.11,25.2,345000.0,0.95,149000.0,True,0
P_hpfp,P_rv,p_hpfp
43773.06138272861,67370.46827436278,1889366.2728249198
Q,Q_phc
416572.73701755615,267572.73701755615
qm_cb,qm_phc/qm_t,qm_r,qm_v,qm,m_z
0.11,0.002314356016689386,0.1501610374857446,0.011806657464897547,0.11231435601668939,0.2314356016689386
number of iterations,20,Execution time: ,12.546249151229858
