architecture,t_cbt,t_hxt,eta_hpfp,eta_r,p_cbt,qm_cb0,t0,p0,tpr_hx,Q_hx,pcc,v
dual,320,240,0.71,0.71,1330000.0,0.10998,25.2,345000.0,0.95,159000.0,True,0
P_hpfp,P_rv,p_hpfp
43659.03838627196,90476.37051510658,1889258.8614393119
Q,Q_phc
392156.86543432466,233156.86543432466
qm_cb,qm_phc/qm_t,qm_r,qm_v,qm,m_z
0.10998,0.002031031188360524,0.20171494972088203,0.011775978330415675,0.11201103118836052,0.20310311883605206
number of iterations,26,Execution time: ,18.173219919204712
