architecture,t_cbt,t_hxt,eta_hpfp,eta_r,p_cbt,qm_cb0,t0,p0,tpr_hx,Q_hx,pcc,v
dual,320,210,0.71,0.71,1330000.0,0.10827165283985414,25.2,345000.0,0.95,159000.0,True,0
P_hpfp,P_rv,p_hpfp
43035.43324742751,57145.28548709618,1889258.8614393123
Q,Q_phc
418640.52996147494,259640.52996147494
qm_cb,qm_phc/qm_t,qm_r,qm_v,qm
0.10827165283985414,0.0021493164632273992,0.12741095609432884,0.011608219128793368,0.11042096930308154
number of iterations,27,Execution time: ,14.721588850021362
