architecture,t_cbt,t_hxt,eta_hpfp,eta_r,p_cbt,qm_cb0,t0,p0,tpr_hx,Q_hx,pcc,v
dual,320,200,0.71,0.71,1330000.0,0.10827018701439552,25.2,345000.0,0.95,159000.0,True,0
P_hpfp,P_rv,p_hpfp
43564.174998960836,49867.30760536522,1889258.8614393123
Q,Q_phc
431766.5823134941,272766.5823134941
qm_cb,qm_phc/qm_t,qm_r,qm_v,qm,qm_pot
0.10827018701439552,0.002235521761703958,0.11118600996179946,0.011750929593593851,0.11050570877609947,0.0012724413094787573
number of iterations,27,Execution time: ,13.883285522460938
