architecture,t_cbt,t_hxt,eta_hpfp,eta_r,p_cbt,qm_cb0,t0,p0,tpr_hx,Q_hx,pcc,v
dual,320,210,0.71,0.71,1330000.0,0.10827018701439552,25.2,345000.0,0.95,159000.0,True,0
P_hpfp,P_rv,p_hpfp
43499.989623883805,57763.08262495974,1889258.8614393123
Q,Q_phc
423158.8932775377,264158.8932775377
qm_cb,qm_phc/qm_t,qm_r,qm_v,qm,qm_pot
0.10827018701439552,0.002185729764873583,0.12878729184070886,0.011733583604449132,0.1104559167792691,0.0011570557094130976
number of iterations,27,Execution time: ,13.885416269302368
