architecture,t_cbt,t_hxt,eta_hpfp,eta_r,p_cbt,qm_cb0,t0,p0,tpr_hx,Q_hx,pcc,v
dual,320,280,0.71,0.71,1330000.0,0.11,25.2,345000.0,0.95,149000.0,True,0
P_hpfp,P_rv,p_hpfp
43417.66348819784,175212.4408877959,1889366.2728249198
Q,Q_phc
304828.73200843635,155828.73200843635
qm_cb,qm_phc/qm_t,qm_r,qm_v,qm,m_z
0.11,0.0014081121216046072,0.39048660204143,0.011711057346131527,0.1114081121216046,0.14081121216046072
number of iterations,20,Execution time: ,12.972273111343384
