architecture,t_cbt,t_hxt,eta_hpfp,eta_r,p_cbt,qm_cb0,t0,p0,tpr_hx,Q_hx,pcc,v
dual,320,250,0.71,0.71,1330000.0,0.10827165283985414,25.2,345000.0,0.95,159000.0,True,0
P_hpfp,P_rv,p_hpfp
42900.61253404597,103731.04147460128,1889258.8614393123
Q,Q_phc
370575.85439836513,211575.85439836513
qm_cb,qm_phc/qm_t,qm_r,qm_v,qm
0.10827165283985414,0.0018058633618728281,0.23126173644335143,0.011571965222797865,0.11007751620172697
number of iterations,27,Execution time: ,14.070789813995361
