architecture,t_cbt,t_hxt,eta_hpfp,eta_r,p_cbt,qm_cb0,t0,p0,tpr_hx,Q_hx,pcc,v
dual,320,260,0.71,0.71,1330000.0,0.10827018701439552,25.2,345000.0,0.95,159000.0,True,0
P_hpfp,P_rv,p_hpfp
43610.11724583345,123789.75117335957,1889258.8614393123
Q,Q_phc
358354.5947746009,199354.59477460088
qm_cb,qm_phc/qm_t,qm_r,qm_v,qm,qm_pot
0.10827018701439552,0.0017138591954211615,0.27597620652670674,0.011763355140614317,0.10998404620981668,0.0019125223813759743
number of iterations,27,Execution time: ,14.194429636001587
