architecture,t_cbt,t_hxt,eta_hpfp,eta_r,p_cbt,qm_cb0,t0,p0,tpr_hx,Q_hx,pcc,v
dual,320,200,0.71,0.71,1330000.0,0.10998,25.2,345000.0,0.95,159000.0,True,0
P_hpfp,P_rv,p_hpfp
43773.233638880214,50101.21229312225,1889258.8614393119
Q,Q_phc
433810.94937302923,274810.94937302923
qm_cb,qm_phc/qm_t,qm_r,qm_v,qm,m_z
0.10998,0.0023275297766051917,0.11170898015840004,0.0118069757129425,0.11230752977660519,0.2327529776605193
number of iterations,26,Execution time: ,18.88210916519165
