architecture,t_cbt,t_hxt,eta_hpfp,eta_r,p_cbt,qm_cb0,t0,p0,tpr_hx,Q_hx,pcc,v
dual,330,170,0.71,0.71,1330000.0,0.10813542570200368,25.2,345000.0,0.95,159000.0,True,0
P_hpfp,P_rv,p_hpfp
43293.315719320315,30241.10268703435,1889258.8614393123
Q,Q_phc
466522.68591513875,307522.68591513875
qm_cb,qm_phc/qm_t,qm_r,qm_v,qm,qm_pot
0.10813542570200368,0.0024693373261971737,0.06539994929440565,0.01132288579662026,0.11060476302820085,0.0008392611776584598
number of iterations,27,Execution time: ,13.959352493286133
