architecture,t_cbt,t_hxt,eta_hpfp,eta_r,p_cbt,qm_cb0,t0,p0,tpr_hx,Q_hx,pcc,v
dual,330,170,0.71,0.71,1330000.0,0.11,25.2,345000.0,0.95,149000.0,True,0
P_hpfp,P_rv,p_hpfp
43776.12363636411,30603.9947458578,1889366.2728249198
Q,Q_phc
471744.1361694363,322744.1361694363
qm_cb,qm_phc/qm_t,qm_r,qm_v,qm,m_z
0.11,0.002696304827343129,0.06613078457272147,0.01144908281487993,0.11269630482734314,0.2696304827343129
number of iterations,20,Execution time: ,12.095839023590088
