architecture,t_cbt,t_hxt,eta_hpfp,eta_r,p_cbt,qm_cb0,t0,p0,tpr_hx,Q_hx,pcc,v
dual,330,150,0.71,0.71,1330000.0,0.10813542570200368,25.2,345000.0,0.95,159000.0,True,0
P_hpfp,P_rv,p_hpfp
43266.73552435408,21426.927188128382,1889258.8614393123
Q,Q_phc
475025.4019008166,316025.4019008166
qm_cb,qm_phc/qm_t,qm_r,qm_v,qm,qm_pot
0.10813542570200368,0.002500448576174823,0.046345521257660026,0.011315864290814508,0.1106358742781785,0.0007383934054147427
number of iterations,27,Execution time: ,13.820295810699463
