architecture,t_cbt,t_hxt,eta_hpfp,eta_r,p_cbt,qm_cb0,t0,p0,tpr_hx,Q_hx,pcc,v
dual,330,120,0.71,0.71,1330000.0,0.10998,25.2,345000.0,0.95,159000.0,True,0
P_hpfp,P_rv,p_hpfp
43658.254098634214,11576.164829799824,1889258.8614393128
Q,Q_phc
490643.71655458637,331643.71655458637
qm_cb,qm_phc/qm_t,qm_r,qm_v,qm,m_z
0.10998,0.002665228916393231,0.025040136928023315,0.0114314705255954,0.11264522891639323,0.2665228916393225
number of iterations,30,Execution time: ,20.398468017578125
