architecture,t_cbt,t_hxt,eta_hpfp,eta_r,p_cbt,qm_cb0,t0,p0,tpr_hx,Q_hx,pcc,v
dual,330,100,0.71,0.71,1330000.0,0.11,25.2,345000.0,0.95,149000.0,True,0
P_hpfp,P_rv,p_hpfp
43651.302602799224,6591.158358466373,1889366.2728249198
Q,Q_phc
496252.79974233004,347252.79974233004
qm_cb,qm_phc/qm_t,qm_r,qm_v,qm,m_z
0.11,0.002772667233537005,0.014247324414907971,0.011437220620935062,0.112772667233537,0.2772667233537005
number of iterations,26,Execution time: ,16.37095022201538
