architecture,t_cbt,t_hxt,eta_hpfp,eta_r,p_cbt,qm_cb0,t0,p0,tpr_hx,Q_hx,pcc,v
dual,330,180,0.71,0.71,1330000.0,0.11,25.2,345000.0,0.95,149000.0,True,0
P_hpfp,P_rv,p_hpfp
43766.54025082276,35838.28918091604,1889366.2728249198
Q,Q_phc
466395.09407032665,317395.09407032665
qm_cb,qm_phc/qm_t,qm_r,qm_v,qm,m_z
0.11,0.0026706451825952828,0.07743614153186548,0.011446523517462403,0.11267064518259529,0.26706451825952826
number of iterations,20,Execution time: ,12.728369951248169
