architecture,t_cbt,t_hxt,eta_hpfp,eta_r,p_cbt,qm_cb0,t0,p0,tpr_hx,Q_hx,pcc,v
dual,330,190,0.71,0.71,1330000.0,0.10998,25.2,345000.0,0.95,159000.0,True,0
P_hpfp,P_rv,p_hpfp
43711.10743264696,41613.81177153471,1889258.8614393119
Q,Q_phc
459918.2620506965,300918.2620506965
qm_cb,qm_phc/qm_t,qm_r,qm_v,qm,m_z
0.10998,0.002534202301236285,0.08998751860967437,0.0114319259320242,0.11251420230123628,0.25342023012362896
number of iterations,26,Execution time: ,19.045724868774414
