architecture,t_cbt,t_hxt,eta_hpfp,eta_r,p_cbt,qm_cb0,t0,p0,tpr_hx,Q_hx,pcc,v
dual,330,140,0.71,0.71,1330000.0,0.10813542570200368,25.2,345000.0,0.95,159000.0,True,0
P_hpfp,P_rv,p_hpfp
43223.2117056686,17708.755146398762,1889258.8614393126
Q,Q_phc
478630.24588683585,319630.24588683585
qm_cb,qm_phc/qm_t,qm_r,qm_v,qm,qm_pot
0.10813542570200368,0.002511040365554539,0.038304325861590015,0.011308462227147518,0.11064646606755822,0.0006954342905299403
number of iterations,28,Execution time: ,14.07306694984436
