architecture,t_cbt,t_hxt,eta_hpfp,eta_r,p_cbt,qm_cb0,t0,p0,tpr_hx,Q_hx,pcc,v
dual,330,180,0.71,0.71,1330000.0,0.10813542570200368,25.2,345000.0,0.95,159000.0,True,0
P_hpfp,P_rv,p_hpfp
43393.443161178315,35504.340460774234,1889258.8614393123
Q,Q_phc
462416.8321880572,303416.8321880572
qm_cb,qm_phc/qm_t,qm_r,qm_v,qm,qm_pot
0.10813542570200368,0.0024439058707344946,0.07677821081059008,0.011349171755876441,0.11057933157273818,0.0011241876747453553
number of iterations,27,Execution time: ,14.970240354537964
