architecture,t_cbt,t_hxt,eta_hpfp,eta_r,p_cbt,qm_cb0,t0,p0,tpr_hx,Q_hx,pcc,v
dual,330,190,0.71,0.71,1330000.0,0.10813542570200368,25.2,345000.0,0.95,159000.0,True,0
P_hpfp,P_rv,p_hpfp
43322.58339249971,41248.37073384872,1889258.8614393123
Q,Q_phc
455857.6879163996,296857.6879163996
qm_cb,qm_phc/qm_t,qm_r,qm_v,qm,qm_pot
0.10813542570200368,0.0024200894359943004,0.08919606106386947,0.011330610192957322,0.11055551513799798,0.0009651781061344416
number of iterations,27,Execution time: ,14.127039194107056
