architecture,t_cbt,t_hxt,eta_hpfp,eta_r,p_cbt,qm_cb0,t0,p0,tpr_hx,Q_hx,pcc,v
dual,330,130,0.71,0.71,1330000.0,0.10813542570200368,25.2,345000.0,0.95,159000.0,True,0
P_hpfp,P_rv,p_hpfp
43161.98891059968,14395.463728877397,1889258.8614393128
Q,Q_phc
481856.4825933138,322856.4825933138
qm_cb,qm_phc/qm_t,qm_r,qm_v,qm,qm_pot
0.10813542570200368,0.0025190073883408883,0.031136380732212116,0.011298797123990716,0.11065443309034458,0.0006568693145861558
number of iterations,30,Execution time: ,15.601747274398804
