architecture,t_cbt,t_hxt,eta_hpfp,eta_r,p_cbt,qm_cb0,t0,p0,tpr_hx,Q_hx,pcc,v
dual,330,130,0.71,0.71,1330000.0,0.10998,25.2,345000.0,0.95,159000.0,True,0
P_hpfp,P_rv,p_hpfp
43675.00875128412,14566.681038402008,1889258.8614393128
Q,Q_phc
487596.6377320675,328596.6377320675
qm_cb,qm_phc/qm_t,qm_r,qm_v,qm,m_z
0.10998,0.0026570143047095623,0.03150700234089544,0.011433283791565833,0.11263701430470956,0.26570143047095646
number of iterations,29,Execution time: ,20.333894729614258
