architecture,t_cbt,t_hxt,eta_hpfp,eta_r,p_cbt,qm_cb0,t0,p0,tpr_hx,Q_hx,pcc,v
dual,330,110,0.71,0.71,1330000.0,0.10998,25.2,345000.0,0.95,159000.0,True,0
P_hpfp,P_rv,p_hpfp
43629.14637898775,8927.27775397197,1889258.8614393128
Q,Q_phc
493351.3306699681,334351.3306699681
qm_cb,qm_phc/qm_t,qm_r,qm_v,qm,m_z
0.10998,0.0026713410407932237,0.019310389960957405,0.01142791168562598,0.11265134104079322,0.2671341040793219
number of iterations,32,Execution time: ,22.348242044448853
