architecture,t_cbt,t_hxt,eta_hpfp,eta_r,p_cbt,qm_cb0,t0,p0,tpr_hx,Q_hx,pcc,v
dual,330,140,0.71,0.71,1330000.0,0.11,25.2,345000.0,0.95,149000.0,True,0
P_hpfp,P_rv,p_hpfp
43754.85452013414,17949.471046023926,1889366.2728249198
Q,Q_phc
484664.0963805789,335664.0963805789
qm_cb,qm_phc/qm_t,qm_r,qm_v,qm,m_z
0.11,0.0027466437070465567,0.03879399932237056,0.011449014597855026,0.11274664370704655,0.27466437070465566
number of iterations,21,Execution time: ,12.585353136062622
