architecture,t_cbt,t_hxt,eta_hpfp,eta_r,p_cbt,qm_cb0,t0,p0,tpr_hx,Q_hx,pcc,v
dual,330,120,0.71,0.71,1330000.0,0.11,25.2,345000.0,0.95,149000.0,True,0
P_hpfp,P_rv,p_hpfp
43702.07489080463,11597.059881777655,1889366.2728249198
Q,Q_phc
491153.8534661792,342153.8534661792
qm_cb,qm_phc/qm_t,qm_r,qm_v,qm,m_z
0.11,0.0027640166564367966,0.025066268801744708,0.011443218775164625,0.1127640166564368,0.2764016656436797
number of iterations,23,Execution time: ,14.269844770431519
