architecture,t_cbt,t_hxt,eta_hpfp,eta_r,p_cbt,qm_cb0,t0,p0,tpr_hx,Q_hx,pcc,v
dual,330,180,0.71,0.71,1330000.0,0.10998,25.2,345000.0,0.95,159000.0,True,0
P_hpfp,P_rv,p_hpfp
43723.36972674864,35770.39758036528,1889258.8614393119
Q,Q_phc
465905.86802914145,306905.86802914145
qm_cb,qm_phc/qm_t,qm_r,qm_v,qm,m_z
0.10998,0.0025664875397649473,0.07735472169750288,0.01143517047376495,0.11254648753976494,0.25664875397649534
number of iterations,26,Execution time: ,19.102178812026978
