architecture,t_cbt,t_hxt,eta_hpfp,eta_r,p_cbt,qm_cb0,t0,p0,tpr_hx,Q_hx,pcc,v
dual,330,110,0.71,0.71,1330000.0,0.10813542570200368,25.2,345000.0,0.95,159000.0,True,0
P_hpfp,P_rv,p_hpfp
43090.19046041779,8816.475311661565,1889258.8614393128
Q,Q_phc
487238.8364364965,328238.8364364965
qm_cb,qm_phc/qm_t,qm_r,qm_v,qm,qm_pot
0.10813542570200368,0.0025281537738434485,0.019070673710104846,0.011286486993071903,0.11066357947584714,0.000592330163746578
number of iterations,33,Execution time: ,17.318920373916626
