architecture,t_cbt,t_hxt,eta_hpfp,eta_r,p_cbt,qm_cb0,t0,p0,tpr_hx,Q_hx,pcc,v
dual,330,150,0.71,0.71,1330000.0,0.10813695682332779,25.2,345000.0,0.95,159000.0,True,0
P_hpfp,P_rv,p_hpfp
42969.026735423446,21280.270215087578,1889258.8614393123
Q,Q_phc
471779.2007564656,312779.2007564656
qm_cb,qm_phc/qm_t,qm_r,qm_v,qm
0.10813695682332779,0.0024757402331032213,0.046028826561132864,0.011238207870044118,0.11061269705643101
number of iterations,27,Execution time: ,14.614389896392822
