architecture,t_cbt,t_hxt,eta_hpfp,eta_r,p_cbt,qm_cb0,t0,p0,tpr_hx,Q_hx,pcc,v
dual,330,120,0.71,0.71,1330000.0,0.10813695682332779,25.2,345000.0,0.95,159000.0,True,0
P_hpfp,P_rv,p_hpfp
42880.284908503316,11370.5882900209,1889258.8614393128
Q,Q_phc
481913.3808279229,322913.3808279229
qm_cb,qm_phc/qm_t,qm_r,qm_v,qm
0.10813695682332779,0.002503754364261007,0.02459538858930131,0.01122783227414359,0.1106407111875888
number of iterations,31,Execution time: ,16.322762489318848
