architecture,t_cbt,t_hxt,eta_hpfp,eta_r,p_cbt,qm_cb0,t0,p0,tpr_hx,Q_hx,pcc,v
dual,330,150,0.71,0.71,1330000.0,0.10813542570200368,25.2,345000.0,0.95,159000.0,True,0
P_hpfp,P_rv,p_hpfp
43350.05389221131,21468.46482229881,1889258.8614393123
Q,Q_phc
475944.22769430134,316944.22769430134
qm_cb,qm_phc/qm_t,qm_r,qm_v,qm,qm_pot
0.10813542570200368,0.002486723654933238,0.046435295235786885,0.011337709383558315,0.11062214935693693,0.0009674883279979694
number of iterations,27,Execution time: ,14.57057785987854
