architecture,t_cbt,t_hxt,eta_hpfp,eta_r,p_cbt,qm_cb0,t0,p0,tpr_hx,Q_hx,pcc,v
dual,330,110,0.71,0.71,1330000.0,0.10813542570200368,25.2,345000.0,0.95,159000.0,True,0
P_hpfp,P_rv,p_hpfp
43169.30715426987,8832.645912741713,1889258.8614393128
Q,Q_phc
488133.10757503106,329133.10757503106
qm_cb,qm_phc/qm_t,qm_r,qm_v,qm,qm_pot
0.10813542570200368,0.002502176587474372,0.019105634252834673,0.011307209665827123,0.11063760228947805,0.0008225086709203026
number of iterations,33,Execution time: ,16.919137001037598
