architecture,t_cbt,t_hxt,eta_hpfp,eta_r,p_cbt,qm_cb0,t0,p0,tpr_hx,Q_hx,pcc,v
dual,330,120,0.71,0.71,1330000.0,0.10813542570200368,25.2,345000.0,0.95,159000.0,True,0
P_hpfp,P_rv,p_hpfp
43131.47154314609,11436.135771249781,1889258.8614393128
Q,Q_phc
484707.438454711,325707.438454711
qm_cb,qm_phc/qm_t,qm_r,qm_v,qm,qm_pot
0.10813542570200368,0.002524485641551962,0.024737075665458668,0.011293308892054304,0.11065991134355564,0.0006227303871077042
number of iterations,31,Execution time: ,16.019062042236328
