architecture,t_cbt,t_hxt,eta_hpfp,eta_r,p_cbt,qm_cb0,t0,p0,tpr_hx,Q_hx,pcc,v
dual,330,160,0.71,0.71,1330000.0,0.10998,25.2,345000.0,0.95,159000.0,True,0
P_hpfp,P_rv,p_hpfp
43741.600754285144,25863.596153063376,1889258.8614393119
Q,Q_phc
476027.5627125839,317027.5627125839
qm_cb,qm_phc/qm_t,qm_r,qm_v,qm,m_z
0.10998,0.0026145941346142204,0.0559377562022024,0.011439999632327719,0.11259459413461421,0.26145941346142265
number of iterations,26,Execution time: ,18.119146585464478
