architecture,t_cbt,t_hxt,eta_hpfp,eta_r,p_cbt,qm_cb0,t0,p0,tpr_hx,Q_hx,pcc,v
dual,330,230,0.71,0.71,1330000.0,0.10813542570200368,25.2,345000.0,0.95,159000.0,True,0
P_hpfp,P_rv,p_hpfp
43391.319050336904,73286.17383592748,1889258.8614393123
Q,Q_phc
424620.7313714322,265620.7313714322
qm_cb,qm_phc/qm_t,qm_r,qm_v,qm,qm_pot
0.10813542570200368,0.002233236668697759,0.1584590961457088,0.011348720255908414,0.11036866237070145,0.0013314743816012125
number of iterations,27,Execution time: ,14.271459817886353
