architecture,t_cbt,t_hxt,eta_hpfp,eta_r,p_cbt,qm_cb0,t0,p0,tpr_hx,Q_hx,pcc,v
dual,330,210,0.71,0.71,1330000.0,0.11,25.2,345000.0,0.95,149000.0,True,0
P_hpfp,P_rv,p_hpfp
43722.85341681527,55689.52734655018,1889366.2728249198
Q,Q_phc
446023.5965642278,297023.5965642278
qm_cb,qm_phc/qm_t,qm_r,qm_v,qm,m_z
0.11,0.0025542575001525,0.12031341304502144,0.011434887180262079,0.1125542575001525,0.25542575001525
number of iterations,20,Execution time: ,12.532256603240967
