architecture,t_cbt,t_hxt,eta_hpfp,eta_r,p_cbt,qm_cb0,t0,p0,tpr_hx,Q_hx,pcc,v
dual,330,210,0.71,0.71,1330000.0,0.10998,25.2,345000.0,0.95,159000.0,True,0
P_hpfp,P_rv,p_hpfp
43678.20829753262,55585.05948081872,1889258.8614393119
Q,Q_phc
445561.2602241801,286561.2602241801
qm_cb,qm_phc/qm_t,qm_r,qm_v,qm,m_z
0.10998,0.00244781069039543,0.1201922280486081,0.01142323239446788,0.11242781069039542,0.24478106903954347
number of iterations,26,Execution time: ,18.60711121559143
