architecture,t_cbt,t_hxt,eta_hpfp,eta_r,p_cbt,qm_cb0,t0,p0,tpr_hx,Q_hx,pcc,v
dual,330,220,0.71,0.71,1330000.0,0.10813542570200368,25.2,345000.0,0.95,159000.0,True,0
P_hpfp,P_rv,p_hpfp
43458.78670720075,63731.83313228809,1889258.8614393123
Q,Q_phc
434952.70590923,275952.70590923
qm_cb,qm_phc/qm_t,qm_r,qm_v,qm,qm_pot
0.10813542570200368,0.0023048984466170477,0.13780320226978215,0.011366409109096072,0.11044032414862073,0.001434204367568124
number of iterations,27,Execution time: ,14.772634744644165
