architecture,t_cbt,t_hxt,eta_hpfp,eta_r,p_cbt,qm_cb0,t0,p0,tpr_hx,Q_hx,pcc,v
dual,330,220,0.71,0.71,1330000.0,0.10998,25.2,345000.0,0.95,159000.0,True,0
P_hpfp,P_rv,p_hpfp
43656.38013406837,64011.168256334306,1889258.8614393119
Q,Q_phc
436880.0267521419,277880.0267521419
qm_cb,qm_phc/qm_t,qm_r,qm_v,qm,m_z
0.10998,0.0023906598058217737,0.1384089990762265,0.01141747278892315,0.11237065980582177,0.2390659805821779
number of iterations,26,Execution time: ,18.83282971382141
