architecture,t_cbt,t_hxt,eta_hpfp,eta_r,p_cbt,qm_cb0,t0,p0,tpr_hx,Q_hx,pcc,v
dual,330,250,0.71,0.71,1330000.0,0.10998,25.2,345000.0,0.95,159000.0,True,0
P_hpfp,P_rv,p_hpfp
43557.531098909305,98030.9550066614,1889258.8614393119
Q,Q_phc
401713.12917184137,242713.12917184137
qm_cb,qm_phc/qm_t,qm_r,qm_v,qm,m_z
0.10998,0.00213354851100081,0.21195856231043117,0.011391475311679255,0.1121135485110008,0.21335485110008157
number of iterations,26,Execution time: ,18.5913724899292
