architecture,t_cbt,t_hxt,eta_hpfp,eta_r,p_cbt,qm_cb0,t0,p0,tpr_hx,Q_hx,pcc,v
dual,330,230,0.71,0.71,1330000.0,0.10813542570200368,25.2,345000.0,0.95,159000.0,True,0
P_hpfp,P_rv,p_hpfp
43476.70952551373,73431.45698138518,1889258.8614393123
Q,Q_phc
425461.8475571786,266461.8475571786
qm_cb,qm_phc/qm_t,qm_r,qm_v,qm,qm_pot
0.10813542570200368,0.0022462038696164054,0.158773148699974,0.011371130714438736,0.1103816295716201,0.001539677438735152
number of iterations,27,Execution time: ,15.0479154586792
