architecture,t_cbt,t_hxt,eta_hpfp,eta_r,p_cbt,qm_cb0,t0,p0,tpr_hx,Q_hx,pcc,v
dual,330,210,0.71,0.71,1330000.0,0.10813542570200368,25.2,345000.0,0.95,159000.0,True,0
P_hpfp,P_rv,p_hpfp
43354.92535132461,55181.048636688625,1889258.8614393123
Q,Q_phc
442302.44089109474,283302.44089109474
qm_cb,qm_phc/qm_t,qm_r,qm_v,qm,qm_pot
0.10813542570200368,0.0023453235173349213,0.11931710271004681,0.011339137777024161,0.1104807492193386,0.0011245031085069523
number of iterations,27,Execution time: ,14.77330207824707
