architecture,t_cbt,t_hxt,eta_hpfp,eta_r,p_cbt,qm_cb0,t0,p0,tpr_hx,Q_hx,pcc,v
dual,330,200,0.71,0.71,1330000.0,0.10813542570200368,25.2,345000.0,0.95,159000.0,True,0
P_hpfp,P_rv,p_hpfp
43338.325690854304,47786.80164388211,1889258.8614393123
Q,Q_phc
449503.0823830905,290503.0823830905
qm_cb,qm_phc/qm_t,qm_r,qm_v,qm,qm_pot
0.10813542570200368,0.0023864954185603545,0.10333142443432322,0.011334762119732564,0.11052192112056404,0.0010399541108697963
number of iterations,27,Execution time: ,14.109547138214111
