architecture,t_cbt,t_hxt,eta_hpfp,eta_r,p_cbt,qm_cb0,t0,p0,tpr_hx,Q_hx,pcc,v
dual,330,270,0.71,0.71,1330000.0,0.10813542570200368,25.2,345000.0,0.95,159000.0,True,0
P_hpfp,P_rv,p_hpfp
43559.20494868161,133054.8110378622,1889258.8614393123
Q,Q_phc
366792.0992585806,207792.0992585806
qm_cb,qm_phc/qm_t,qm_r,qm_v,qm,qm_pot
0.10813542570200368,0.0018181381254474063,0.28767598709955433,0.011392788023680354,0.10995356382745108,0.002181548878961763
number of iterations,27,Execution time: ,14.975322961807251
