architecture,t_cbt,t_hxt,eta_hpfp,eta_r,p_cbt,qm_cb0,t0,p0,tpr_hx,Q_hx,pcc,v
dual,330,250,0.71,0.71,1330000.0,0.10813542570200368,25.2,345000.0,0.95,159000.0,True,0
P_hpfp,P_rv,p_hpfp
43515.282397984585,97955.54076151295,1889258.8614393123
Q,Q_phc
401385.58104781,242385.58104780997
qm_cb,qm_phc/qm_t,qm_r,qm_v,qm,qm_pot
0.10813542570200368,0.0020814731651061028,0.21179292170229713,0.011381277104551007,0.11021689886710978,0.0018047776679899138
number of iterations,27,Execution time: ,14.983565092086792
