architecture,t_cbt,t_hxt,eta_hpfp,eta_r,p_cbt,qm_cb0,t0,p0,tpr_hx,Q_hx,pcc,v
dual,330,270,0.71,0.71,1330000.0,0.11,25.2,345000.0,0.95,149000.0,True,0
P_hpfp,P_rv,p_hpfp
43492.11100881269,132912.4735323765,1889366.2728249198
Q,Q_phc
366111.36166470184,217111.36166470184
qm_cb,qm_phc/qm_t,qm_r,qm_v,qm,m_z
0.11,0.0019516089921394809,0.2871152315593903,0.011374058731278332,0.11195160899213948,0.19516089921394808
number of iterations,20,Execution time: ,13.660972118377686
