architecture,t_cbt,t_hxt,eta_hpfp,eta_r,p_cbt,qm_cb0,t0,p0,tpr_hx,Q_hx,pcc,v
dual,330,220,0.71,0.71,1330000.0,0.10813695682332779,25.2,345000.0,0.95,159000.0,True,0
P_hpfp,P_rv,p_hpfp
42883.991504638725,62886.101210709465,1889258.8614393123
Q,Q_phc
429189.5468399791,270189.5468399791
qm_cb,qm_phc/qm_t,qm_r,qm_v,qm
0.10813695682332779,0.002255174939596566,0.1359757468057673,0.01121587468307278,0.11039213176292435
number of iterations,27,Execution time: ,14.600582122802734
