architecture,t_cbt,t_hxt,eta_hpfp,eta_r,p_cbt,qm_cb0,t0,p0,tpr_hx,Q_hx,pcc,v
dual,330,230,0.71,0.71,1330000.0,0.10813695682332779,25.2,345000.0,0.95,159000.0,True,0
P_hpfp,P_rv,p_hpfp
42858.852392695495,72384.24632803224,1889258.8614393123
Q,Q_phc
419402.7420900181,260402.74209001812
qm_cb,qm_phc/qm_t,qm_r,qm_v,qm
0.10813695682332779,0.0021904206856351305,0.1565102313231291,0.011209294916563032,0.11032737750896292
number of iterations,27,Execution time: ,14.948951482772827
