architecture,t_cbt,t_hxt,eta_hpfp,eta_r,p_cbt,qm_cb0,t0,p0,tpr_hx,Q_hx,pcc,v
dual,330,260,0.71,0.71,1330000.0,0.10813542570200368,25.2,345000.0,0.95,159000.0,True,0
P_hpfp,P_rv,p_hpfp
43536.39173396223,113790.86862424981,1889258.8614393123
Q,Q_phc
385794.0659761318,226794.06597613182
qm_cb,qm_phc/qm_t,qm_r,qm_v,qm,qm_pot
0.10813542570200368,0.0019658534263213216,0.24602818547429106,0.011386816812588496,0.110101279128325,0.001975065677410994
number of iterations,27,Execution time: ,15.200330257415771
