architecture,t_cbt,t_hxt,eta_hpfp,eta_r,p_cbt,qm_cb0,t0,p0,tpr_hx,Q_hx,pcc,v
dual,330,250,0.71,0.71,1330000.0,0.10813542570200368,25.2,345000.0,0.95,159000.0,True,0
P_hpfp,P_rv,p_hpfp
43433.70574045012,97770.29373427172,1889258.8614393123
Q,Q_phc
400627.1150823196,241627.1150823196
qm_cb,qm_phc/qm_t,qm_r,qm_v,qm,qm_pot
0.10813542570200368,0.0020633882240347827,0.21139248976059163,0.011359853470494485,0.11019881392603846,0.0016112879372571572
number of iterations,27,Execution time: ,14.214393615722656
