architecture,t_cbt,t_hxt,eta_hpfp,eta_r,p_cbt,qm_cb0,t0,p0,tpr_hx,Q_hx,pcc,v
dual,330,240,0.71,0.71,1330000.0,0.10813542570200368,25.2,345000.0,0.95,159000.0,True,0
P_hpfp,P_rv,p_hpfp
43495.478471301714,84699.04602624317,1889258.8614393123
Q,Q_phc
414412.45893700764,255412.45893700764
qm_cb,qm_phc/qm_t,qm_r,qm_v,qm,qm_pot
0.10813542570200368,0.00217305918497243,0.18313303817894386,0.011376070879318865,0.11030848488697612,0.001661722174962453
number of iterations,27,Execution time: ,14.584388017654419
