architecture,t_cbt,t_hxt,eta_hpfp,eta_r,p_cbt,qm_cb0,t0,p0,tpr_hx,Q_hx,pcc,v
dual,330,240,0.71,0.71,1330000.0,0.10813695682332779,25.2,345000.0,0.95,159000.0,True,0
P_hpfp,P_rv,p_hpfp
42827.986477932835,83394.83206564892,1889258.8614393123
Q,Q_phc
408039.1384689822,249039.1384689822
qm_cb,qm_phc/qm_t,qm_r,qm_v,qm
0.10813695682332779,0.002111203960302774,0.18031461785785413,0.011201230725531686,0.11024816078363056
number of iterations,27,Execution time: ,14.853346109390259
