architecture,t_cbt,t_hxt,eta_hpfp,eta_r,p_cbt,qm_cb0,t0,p0,tpr_hx,Q_hx,pcc,v
dual,330,200,0.71,0.71,1330000.0,0.10813695682332779,25.2,345000.0,0.95,159000.0,True,0
P_hpfp,P_rv,p_hpfp
42921.45242129757,47326.490966867066,1889258.8614393123
Q,Q_phc
445181.12647364126,286181.12647364126
qm_cb,qm_phc/qm_t,qm_r,qm_v,qm
0.10813695682332779,0.00235204470025617,0.10233697546603954,0.011225698352120141,0.11048900152358396
number of iterations,27,Execution time: ,14.586571455001831
