architecture,t_cbt,t_hxt,eta_hpfp,eta_r,p_cbt,qm_cb0,t0,p0,tpr_hx,Q_hx,pcc,v
dual,330,260,0.71,0.71,1330000.0,0.10998,25.2,345000.0,0.95,159000.0,True,0
P_hpfp,P_rv,p_hpfp
43507.77066411586,113692.81902195817,1889258.8614393119
Q,Q_phc
385479.36797447846,226479.36797447846
qm_cb,qm_phc/qm_t,qm_r,qm_v,qm,m_z
0.10998,0.0020052657313712474,0.24581907664304084,0.011378445667116944,0.11198526573137124,0.20052657313712413
number of iterations,26,Execution time: ,19.096076488494873
