architecture,t_cbt,t_hxt,eta_hpfp,eta_r,p_cbt,qm_cb0,t0,p0,tpr_hx,Q_hx,pcc,v
dual,330,280,0.71,0.71,1330000.0,0.10813542570200368,25.2,345000.0,0.95,159000.0,True,0
P_hpfp,P_rv,p_hpfp
43584.33805695094,157018.15658303062,1889258.8614393123
Q,Q_phc
343114.75916496175,184114.75916496175
qm_cb,qm_phc/qm_t,qm_r,qm_v,qm,qm_pot
0.10813542570200368,0.0016262612453401895,0.33948363523192,0.011399339533153544,0.10976168694734387,0.0024376310679416133
number of iterations,27,Execution time: ,15.200994968414307
