architecture,t_cbt,t_hxt,eta_hpfp,eta_r,p_cbt,qm_cb0,t0,p0,tpr_hx,Q_hx,pcc,v
dual,330,280,0.71,0.71,1330000.0,0.11,25.2,345000.0,0.95,149000.0,True,0
P_hpfp,P_rv,p_hpfp
43410.725768372286,156465.39136233818,1889366.2728249198
Q,Q_phc
341636.8316495633,192636.83164956328
qm_cb,qm_phc/qm_t,qm_r,qm_v,qm,m_z
0.11,0.0017446049800355272,0.33798939226479374,0.011352894781575097,0.11174460498003552,0.1744604980035527
number of iterations,20,Execution time: ,13.233459711074829
