architecture,t_cbt,t_hxt,eta_hpfp,eta_r,p_cbt,qm_cb0,t0,p0,tpr_hx,Q_hx,pcc,v
dual,340,150,0.71,0.71,1330000.0,0.10998,25.2,345000.0,0.95,159000.0,True,0
P_hpfp,P_rv,p_hpfp
43672.65946169649,21236.21363380279,1889258.8614393119
Q,Q_phc
498102.9082427547,339102.9082427547
qm_cb,qm_phc/qm_t,qm_r,qm_v,qm,m_z
0.10998,0.002779942332438584,0.04458863436849405,0.011085969701981621,0.11275994233243858,0.2779942332438587
number of iterations,26,Execution time: ,18.335597276687622
