architecture,t_cbt,t_hxt,eta_hpfp,eta_r,p_cbt,qm_cb0,t0,p0,tpr_hx,Q_hx,pcc,v
dual,340,120,0.71,0.71,1330000.0,0.10998,25.2,345000.0,0.95,159000.0,True,0
P_hpfp,P_rv,p_hpfp
43581.801746189456,11415.5645925486,1889258.8614393128
Q,Q_phc
508151.2809584315,349151.2809584315
qm_cb,qm_phc/qm_t,qm_r,qm_v,qm,m_z
0.10998,0.002807353832776846,0.023969628182738848,0.011075609584100176,0.11278735383277684,0.2807353832776848
number of iterations,30,Execution time: ,20.48241925239563
