architecture,t_cbt,t_hxt,eta_hpfp,eta_r,p_cbt,qm_cb0,t0,p0,tpr_hx,Q_hx,pcc,v
dual,340,170,0.71,0.71,1330000.0,0.11,25.2,345000.0,0.95,149000.0,True,0
P_hpfp,P_rv,p_hpfp
43702.41987135501,29841.322469006478,1889366.2728249198
Q,Q_phc
489920.0546508932,340920.0546508932
qm_cb,qm_phc/qm_t,qm_r,qm_v,qm,m_z
0.11,0.002850761775624461,0.06260166138755534,0.011093648586180125,0.11285076177562446,0.28507617756244613
number of iterations,20,Execution time: ,12.472962856292725
