architecture,t_cbt,t_hxt,eta_hpfp,eta_r,p_cbt,qm_cb0,t0,p0,tpr_hx,Q_hx,pcc,v
dual,340,160,0.71,0.71,1330000.0,0.10998,25.2,345000.0,0.95,159000.0,True,0
P_hpfp,P_rv,p_hpfp
43667.0699937267,25290.465235666197,1889258.8614393119
Q,Q_phc
493980.0822636822,334980.0822636822
qm_cb,qm_phc/qm_t,qm_r,qm_v,qm,m_z
0.10998,0.002765088805065416,0.05309639392192493,0.011084529776026055,0.11274508880506541,0.27650888050654143
number of iterations,26,Execution time: ,17.877492427825928
