architecture,t_cbt,t_hxt,eta_hpfp,eta_r,p_cbt,qm_cb0,t0,p0,tpr_hx,Q_hx,pcc,v
dual,340,170,0.71,0.71,1330000.0,0.10800295595780073,25.2,345000.0,0.95,159000.0,True,0
P_hpfp,P_rv,p_hpfp
42826.27600455107,29221.901461884274,1889258.8614393123
Q,Q_phc
480090.2758776917,321090.2758776917
qm_cb,qm_phc/qm_t,qm_r,qm_v,qm
0.10800295595780073,0.002579277349322062,0.06134571129174398,0.010871415567594455,0.11058223330712279
number of iterations,27,Execution time: ,14.57616901397705
