architecture,t_cbt,t_hxt,eta_hpfp,eta_r,p_cbt,qm_cb0,t0,p0,tpr_hx,Q_hx,pcc,v
dual,340,100,0.71,0.71,1330000.0,0.10800136451824692,25.2,345000.0,0.95,159000.0,True,0
P_hpfp,P_rv,p_hpfp
43005.67669209061,6428.911326860286,1889258.8614393128
Q,Q_phc
506937.6629073521,347937.6629073521
qm_cb,qm_phc/qm_t,qm_r,qm_v,qm,qm_pot
0.10800136451824692,0.0026253049864189727,0.013499528253116034,0.01093562218177298,0.11062666950466589,0.000803508351820661
number of iterations,35,Execution time: ,18.199378967285156
