architecture,t_cbt,t_hxt,eta_hpfp,eta_r,p_cbt,qm_cb0,t0,p0,tpr_hx,Q_hx,pcc,v
dual,340,120,0.71,0.71,1330000.0,0.10800136451824692,25.2,345000.0,0.95,159000.0,True,0
P_hpfp,P_rv,p_hpfp
43081.16219802891,11284.393696256833,1889258.8614393128
Q,Q_phc
502303.16236009065,343303.16236009065
qm_cb,qm_phc/qm_t,qm_r,qm_v,qm,qm_pot
0.10800136451824692,0.002628160236370333,0.023693967154069965,0.01094822246432316,0.11062952475461725,0.0008600295481979272
number of iterations,31,Execution time: ,16.578498601913452
