architecture,t_cbt,t_hxt,eta_hpfp,eta_r,p_cbt,qm_cb0,t0,p0,tpr_hx,Q_hx,pcc,v
dual,340,150,0.71,0.71,1330000.0,0.10800136451824692,25.2,345000.0,0.95,159000.0,True,0
P_hpfp,P_rv,p_hpfp
43219.019059522405,21017.999531735906,1889258.8614393123
Q,Q_phc
492949.2880588218,333949.2880588218
qm_cb,qm_phc/qm_t,qm_r,qm_v,qm,qm_pot
0.10800136451824692,0.002619958764985395,0.04412957315423411,0.010971003841321474,0.11062132328323232,0.0009718935708580204
number of iterations,27,Execution time: ,14.290287256240845
