architecture,t_cbt,t_hxt,eta_hpfp,eta_r,p_cbt,qm_cb0,t0,p0,tpr_hx,Q_hx,pcc,v
dual,340,140,0.71,0.71,1330000.0,0.11,25.2,345000.0,0.95,149000.0,True,0
P_hpfp,P_rv,p_hpfp
43678.77415436537,17632.663249390585,1889366.2728249198
Q,Q_phc
502365.1404332729,353365.1404332729
qm_cb,qm_phc/qm_t,qm_r,qm_v,qm,m_z
0.11,0.0028933302528059736,0.036997509040844694,0.011092895633966818,0.11289333025280597,0.28933302528059734
number of iterations,21,Execution time: ,12.704089403152466
