architecture,t_cbt,t_hxt,eta_hpfp,eta_r,p_cbt,qm_cb0,t0,p0,tpr_hx,Q_hx,pcc,v
dual,340,150,0.71,0.71,1330000.0,0.11,25.2,345000.0,0.95,149000.0,True,0
P_hpfp,P_rv,p_hpfp
43714.140833119636,21274.90740527641,1889366.2728249198
Q,Q_phc
498632.9242255732,349632.9242255732
qm_cb,qm_phc/qm_t,qm_r,qm_v,qm,m_z
0.11,0.0028824462842950804,0.04463974097862444,0.011096697075910425,0.11288244628429508,0.28824462842950804
number of iterations,20,Execution time: ,12.298102855682373
