architecture,t_cbt,t_hxt,eta_hpfp,eta_r,p_cbt,qm_cb0,t0,p0,tpr_hx,Q_hx,pcc,v
dual,340,160,0.71,0.71,1330000.0,0.10800136451824692,25.2,345000.0,0.95,159000.0,True,0
P_hpfp,P_rv,p_hpfp
43144.5354090056,24990.44052474234,1889258.8614393123
Q,Q_phc
488089.69148810545,329089.69148810545
qm_cb,qm_phc/qm_t,qm_r,qm_v,qm,qm_pot
0.10800136451824692,0.002622564397525818,0.052465601975179466,0.010952075025265075,0.11062392891577273,0.0007766909314455364
number of iterations,27,Execution time: ,14.574076175689697
