architecture,t_cbt,t_hxt,eta_hpfp,eta_r,p_cbt,qm_cb0,t0,p0,tpr_hx,Q_hx,pcc,v
dual,340,130,0.71,0.71,1330000.0,0.10800136451824692,25.2,345000.0,0.95,159000.0,True,0
P_hpfp,P_rv,p_hpfp
43112.83796302414,14179.576922582592,1889258.8614393128
Q,Q_phc
499539.7172341187,340539.7172341187
qm_cb,qm_phc/qm_t,qm_r,qm_v,qm,qm_pot
0.10800136451824692,0.0026275648250132827,0.02977120941751181,0.010953888527579093,0.1106289293432602,0.0008933534718949769
number of iterations,30,Execution time: ,16.1798152923584
