architecture,t_cbt,t_hxt,eta_hpfp,eta_r,p_cbt,qm_cb0,t0,p0,tpr_hx,Q_hx,pcc,v
dual,340,110,0.71,0.71,1330000.0,0.11,25.2,345000.0,0.95,149000.0,True,0
P_hpfp,P_rv,p_hpfp
43588.00453662381,8835.59990653691,1889366.2728249198
Q,Q_phc
511340.71400775603,362340.71400775603
qm_cb,qm_phc/qm_t,qm_r,qm_v,qm,m_z
0.11,0.0029107711910524295,0.018539311575817317,0.01108260460773922,0.11291077119105243,0.2910771191052429
number of iterations,25,Execution time: ,15.551839590072632
