architecture,t_cbt,t_hxt,eta_hpfp,eta_r,p_cbt,qm_cb0,t0,p0,tpr_hx,Q_hx,pcc,v
dual,340,110,0.71,0.71,1330000.0,0.10800295595780073,25.2,345000.0,0.95,159000.0,True,0
P_hpfp,P_rv,p_hpfp
42719.43044679849,8649.184290118625,1889258.8614393128
Q,Q_phc
501042.52121099754,342042.52121099754
qm_cb,qm_phc/qm_t,qm_r,qm_v,qm
0.10800295595780073,0.0026338901934886,0.018160915375984864,0.010860320950906695,0.11063684615128933
number of iterations,33,Execution time: ,17.79325556755066
