architecture,t_cbt,t_hxt,eta_hpfp,eta_r,p_cbt,qm_cb0,t0,p0,tpr_hx,Q_hx,pcc,v
dual,340,110,0.71,0.71,1330000.0,0.10800136451824692,25.2,345000.0,0.95,159000.0,True,0
P_hpfp,P_rv,p_hpfp
43038.94749387273,8712.979853878385,1889258.8614393128
Q,Q_phc
504763.37773389777,345763.37773389777
qm_cb,qm_phc/qm_t,qm_r,qm_v,qm,qm_pot
0.10800136451824692,0.0026273334775563867,0.01829482843346758,0.010941295926488495,0.11062869799580331,0.0008301307323735137
number of iterations,33,Execution time: ,17.404388904571533
