architecture,t_cbt,t_hxt,eta_hpfp,eta_r,p_cbt,qm_cb0,t0,p0,tpr_hx,Q_hx,pcc,v
dual,340,180,0.71,0.71,1330000.0,0.10800295595780073,25.2,345000.0,0.95,159000.0,True,0
P_hpfp,P_rv,p_hpfp
42818.40881912616,34116.03575752423,1889258.8614393123
Q,Q_phc
475101.35932241403,316101.35932241403
qm_cb,qm_phc/qm_t,qm_r,qm_v,qm
0.10800295595780073,0.002558718728899914,0.07161623125447848,0.010869405769608383,0.11056167468670064
number of iterations,27,Execution time: ,15.29454255104065
