architecture,t_cbt,t_hxt,eta_hpfp,eta_r,p_cbt,qm_cb0,t0,p0,tpr_hx,Q_hx,pcc,v
dual,340,100,0.71,0.71,1330000.0,0.10998,25.2,345000.0,0.95,159000.0,True,0
P_hpfp,P_rv,p_hpfp
43531.06932194352,6507.936100387402,1889258.8614393128
Q,Q_phc
513147.3249944461,354147.3249944461
qm_cb,qm_phc/qm_t,qm_r,qm_v,qm,m_z
0.10998,0.002814901004141071,0.013665464397213131,0.011069446977880386,0.11279490100414107,0.28149010041410655
number of iterations,34,Execution time: ,23.485234260559082
