architecture,t_cbt,t_hxt,eta_hpfp,eta_r,p_cbt,qm_cb0,t0,p0,tpr_hx,Q_hx,pcc,v
dual,340,190,0.71,0.71,1330000.0,0.10800136451824692,25.2,345000.0,0.95,159000.0,True,0
P_hpfp,P_rv,p_hpfp
43187.84476948364,39905.63863194252,1889258.8614393123
Q,Q_phc
473699.8539856077,314699.8539856077
qm_cb,qm_phc/qm_t,qm_r,qm_v,qm,qm_pot
0.10800136451824692,0.0025660035079006736,0.08376551989467576,0.010963173758802562,0.1105673680261476,0.0009471449838878467
number of iterations,27,Execution time: ,13.0538170337677
