architecture,t_cbt,t_hxt,eta_hpfp,eta_r,p_cbt,qm_cb0,t0,p0,tpr_hx,Q_hx,pcc,v
dual,340,120,0.71,0.71,1330000.0,0.11,25.2,345000.0,0.95,149000.0,True,0
P_hpfp,P_rv,p_hpfp
43625.49435939919,11435.210489398576,1889366.2728249198
Q,Q_phc
508684.56333823653,359684.56333823653
qm_cb,qm_phc/qm_t,qm_r,qm_v,qm,m_z
0.11,0.0029070095303255585,0.023995374910869727,0.011087029794507456,0.11290700953032556,0.29070095303255583
number of iterations,23,Execution time: ,14.208911418914795
