architecture,t_cbt,t_hxt,eta_hpfp,eta_r,p_cbt,qm_cb0,t0,p0,tpr_hx,Q_hx,pcc,v
dual,340,180,0.71,0.71,1330000.0,0.10800136451824692,25.2,345000.0,0.95,159000.0,True,0
P_hpfp,P_rv,p_hpfp
43172.786282464964,34398.312806996255,1889258.8614393123
Q,Q_phc
479024.66194020584,320024.66194020584
qm_cb,qm_phc/qm_t,qm_r,qm_v,qm,qm_pot
0.10800136451824692,0.0025893604221366062,0.07220811551127683,0.010959316214183541,0.11059072494038352,0.0008842174968834815
number of iterations,27,Execution time: ,14.507360935211182
