architecture,t_cbt,t_hxt,eta_hpfp,eta_r,p_cbt,qm_cb0,t0,p0,tpr_hx,Q_hx,pcc,v
dual,340,170,0.71,0.71,1330000.0,0.10998,25.2,345000.0,0.95,159000.0,True,0
P_hpfp,P_rv,p_hpfp
43660.02987843215,29787.105152494445,1889258.8614393119
Q,Q_phc
489397.2279669842,330397.2279669842
qm_cb,qm_phc/qm_t,qm_r,qm_v,qm,m_z
0.10998,0.002746411804253876,0.06253264388362349,0.011082717670088983,0.11272641180425387,0.27464118042538815
number of iterations,26,Execution time: ,17.597628116607666
