architecture,t_cbt,t_hxt,eta_hpfp,eta_r,p_cbt,qm_cb0,t0,p0,tpr_hx,Q_hx,pcc,v
dual,340,170,0.71,0.71,1330000.0,0.10800136451824692,25.2,345000.0,0.95,159000.0,True,0
P_hpfp,P_rv,p_hpfp
43248.23052548131,29509.859918330712,1889258.8614393123
Q,Q_phc
484812.43271794665,325812.43271794665
qm_cb,qm_phc/qm_t,qm_r,qm_v,qm,qm_pot
0.10800136451824692,0.0026015038128753896,0.0619495564953209,0.010978496124184419,0.1106028683311223,0.0010672993668687865
number of iterations,27,Execution time: ,14.505657434463501
