architecture,t_cbt,t_hxt,eta_hpfp,eta_r,p_cbt,qm_cb0,t0,p0,tpr_hx,Q_hx,pcc,v
dual,340,180,0.71,0.71,1330000.0,0.10998,25.2,345000.0,0.95,159000.0,True,0
P_hpfp,P_rv,p_hpfp
43651.301610318485,34775.38208861475,1889258.8614393119
Q,Q_phc
484302.2445994371,325302.2445994371
qm_cb,qm_phc/qm_t,qm_r,qm_v,qm,m_z
0.10998,0.002723292554364626,0.07300075419308853,0.011080472799109637,0.11270329255436462,0.2723292554364628
number of iterations,26,Execution time: ,18.49391794204712
