architecture,t_cbt,t_hxt,eta_hpfp,eta_r,p_cbt,qm_cb0,t0,p0,tpr_hx,Q_hx,pcc,v
dual,340,140,0.71,0.71,1330000.0,0.10800136451824692,25.2,345000.0,0.95,159000.0,True,0
P_hpfp,P_rv,p_hpfp
43174.63355447233,17409.048356163406,1889258.8614393126
Q,Q_phc
496421.34095774975,337421.34095774975
qm_cb,qm_phc/qm_t,qm_r,qm_v,qm,qm_pot
0.10800136451824692,0.0026248709381254706,0.03655318508404569,0.010963526751863347,0.11062623545637239,0.0009306739003488965
number of iterations,28,Execution time: ,14.550523042678833
