architecture,t_cbt,t_hxt,eta_hpfp,eta_r,p_cbt,qm_cb0,t0,p0,tpr_hx,Q_hx,pcc,v
dual,340,160,0.71,0.71,1330000.0,0.10800295595780073,25.2,345000.0,0.95,159000.0,True,0
P_hpfp,P_rv,p_hpfp
42832.52745012016,24810.279390351927,1889258.8614393123
Q,Q_phc
484577.3110482232,325577.3110482232
qm_cb,qm_phc/qm_t,qm_r,qm_v,qm
0.10800295595780073,0.002595633116006399,0.052087902666876434,0.010873013540993142,0.11059858907380712
number of iterations,27,Execution time: ,13.487929105758667
