architecture,t_cbt,t_hxt,eta_hpfp,eta_r,p_cbt,qm_cb0,t0,p0,tpr_hx,Q_hx,pcc,v
dual,340,250,0.71,0.71,1330000.0,0.10800295595780073,25.2,345000.0,0.95,159000.0,True,0
P_hpfp,P_rv,p_hpfp
42683.53461487983,90233.69975589884,1889258.8614393123
Q,Q_phc
417374.4595924056,258374.4595924056
qm_cb,qm_phc/qm_t,qm_r,qm_v,qm
0.10800295595780073,0.0022094085682425185,0.18938586420138112,0.010835102621245925,0.11021236452604324
number of iterations,27,Execution time: ,14.740928888320923
