architecture,t_cbt,t_hxt,eta_hpfp,eta_r,p_cbt,qm_cb0,t0,p0,tpr_hx,Q_hx,pcc,v
dual,340,240,0.71,0.71,1330000.0,0.10800136451824692,25.2,345000.0,0.95,159000.0,True,0
P_hpfp,P_rv,p_hpfp
43275.08480212665,79744.7211720186,1889258.8614393123
Q,Q_phc
434914.6826750085,275914.6826750085
qm_cb,qm_phc/qm_t,qm_r,qm_v,qm,qm_pot
0.10800136451824692,0.0023396054962362156,0.16737208721801114,0.010985488157100494,0.11034097001448313,0.0014020926543238505
number of iterations,27,Execution time: ,14.847573041915894
