architecture,t_cbt,t_hxt,eta_hpfp,eta_r,p_cbt,qm_cb0,t0,p0,tpr_hx,Q_hx,pcc,v
dual,340,280,0.71,0.71,1330000.0,0.10800136451824692,25.2,345000.0,0.95,159000.0,True,0
P_hpfp,P_rv,p_hpfp
43450.275430943744,142245.71124435752,1889258.8614393123
Q,Q_phc
374512.87557190197,215512.87557190197
qm_cb,qm_phc/qm_t,qm_r,qm_v,qm,qm_pot
0.10800136451824692,0.0019067570460753677,0.298539231069235,0.011030131341510794,0.10990812156432228,0.0022904524174964733
number of iterations,27,Execution time: ,14.748149633407593
