architecture,t_cbt,t_hxt,eta_hpfp,eta_r,p_cbt,qm_cb0,t0,p0,tpr_hx,Q_hx,pcc,v
dual,340,210,0.71,0.71,1330000.0,0.10998,25.2,345000.0,0.95,159000.0,True,0
P_hpfp,P_rv,p_hpfp
43611.822171466316,53420.87049113268,1889258.8614393119
Q,Q_phc
465175.8394775822,306175.8394775822
qm_cb,qm_phc/qm_t,qm_r,qm_v,qm,m_z
0.10998,0.002619067664704322,0.11213003958902124,0.01107033570503087,0.11259906766470432,0.26190676647043176
number of iterations,26,Execution time: ,17.609347105026245
