architecture,t_cbt,t_hxt,eta_hpfp,eta_r,p_cbt,qm_cb0,t0,p0,tpr_hx,Q_hx,pcc,v
dual,340,280,0.71,0.71,1330000.0,0.10800136451824692,25.2,345000.0,0.95,159000.0,True,0
P_hpfp,P_rv,p_hpfp
43372.15017718045,141986.30406597833,1889258.8614393123
Q,Q_phc
373830.7319120833,214830.73191208328
qm_cb,qm_phc/qm_t,qm_r,qm_v,qm,qm_pot
0.10800136451824692,0.0018805776686082907,0.2979949682900946,0.011010170302372172,0.10988194218685521,0.0021124111709225875
number of iterations,27,Execution time: ,13.924530267715454
