architecture,t_cbt,t_hxt,eta_hpfp,eta_r,p_cbt,qm_cb0,t0,p0,tpr_hx,Q_hx,pcc,v
dual,340,230,0.71,0.71,1330000.0,0.10998,25.2,345000.0,0.95,159000.0,True,0
P_hpfp,P_rv,p_hpfp
43569.70752441768,70076.71425018499,1889258.8614393119
Q,Q_phc
448009.4522585619,289009.4522585619
qm_cb,qm_phc/qm_t,qm_r,qm_v,qm,m_z
0.10998,0.0025083813552125023,0.14708455054821074,0.01105954598756316,0.1124883813552125,0.25083813552125084
number of iterations,26,Execution time: ,18.392318725585938
