architecture,t_cbt,t_hxt,eta_hpfp,eta_r,p_cbt,qm_cb0,t0,p0,tpr_hx,Q_hx,pcc,v
dual,340,250,0.71,0.71,1330000.0,0.10998,25.2,345000.0,0.95,159000.0,True,0
P_hpfp,P_rv,p_hpfp
43507.56677262776,91960.97441535107,1889258.8614393119
Q,Q_phc
425376.2424687041,266376.2424687041
qm_cb,qm_phc/qm_t,qm_r,qm_v,qm,m_z
0.10998,0.002345936257063627,0.19301201226758147,0.01104366799873948,0.11232593625706362,0.23459362570636205
number of iterations,26,Execution time: ,18.153528213500977
