architecture,t_cbt,t_hxt,eta_hpfp,eta_r,p_cbt,qm_cb0,t0,p0,tpr_hx,Q_hx,pcc,v
dual,340,240,0.71,0.71,1330000.0,0.10998,25.2,345000.0,0.95,159000.0,True,0
P_hpfp,P_rv,p_hpfp
43541.72306770063,80220.0370561054,1889258.8614393119
Q,Q_phc
437528.1954563307,278528.1954563307
qm_cb,qm_phc/qm_t,qm_r,qm_v,qm,m_z
0.10998,0.002435095244638183,0.16837182396710224,0.011052389160505906,0.11241509524463818,0.24350952446381793
number of iterations,26,Execution time: ,19.22963237762451
