architecture,t_cbt,t_hxt,eta_hpfp,eta_r,p_cbt,qm_cb0,t0,p0,tpr_hx,Q_hx,pcc,v
dual,340,220,0.71,0.71,1330000.0,0.11,25.2,345000.0,0.95,149000.0,True,0
P_hpfp,P_rv,p_hpfp
43637.648100513106,61331.36064118053,1889366.2728249198
Q,Q_phc
457629.24976563983,308629.24976563983
qm_cb,qm_phc/qm_t,qm_r,qm_v,qm,m_z
0.11,0.0026773916171944335,0.12863352910842296,0.011076888952163839,0.11267739161719444,0.26773916171944334
number of iterations,20,Execution time: ,12.740317344665527
