architecture,t_cbt,t_hxt,eta_hpfp,eta_r,p_cbt,qm_cb0,t0,p0,tpr_hx,Q_hx,pcc,v
dual,340,230,0.71,0.71,1330000.0,0.10800295595780073,25.2,345000.0,0.95,159000.0,True,0
P_hpfp,P_rv,p_hpfp
42742.49033770388,68755.8352191341,1889258.8614393123
Q,Q_phc
439552.24650933297,280552.24650933297
qm_cb,qm_phc/qm_t,qm_r,qm_v,qm
0.10800295595780073,0.00236139659756357,0.1443114934606479,0.01085006304853505,0.1103643525553643
number of iterations,27,Execution time: ,14.543288707733154
