architecture,t_cbt,t_hxt,eta_hpfp,eta_r,p_cbt,qm_cb0,t0,p0,tpr_hx,Q_hx,pcc,v
dual,340,200,0.71,0.71,1330000.0,0.10800136451824692,25.2,345000.0,0.95,159000.0,True,0
P_hpfp,P_rv,p_hpfp
43203.57000350594,46053.43777479775,1889258.8614393123
Q,Q_phc
467742.4987733657,308742.4987733657
qm_cb,qm_phc/qm_t,qm_r,qm_v,qm,qm_pot
0.10800136451824692,0.0025370625325913465,0.09666712637774307,0.010967200592479921,0.11053842705083827,0.0010173774985318608
number of iterations,27,Execution time: ,14.515424251556396
