architecture,t_cbt,t_hxt,eta_hpfp,eta_r,p_cbt,qm_cb0,t0,p0,tpr_hx,Q_hx,pcc,v
dual,340,210,0.71,0.71,1330000.0,0.10800136451824692,25.2,345000.0,0.95,159000.0,True,0
P_hpfp,P_rv,p_hpfp
43312.51046210337,53063.30886474947,1889258.8614393123
Q,Q_phc
462038.35237567395,303038.35237567395
qm_cb,qm_phc/qm_t,qm_r,qm_v,qm,qm_pot
0.10800136451824692,0.002509770683417737,0.11137795149451767,0.010994965185607771,0.11051113520166465,0.00132799834030883
number of iterations,27,Execution time: ,14.677096605300903
