architecture,t_cbt,t_hxt,eta_hpfp,eta_r,p_cbt,qm_cb0,t0,p0,tpr_hx,Q_hx,pcc,v
dual,340,230,0.71,0.71,1330000.0,0.10800136451824692,25.2,345000.0,0.95,159000.0,True,0
P_hpfp,P_rv,p_hpfp
43347.68017477388,69733.57969159898,1889258.8614393123
Q,Q_phc
445793.47186480975,286793.47186480975
qm_cb,qm_phc/qm_t,qm_r,qm_v,qm,qm_pot
0.10800136451824692,0.002419907897962822,0.1463623848037424,0.011003965952916186,0.11042127241620975,0.0015101020414839048
number of iterations,27,Execution time: ,14.676864862442017
