architecture,t_cbt,t_hxt,eta_hpfp,eta_r,p_cbt,qm_cb0,t0,p0,tpr_hx,Q_hx,pcc,v
dual,340,260,0.71,0.71,1330000.0,0.10998,25.2,345000.0,0.95,159000.0,True,0
P_hpfp,P_rv,p_hpfp
43465.529975321566,105719.90013045204,1889258.8614393119
Q,Q_phc
411113.76264704356,252113.76264704356
qm_cb,qm_phc/qm_t,qm_r,qm_v,qm,m_z
0.10998,0.0022366653663004332,0.22188732221934854,0.011032956965522698,0.11221666536630043,0.2236665366300437
number of iterations,26,Execution time: ,18.821463346481323
