architecture,t_cbt,t_hxt,eta_hpfp,eta_r,p_cbt,qm_cb0,t0,p0,tpr_hx,Q_hx,pcc,v
dual,340,280,0.71,0.71,1330000.0,0.10800295595780073,25.2,345000.0,0.95,159000.0,True,0
P_hpfp,P_rv,p_hpfp
42529.45921735786,139230.48031001934,1889258.8614393123
Q,Q_phc
366577.86417965015,207577.86417965015
qm_cb,qm_phc/qm_t,qm_r,qm_v,qm
0.10800295595780073,0.0018180836263656797,0.29221271024578516,0.010796290803226244,0.1098210395841664
number of iterations,27,Execution time: ,14.752141237258911
