architecture,t_cbt,t_hxt,eta_hpfp,eta_r,p_cbt,qm_cb0,t0,p0,tpr_hx,Q_hx,pcc,v
dual,340,260,0.71,0.71,1330000.0,0.10800136451824692,25.2,345000.0,0.95,159000.0,True,0
P_hpfp,P_rv,p_hpfp
43405.811225295845,105600.00654422802,1889258.8614393123
Q,Q_phc
410627.3981179325,251627.3981179325
qm_cb,qm_phc/qm_t,qm_r,qm_v,qm,qm_pot
0.10800136451824692,0.002184107467870807,0.22163291996025752,0.011018816233419073,0.11018547198611772,0.0018978116012893045
number of iterations,27,Execution time: ,14.18516731262207
