architecture,t_cbt,t_hxt,eta_hpfp,eta_r,p_cbt,qm_cb0,t0,p0,tpr_hx,Q_hx,pcc,v
dual,340,240,0.71,0.71,1330000.0,0.10800136451824692,25.2,345000.0,0.95,159000.0,True,0
P_hpfp,P_rv,p_hpfp
43366.21665983812,79913.9464502073,1889258.8614393123
Q,Q_phc
435836.89553744777,276836.89553744777
qm_cb,qm_phc/qm_t,qm_r,qm_v,qm,qm_pot
0.10800136451824692,0.002357917969439874,0.16772718085606989,0.011008705847137095,0.1103592824876868,0.0016206251801713116
number of iterations,27,Execution time: ,14.90621566772461
