architecture,t_cbt,t_hxt,eta_hpfp,eta_r,p_cbt,qm_cb0,t0,p0,tpr_hx,Q_hx,pcc,v
dual,340,260,0.71,0.71,1330000.0,0.10800136451824692,25.2,345000.0,0.95,159000.0,True,0
P_hpfp,P_rv,p_hpfp
43318.75899276078,105386.2841791211,1889258.8614393123
Q,Q_phc
409796.99786534085,250796.99786534085
qm_cb,qm_phc/qm_t,qm_r,qm_v,qm,qm_pot
0.10800136451824692,0.002160603891864031,0.22118446545909462,0.010996622962290616,0.11016196841011094,0.0016947635932829319
number of iterations,27,Execution time: ,14.110792875289917
