architecture,t_cbt,t_hxt,eta_hpfp,eta_r,p_cbt,qm_cb0,t0,p0,tpr_hx,Q_hx,pcc,v
dual,340,220,0.71,0.71,1330000.0,0.10800136451824692,25.2,345000.0,0.95,159000.0,True,0
P_hpfp,P_rv,p_hpfp
43237.33242278983,60732.37333451825,1889258.8614393123
Q,Q_phc
453471.8342476768,294471.8342476768
qm_cb,qm_phc/qm_t,qm_r,qm_v,qm,qm_pot
0.10800136451824692,0.0024579458852770388,0.1274723293523559,0.010975840296460674,0.11045931040352396,0.0011850245609404916
number of iterations,27,Execution time: ,14.442573547363281
