architecture,t_cbt,t_hxt,eta_hpfp,eta_r,p_cbt,qm_cb0,t0,p0,tpr_hx,Q_hx,pcc,v
dual,340,240,0.71,0.71,1330000.0,0.10800295595780073,25.2,345000.0,0.95,159000.0,True,0
P_hpfp,P_rv,p_hpfp
42716.011196026375,78710.51314812971,1889258.8614393123
Q,Q_phc
429282.5184101516,270282.5184101516
qm_cb,qm_phc/qm_t,qm_r,qm_v,qm
0.10800295595780073,0.0022929951417023503,0.16520277779125694,0.010843337071195237,0.11029595109950308
number of iterations,27,Execution time: ,15.09482455253601
