architecture,t_cbt,t_hxt,eta_hpfp,eta_r,p_cbt,qm_cb0,t0,p0,tpr_hx,Q_hx,pcc,v
dual,340,280,0.71,0.71,1330000.0,0.10998,25.2,345000.0,0.95,159000.0,True,0
P_hpfp,P_rv,p_hpfp
43347.04429205664,141875.21605195178,1889258.8614393119
Q,Q_phc
373554.35733887495,214554.35733887495
qm_cb,qm_phc/qm_t,qm_r,qm_v,qm,m_z
0.10998,0.0019317241860742351,0.29776498521331757,0.011002914890667981,0.11191172418607423,0.19317241860742365
number of iterations,26,Execution time: ,19.392224550247192
