architecture,t_cbt,t_hxt,eta_hpfp,eta_r,p_cbt,qm_cb0,t0,p0,tpr_hx,Q_hx,pcc,v
dual,340,280,0.71,0.71,1330000.0,0.11,25.2,345000.0,0.95,149000.0,True,0
P_hpfp,P_rv,p_hpfp
43394.68824325113,142114.55232529904,1889366.2728249198
Q,Q_phc
373912.6448545527,224912.6448545527
qm_cb,qm_phc/qm_t,qm_r,qm_v,qm,m_z
0.11,0.0020411450683000152,0.29803552137051315,0.011014735816674951,0.11204114506830001,0.2041145068300015
number of iterations,20,Execution time: ,12.618268728256226
