architecture,t_cbt,t_hxt,eta_hpfp,eta_r,p_cbt,qm_cb0,t0,p0,tpr_hx,Q_hx,pcc,v
dual,340,250,0.71,0.71,1330000.0,0.10800136451824692,25.2,345000.0,0.95,159000.0,True,0
P_hpfp,P_rv,p_hpfp
43296.00651232721,91533.22187436842,1889258.8614393123
Q,Q_phc
423377.59141518763,264377.59141518763
qm_cb,qm_phc/qm_t,qm_r,qm_v,qm,qm_pot
0.10800136451824692,0.0022595851123194313,0.19211185438967765,0.010990826554221015,0.11026094963056635,0.0015366554938250154
number of iterations,27,Execution time: ,14.533198595046997
