architecture,t_cbt,t_hxt,eta_hpfp,eta_r,p_cbt,qm_cb0,t0,p0,tpr_hx,Q_hx,pcc,v
dual,340,210,0.71,0.71,1330000.0,0.10800136451824692,25.2,345000.0,0.95,159000.0,True,0
P_hpfp,P_rv,p_hpfp
43220.03155888531,52949.217406921955,1889258.8614393123
Q,Q_phc
461045.8932981356,302045.8932981356
qm_cb,qm_phc/qm_t,qm_r,qm_v,qm,qm_pot
0.10800136451824692,0.002501486686064436,0.11113855004566082,0.010971414158145136,0.11050285120431136,0.0010961408435920693
number of iterations,27,Execution time: ,14.739444732666016
