architecture,t_cbt,t_hxt,eta_hpfp,eta_r,p_cbt,qm_cb0,t0,p0,tpr_hx,Q_hx,pcc,v
dual,340,260,0.71,0.71,1330000.0,0.10800295595780073,25.2,345000.0,0.95,159000.0,True,0
P_hpfp,P_rv,p_hpfp
42643.38416487944,103738.50420220997,1889258.8614393123
Q,Q_phc
403396.30773663265,244396.30773663265
qm_cb,qm_phc/qm_t,qm_r,qm_v,qm
0.10800295595780073,0.0021065652691499986,0.21772770172255862,0.01082494645604324,0.11010952122695072
number of iterations,27,Execution time: ,14.737415790557861
