architecture,t_cbt,t_hxt,eta_hpfp,eta_r,p_cbt,qm_cb0,t0,p0,tpr_hx,Q_hx,pcc,v
dual,340,230,0.71,0.71,1330000.0,0.10800136451824692,25.2,345000.0,0.95,159000.0,True,0
P_hpfp,P_rv,p_hpfp
43255.61727688182,69584.3879491755,1889258.8614393123
Q,Q_phc
444840.4972355791,285840.4972355791
qm_cb,qm_phc/qm_t,qm_r,qm_v,qm,qm_pot
0.10800136451824692,0.002404731596484319,0.14604932839162613,0.010980515142244473,0.11040609611473123,0.0012860982262592273
number of iterations,27,Execution time: ,14.25393533706665
