architecture,t_cbt,t_hxt,eta_hpfp,eta_r,p_cbt,qm_cb0,t0,p0,tpr_hx,Q_hx,pcc,v
dual,350,190,0.71,0.71,1330000.0,0.11,25.2,345000.0,0.95,149000.0,True,0
P_hpfp,P_rv,p_hpfp
43620.921218657386,39241.80196275332,1889366.2728249198
Q,Q_phc
497725.793755505,348725.793755505
qm_cb,qm_phc/qm_t,qm_r,qm_v,qm,m_z
0.11,0.00296190448550283,0.07997909679859785,0.010757217305123391,0.11296190448550283,0.296190448550283
number of iterations,20,Execution time: ,12.378091096878052
