architecture,t_cbt,t_hxt,eta_hpfp,eta_r,p_cbt,qm_cb0,t0,p0,tpr_hx,Q_hx,pcc,v
dual,350,170,0.71,0.71,1330000.0,0.11,25.2,345000.0,0.95,149000.0,True,0
P_hpfp,P_rv,p_hpfp
43636.718637778955,29159.497753025138,1889366.2728249198
Q,Q_phc
508011.7638311231,359011.7638311231
qm_cb,qm_phc/qm_t,qm_r,qm_v,qm,m_z
0.11,0.003004609383958949,0.05943724199952096,0.010761203105086862,0.11300460938395895,0.3004609383958949
number of iterations,20,Execution time: ,12.840643405914307
