architecture,t_cbt,t_hxt,eta_hpfp,eta_r,p_cbt,qm_cb0,t0,p0,tpr_hx,Q_hx,pcc,v
dual,350,190,0.71,0.71,1330000.0,0.1078679379640257,25.2,345000.0,0.95,159000.0,True,0
P_hpfp,P_rv,p_hpfp
43061.97987564856,38715.24305432973,1889258.8614393123
Q,Q_phc
491345.622668061,332345.622668061
qm_cb,qm_phc/qm_t,qm_r,qm_v,qm,qm_pot
0.1078679379640257,0.0027101358925922885,0.07895570180559494,0.010619608003389387,0.110578073856618,0.0009309935532761855
number of iterations,27,Execution time: ,14.227769374847412
