architecture,t_cbt,t_hxt,eta_hpfp,eta_r,p_cbt,qm_cb0,t0,p0,tpr_hx,Q_hx,pcc,v
dual,350,160,0.71,0.71,1330000.0,0.10998,25.2,345000.0,0.95,159000.0,True,0
P_hpfp,P_rv,p_hpfp
43600.62563014664,24775.4579998401,1889258.8614393119
Q,Q_phc
511870.86787112785,352870.86787112785
qm_cb,qm_phc/qm_t,qm_r,qm_v,qm,m_z
0.10998,0.002915161877219616,0.05053593078361204,0.010752070146361932,0.11289516187721961,0.291516187721962
number of iterations,26,Execution time: ,18.1580810546875
