architecture,t_cbt,t_hxt,eta_hpfp,eta_r,p_cbt,qm_cb0,t0,p0,tpr_hx,Q_hx,pcc,v
dual,350,180,0.71,0.71,1330000.0,0.1078695851944048,25.2,345000.0,0.95,159000.0,True,0
P_hpfp,P_rv,p_hpfp
42698.356215553,33203.641982904,1889258.8614393123
Q,Q_phc
492385.0842121994,333385.0842121994
qm_cb,qm_phc/qm_t,qm_r,qm_v,qm
0.1078695851944048,0.002698616836658632,0.06771874702067102,0.01052993168631868,0.11056820203106343
number of iterations,27,Execution time: ,14.463481187820435
