architecture,t_cbt,t_hxt,eta_hpfp,eta_r,p_cbt,qm_cb0,t0,p0,tpr_hx,Q_hx,pcc,v
dual,350,180,0.71,0.71,1330000.0,0.1078679379640257,25.2,345000.0,0.95,159000.0,True,0
P_hpfp,P_rv,p_hpfp
43142.5083848495,33549.59172429169,1889258.8614393123
Q,Q_phc
497505.43993717595,338505.43993717595
qm_cb,qm_phc/qm_t,qm_r,qm_v,qm,qm_pot
0.1078679379640257,0.0027278802458419486,0.06842360748583198,0.010639502214492384,0.11059581820986765,0.0011223460395583921
number of iterations,27,Execution time: ,14.636515140533447
