architecture,t_cbt,t_hxt,eta_hpfp,eta_r,p_cbt,qm_cb0,t0,p0,tpr_hx,Q_hx,pcc,v
dual,350,190,0.71,0.71,1330000.0,0.10998,25.2,345000.0,0.95,159000.0,True,0
P_hpfp,P_rv,p_hpfp
43577.87579791553,39173.092453506,1889258.8614393119
Q,Q_phc
497184.9588226773,338184.9588226773
qm_cb,qm_phc/qm_t,qm_r,qm_v,qm,m_z
0.10998,0.002854647723814982,0.07989064838875892,0.010746381876193763,0.11283464772381498,0.2854647723814988
number of iterations,26,Execution time: ,17.694021463394165
