architecture,t_cbt,t_hxt,eta_hpfp,eta_r,p_cbt,qm_cb0,t0,p0,tpr_hx,Q_hx,pcc,v
dual,350,190,0.71,0.71,1330000.0,0.1078679379640257,25.2,345000.0,0.95,159000.0,True,0
P_hpfp,P_rv,p_hpfp
43158.71838622271,38802.8304268662,1889258.8614393123
Q,Q_phc
492455.7569821724,333455.7569821724
qm_cb,qm_phc/qm_t,qm_r,qm_v,qm,qm_pot
0.1078679379640257,0.0027121138650136388,0.0791342563363153,0.01064353823161602,0.11058005182903934,0.001180870921293827
number of iterations,27,Execution time: ,14.622983932495117
