architecture,t_cbt,t_hxt,eta_hpfp,eta_r,p_cbt,qm_cb0,t0,p0,tpr_hx,Q_hx,pcc,v
dual,350,110,0.71,0.71,1330000.0,0.11,25.2,345000.0,0.95,149000.0,True,0
P_hpfp,P_rv,p_hpfp
43519.59575373226,8734.518117632111,1889366.2728249198
Q,Q_phc
528799.1067042206,379799.10670422064
qm_cb,qm_phc/qm_t,qm_r,qm_v,qm,m_z
0.11,0.0030521445780335847,0.01780766232902832,0.010749551776413081,0.11305214457803359,0.3052144578033585
number of iterations,25,Execution time: ,14.980572938919067
