architecture,t_cbt,t_hxt,eta_hpfp,eta_r,p_cbt,qm_cb0,t0,p0,tpr_hx,Q_hx,pcc,v
dual,350,120,0.71,0.71,1330000.0,0.1078679379640257,25.2,345000.0,0.95,159000.0,True,0
P_hpfp,P_rv,p_hpfp
42871.12024907387,11103.267863670915,1889258.8614393128
Q,Q_phc
517873.4845225942,358873.4845225942
qm_cb,qm_phc/qm_t,qm_r,qm_v,qm,qm_pot
0.1078679379640257,0.002778630682518681,0.02265062967685487,0.010584097886654572,0.11064656864654439,0.0006144349370069445
number of iterations,31,Execution time: ,15.618696689605713
