architecture,t_cbt,t_hxt,eta_hpfp,eta_r,p_cbt,qm_cb0,t0,p0,tpr_hx,Q_hx,pcc,v
dual,350,140,0.71,0.71,1330000.0,0.11,25.2,345000.0,0.95,149000.0,True,0
P_hpfp,P_rv,p_hpfp
43610.83539293543,17346.1155357329,1889366.2728249198
Q,Q_phc
520032.0823869387,371032.0823869387
qm_cb,qm_phc/qm_t,qm_r,qm_v,qm,m_z
0.11,0.0030397880667746087,0.035364459813961274,0.010759841701842235,0.11303978806677462,0.30397880667746086
number of iterations,21,Execution time: ,12.832191467285156
