architecture,t_cbt,t_hxt,eta_hpfp,eta_r,p_cbt,qm_cb0,t0,p0,tpr_hx,Q_hx,pcc,v
dual,350,160,0.71,0.71,1330000.0,0.1078679379640257,25.2,345000.0,0.95,159000.0,True,0
P_hpfp,P_rv,p_hpfp
43111.43301285504,24501.04166242433,1889258.8614393123
Q,Q_phc
506163.3800626567,347163.3800626567
qm_cb,qm_phc/qm_t,qm_r,qm_v,qm,qm_pot
0.1078679379640257,0.0027473830050746516,0.04997519663400167,0.010631761449008527,0.11061532096910036,0.0010207985043423386
number of iterations,27,Execution time: ,14.089818000793457
