architecture,t_cbt,t_hxt,eta_hpfp,eta_r,p_cbt,qm_cb0,t0,p0,tpr_hx,Q_hx,pcc,v
dual,350,180,0.71,0.71,1330000.0,0.1078679379640257,25.2,345000.0,0.95,159000.0,True,0
P_hpfp,P_rv,p_hpfp
43046.784574986246,33474.63308800394,1889258.8614393123
Q,Q_phc
496395.52809973597,337395.52809973597
qm_cb,qm_phc/qm_t,qm_r,qm_v,qm,qm_pot
0.1078679379640257,0.002729891484186749,0.06827080047601494,0.010615825611161424,0.11059782944821245,0.0008711772682510563
number of iterations,27,Execution time: ,14.534641027450562
