architecture,t_cbt,t_hxt,eta_hpfp,eta_r,p_cbt,qm_cb0,t0,p0,tpr_hx,Q_hx,pcc,v
dual,350,180,0.71,0.71,1330000.0,0.11,25.2,345000.0,0.95,149000.0,True,0
P_hpfp,P_rv,p_hpfp
43629.6985805361,33949.49460500855,1889366.2728249198
Q,Q_phc
503131.1120000396,354131.1120000396
qm_cb,qm_phc/qm_t,qm_r,qm_v,qm,m_z
0.11,0.0029856028553379883,0.06919637122303825,0.010759430463184777,0.11298560285533799,0.2985602855337988
number of iterations,20,Execution time: ,12.295041799545288
