architecture,t_cbt,t_hxt,eta_hpfp,eta_r,p_cbt,qm_cb0,t0,p0,tpr_hx,Q_hx,pcc,v
dual,350,100,0.71,0.71,1330000.0,0.1078695851944048,25.2,345000.0,0.95,159000.0,True,0
P_hpfp,P_rv,p_hpfp
42574.36282587476,6310.974886888183,1889258.8614393128
Q,Q_phc
519712.45064413967,360712.45064413967
qm_cb,qm_phc/qm_t,qm_r,qm_v,qm
0.1078695851944048,0.0027590690251741157,0.012874992179567503,0.010517301789746091,0.11062865421957892
number of iterations,35,Execution time: ,19.005730152130127
