architecture,t_cbt,t_hxt,eta_hpfp,eta_r,p_cbt,qm_cb0,t0,p0,tpr_hx,Q_hx,pcc,v
dual,350,140,0.71,0.71,1330000.0,0.1078695851944048,25.2,345000.0,0.95,159000.0,True,0
P_hpfp,P_rv,p_hpfp
42687.07570046109,16961.34122496548,1889258.8614393126
Q,Q_phc
508891.9607519538,349891.9607519538
qm_cb,qm_phc/qm_t,qm_r,qm_v,qm
0.1078695851944048,0.0027478989743166538,0.03460067050434385,0.010530844281607823,0.11061748416872146
number of iterations,28,Execution time: ,15.496684074401855
