architecture,t_cbt,t_hxt,eta_hpfp,eta_r,p_cbt,qm_cb0,t0,p0,tpr_hx,Q_hx,pcc,v
dual,350,150,0.71,0.71,1330000.0,0.1078695851944048,25.2,345000.0,0.95,159000.0,True,0
P_hpfp,P_rv,p_hpfp
42714.15146300412,20427.47653338199,1889258.8614393123
Q,Q_phc
505358.6891609004,346358.6891609004
qm_cb,qm_phc/qm_t,qm_r,qm_v,qm
0.1078695851944048,0.0027401046396989953,0.0416704443173739,0.010533856182959647,0.1106096898341038
number of iterations,27,Execution time: ,14.61316466331482
