architecture,t_cbt,t_hxt,eta_hpfp,eta_r,p_cbt,qm_cb0,t0,p0,tpr_hx,Q_hx,pcc,v
dual,350,170,0.71,0.71,1330000.0,0.1078695851944048,25.2,345000.0,0.95,159000.0,True,0
P_hpfp,P_rv,p_hpfp
42705.007058359144,28518.45626496821,1889258.8614393123
Q,Q_phc
497153.3159255898,338153.3159255898
qm_cb,qm_phc/qm_t,qm_r,qm_v,qm
0.1078695851944048,0.002716068611371303,0.05816635030698576,0.010531583343068385,0.1105856538057761
number of iterations,27,Execution time: ,14.442477464675903
