architecture,t_cbt,t_hxt,eta_hpfp,eta_r,p_cbt,qm_cb0,t0,p0,tpr_hx,Q_hx,pcc,v
dual,350,130,0.71,0.71,1330000.0,0.11,25.2,345000.0,0.95,149000.0,True,0
P_hpfp,P_rv,p_hpfp
43581.43696416772,14153.759625130388,1889366.2728249198
Q,Q_phc
523285.59325368336,374285.59325368336
qm_cb,qm_phc/qm_t,qm_r,qm_v,qm,m_z
0.11,0.0030459237227932093,0.028856623439382136,0.010756632393080617,0.1130459237227932,0.3045923722793209
number of iterations,22,Execution time: ,13.2886962890625
