architecture,t_cbt,t_hxt,eta_hpfp,eta_r,p_cbt,qm_cb0,t0,p0,tpr_hx,Q_hx,pcc,v
dual,350,110,0.71,0.71,1330000.0,0.1078679379640257,25.2,345000.0,0.95,159000.0,True,0
P_hpfp,P_rv,p_hpfp
42917.05404126762,8603.212209129544,1889258.8614393128
Q,Q_phc
521338.4062801125,362338.4062801125
qm_cb,qm_phc/qm_t,qm_r,qm_v,qm,qm_pot
0.1078679379640257,0.002751840625452808,0.017550586479134243,0.010599080481297624,0.11061977858947851,0.0008378902544340632
number of iterations,33,Execution time: ,17.678431034088135
