architecture,t_cbt,t_hxt,eta_hpfp,eta_r,p_cbt,qm_cb0,t0,p0,tpr_hx,Q_hx,pcc,v
dual,350,140,0.71,0.71,1330000.0,0.10998,25.2,345000.0,0.95,159000.0,True,0
P_hpfp,P_rv,p_hpfp
43551.10734602969,17322.671419772225,1889258.8614393126
Q,Q_phc
519487.8099374031,360487.8099374031
qm_cb,qm_phc/qm_t,qm_r,qm_v,qm,m_z
0.10998,0.002937466148622808,0.03533520517546656,0.010746939034772349,0.1129174661486228,0.2937466148622812
number of iterations,28,Execution time: ,19.260693311691284
