architecture,t_cbt,t_hxt,eta_hpfp,eta_r,p_cbt,qm_cb0,t0,p0,tpr_hx,Q_hx,pcc,v
dual,350,170,0.71,0.71,1330000.0,0.1078679379640257,25.2,345000.0,0.95,159000.0,True,0
P_hpfp,P_rv,p_hpfp
43032.159902146224,28736.6711368366,1889258.8614393123
Q,Q_phc
500949.81893254345,341949.81893254345
qm_cb,qm_phc/qm_t,qm_r,qm_v,qm,qm_pot
0.1078679379640257,0.002745400124308243,0.05861085609257424,0.010612184082837012,0.11061333808833394,0.0008170874078591676
number of iterations,27,Execution time: ,14.089129209518433
