architecture,t_cbt,t_hxt,eta_hpfp,eta_r,p_cbt,qm_cb0,t0,p0,tpr_hx,Q_hx,pcc,v
dual,350,100,0.71,0.71,1330000.0,0.10998,25.2,345000.0,0.95,159000.0,True,0
P_hpfp,P_rv,p_hpfp
43462.38441004254,6442.220334646938,1889258.8614393128
Q,Q_phc
530542.6195951513,371542.6195951513
qm_cb,qm_phc/qm_t,qm_r,qm_v,qm,m_z
0.10998,0.0029541277597444765,0.013142768089697658,0.010736646299609518,0.11293412775974447,0.2954127759744479
number of iterations,34,Execution time: ,23.5322105884552
