architecture,t_cbt,t_hxt,eta_hpfp,eta_r,p_cbt,qm_cb0,t0,p0,tpr_hx,Q_hx,pcc,v
dual,350,100,0.71,0.71,1330000.0,0.11,25.2,345000.0,0.95,149000.0,True,0
P_hpfp,P_rv,p_hpfp
43505.78630390886,6452.263248926378,1889366.2728249198
Q,Q_phc
531098.7895590052,382098.7895590052
qm_cb,qm_phc/qm_t,qm_r,qm_v,qm,m_z
0.11,0.0030528296500255485,0.013156337903533136,0.010747935825154169,0.11305282965002555,0.30528296500255486
number of iterations,26,Execution time: ,15.816134691238403
