architecture,t_cbt,t_hxt,eta_hpfp,eta_r,p_cbt,qm_cb0,t0,p0,tpr_hx,Q_hx,pcc,v
dual,350,160,0.71,0.71,1330000.0,0.1078679379640257,25.2,345000.0,0.95,159000.0,True,0
P_hpfp,P_rv,p_hpfp
43018.104977084426,24447.63228916935,1889258.8614393123
Q,Q_phc
505062.2016284984,346062.2016284984
qm_cb,qm_phc/qm_t,qm_r,qm_v,qm,qm_pot
0.1078679379640257,0.002757269457265416,0.049866326360040944,0.010608683131847927,0.11062520742129112,0.0007681125669308055
number of iterations,27,Execution time: ,14.485957145690918
