architecture,t_cbt,t_hxt,eta_hpfp,eta_r,p_cbt,qm_cb0,t0,p0,tpr_hx,Q_hx,pcc,v
dual,350,140,0.71,0.71,1330000.0,0.1078679379640257,25.2,345000.0,0.95,159000.0,True,0
P_hpfp,P_rv,p_hpfp
43052.34167091372,17105.796408717324,1889258.8614393126
Q,Q_phc
513223.68754737993,354223.68754737993
qm_cb,qm_phc/qm_t,qm_r,qm_v,qm,qm_pot
0.1078679379640257,0.002754908702943329,0.03489497414243275,0.010620772362880705,0.11062284666696903,0.0009366089306064166
number of iterations,28,Execution time: ,14.827205419540405
