architecture,t_cbt,t_hxt,eta_hpfp,eta_r,p_cbt,qm_cb0,t0,p0,tpr_hx,Q_hx,pcc,v
dual,350,200,0.71,0.71,1330000.0,0.10998,25.2,345000.0,0.95,159000.0,True,0
P_hpfp,P_rv,p_hpfp
43566.53705511072,45025.43196063154,1889258.8614393119
Q,Q_phc
491189.39870593883,332189.39870593883
qm_cb,qm_phc/qm_t,qm_r,qm_v,qm,m_z
0.10998,0.0028245760395679553,0.09182302126243112,0.010743550978930098,0.11280457603956795,0.2824576039567961
number of iterations,26,Execution time: ,18.241737842559814
