architecture,t_cbt,t_hxt,eta_hpfp,eta_r,p_cbt,qm_cb0,t0,p0,tpr_hx,Q_hx,pcc,v
dual,350,220,0.71,0.71,1330000.0,0.11,25.2,345000.0,0.95,149000.0,True,0
P_hpfp,P_rv,p_hpfp
43580.72089682235,58912.25694939393,1889366.2728249198
Q,Q_phc
477540.65542641195,328540.65542641195
qm_cb,qm_phc/qm_t,qm_r,qm_v,qm,m_z
0.11,0.002853932272166238,0.12005742324361567,0.010747108787849406,0.11285393227216624,0.2853932272166238
number of iterations,20,Execution time: ,12.896118402481079
