architecture,t_cbt,t_hxt,eta_hpfp,eta_r,p_cbt,qm_cb0,t0,p0,tpr_hx,Q_hx,pcc,v
dual,350,230,0.71,0.71,1330000.0,0.1078679379640257,25.2,345000.0,0.95,159000.0,True,0
P_hpfp,P_rv,p_hpfp
43129.31916910395,66413.84886708953,1889258.8614393123
Q,Q_phc
464490.4612385637,305490.4612385637
qm_cb,qm_phc/qm_t,qm_r,qm_v,qm,qm_pot
0.1078679379640257,0.0025713451384455003,0.13543077333493456,0.010636354594088718,0.1104392831024712,0.001246990013290435
number of iterations,27,Execution time: ,14.524268388748169
