architecture,t_cbt,t_hxt,eta_hpfp,eta_r,p_cbt,qm_cb0,t0,p0,tpr_hx,Q_hx,pcc,v
dual,350,250,0.71,0.71,1330000.0,0.1078695851944048,25.2,345000.0,0.95,159000.0,True,0
P_hpfp,P_rv,p_hpfp
42582.14907840516,85149.41065733708,1889258.8614393123
Q,Q_phc
439000.5538816906,280000.5538816906
qm_cb,qm_phc/qm_t,qm_r,qm_v,qm
0.1078695851944048,0.002396075904438577,0.17363274786370747,0.010501185349775219,0.11026566109884338
number of iterations,27,Execution time: ,14.817512035369873
