architecture,t_cbt,t_hxt,eta_hpfp,eta_r,p_cbt,qm_cb0,t0,p0,tpr_hx,Q_hx,pcc,v
dual,350,270,0.71,0.71,1330000.0,0.1078695851944048,25.2,345000.0,0.95,159000.0,True,0
P_hpfp,P_rv,p_hpfp
42505.91262591759,111264.57715273043,1889258.8614393123
Q,Q_phc
411953.1917884522,252953.1917884522
qm_cb,qm_phc/qm_t,qm_r,qm_v,qm
0.1078695851944048,0.002199871341415943,0.22688070309555658,0.01048243375449104,0.11006945653582074
number of iterations,27,Execution time: ,15.46021819114685
