architecture,t_cbt,t_hxt,eta_hpfp,eta_r,p_cbt,qm_cb0,t0,p0,tpr_hx,Q_hx,pcc,v
dual,350,200,0.71,0.71,1330000.0,0.11,25.2,345000.0,0.95,149000.0,True,0
P_hpfp,P_rv,p_hpfp
43610.08998329773,45104.303775072534,1889366.2728249198
Q,Q_phc
491724.21342339925,342724.21342339925
qm_cb,qm_phc/qm_t,qm_r,qm_v,qm,m_z
0.11,0.0029327342229602017,0.09192373167659992,0.010754489870696425,0.1129327342229602,0.29327342229602016
number of iterations,20,Execution time: ,12.305480241775513
