architecture,t_cbt,t_hxt,eta_hpfp,eta_r,p_cbt,qm_cb0,t0,p0,tpr_hx,Q_hx,pcc,v
dual,350,250,0.71,0.71,1330000.0,0.11,25.2,345000.0,0.95,149000.0,True,0
P_hpfp,P_rv,p_hpfp
43508.457850939114,87044.28068950916,1889366.2728249198
Q,Q_phc
448491.4639170211,299491.4639170211
qm_cb,qm_phc/qm_t,qm_r,qm_v,qm,m_z
0.11,0.002661402529624965,0.1773774888898625,0.010729014467461998,0.11266140252962496,0.2661402529624965
number of iterations,20,Execution time: ,12.856043338775635
