architecture,t_cbt,t_hxt,eta_hpfp,eta_r,p_cbt,qm_cb0,t0,p0,tpr_hx,Q_hx,pcc,v
dual,350,250,0.71,0.71,1330000.0,0.10998,25.2,345000.0,0.95,159000.0,True,0
P_hpfp,P_rv,p_hpfp
43462.25415168065,86894.67887306961,1889258.8614393119
Q,Q_phc
448011.85357108293,289011.85357108293
qm_cb,qm_phc/qm_t,qm_r,qm_v,qm,m_z
0.10998,0.002549738619992123,0.17719246487579146,0.010717596586388184,0.11252973861999212,0.2549738619992118
number of iterations,26,Execution time: ,17.671656608581543
