architecture,t_cbt,t_hxt,eta_hpfp,eta_r,p_cbt,qm_cb0,t0,p0,tpr_hx,Q_hx,pcc,v
dual,350,280,0.71,0.71,1330000.0,0.1078695851944048,25.2,345000.0,0.95,159000.0,True,0
P_hpfp,P_rv,p_hpfp
42453.304064063246,127985.70753018293,1889258.8614393123
Q,Q_phc
394594.7526068619,235594.75260686188
qm_cb,qm_phc/qm_t,qm_r,qm_v,qm
0.1078695851944048,0.0020656382661467243,0.2609745097680098,0.010469548615107698,0.10993522346055153
number of iterations,27,Execution time: ,14.893540859222412
