architecture,t_cbt,t_hxt,eta_hpfp,eta_r,p_cbt,qm_cb0,t0,p0,tpr_hx,Q_hx,pcc,v
dual,350,260,0.71,0.71,1330000.0,0.1078695851944048,25.2,345000.0,0.95,159000.0,True,0
P_hpfp,P_rv,p_hpfp
42548.039764385096,97181.87000015288,1889258.8614393123
Q,Q_phc
426549.82082159107,267549.82082159107
qm_cb,qm_phc/qm_t,qm_r,qm_v,qm
0.1078695851944048,0.0023080584570096263,0.1981665219392473,0.01049278464398394,0.11017764365141443
number of iterations,27,Execution time: ,14.827537059783936
