architecture,t_cbt,t_hxt,eta_hpfp,eta_r,p_cbt,qm_cb0,t0,p0,tpr_hx,Q_hx,pcc,v
dual,350,270,0.71,0.71,1330000.0,0.11,25.2,345000.0,0.95,149000.0,True,0
P_hpfp,P_rv,p_hpfp
43429.349034691884,113727.84976006446,1889366.2728249198
Q,Q_phc
420814.23507738725,271814.23507738725
qm_cb,qm_phc/qm_t,qm_r,qm_v,qm,m_z
0.11,0.002452654773048279,0.2317468082894983,0.010709305286000748,0.11245265477304828,0.2452654773048279
number of iterations,20,Execution time: ,12.964653491973877
