architecture,t_cbt,t_hxt,eta_hpfp,eta_r,p_cbt,qm_cb0,t0,p0,tpr_hx,Q_hx,pcc,v
dual,350,270,0.71,0.71,1330000.0,0.1078679379640257,25.2,345000.0,0.95,159000.0,True,0
P_hpfp,P_rv,p_hpfp
43213.25501138561,113122.84838299417,1889258.8614393123
Q,Q_phc
418826.1926239873,259826.19262398733
qm_cb,qm_phc/qm_t,qm_r,qm_v,qm,qm_pot
0.1078679379640257,0.0022584155603650436,0.23066824551172765,0.010657168224615201,0.11012635352439075,0.0017795174960141568
number of iterations,27,Execution time: ,14.622843980789185
