architecture,t_cbt,t_hxt,eta_hpfp,eta_r,p_cbt,qm_cb0,t0,p0,tpr_hx,Q_hx,pcc,v
dual,350,270,0.71,0.71,1330000.0,0.10998,25.2,345000.0,0.95,159000.0,True,0
P_hpfp,P_rv,p_hpfp
43382.13274821309,113535.88754580436,1889258.8614393119
Q,Q_phc
420375.590758894,261375.590758894
qm_cb,qm_phc/qm_t,qm_r,qm_v,qm,m_z
0.10998,0.002340548176766974,0.23151330059560163,0.010697748279937181,0.11232054817676697,0.23405481767669803
number of iterations,26,Execution time: ,18.43163537979126
