architecture,t_cbt,t_hxt,eta_hpfp,eta_r,p_cbt,qm_cb0,t0,p0,tpr_hx,Q_hx,pcc,v
dual,350,260,0.71,0.71,1330000.0,0.1078679379640257,25.2,345000.0,0.95,159000.0,True,0
P_hpfp,P_rv,p_hpfp
43189.91262934833,98654.47026133921,1889258.8614393123
Q,Q_phc
433005.1712670644,274005.1712670644
qm_cb,qm_phc/qm_t,qm_r,qm_v,qm,qm_pot
0.1078679379640257,0.0023624899714592053,0.20116778961728793,0.010651390409602834,0.1102304279354849,0.0016145947807822498
number of iterations,27,Execution time: ,14.5252525806427
