architecture,t_cbt,t_hxt,eta_hpfp,eta_r,p_cbt,qm_cb0,t0,p0,tpr_hx,Q_hx,pcc,v
dual,350,220,0.71,0.71,1330000.0,0.1078679379640257,25.2,345000.0,0.95,159000.0,True,0
P_hpfp,P_rv,p_hpfp
43111.34756185821,58246.891466761444,1889258.8614393123
Q,Q_phc
472432.6253609003,313432.6253609003
qm_cb,qm_phc/qm_t,qm_r,qm_v,qm,qm_pot
0.1078679379640257,0.0026172613617520936,0.11877889833837266,0.010631888049247253,0.1104851993257778,0.0011538404853606047
number of iterations,27,Execution time: ,13.32296872138977
