architecture,t_cbt,t_hxt,eta_hpfp,eta_r,p_cbt,qm_cb0,t0,p0,tpr_hx,Q_hx,pcc,v
dual,350,210,0.71,0.71,1330000.0,0.1078679379640257,25.2,345000.0,0.95,159000.0,True,0
P_hpfp,P_rv,p_hpfp
43094.199800347065,51000.20968852468,1889258.8614393123
Q,Q_phc
479464.5918110521,320464.5918110521
qm_cb,qm_phc/qm_t,qm_r,qm_v,qm,qm_pot
0.1078679379640257,0.0026548164834656806,0.10400348921532372,0.010627624177552902,0.11052275444749138,0.0010711731558782575
number of iterations,27,Execution time: ,14.73455262184143
