architecture,t_cbt,t_hxt,eta_hpfp,eta_r,p_cbt,qm_cb0,t0,p0,tpr_hx,Q_hx,pcc,v
dual,350,200,0.71,0.71,1330000.0,0.1078695851944048,25.2,345000.0,0.95,159000.0,True,0
P_hpfp,P_rv,p_hpfp
42679.68345642019,44115.13086037432,1889258.8614393123
Q,Q_phc
481240.9375782019,322240.9375782019
qm_cb,qm_phc/qm_t,qm_r,qm_v,qm
0.1078695851944048,0.0026497169688063094,0.08996607693485796,0.010525299112452393,0.11051930216321111
number of iterations,27,Execution time: ,14.322746515274048
