architecture,t_cbt,t_hxt,eta_hpfp,eta_r,p_cbt,qm_cb0,t0,p0,tpr_hx,Q_hx,pcc,v
dual,350,220,0.71,0.71,1330000.0,0.1078695851944048,25.2,345000.0,0.95,159000.0,True,0
P_hpfp,P_rv,p_hpfp
42651.58286692495,57623.27871613693,1889258.8614393123
Q,Q_phc
467383.79436764144,308383.79436764144
qm_cb,qm_phc/qm_t,qm_r,qm_v,qm
0.1078695851944048,0.0025763476773967287,0.11750820789650306,0.01051833791717038,0.11044593287180153
number of iterations,27,Execution time: ,14.244601726531982
