architecture,t_cbt,t_hxt,eta_hpfp,eta_r,p_cbt,qm_cb0,t0,p0,tpr_hx,Q_hx,pcc,v
dual,350,230,0.71,0.71,1330000.0,0.10998,25.2,345000.0,0.95,159000.0,True,0
P_hpfp,P_rv,p_hpfp
43516.019302810084,66995.68400597923,1889258.8614393119
Q,Q_phc
468583.5135029061,309583.5135029061
qm_cb,qm_phc/qm_t,qm_r,qm_v,qm,m_z
0.10998,0.0026910757810062608,0.13661906587144448,0.010730960928901037,0.11267107578100626,0.269107578100626
number of iterations,26,Execution time: ,18.650681018829346
