architecture,t_cbt,t_hxt,eta_hpfp,eta_r,p_cbt,qm_cb0,t0,p0,tpr_hx,Q_hx,pcc,v
dual,350,220,0.71,0.71,1330000.0,0.1078679379640257,25.2,345000.0,0.95,159000.0,True,0
P_hpfp,P_rv,p_hpfp
43209.89632350567,58381.018037196685,1889258.8614393123
Q,Q_phc
473519.46444697585,314519.46444697585
qm_cb,qm_phc/qm_t,qm_r,qm_v,qm,qm_pot
0.1078679379640257,0.0026310047859738595,0.11905233553533233,0.010656273625171126,0.11049894274999957,0.00139682705076122
number of iterations,27,Execution time: ,14.324897766113281
