architecture,t_cbt,t_hxt,eta_hpfp,eta_r,p_cbt,qm_cb0,t0,p0,tpr_hx,Q_hx,pcc,v
dual,350,260,0.71,0.71,1330000.0,0.1078679379640257,25.2,345000.0,0.95,159000.0,True,0
P_hpfp,P_rv,p_hpfp
43285.32251874573,98874.2833654561,1889258.8614393123
Q,Q_phc
433969.21920829715,274969.21920829715
qm_cb,qm_phc/qm_t,qm_r,qm_v,qm,qm_pot
0.1078679379640257,0.0023895994234188764,0.20161591284868732,0.010675015521854566,0.11025753738744458,0.0018363853857542984
number of iterations,27,Execution time: ,15.279902935028076
