architecture,t_cbt,t_hxt,eta_hpfp,eta_r,p_cbt,qm_cb0,t0,p0,tpr_hx,Q_hx,pcc,v
dual,350,230,0.71,0.71,1330000.0,0.11,25.2,345000.0,0.95,149000.0,True,0
P_hpfp,P_rv,p_hpfp
43561.15213085934,67112.1956946894,1889366.2728249198
Q,Q_phc
469091.4332957134,320091.4332957134
qm_cb,qm_phc/qm_t,qm_r,qm_v,qm,m_z
0.11,0.0028016174833333566,0.13676500173881515,0.010742200126620765,0.11280161748333335,0.2801617483333356
number of iterations,20,Execution time: ,12.717415809631348
