architecture,t_cbt,t_hxt,eta_hpfp,eta_r,p_cbt,qm_cb0,t0,p0,tpr_hx,Q_hx,pcc,v
dual,350,200,0.71,0.71,1330000.0,0.1078679379640257,25.2,345000.0,0.95,159000.0,True,0
P_hpfp,P_rv,p_hpfp
43077.76898100723,44527.58207809531,1889258.8614393123
Q,Q_phc
485731.30405655375,326731.30405655375
qm_cb,qm_phc/qm_t,qm_r,qm_v,qm,qm_pot
0.1078679379640257,0.002685406369648642,0.09080640998787136,0.01062353695145616,0.11055334433367435,0.0009973227089965693
number of iterations,27,Execution time: ,15.189747095108032
