architecture,t_cbt,t_hxt,eta_hpfp,eta_r,p_cbt,qm_cb0,t0,p0,tpr_hx,Q_hx,pcc,v
dual,350,210,0.71,0.71,1330000.0,0.10998,25.2,345000.0,0.95,159000.0,True,0
P_hpfp,P_rv,p_hpfp
43552.76993387552,51533.86951549266,1889258.8614393119
Q,Q_phc
484507.36558721605,325507.36558721605
qm_cb,qm_phc/qm_t,qm_r,qm_v,qm,m_z
0.10998,0.0027881220080404473,0.10509323973508292,0.01074011652513678,0.11276812200804044,0.27881220080404434
number of iterations,26,Execution time: ,17.957379579544067
