architecture,t_cbt,t_hxt,eta_hpfp,eta_r,p_cbt,qm_cb0,t0,p0,tpr_hx,Q_hx,pcc,v
dual,350,270,0.71,0.71,1330000.0,0.1078679379640257,25.2,345000.0,0.95,159000.0,True,0
P_hpfp,P_rv,p_hpfp
43306.01563578358,113367.99909275596,1889258.8614393123
Q,Q_phc
419733.1125431635,260733.11254316347
qm_cb,qm_phc/qm_t,qm_r,qm_v,qm,qm_pot
0.1078679379640257,0.0022878874177427646,0.23116801603621928,0.01068014720859709,0.11015582538176846,0.0019922449737498713
number of iterations,27,Execution time: ,15.022117853164673
