architecture,t_cbt,t_hxt,eta_hpfp,eta_r,p_cbt,qm_cb0,t0,p0,tpr_hx,Q_hx,pcc,v
dual,350,230,0.71,0.71,1330000.0,0.1078695851944048,25.2,345000.0,0.95,159000.0,True,0
P_hpfp,P_rv,p_hpfp
42632.81058708557,65645.9008112235,1889258.8614393123
Q,Q_phc
459128.7138475986,300128.7138475986
qm_cb,qm_phc/qm_t,qm_r,qm_v,qm
0.1078695851944048,0.002527467229144348,0.1338659003749033,0.010513693833865247,0.11039705242354915
number of iterations,27,Execution time: ,14.657718658447266
