architecture,t_cbt,t_hxt,eta_hpfp,eta_r,p_cbt,qm_cb0,t0,p0,tpr_hx,Q_hx,pcc,v
dual,350,200,0.71,0.71,1330000.0,0.1078679379640257,25.2,345000.0,0.95,159000.0,True,0
P_hpfp,P_rv,p_hpfp
43175.349158879675,44629.16629969218,1889258.8614393123
Q,Q_phc
486838.13927774556,327838.13927774556
qm_cb,qm_phc/qm_t,qm_r,qm_v,qm,qm_pot
0.1078679379640257,0.00269136440227012,0.09101350103590997,0.010647677898718795,0.11055930236629583,0.0012454651730768752
number of iterations,27,Execution time: ,14.571367740631104
