architecture,t_cbt,t_hxt,eta_hpfp,eta_r,p_cbt,qm_cb0,t0,p0,tpr_hx,Q_hx,pcc,v
dual,360,170,0.71,0.71,1330000.0,0.10998,25.2,345000.0,0.95,159000.0,True,0
P_hpfp,P_rv,p_hpfp
43536.52163558122,28497.68559929029,1889258.8614393119
Q,Q_phc
525463.0270117765,366463.02701177646
qm_cb,qm_phc/qm_t,qm_r,qm_v,qm,m_z
0.10998,0.003051621432256693,0.05651783596775236,0.010439132981278812,0.11303162143225669,0.30516214322566965
number of iterations,26,Execution time: ,19.143483638763428
