architecture,t_cbt,t_hxt,eta_hpfp,eta_r,p_cbt,qm_cb0,t0,p0,tpr_hx,Q_hx,pcc,v
dual,360,180,0.71,0.71,1330000.0,0.11,25.2,345000.0,0.95,149000.0,True,0
P_hpfp,P_rv,p_hpfp
43572.38795430258,33153.65842971734,1889366.2728249198
Q,Q_phc
521353.17823865806,372353.17823865806
qm_cb,qm_phc/qm_t,qm_r,qm_v,qm,m_z
0.11,0.0031420102487455183,0.06571140792048451,0.010448030680221026,0.11314201024874553,0.3142010248745518
number of iterations,20,Execution time: ,12.629791259765625
