architecture,t_cbt,t_hxt,eta_hpfp,eta_r,p_cbt,qm_cb0,t0,p0,tpr_hx,Q_hx,pcc,v
dual,360,160,0.71,0.71,1330000.0,0.10998,25.2,345000.0,0.95,159000.0,True,0
P_hpfp,P_rv,p_hpfp
43541.49315273034,24310.205669530435,1889258.8614393119
Q,Q_phc
529715.9114955119,370715.9114955119
qm_cb,qm_phc/qm_t,qm_r,qm_v,qm,m_z
0.10998,0.0030649348351869665,0.0482163076125313,0.010440344107124105,0.11304493483518696,0.30649348351869654
number of iterations,26,Execution time: ,18.41158103942871
