architecture,t_cbt,t_hxt,eta_hpfp,eta_r,p_cbt,qm_cb0,t0,p0,tpr_hx,Q_hx,pcc,v
dual,360,180,0.71,0.71,1330000.0,0.107735090122824,25.2,345000.0,0.95,159000.0,True,0
P_hpfp,P_rv,p_hpfp
42928.70445410096,32645.15119735592,1889258.8614393123
Q,Q_phc
513634.5010736579,354634.5010736579
qm_cb,qm_phc/qm_t,qm_r,qm_v,qm,qm_pot
0.107735090122824,0.002869149918908672,0.06473878811298324,0.010293811252401383,0.11060424004173268,0.0008593318458368366
number of iterations,27,Execution time: ,14.47266697883606
