architecture,t_cbt,t_hxt,eta_hpfp,eta_r,p_cbt,qm_cb0,t0,p0,tpr_hx,Q_hx,pcc,v
dual,360,140,0.71,0.71,1330000.0,0.11,25.2,345000.0,0.95,149000.0,True,0
P_hpfp,P_rv,p_hpfp
43550.2519630544,17085.732715633247,1889366.2728249198
Q,Q_phc
537676.5757413447,388676.5757413447
qm_cb,qm_phc/qm_t,qm_r,qm_v,qm,m_z
0.11,0.003186105847909318,0.0338732462908843,0.01044756833849248,0.11318610584790932,0.3186105847909318
number of iterations,21,Execution time: ,12.754856824874878
