architecture,t_cbt,t_hxt,eta_hpfp,eta_r,p_cbt,qm_cb0,t0,p0,tpr_hx,Q_hx,pcc,v
dual,360,100,0.71,0.71,1330000.0,0.10773678901529868,25.2,345000.0,0.95,159000.0,True,0
P_hpfp,P_rv,p_hpfp
42457.943817580715,6243.811505658849,1889258.8614393128
Q,Q_phc
536040.5136650613,377040.5136650613
qm_cb,qm_phc/qm_t,qm_r,qm_v,qm
0.10773678901529868,0.0028819101106633827,0.012385857396059421,0.010198134832806596,0.11061869912596206
number of iterations,35,Execution time: ,18.04014563560486
