architecture,t_cbt,t_hxt,eta_hpfp,eta_r,p_cbt,qm_cb0,t0,p0,tpr_hx,Q_hx,pcc,v
dual,360,120,0.71,0.71,1330000.0,0.11,25.2,345000.0,0.95,149000.0,True,0
P_hpfp,P_rv,p_hpfp
43495.98735956546,11153.816941122177,1889366.2728249198
Q,Q_phc
543697.9916847874,394697.99168478744
qm_cb,qm_phc/qm_t,qm_r,qm_v,qm,m_z
0.11,0.003192693312035588,0.02211440961543642,0.010441589329028535,0.11319269331203559,0.31926933120355877
number of iterations,23,Execution time: ,14.147054433822632
