architecture,t_cbt,t_hxt,eta_hpfp,eta_r,p_cbt,qm_cb0,t0,p0,tpr_hx,Q_hx,pcc,v
dual,360,130,0.71,0.71,1330000.0,0.107735090122824,25.2,345000.0,0.95,159000.0,True,0
P_hpfp,P_rv,p_hpfp
42876.72861551251,13754.717341823816,1889258.8614393128
Q,Q_phc
532901.5514993889,373901.5514993889
qm_cb,qm_phc/qm_t,qm_r,qm_v,qm,qm_pot
0.107735090122824,0.0028828633553762703,0.027282264172470108,0.010290306553977856,0.11061795347820028,0.0009070323644031202
number of iterations,30,Execution time: ,15.654614448547363
