architecture,t_cbt,t_hxt,eta_hpfp,eta_r,p_cbt,qm_cb0,t0,p0,tpr_hx,Q_hx,pcc,v
dual,360,120,0.71,0.71,1330000.0,0.10773678901529868,25.2,345000.0,0.95,159000.0,True,0
P_hpfp,P_rv,p_hpfp
42508.14162376731,10895.211604015352,1889258.8614393128
Q,Q_phc
531341.0396074161,372341.03960741614
qm_cb,qm_phc/qm_t,qm_r,qm_v,qm
0.10773678901529868,0.002882311889692263,0.02161189109903119,0.010204238017778063,0.11061910090499094
number of iterations,31,Execution time: ,17.08271074295044
