architecture,t_cbt,t_hxt,eta_hpfp,eta_r,p_cbt,qm_cb0,t0,p0,tpr_hx,Q_hx,pcc,v
dual,360,180,0.71,0.71,1330000.0,0.107735090122824,25.2,345000.0,0.95,159000.0,True,0
P_hpfp,P_rv,p_hpfp
43029.29684445328,32722.200353333486,1889258.8614393123
Q,Q_phc
514844.8657473327,355844.8657473327
qm_cb,qm_phc/qm_t,qm_r,qm_v,qm,qm_pot
0.107735090122824,0.002867948532979553,0.06489151328409327,0.010318005415954436,0.11060303865580356,0.0011231094992578462
number of iterations,27,Execution time: ,14.483694553375244
