architecture,t_cbt,t_hxt,eta_hpfp,eta_r,p_cbt,qm_cb0,t0,p0,tpr_hx,Q_hx,pcc,v
dual,360,160,0.71,0.71,1330000.0,0.107735090122824,25.2,345000.0,0.95,159000.0,True,0
P_hpfp,P_rv,p_hpfp
42899.528224883994,23955.46575946012,1889258.8614393123
Q,Q_phc
521945.16424028436,362945.16424028436
qm_cb,qm_phc/qm_t,qm_r,qm_v,qm,qm_pot
0.107735090122824,0.0028910387210358407,0.04751179369652379,0.010286745362710044,0.11062612884385985,0.000760222036261249
number of iterations,27,Execution time: ,14.484214544296265
