architecture,t_cbt,t_hxt,eta_hpfp,eta_r,p_cbt,qm_cb0,t0,p0,tpr_hx,Q_hx,pcc,v
dual,360,190,0.71,0.71,1330000.0,0.107735090122824,25.2,345000.0,0.95,159000.0,True,0
P_hpfp,P_rv,p_hpfp
43045.92218786082,37742.210114399146,1889258.8614393123
Q,Q_phc
510040.72406167217,351040.72406167217
qm_cb,qm_phc/qm_t,qm_r,qm_v,qm,qm_pot
0.107735090122824,0.002855793278769731,0.07484370995886047,0.01032203077427743,0.11059088340159373,0.001179246727934618
number of iterations,27,Execution time: ,14.455669641494751
