architecture,t_cbt,t_hxt,eta_hpfp,eta_r,p_cbt,qm_cb0,t0,p0,tpr_hx,Q_hx,pcc,v
dual,360,130,0.71,0.71,1330000.0,0.11,25.2,345000.0,0.95,149000.0,True,0
P_hpfp,P_rv,p_hpfp
43520.61118160952,13964.494610656937,1889366.2728249198
Q,Q_phc
540850.3273164452,391850.3273164452
qm_cb,qm_phc/qm_t,qm_r,qm_v,qm,m_z
0.11,0.0031903897133384674,0.0276858164742048,0.01044433530151963,0.11319038971333847,0.31903897133384673
number of iterations,22,Execution time: ,13.684983015060425
