architecture,t_cbt,t_hxt,eta_hpfp,eta_r,p_cbt,qm_cb0,t0,p0,tpr_hx,Q_hx,pcc,v
dual,360,160,0.71,0.71,1330000.0,0.107735090122824,25.2,345000.0,0.95,159000.0,True,0
P_hpfp,P_rv,p_hpfp
42997.328895774175,24010.472369400457,1889258.8614393123
Q,Q_phc
523141.1374923275,364141.1374923275
qm_cb,qm_phc/qm_t,qm_r,qm_v,qm,qm_pot
0.107735090122824,0.002881460144124106,0.04762081910713531,0.010310262021470172,0.11061655026694811,0.0010249563559090852
number of iterations,27,Execution time: ,14.33579969406128
