architecture,t_cbt,t_hxt,eta_hpfp,eta_r,p_cbt,qm_cb0,t0,p0,tpr_hx,Q_hx,pcc,v
dual,360,130,0.71,0.71,1330000.0,0.10998,25.2,345000.0,0.95,159000.0,True,0
P_hpfp,P_rv,p_hpfp
43470.48645179085,13944.26280018285,1889258.8614393128
Q,Q_phc
540275.2872568096,381275.28725680965
qm_cb,qm_phc/qm_t,qm_r,qm_v,qm,m_z
0.10998,0.0030880948267025116,0.02765865131466264,0.010432794910307543,0.1130680948267025,0.3088094826702514
number of iterations,29,Execution time: ,20.236161708831787
