architecture,t_cbt,t_hxt,eta_hpfp,eta_r,p_cbt,qm_cb0,t0,p0,tpr_hx,Q_hx,pcc,v
dual,360,150,0.71,0.71,1330000.0,0.107735090122824,25.2,345000.0,0.95,159000.0,True,0
P_hpfp,P_rv,p_hpfp
42885.77362721906,20193.207525688038,1889258.8614393123
Q,Q_phc
525528.5036885939,366528.50368859386
qm_cb,qm_phc/qm_t,qm_r,qm_v,qm,qm_pot
0.107735090122824,0.0028975137508777432,0.040053438816720716,0.010283412237079603,0.11063260387370175,0.000717297992677539
number of iterations,27,Execution time: ,14.970272541046143
