architecture,t_cbt,t_hxt,eta_hpfp,eta_r,p_cbt,qm_cb0,t0,p0,tpr_hx,Q_hx,pcc,v
dual,360,130,0.71,0.71,1330000.0,0.10773678901529868,25.2,345000.0,0.95,159000.0,True,0
P_hpfp,P_rv,p_hpfp
42525.80387313668,13643.020655761948,1889258.8614393128
Q,Q_phc
528566.2196120734,369566.2196120734
qm_cb,qm_phc/qm_t,qm_r,qm_v,qm
0.10773678901529868,0.0028805433491766452,0.02706089451407943,0.010206298018010884,0.11061733236447532
number of iterations,30,Execution time: ,15.737206220626831
