architecture,t_cbt,t_hxt,eta_hpfp,eta_r,p_cbt,qm_cb0,t0,p0,tpr_hx,Q_hx,pcc,v
dual,360,190,0.71,0.71,1330000.0,0.107735090122824,25.2,345000.0,0.95,159000.0,True,0
P_hpfp,P_rv,p_hpfp
42944.08642466536,37652.270972953294,1889258.8614393123
Q,Q_phc
508827.0088414191,349827.0088414191
qm_cb,qm_phc/qm_t,qm_r,qm_v,qm,qm_pot
0.107735090122824,0.0028527333274242623,0.07466543127508131,0.010297534750259548,0.11058782345024827,0.0009164228916770678
number of iterations,27,Execution time: ,14.465136289596558
