architecture,t_cbt,t_hxt,eta_hpfp,eta_r,p_cbt,qm_cb0,t0,p0,tpr_hx,Q_hx,pcc,v
dual,360,110,0.71,0.71,1330000.0,0.107735090122824,25.2,345000.0,0.95,159000.0,True,0
P_hpfp,P_rv,p_hpfp
42802.784607221874,8502.101709625787,1889258.8614393128
Q,Q_phc
537866.7122754571,378866.7122754571
qm_cb,qm_phc/qm_t,qm_r,qm_v,qm,qm_pot
0.107735090122824,0.0028757597591185513,0.016864873993382552,0.010278212380053482,0.11061084988194256,0.0008457682807991445
number of iterations,33,Execution time: ,17.755080699920654
