architecture,t_cbt,t_hxt,eta_hpfp,eta_r,p_cbt,qm_cb0,t0,p0,tpr_hx,Q_hx,pcc,v
dual,360,170,0.71,0.71,1330000.0,0.10773678901529868,25.2,345000.0,0.95,159000.0,True,0
P_hpfp,P_rv,p_hpfp
42591.18320976925,27883.44138819898,1889258.8614393123
Q,Q_phc
514108.3739718668,355108.3739718668
qm_cb,qm_phc/qm_t,qm_r,qm_v,qm
0.10773678901529868,0.002851780107353666,0.05529917616151733,0.010212906885923112,0.11058856912265234
number of iterations,27,Execution time: ,14.663520812988281
