architecture,t_cbt,t_hxt,eta_hpfp,eta_r,p_cbt,qm_cb0,t0,p0,tpr_hx,Q_hx,pcc,v
dual,360,120,0.71,0.71,1330000.0,0.107735090122824,25.2,345000.0,0.95,159000.0,True,0
P_hpfp,P_rv,p_hpfp
42844.815215448485,10980.626438148085,1889258.8614393128
Q,Q_phc
535521.2900927863,376521.2900927863
qm_cb,qm_phc/qm_t,qm_r,qm_v,qm,qm_pot
0.107735090122824,0.002879827104881544,0.021781200586822858,0.010284825325954955,0.11061491722770556,0.0008748317735361081
number of iterations,31,Execution time: ,17.60525369644165
