architecture,t_cbt,t_hxt,eta_hpfp,eta_r,p_cbt,qm_cb0,t0,p0,tpr_hx,Q_hx,pcc,v
dual,360,120,0.71,0.71,1330000.0,0.107735090122824,25.2,345000.0,0.95,159000.0,True,0
P_hpfp,P_rv,p_hpfp
42752.90248072617,10957.042927840634,1889258.8614393128
Q,Q_phc
534371.817003043,375371.817003043
qm_cb,qm_phc/qm_t,qm_r,qm_v,qm,qm_pot
0.107735090122824,0.00290468750854642,0.021734449827669377,0.010262751170434093,0.11063977763137042,0.0006106706220581314
number of iterations,31,Execution time: ,16.06610107421875
