architecture,t_cbt,t_hxt,eta_hpfp,eta_r,p_cbt,qm_cb0,t0,p0,tpr_hx,Q_hx,pcc,v
dual,360,140,0.71,0.71,1330000.0,0.107735090122824,25.2,345000.0,0.95,159000.0,True,0
P_hpfp,P_rv,p_hpfp
42842.94989651476,16791.422759122033,1889258.8614393126
Q,Q_phc
528788.5007169541,369788.5007169541
qm_cb,qm_phc/qm_t,qm_r,qm_v,qm,qm_pot
0.107735090122824,0.002901785214635093,0.033306856968528635,0.01027662208277543,0.1106368753374591,0.0006781026289088258
number of iterations,28,Execution time: ,14.996986627578735
