architecture,t_cbt,t_hxt,eta_hpfp,eta_r,p_cbt,qm_cb0,t0,p0,tpr_hx,Q_hx,pcc,v
dual,360,140,0.71,0.71,1330000.0,0.107735090122824,25.2,345000.0,0.95,159000.0,True,0
P_hpfp,P_rv,p_hpfp
42937.805204108496,16828.799067013304,1889258.8614393126
Q,Q_phc
529963.027274286,370963.027274286
qm_cb,qm_phc/qm_t,qm_r,qm_v,qm,qm_pot
0.107735090122824,0.0028842360975151584,0.033380936532547194,0.010299417073714259,0.11061932622033917,0.0009428579030239273
number of iterations,28,Execution time: ,14.579717636108398
