architecture,t_cbt,t_hxt,eta_hpfp,eta_r,p_cbt,qm_cb0,t0,p0,tpr_hx,Q_hx,pcc,v
dual,360,180,0.71,0.71,1330000.0,0.10773678901529868,25.2,345000.0,0.95,159000.0,True,0
P_hpfp,P_rv,p_hpfp
42585.66410702649,32384.139522578935,1889258.8614393123
Q,Q_phc
509536.3330511325,350536.3330511325
qm_cb,qm_phc/qm_t,qm_r,qm_v,qm
0.10773678901529868,0.002837239748916795,0.06422176814261131,0.010211573324539435,0.11057402876421547
number of iterations,27,Execution time: ,14.93882966041565
