architecture,t_cbt,t_hxt,eta_hpfp,eta_r,p_cbt,qm_cb0,t0,p0,tpr_hx,Q_hx,pcc,v
dual,360,100,0.71,0.71,1330000.0,0.107735090122824,25.2,345000.0,0.95,159000.0,True,0
P_hpfp,P_rv,p_hpfp
42680.415951242336,6275.863451223247,1889258.8614393128
Q,Q_phc
538826.1392458177,379826.13924581767
qm_cb,qm_phc/qm_t,qm_r,qm_v,qm,qm_pot
0.107735090122824,0.0029021626619449587,0.012449445108519063,0.010251371978129468,0.11063725278476896,0.0005565670710786492
number of iterations,35,Execution time: ,18.019887924194336
