architecture,t_cbt,t_hxt,eta_hpfp,eta_r,p_cbt,qm_cb0,t0,p0,tpr_hx,Q_hx,pcc,v
dual,360,150,0.71,0.71,1330000.0,0.10998,25.2,345000.0,0.95,159000.0,True,0
P_hpfp,P_rv,p_hpfp
43545.267619387225,20500.603296007186,1889258.8614393119
Q,Q_phc
533575.3001744706,374575.30017447064
qm_cb,qm_phc/qm_t,qm_r,qm_v,qm,m_z
0.10998,0.003075067201611062,0.040664034751204246,0.010441264739319655,0.11305506720161106,0.3075067201611067
number of iterations,26,Execution time: ,18.296942710876465
