architecture,t_cbt,t_hxt,eta_hpfp,eta_r,p_cbt,qm_cb0,t0,p0,tpr_hx,Q_hx,pcc,v
dual,360,170,0.71,0.71,1330000.0,0.11,25.2,345000.0,0.95,149000.0,True,0
P_hpfp,P_rv,p_hpfp
43578.25831041177,28546.39134157182,1889366.2728249198
Q,Q_phc
526039.0967328699,377039.09673286986
qm_cb,qm_phc/qm_t,qm_r,qm_v,qm,m_z
0.11,0.003158001946430841,0.056583376787841894,0.010449474644169642,0.11315800194643084,0.31580019464308406
number of iterations,20,Execution time: ,12.974213361740112
