architecture,t_cbt,t_hxt,eta_hpfp,eta_r,p_cbt,qm_cb0,t0,p0,tpr_hx,Q_hx,pcc,v
dual,360,120,0.71,0.71,1330000.0,0.10998,25.2,345000.0,0.95,159000.0,True,0
P_hpfp,P_rv,p_hpfp
43452.55019299243,11135.905602119834,1889258.8614393128
Q,Q_phc
543118.6280602738,384118.6280602738
qm_cb,qm_phc/qm_t,qm_r,qm_v,qm,m_z
0.10998,0.0030913197608397475,0.022089516538527226,0.010430767706490412,0.11307131976083974,0.30913197608397464
number of iterations,30,Execution time: ,21.151813745498657
