architecture,t_cbt,t_hxt,eta_hpfp,eta_r,p_cbt,qm_cb0,t0,p0,tpr_hx,Q_hx,pcc,v
dual,360,210,0.71,0.71,1330000.0,0.10773678901529868,25.2,345000.0,0.95,159000.0,True,0
P_hpfp,P_rv,p_hpfp
42558.91265520726,48802.33066308209,1889258.8614393123
Q,Q_phc
492773.3898496465,333773.3898496465
qm_cb,qm_phc/qm_t,qm_r,qm_v,qm
0.10773678901529868,0.002766960520808312,0.09677149246003042,0.010205118550813309,0.11050374953610699
number of iterations,27,Execution time: ,15.737494945526123
