architecture,t_cbt,t_hxt,eta_hpfp,eta_r,p_cbt,qm_cb0,t0,p0,tpr_hx,Q_hx,pcc,v
dual,360,240,0.71,0.71,1330000.0,0.10998,25.2,345000.0,0.95,159000.0,True,0
P_hpfp,P_rv,p_hpfp
43447.21316450504,72897.85382434605,1889258.8614393119
Q,Q_phc
479898.5180533757,320898.5180533757
qm_cb,qm_phc/qm_t,qm_r,qm_v,qm,m_z
0.10998,0.0028144621716592044,0.14454401577147305,0.010417467745687107,0.1127944621716592,0.2814462171659203
number of iterations,26,Execution time: ,18.978050708770752
