architecture,t_cbt,t_hxt,eta_hpfp,eta_r,p_cbt,qm_cb0,t0,p0,tpr_hx,Q_hx,pcc,v
dual,360,230,0.71,0.71,1330000.0,0.11,25.2,345000.0,0.95,149000.0,True,0
P_hpfp,P_rv,p_hpfp
43513.2125747764,64438.671776831805,1889366.2728249198
Q,Q_phc
489283.4794578951,340283.4794578951
qm_cb,qm_phc/qm_t,qm_r,qm_v,qm,m_z
0.11,0.0029823555406591467,0.12769686041774236,0.010433548457253547,0.11298235554065915,0.2982355540659147
number of iterations,20,Execution time: ,12.810539722442627
