architecture,t_cbt,t_hxt,eta_hpfp,eta_r,p_cbt,qm_cb0,t0,p0,tpr_hx,Q_hx,pcc,v
dual,360,280,0.71,0.71,1330000.0,0.11,25.2,345000.0,0.95,149000.0,True,0
P_hpfp,P_rv,p_hpfp
43354.09379514698,121674.60882515009,1889366.2728249198
Q,Q_phc
429971.78504815395,280971.78504815395
qm_cb,qm_phc/qm_t,qm_r,qm_v,qm,m_z
0.11,0.0025595245660964853,0.2411030952688652,0.010394915010188046,0.11255952456609648,0.25595245660964855
number of iterations,20,Execution time: ,13.421284675598145
