architecture,t_cbt,t_hxt,eta_hpfp,eta_r,p_cbt,qm_cb0,t0,p0,tpr_hx,Q_hx,pcc,v
dual,360,230,0.71,0.71,1330000.0,0.107735090122824,25.2,345000.0,0.95,159000.0,True,0
P_hpfp,P_rv,p_hpfp
43011.40234740155,63667.096260465965,1889258.8614393123
Q,Q_phc
483684.4017871712,324684.4017871712
qm_cb,qm_phc/qm_t,qm_r,qm_v,qm,qm_pot
0.107735090122824,0.0027339999931162147,0.12624119904415845,0.010313817629203668,0.11046909011594022,0.001212892729113319
number of iterations,27,Execution time: ,14.94691014289856
