architecture,t_cbt,t_hxt,eta_hpfp,eta_r,p_cbt,qm_cb0,t0,p0,tpr_hx,Q_hx,pcc,v
dual,360,280,0.71,0.71,1330000.0,0.107735090122824,25.2,345000.0,0.95,159000.0,True,0
P_hpfp,P_rv,p_hpfp
43248.980037360845,121237.7579203868,1889258.8614393119
Q,Q_phc
428699.65496076486,269699.65496076486
qm_cb,qm_phc/qm_t,qm_r,qm_v,qm,qm_pot
0.107735090122824,0.002392795882671629,0.24038540709529355,0.010367036312113007,0.11012788600549564,0.0020882314258585154
number of iterations,26,Execution time: ,14.097572326660156
