architecture,t_cbt,t_hxt,eta_hpfp,eta_r,p_cbt,qm_cb0,t0,p0,tpr_hx,Q_hx,pcc,v
dual,360,240,0.71,0.71,1330000.0,0.107735090122824,25.2,345000.0,0.95,159000.0,True,0
P_hpfp,P_rv,p_hpfp
43030.020159103675,72214.87696712243,1889258.8614393123
Q,Q_phc
475377.3551825726,316377.3551825726
qm_cb,qm_phc/qm_t,qm_r,qm_v,qm,qm_pot
0.107735090122824,0.002685691983168625,0.14318786600571695,0.010318316728004168,0.11042078210599263,0.001310263673002044
number of iterations,27,Execution time: ,14.707529306411743
