architecture,t_cbt,t_hxt,eta_hpfp,eta_r,p_cbt,qm_cb0,t0,p0,tpr_hx,Q_hx,pcc,v
dual,360,270,0.71,0.71,1330000.0,0.10998,25.2,345000.0,0.95,159000.0,True,0
P_hpfp,P_rv,p_hpfp
43352.937009319256,106502.16588868175,1889258.8614393119
Q,Q_phc
445077.5810104569,286077.5810104569
qm_cb,qm_phc/qm_t,qm_r,qm_v,qm,m_z
0.10998,0.0025664722694563463,0.21116844470741297,0.010394705217368938,0.11254647226945634,0.2566472269456343
number of iterations,26,Execution time: ,19.466625928878784
