architecture,t_cbt,t_hxt,eta_hpfp,eta_r,p_cbt,qm_cb0,t0,p0,tpr_hx,Q_hx,pcc,v
dual,360,260,0.71,0.71,1330000.0,0.107735090122824,25.2,345000.0,0.95,159000.0,True,0
P_hpfp,P_rv,p_hpfp
43070.316088995474,93026.58135849843,1889258.8614393123
Q,Q_phc
455085.56684702565,296085.56684702565
qm_cb,qm_phc/qm_t,qm_r,qm_v,qm,qm_pot
0.107735090122824,0.0025546547352848594,0.18444898318455108,0.010328044756466592,0.11028974485810887,0.0015472791003022144
number of iterations,27,Execution time: ,14.65655517578125
