architecture,t_cbt,t_hxt,eta_hpfp,eta_r,p_cbt,qm_cb0,t0,p0,tpr_hx,Q_hx,pcc,v
dual,360,210,0.71,0.71,1330000.0,0.10998,25.2,345000.0,0.95,159000.0,True,0
P_hpfp,P_rv,p_hpfp
43500.42613592975,49874.13609831694,1889258.8614393119
Q,Q_phc
503614.27020497964,344614.27020497964
qm_cb,qm_phc/qm_t,qm_r,qm_v,qm,m_z
0.10998,0.0029554444504428373,0.09889738447197763,0.010430361774733825,0.11293544445044283,0.29554444504428373
number of iterations,26,Execution time: ,18.63481068611145
