architecture,t_cbt,t_hxt,eta_hpfp,eta_r,p_cbt,qm_cb0,t0,p0,tpr_hx,Q_hx,pcc,v
dual,360,230,0.71,0.71,1330000.0,0.107735090122824,25.2,345000.0,0.95,159000.0,True,0
P_hpfp,P_rv,p_hpfp
43116.288371289724,63823.54954231966,1889258.8614393123
Q,Q_phc
484871.8687694079,325871.8687694079
qm_cb,qm_phc/qm_t,qm_r,qm_v,qm,qm_pot
0.107735090122824,0.0027538118791582775,0.1265513355464483,0.010339057809310912,0.11048890200198229,0.0014671589717808239
number of iterations,27,Execution time: ,15.047099113464355
