architecture,t_cbt,t_hxt,eta_hpfp,eta_r,p_cbt,qm_cb0,t0,p0,tpr_hx,Q_hx,pcc,v
dual,360,200,0.71,0.71,1330000.0,0.10998,25.2,345000.0,0.95,159000.0,True,0
P_hpfp,P_rv,p_hpfp
43512.400278754096,43720.815535208734,1889258.8614393119
Q,Q_phc
509923.92877227574,350923.92877227574
qm_cb,qm_phc/qm_t,qm_r,qm_v,qm,m_z
0.10998,0.002987284923993347,0.08669803307624012,0.010433268532812219,0.11296728492399334,0.29872849239933463
number of iterations,26,Execution time: ,18.897050619125366
