architecture,t_cbt,t_hxt,eta_hpfp,eta_r,p_cbt,qm_cb0,t0,p0,tpr_hx,Q_hx,pcc,v
dual,360,220,0.71,0.71,1330000.0,0.107735090122824,25.2,345000.0,0.95,159000.0,True,0
P_hpfp,P_rv,p_hpfp
42993.59502491139,56074.22600827072,1889258.8614393123
Q,Q_phc
491046.7872012239,332046.7872012239
qm_cb,qm_phc/qm_t,qm_r,qm_v,qm,qm_pot
0.107735090122824,0.0027735373281188927,0.11118779135610105,0.010309512393738743,0.11050862745094289,0.0011263846904878345
number of iterations,27,Execution time: ,13.969715595245361
