architecture,t_cbt,t_hxt,eta_hpfp,eta_r,p_cbt,qm_cb0,t0,p0,tpr_hx,Q_hx,pcc,v
dual,360,280,0.71,0.71,1330000.0,0.10998,25.2,345000.0,0.95,159000.0,True,0
P_hpfp,P_rv,p_hpfp
43306.562267862,121474.01987094672,1889258.8614393119
Q,Q_phc
429511.7712622702,270511.7712622702
qm_cb,qm_phc/qm_t,qm_r,qm_v,qm,m_z
0.10998,0.002445337657690616,0.24085196823832009,0.010383547215630961,0.11242533765769061,0.2445337657690619
number of iterations,26,Execution time: ,18.93896460533142
