architecture,t_cbt,t_hxt,eta_hpfp,eta_r,p_cbt,qm_cb0,t0,p0,tpr_hx,Q_hx,pcc,v
dual,360,200,0.71,0.71,1330000.0,0.10773678901529868,25.2,345000.0,0.95,159000.0,True,0
P_hpfp,P_rv,p_hpfp
42569.802671582096,42780.40044449787,1889258.8614393123
Q,Q_phc
498935.4927508382,339935.4927508382
qm_cb,qm_phc/qm_t,qm_r,qm_v,qm
0.10773678901529868,0.002795537827656333,0.0848326632288867,0.010207744704061932,0.11053232684295501
number of iterations,27,Execution time: ,14.206708431243896
