architecture,t_cbt,t_hxt,eta_hpfp,eta_r,p_cbt,qm_cb0,t0,p0,tpr_hx,Q_hx,pcc,v
dual,360,270,0.71,0.71,1330000.0,0.107735090122824,25.2,345000.0,0.95,159000.0,True,0
P_hpfp,P_rv,p_hpfp
43193.99337289443,106143.62745835031,1889258.8614393123
Q,Q_phc
443556.2995331097,284556.2995331097
qm_cb,qm_phc/qm_t,qm_r,qm_v,qm,qm_pot
0.107735090122824,0.0024998862730967815,0.2104547602382327,0.010357833461853849,0.1102349763959208,0.001925812499791533
number of iterations,27,Execution time: ,13.831488609313965
