architecture,t_cbt,t_hxt,eta_hpfp,eta_r,p_cbt,qm_cb0,t0,p0,tpr_hx,Q_hx,pcc,v
dual,360,210,0.71,0.71,1330000.0,0.11,25.2,345000.0,0.95,149000.0,True,0
P_hpfp,P_rv,p_hpfp
43544.18635392166,49959.14621840571,1889366.2728249198
Q,Q_phc
504172.4499848861,355172.4499848861
qm_cb,qm_phc/qm_t,qm_r,qm_v,qm,m_z
0.11,0.0030656805538553564,0.09900795547549023,0.010441117277447308,0.11306568055385535,0.3065680553855356
number of iterations,20,Execution time: ,13.124857902526855
