architecture,t_cbt,t_hxt,eta_hpfp,eta_r,p_cbt,qm_cb0,t0,p0,tpr_hx,Q_hx,pcc,v
dual,360,220,0.71,0.71,1330000.0,0.10773678901529868,25.2,345000.0,0.95,159000.0,True,0
P_hpfp,P_rv,p_hpfp
42545.580255075525,55487.33394901246,1889258.8614393123
Q,Q_phc
485917.05335563316,326917.05335563316
qm_cb,qm_phc/qm_t,qm_r,qm_v,qm
0.10773678901529868,0.002732026378986535,0.11002500101068532,0.010201905805625995,0.11046881539428521
number of iterations,27,Execution time: ,14.894071340560913
