architecture,t_cbt,t_hxt,eta_hpfp,eta_r,p_cbt,qm_cb0,t0,p0,tpr_hx,Q_hx,pcc,v
dual,360,280,0.71,0.71,1330000.0,0.10773678901529868,25.2,345000.0,0.95,159000.0,True,0
P_hpfp,P_rv,p_hpfp
42376.5445215505,118891.0275146778,1889258.8614393123
Q,Q_phc
420365.2108223413,261365.21082234132
qm_cb,qm_phc/qm_t,qm_r,qm_v,qm
0.10773678901529868,0.0022936726445807326,0.23572934295742268,0.010161381372143737,0.11003046165987941
number of iterations,27,Execution time: ,15.36825966835022
