architecture,t_cbt,t_hxt,eta_hpfp,eta_r,p_cbt,qm_cb0,t0,p0,tpr_hx,Q_hx,pcc,v
dual,360,240,0.71,0.71,1330000.0,0.107735090122824,25.2,345000.0,0.95,159000.0,True,0
P_hpfp,P_rv,p_hpfp
43134.91081415436,72392.29524827369,1889258.8614393123
Q,Q_phc
476544.25170900027,317544.25170900027
qm_cb,qm_phc/qm_t,qm_r,qm_v,qm,qm_pot
0.107735090122824,0.0027094102146760003,0.14353956314676208,0.010343560895099998,0.1104445003375,0.001560699084123715
number of iterations,27,Execution time: ,15.010054111480713
