architecture,t_cbt,t_hxt,eta_hpfp,eta_r,p_cbt,qm_cb0,t0,p0,tpr_hx,Q_hx,pcc,v
dual,360,260,0.71,0.71,1330000.0,0.11,25.2,345000.0,0.95,149000.0,True,0
P_hpfp,P_rv,p_hpfp
43437.178287501425,93850.87775433833,1889366.2728249198
Q,Q_phc
458873.9208421692,309873.9208421692
qm_cb,qm_phc/qm_t,qm_r,qm_v,qm,m_z
0.11,0.002779275111098246,0.1859734423906553,0.010415038385214402,0.11277927511109824,0.2779275111098246
number of iterations,20,Execution time: ,13.109878778457642
