architecture,t_cbt,t_hxt,eta_hpfp,eta_r,p_cbt,qm_cb0,t0,p0,tpr_hx,Q_hx,pcc,v
dual,360,220,0.71,0.71,1330000.0,0.107735090122824,25.2,345000.0,0.95,159000.0,True,0
P_hpfp,P_rv,p_hpfp
43098.105739223385,56211.56722086969,1889258.8614393123
Q,Q_phc
492248.2531404651,333248.2531404651
qm_cb,qm_phc/qm_t,qm_r,qm_v,qm,qm_pot
0.107735090122824,0.002789281427951731,0.1114600401895633,0.01033465965243306,0.11052437155077574,0.0013836804464110344
number of iterations,27,Execution time: ,14.70912218093872
