architecture,t_cbt,t_hxt,eta_hpfp,eta_r,p_cbt,qm_cb0,t0,p0,tpr_hx,Q_hx,pcc,v
dual,360,250,0.71,0.71,1330000.0,0.107735090122824,25.2,345000.0,0.95,159000.0,True,0
P_hpfp,P_rv,p_hpfp
43049.59345659015,81915.18099641483,1889258.8614393123
Q,Q_phc
465929.81546280393,306929.81546280393
qm_cb,qm_phc/qm_t,qm_r,qm_v,qm,qm_pot
0.107735090122824,0.002626729796580977,0.16241957822992814,0.010323043918489086,0.11036181991940498,0.001420745363836697
number of iterations,27,Execution time: ,15.118957281112671
