architecture,t_cbt,t_hxt,eta_hpfp,eta_r,p_cbt,qm_cb0,t0,p0,tpr_hx,Q_hx,pcc,v
dual,360,230,0.71,0.71,1330000.0,0.10773678901529868,25.2,345000.0,0.95,159000.0,True,0
P_hpfp,P_rv,p_hpfp
42529.34423629789,62949.97637377182,1889258.8614393123
Q,Q_phc
478246.1496816842,319246.1496816842
qm_cb,qm_phc/qm_t,qm_r,qm_v,qm
0.10773678901529868,0.002689557077455079,0.12482032333578588,0.010197996704912603,0.11042634609275376
number of iterations,27,Execution time: ,14.562809944152832
