architecture,t_cbt,t_hxt,eta_hpfp,eta_r,p_cbt,qm_cb0,t0,p0,tpr_hx,Q_hx,pcc,v
dual,360,200,0.71,0.71,1330000.0,0.107735090122824,25.2,345000.0,0.95,159000.0,True,0
P_hpfp,P_rv,p_hpfp
43062.93568764144,43277.831332305046,1889258.8614393123
Q,Q_phc
504725.8994866367,345725.8994866367
qm_cb,qm_phc/qm_t,qm_r,qm_v,qm,qm_pot
0.107735090122824,0.0028391871247326725,0.0858182294869188,0.010326149147157994,0.11057427724755668,0.0012408406484017312
number of iterations,27,Execution time: ,15.095521688461304
