architecture,t_cbt,t_hxt,eta_hpfp,eta_r,p_cbt,qm_cb0,t0,p0,tpr_hx,Q_hx,pcc,v
dual,360,200,0.71,0.71,1330000.0,0.11,25.2,345000.0,0.95,149000.0,True,0
P_hpfp,P_rv,p_hpfp
43555.63518810978,43795.39898700131,1889366.2728249198
Q,Q_phc
510488.15959767817,361488.15959767817
qm_cb,qm_phc/qm_t,qm_r,qm_v,qm,m_z
0.11,0.003096597160596157,0.08679563305817238,0.010443920519263778,0.11309659716059615,0.3096597160596157
number of iterations,20,Execution time: ,12.864054679870605
