architecture,t_cbt,t_hxt,eta_hpfp,eta_r,p_cbt,qm_cb0,t0,p0,tpr_hx,Q_hx,pcc,v
dual,360,270,0.71,0.71,1330000.0,0.10773678901529868,25.2,345000.0,0.95,159000.0,True,0
P_hpfp,P_rv,p_hpfp
42420.68002924852,104232.68912874328,1889258.8614393123
Q,Q_phc
435580.0191014032,276580.0191014032
qm_cb,qm_phc/qm_t,qm_r,qm_v,qm
0.10773678901529868,0.002407292253852805,0.20666757673218986,0.01017192415100765,0.11014408126915148
number of iterations,27,Execution time: ,16.223165273666382
