architecture,t_cbt,t_hxt,eta_hpfp,eta_r,p_cbt,qm_cb0,t0,p0,tpr_hx,Q_hx,pcc,v
dual,370,140,0.71,0.71,1330000.0,0.10760277355041133,25.2,345000.0,0.95,159000.0,True,0
P_hpfp,P_rv,p_hpfp
42731.305268157346,16536.161856215513,1889258.8614393126
Q,Q_phc
545381.4783592548,386381.4783592548
qm_cb,qm_phc/qm_t,qm_r,qm_v,qm,qm_pot
0.10760277355041133,0.00303057141407113,0.031918543974186205,0.009974273063375328,0.11063334496448246,0.0006731020344349819
number of iterations,28,Execution time: ,15.38759994506836
