architecture,t_cbt,t_hxt,eta_hpfp,eta_r,p_cbt,qm_cb0,t0,p0,tpr_hx,Q_hx,pcc,v
dual,370,120,0.71,0.71,1330000.0,0.11,25.2,345000.0,0.95,149000.0,True,0
P_hpfp,P_rv,p_hpfp
43441.589761883304,11030.797201174375,1889366.2728249198
Q,Q_phc
561198.1428579909,412198.1428579909
qm_cb,qm_phc/qm_t,qm_r,qm_v,qm,m_z
0.11,0.003335516752971414,0.021283671295273872,0.010148073011625867,0.11333551675297142,0.3335516752971414
number of iterations,23,Execution time: ,14.226839303970337
