architecture,t_cbt,t_hxt,eta_hpfp,eta_r,p_cbt,qm_cb0,t0,p0,tpr_hx,Q_hx,pcc,v
dual,370,190,0.71,0.71,1330000.0,0.10760277355041133,25.2,345000.0,0.95,159000.0,True,0
P_hpfp,P_rv,p_hpfp
42833.39002270699,36696.989794327965,1889258.8614393123
Q,Q_phc
526169.7924003319,367169.79240033193
qm_cb,qm_phc/qm_t,qm_r,qm_v,qm,qm_pot
0.10760277355041133,0.0029939939742279634,0.0708144795862736,0.009994898419534746,0.11059676752463929,0.0009031939318766685
number of iterations,27,Execution time: ,14.75152850151062
