architecture,t_cbt,t_hxt,eta_hpfp,eta_r,p_cbt,qm_cb0,t0,p0,tpr_hx,Q_hx,pcc,v
dual,370,150,0.71,0.71,1330000.0,0.10760277355041133,25.2,345000.0,0.95,159000.0,True,0
P_hpfp,P_rv,p_hpfp
42773.988683057854,19852.41529495456,1889258.8614393123
Q,Q_phc
542217.3485572201,383217.3485572201
qm_cb,qm_phc/qm_t,qm_r,qm_v,qm,qm_pot
0.10760277355041133,0.0030282579453379563,0.03831864358090369,0.009980897686846863,0.11063103149574928,0.0007112764451683403
number of iterations,27,Execution time: ,14.11744213104248
