architecture,t_cbt,t_hxt,eta_hpfp,eta_r,p_cbt,qm_cb0,t0,p0,tpr_hx,Q_hx,pcc,v
dual,370,160,0.71,0.71,1330000.0,0.10760452033055456,25.2,345000.0,0.95,159000.0,True,0
P_hpfp,P_rv,p_hpfp
42487.3716326953,23342.08794715672,1889258.8614393123
Q,Q_phc
534980.2793242253,375980.27932422527
qm_cb,qm_phc/qm_t,qm_r,qm_v,qm
0.10760452033055456,0.002995188573710575,0.04505090547729756,0.009914145723787245,0.11059970890426514
number of iterations,27,Execution time: ,14.888803482055664
