architecture,t_cbt,t_hxt,eta_hpfp,eta_r,p_cbt,qm_cb0,t0,p0,tpr_hx,Q_hx,pcc,v
dual,370,120,0.71,0.71,1330000.0,0.10760277355041133,25.2,345000.0,0.95,159000.0,True,0
P_hpfp,P_rv,p_hpfp
42737.40558590859,10846.42962863927,1889258.8614393128
Q,Q_phc
552062.3553120221,393062.35531202215
qm_cb,qm_phc/qm_t,qm_r,qm_v,qm,qm_pot
0.10760277355041133,0.003004792077861121,0.020936478871946385,0.009983135150680666,0.11060756562827245,0.0008824586403091333
number of iterations,31,Execution time: ,17.101390600204468
