architecture,t_cbt,t_hxt,eta_hpfp,eta_r,p_cbt,qm_cb0,t0,p0,tpr_hx,Q_hx,pcc,v
dual,370,180,0.71,0.71,1330000.0,0.11,25.2,345000.0,0.95,149000.0,True,0
P_hpfp,P_rv,p_hpfp
43521.58963608879,32437.261509844684,1889366.2728249198
Q,Q_phc
539506.8218255092,390506.8218255092
qm_cb,qm_phc/qm_t,qm_r,qm_v,qm,m_z
0.11,0.003297930026717768,0.0625665647849446,0.010155347319561974,0.11329793002671777,0.3297930026717768
number of iterations,20,Execution time: ,12.74708104133606
