architecture,t_cbt,t_hxt,eta_hpfp,eta_r,p_cbt,qm_cb0,t0,p0,tpr_hx,Q_hx,pcc,v
dual,370,160,0.71,0.71,1330000.0,0.10760277355041133,25.2,345000.0,0.95,159000.0,True,0
P_hpfp,P_rv,p_hpfp
42788.05136080011,23506.987618576935,1889258.8614393123
Q,Q_phc
538751.6900162275,379751.69001622754
qm_cb,qm_phc/qm_t,qm_r,qm_v,qm,qm_pot
0.10760277355041133,0.0030239702437676215,0.045368702818336354,0.009984214086511347,0.11062674379417894,0.0007529289495671436
number of iterations,27,Execution time: ,14.320672512054443
