architecture,t_cbt,t_hxt,eta_hpfp,eta_r,p_cbt,qm_cb0,t0,p0,tpr_hx,Q_hx,pcc,v
dual,370,170,0.71,0.71,1330000.0,0.11,25.2,345000.0,0.95,149000.0,True,0
P_hpfp,P_rv,p_hpfp
43526.37800054081,27992.200224963803,1889366.2728249198
Q,Q_phc
544018.4456747869,395018.4456747869
qm_cb,qm_phc/qm_t,qm_r,qm_v,qm,m_z
0.11,0.003311066774054285,0.053996203078643425,0.010156496241428274,0.11331106677405428,0.3311066774054285
number of iterations,20,Execution time: ,12.345037698745728
