architecture,t_cbt,t_hxt,eta_hpfp,eta_r,p_cbt,qm_cb0,t0,p0,tpr_hx,Q_hx,pcc,v
dual,370,110,0.71,0.71,1330000.0,0.10760277355041133,25.2,345000.0,0.95,159000.0,True,0
P_hpfp,P_rv,p_hpfp
42601.21179405754,8390.067424664954,1889258.8614393128
Q,Q_phc
553132.68939894,394132.68939893995
qm_cb,qm_phc/qm_t,qm_r,qm_v,qm,qm_pot
0.10760277355041133,0.0030280185731006476,0.016195148732418507,0.009954644575267067,0.11063079212351197,0.0005790148165023785
number of iterations,33,Execution time: ,17.838261365890503
