architecture,t_cbt,t_hxt,eta_hpfp,eta_r,p_cbt,qm_cb0,t0,p0,tpr_hx,Q_hx,pcc,v
dual,370,170,0.71,0.71,1330000.0,0.10760277355041133,25.2,345000.0,0.95,159000.0,True,0
P_hpfp,P_rv,p_hpfp
42906.52332123783,27579.061894616018,1889258.8614393123
Q,Q_phc
536248.2073117599,377248.20731175994
qm_cb,qm_phc/qm_t,qm_r,qm_v,qm,qm_pot
0.10760277355041133,0.0030122969929426333,0.05322428400099033,0.01001196599068065,0.11061507054335395,0.001075164302603677
number of iterations,27,Execution time: ,14.691165208816528
