architecture,t_cbt,t_hxt,eta_hpfp,eta_r,p_cbt,qm_cb0,t0,p0,tpr_hx,Q_hx,pcc,v
dual,370,110,0.71,0.71,1330000.0,0.10760452033055456,25.2,345000.0,0.95,159000.0,True,0
P_hpfp,P_rv,p_hpfp
42369.83338315985,8345.261283470309,1889258.8614393128
Q,Q_phc
550154.6818065621,391154.6818065621
qm_cb,qm_phc/qm_t,qm_r,qm_v,qm
0.10760452033055456,0.0030062405544583337,0.016108686702524327,0.009900790044808398,0.1106107608850129
number of iterations,33,Execution time: ,17.838555097579956
