architecture,t_cbt,t_hxt,eta_hpfp,eta_r,p_cbt,qm_cb0,t0,p0,tpr_hx,Q_hx,pcc,v
dual,370,100,0.71,0.71,1330000.0,0.10760277355041133,25.2,345000.0,0.95,159000.0,True,0
P_hpfp,P_rv,p_hpfp
42671.811935293794,6222.310458200372,1889258.8614393128
Q,Q_phc
556390.978479576,397390.97847957595
qm_cb,qm_phc/qm_t,qm_r,qm_v,qm,qm_pot
0.10760277355041133,0.002992725119331195,0.012012395083255785,0.00997244985656832,0.11059549866974253,0.0008280546214573153
number of iterations,34,Execution time: ,18.754375457763672
