architecture,t_cbt,t_hxt,eta_hpfp,eta_r,p_cbt,qm_cb0,t0,p0,tpr_hx,Q_hx,pcc,v
dual,370,160,0.71,0.71,1330000.0,0.11,25.2,345000.0,0.95,149000.0,True,0
P_hpfp,P_rv,p_hpfp
43529.923004744436,23927.916130004985,1889366.2728249198
Q,Q_phc
548132.3127638001,399132.31276380015
qm_cb,qm_phc/qm_t,qm_r,qm_v,qm,m_z
0.11,0.0033208490540967248,0.0461601716843596,0.01015734942675779,0.11332084905409673,0.33208490540967245
number of iterations,20,Execution time: ,12.538269519805908
