architecture,t_cbt,t_hxt,eta_hpfp,eta_r,p_cbt,qm_cb0,t0,p0,tpr_hx,Q_hx,pcc,v
dual,370,110,0.71,0.71,1330000.0,0.10760277355041133,25.2,345000.0,0.95,159000.0,True,0
P_hpfp,P_rv,p_hpfp
42695.4109972077,8408.61083782682,1889258.8614393128
Q,Q_phc
554355.5218249428,395355.5218249428
qm_cb,qm_phc/qm_t,qm_r,qm_v,qm,qm_pot
0.10760277355041133,0.002999143186362874,0.016230923123745054,0.009976657546500156,0.1106019167367742,0.0008537487526859064
number of iterations,33,Execution time: ,17.052494049072266
