architecture,t_cbt,t_hxt,eta_hpfp,eta_r,p_cbt,qm_cb0,t0,p0,tpr_hx,Q_hx,pcc,v
dual,370,170,0.71,0.71,1330000.0,0.10760452033055456,25.2,345000.0,0.95,159000.0,True,0
P_hpfp,P_rv,p_hpfp
42484.10462784003,27307.117515100355,1889258.8614393123
Q,Q_phc
530971.4956115314,371971.4956115314
qm_cb,qm_phc/qm_t,qm_r,qm_v,qm
0.10760452033055456,0.002986532712924761,0.05270004344722941,0.009913376353223811,0.11059105304347933
number of iterations,27,Execution time: ,15.086957454681396
