architecture,t_cbt,t_hxt,eta_hpfp,eta_r,p_cbt,qm_cb0,t0,p0,tpr_hx,Q_hx,pcc,v
dual,370,130,0.71,0.71,1330000.0,0.10760277355041133,25.2,345000.0,0.95,159000.0,True,0
P_hpfp,P_rv,p_hpfp
42769.47825490147,13567.785637102354,1889258.8614393128
Q,Q_phc
549507.3350464548,390507.3350464548
qm_cb,qm_phc/qm_t,qm_r,qm_v,qm,qm_pot
0.10760277355041133,0.003009590468333677,0.02618786179559276,0.009988538390931393,0.110612364018745,0.0009141841461353593
number of iterations,30,Execution time: ,16.322071075439453
