architecture,t_cbt,t_hxt,eta_hpfp,eta_r,p_cbt,qm_cb0,t0,p0,tpr_hx,Q_hx,pcc,v
dual,370,130,0.71,0.71,1330000.0,0.10760277355041133,25.2,345000.0,0.95,159000.0,True,0
P_hpfp,P_rv,p_hpfp
42672.098580980506,13536.818468294581,1889258.8614393128
Q,Q_phc
548254.4440990911,389254.4440990911
qm_cb,qm_phc/qm_t,qm_r,qm_v,qm,qm_pot
0.10760277355041133,0.003031194054920951,0.02612812634871078,0.009965775389740009,0.11063396760533228,0.0006383162099214616
number of iterations,30,Execution time: ,16.321163415908813
