architecture,t_cbt,t_hxt,eta_hpfp,eta_r,p_cbt,qm_cb0,t0,p0,tpr_hx,Q_hx,pcc,v
dual,370,120,0.71,0.71,1330000.0,0.10998,25.2,345000.0,0.95,159000.0,True,0
P_hpfp,P_rv,p_hpfp
43398.278368603904,11014.08334475897,1889258.8614393128
Q,Q_phc
560595.085165351,401595.08516535105
qm_cb,qm_phc/qm_t,qm_r,qm_v,qm,m_z
0.10998,0.003233285661470922,0.021259057934215266,0.010137524907030576,0.11321328566147092,0.32332856614709204
number of iterations,30,Execution time: ,21.459320545196533
