architecture,t_cbt,t_hxt,eta_hpfp,eta_r,p_cbt,qm_cb0,t0,p0,tpr_hx,Q_hx,pcc,v
dual,370,100,0.71,0.71,1330000.0,0.11,25.2,345000.0,0.95,149000.0,True,0
P_hpfp,P_rv,p_hpfp
43389.742167123564,6336.010550226791,1889366.2728249198
Q,Q_phc
565931.126899677,416931.126899677
qm_cb,qm_phc/qm_t,qm_r,qm_v,qm,m_z
0.11,0.0033329309558964605,0.012226006509065666,0.010142108043916223,0.11333293095589646,0.33329309558964604
number of iterations,26,Execution time: ,16.39789128303528
