architecture,t_cbt,t_hxt,eta_hpfp,eta_r,p_cbt,qm_cb0,t0,p0,tpr_hx,Q_hx,pcc,v
dual,370,150,0.71,0.71,1330000.0,0.11,25.2,345000.0,0.95,149000.0,True,0
P_hpfp,P_rv,p_hpfp
43532.39465948035,20215.936707616595,1889366.2728249198
Q,Q_phc
551879.1769970807,402879.1769970807
qm_cb,qm_phc/qm_t,qm_r,qm_v,qm,m_z
0.11,0.0033277282853297415,0.03900355695967436,0.010157946969554278,0.11332772828532975,0.33277282853297413
number of iterations,20,Execution time: ,12.657448768615723
