architecture,t_cbt,t_hxt,eta_hpfp,eta_r,p_cbt,qm_cb0,t0,p0,tpr_hx,Q_hx,pcc,v
dual,370,120,0.71,0.71,1330000.0,0.10760452033055456,25.2,345000.0,0.95,159000.0,True,0
P_hpfp,P_rv,p_hpfp
42398.72974186359,10761.296225279793,1889258.8614393128
Q,Q_phc
547715.1185255937,388715.11852559366
qm_cb,qm_phc/qm_t,qm_r,qm_v,qm
0.10760452033055456,0.0030072287231922845,0.020772267771660302,0.009904238401780625,0.11061174905374685
number of iterations,31,Execution time: ,15.946914434432983
