architecture,t_cbt,t_hxt,eta_hpfp,eta_r,p_cbt,qm_cb0,t0,p0,tpr_hx,Q_hx,pcc,v
dual,370,110,0.71,0.71,1330000.0,0.11,25.2,345000.0,0.95,149000.0,True,0
P_hpfp,P_rv,p_hpfp
43404.12789804436,8557.34800996454,1889366.2728249198
Q,Q_phc
563705.7900710533,414705.7900710533
qm_cb,qm_phc/qm_t,qm_r,qm_v,qm,m_z
0.11,0.0033348618173702654,0.016510257277542753,0.010143819434910661,0.11333486181737026,0.33348618173702654
number of iterations,25,Execution time: ,15.846612215042114
