architecture,t_cbt,t_hxt,eta_hpfp,eta_r,p_cbt,qm_cb0,t0,p0,tpr_hx,Q_hx,pcc,v
dual,370,170,0.71,0.71,1330000.0,0.10998,25.2,345000.0,0.95,159000.0,True,0
P_hpfp,P_rv,p_hpfp
43484.97928201121,27946.952268751174,1889258.8614393119
Q,Q_phc
543414.6970285906,384414.6970285906
qm_cb,qm_phc/qm_t,qm_r,qm_v,qm,m_z
0.10998,0.0032036815190210344,0.05393189988367994,0.010146426150671418,0.11318368151902103,0.3203681519021035
number of iterations,26,Execution time: ,18.58602285385132
