architecture,t_cbt,t_hxt,eta_hpfp,eta_r,p_cbt,qm_cb0,t0,p0,tpr_hx,Q_hx,pcc,v
dual,370,150,0.71,0.71,1330000.0,0.10998,25.2,345000.0,0.95,159000.0,True,0
P_hpfp,P_rv,p_hpfp
43491.9232407691,20183.190791198133,1889258.8614393119
Q,Q_phc
551273.2166117997,392273.21661179967
qm_cb,qm_phc/qm_t,qm_r,qm_v,qm,m_z
0.10998,0.0032224032839838768,0.03895548498016859,0.010148075844418205,0.11320240328398387,0.3222403283983872
number of iterations,26,Execution time: ,18.306308269500732
