architecture,t_cbt,t_hxt,eta_hpfp,eta_r,p_cbt,qm_cb0,t0,p0,tpr_hx,Q_hx,pcc,v
dual,370,250,0.71,0.71,1330000.0,0.10760277355041133,25.2,345000.0,0.95,159000.0,True,0
P_hpfp,P_rv,p_hpfp
42972.325479607265,78113.6409362079,1889258.8614393119
Q,Q_phc
486128.4560968456,327128.4560968456
qm_cb,qm_phc/qm_t,qm_r,qm_v,qm,qm_pot
0.10760277355041133,0.002800933134686422,0.15072169241944405,0.010023654146696384,0.11040370668509775,0.0013750046501621713
number of iterations,26,Execution time: ,14.407410144805908
