architecture,t_cbt,t_hxt,eta_hpfp,eta_r,p_cbt,qm_cb0,t0,p0,tpr_hx,Q_hx,pcc,v
dual,370,250,0.71,0.71,1330000.0,0.11,25.2,345000.0,0.95,149000.0,True,0
P_hpfp,P_rv,p_hpfp
43431.3506292237,79051.0500341411,1889366.2728249198
Q,Q_phc
491658.72257820604,342658.72257820604
qm_cb,qm_phc/qm_t,qm_r,qm_v,qm,m_z
0.11,0.0030540755160417877,0.15244597781559713,0.010133866630873786,0.11305407551604178,0.30540755160417876
number of iterations,20,Execution time: ,12.924365043640137
