architecture,t_cbt,t_hxt,eta_hpfp,eta_r,p_cbt,qm_cb0,t0,p0,tpr_hx,Q_hx,pcc,v
dual,370,220,0.71,0.71,1330000.0,0.10760277355041133,25.2,345000.0,0.95,159000.0,True,0
P_hpfp,P_rv,p_hpfp
43027.28448006365,54286.42420172714,1889258.8614393119
Q,Q_phc
510674.97031577234,351674.97031577234
qm_cb,qm_phc/qm_t,qm_r,qm_v,qm,qm_pot
0.10760277355041133,0.002944858313791431,0.10475207917416311,0.010036460681402447,0.11054763186420276,0.0013736080226143402
number of iterations,26,Execution time: ,14.921316385269165
