architecture,t_cbt,t_hxt,eta_hpfp,eta_r,p_cbt,qm_cb0,t0,p0,tpr_hx,Q_hx,pcc,v
dual,370,220,0.71,0.71,1330000.0,0.10760452033055456,25.2,345000.0,0.95,159000.0,True,0
P_hpfp,P_rv,p_hpfp
42445.64673858419,53602.979453650114,1889258.8614393123
Q,Q_phc
504163.31939614756,345163.31939614756
qm_cb,qm_phc/qm_t,qm_r,qm_v,qm
0.10760452033055456,0.0028851441413060147,0.10343084146075522,0.009904342044135324,0.11048966447186058
number of iterations,27,Execution time: ,14.738586187362671
