architecture,t_cbt,t_hxt,eta_hpfp,eta_r,p_cbt,qm_cb0,t0,p0,tpr_hx,Q_hx,pcc,v
dual,370,230,0.71,0.71,1330000.0,0.10760277355041133,25.2,345000.0,0.95,159000.0,True,0
P_hpfp,P_rv,p_hpfp
43045.708050791516,61411.0647585323,1889258.8614393119
Q,Q_phc
503797.76867156057,344797.76867156057
qm_cb,qm_phc/qm_t,qm_r,qm_v,qm,qm_pot
0.10760277355041133,0.002915404421375535,0.11849747806565507,0.010040805271009107,0.11051817797178687,0.0014520030545622576
number of iterations,26,Execution time: ,14.392305135726929
