architecture,t_cbt,t_hxt,eta_hpfp,eta_r,p_cbt,qm_cb0,t0,p0,tpr_hx,Q_hx,pcc,v
dual,370,200,0.71,0.71,1330000.0,0.10760452033055456,25.2,345000.0,0.95,159000.0,True,0
P_hpfp,P_rv,p_hpfp
42466.38073566142,41587.327000588,1889258.8614393123
Q,Q_phc
516454.7333314006,357454.7333314006
qm_cb,qm_phc/qm_t,qm_r,qm_v,qm
0.10760452033055456,0.002939724337955779,0.08024955565211714,0.009909209118688702,0.11054424466851034
number of iterations,27,Execution time: ,15.192593574523926
