architecture,t_cbt,t_hxt,eta_hpfp,eta_r,p_cbt,qm_cb0,t0,p0,tpr_hx,Q_hx,pcc,v
dual,370,200,0.71,0.71,1330000.0,0.11,25.2,345000.0,0.95,149000.0,True,0
P_hpfp,P_rv,p_hpfp
43507.48007255689,42628.77876495102,1889366.2728249198
Q,Q_phc
529120.4649121403,380120.4649121403
qm_cb,qm_phc/qm_t,qm_r,qm_v,qm,m_z
0.11,0.0032594610802048696,0.08221697923934765,0.01015197291897117,0.11325946108020488,0.32594610802048696
number of iterations,20,Execution time: ,12.708040237426758
