architecture,t_cbt,t_hxt,eta_hpfp,eta_r,p_cbt,qm_cb0,t0,p0,tpr_hx,Q_hx,pcc,v
dual,370,230,0.71,0.71,1330000.0,0.10998,25.2,345000.0,0.95,159000.0,True,0
P_hpfp,P_rv,p_hpfp
43426.341501655515,62002.742528492905,1889258.8614393119
Q,Q_phc
508567.0641827339,349567.0641827339
qm_cb,qm_phc/qm_t,qm_r,qm_v,qm,m_z
0.10998,0.003047121338868114,0.1196296641312843,0.0101325635357295,0.11302712133886811,0.3047121338868109
number of iterations,26,Execution time: ,17.960290670394897
