architecture,t_cbt,t_hxt,eta_hpfp,eta_r,p_cbt,qm_cb0,t0,p0,tpr_hx,Q_hx,pcc,v
dual,370,260,0.71,0.71,1330000.0,0.10998,25.2,345000.0,0.95,159000.0,True,0
P_hpfp,P_rv,p_hpfp
43358.83854063849,89051.53755518704,1889258.8614393119
Q,Q_phc
480613.89613607747,321613.89613607747
qm_cb,qm_phc/qm_t,qm_r,qm_v,qm,m_z
0.10998,0.0028682141181172738,0.17181155634891007,0.010116663768454836,0.11284821411811727,0.2868214118117271
number of iterations,26,Execution time: ,19.255232334136963
