architecture,t_cbt,t_hxt,eta_hpfp,eta_r,p_cbt,qm_cb0,t0,p0,tpr_hx,Q_hx,pcc,v
dual,370,260,0.71,0.71,1330000.0,0.10760452033055456,25.2,345000.0,0.95,159000.0,True,0
P_hpfp,P_rv,p_hpfp
42368.7878985346,87030.67706296126,1889258.8614393123
Q,Q_phc
469719.5512231997,310719.5512231997
qm_cb,qm_phc/qm_t,qm_r,qm_v,qm
0.10760452033055456,0.0026839528721346734,0.16792252714572484,0.009886350565921834,0.11028847320268924
number of iterations,27,Execution time: ,15.540563106536865
