architecture,t_cbt,t_hxt,eta_hpfp,eta_r,p_cbt,qm_cb0,t0,p0,tpr_hx,Q_hx,pcc,v
dual,370,200,0.71,0.71,1330000.0,0.10760277355041133,25.2,345000.0,0.95,159000.0,True,0
P_hpfp,P_rv,p_hpfp
42849.4884728379,41963.694815630966,1889258.8614393123
Q,Q_phc
521118.7697132356,362118.7697132356
qm_cb,qm_phc/qm_t,qm_r,qm_v,qm,qm_pot
0.10760277355041133,0.0029766853782267925,0.08097510773171736,0.009998690164739756,0.11057945892863812,0.0009631697578133789
number of iterations,27,Execution time: ,15.110353469848633
