architecture,t_cbt,t_hxt,eta_hpfp,eta_r,p_cbt,qm_cb0,t0,p0,tpr_hx,Q_hx,pcc,v
dual,370,250,0.71,0.71,1330000.0,0.10760277355041133,25.2,345000.0,0.95,159000.0,True,0
P_hpfp,P_rv,p_hpfp
43083.70154762803,78318.2482851132,1889258.8614393119
Q,Q_phc
487400.3393434054,328400.3393434054
qm_cb,qm_phc/qm_t,qm_r,qm_v,qm,qm_pot
0.10760277355041133,0.0028315443652462803,0.15111636342851606,0.010049760516139856,0.11043431791565761,0.0016366949243693
number of iterations,26,Execution time: ,14.827974796295166
