architecture,t_cbt,t_hxt,eta_hpfp,eta_r,p_cbt,qm_cb0,t0,p0,tpr_hx,Q_hx,pcc,v
dual,370,280,0.71,0.71,1330000.0,0.10760277355041133,25.2,345000.0,0.95,159000.0,True,0
P_hpfp,P_rv,p_hpfp
43144.1724225186,113512.58565472126,1889258.8614393119
Q,Q_phc
453015.1828604224,294015.1828604224
qm_cb,qm_phc/qm_t,qm_r,qm_v,qm,qm_pot
0.10760277355041133,0.002611541004151451,0.21901709340581468,0.01006399618848215,0.11021431455456278,0.002016787620645611
number of iterations,26,Execution time: ,15.169907093048096
