architecture,t_cbt,t_hxt,eta_hpfp,eta_r,p_cbt,qm_cb0,t0,p0,tpr_hx,Q_hx,pcc,v
dual,370,250,0.71,0.71,1330000.0,0.10760452033055456,25.2,345000.0,0.95,159000.0,True,0
P_hpfp,P_rv,p_hpfp
42393.915117358956,77129.93391709722,1889258.8614393123
Q,Q_phc
479951.48338922375,320951.48338922375
qm_cb,qm_phc/qm_t,qm_r,qm_v,qm
0.10760452033055456,0.0027495451383010017,0.1488210441234483,0.009892224352834239,0.11035406546885557
number of iterations,27,Execution time: ,15.50652027130127
