architecture,t_cbt,t_hxt,eta_hpfp,eta_r,p_cbt,qm_cb0,t0,p0,tpr_hx,Q_hx,pcc,v
dual,370,240,0.71,0.71,1330000.0,0.11,25.2,345000.0,0.95,149000.0,True,0
P_hpfp,P_rv,p_hpfp
43453.011106927355,70087.06662851201,1889366.2728249198
Q,Q_phc
500917.1358757026,351917.1358757026
qm_cb,qm_phc/qm_t,qm_r,qm_v,qm,m_z
0.11,0.0031122687844693455,0.13516152058931205,0.01013900699949852,0.11311226878446935,0.31122687844693453
number of iterations,20,Execution time: ,12.725627899169922
