architecture,t_cbt,t_hxt,eta_hpfp,eta_r,p_cbt,qm_cb0,t0,p0,tpr_hx,Q_hx,pcc,v
dual,370,240,0.71,0.71,1330000.0,0.10760277355041133,25.2,345000.0,0.95,159000.0,True,0
P_hpfp,P_rv,p_hpfp
42953.13310273549,69187.13369234858,1889258.8614393119
Q,Q_phc
494797.9907367043,335797.9907367043
qm_cb,qm_phc/qm_t,qm_r,qm_v,qm,qm_pot
0.10760277355041133,0.0028516518882375184,0.13349981532747374,0.010019134708892798,0.11045442543864885,0.001273448227851335
number of iterations,26,Execution time: ,14.738868236541748
