architecture,t_cbt,t_hxt,eta_hpfp,eta_r,p_cbt,qm_cb0,t0,p0,tpr_hx,Q_hx,pcc,v
dual,370,260,0.71,0.71,1330000.0,0.11,25.2,345000.0,0.95,149000.0,True,0
P_hpfp,P_rv,p_hpfp
43405.08414248256,89194.82903425883,1889366.2728249198
Q,Q_phc
481159.03784520656,332159.03784520656
qm_cb,qm_phc/qm_t,qm_r,qm_v,qm,m_z
0.11,0.002983716212457079,0.17200541618955215,0.010127642840150199,0.11298371621245708,0.2983716212457079
number of iterations,20,Execution time: ,12.638503313064575
