architecture,t_cbt,t_hxt,eta_hpfp,eta_r,p_cbt,qm_cb0,t0,p0,tpr_hx,Q_hx,pcc,v
dual,370,230,0.71,0.71,1330000.0,0.10760452033055456,25.2,345000.0,0.95,159000.0,True,0
P_hpfp,P_rv,p_hpfp
42431.64350067646,60589.95193384928,1889258.8614393123
Q,Q_phc
496990.5385261751,337990.5385261751
qm_cb,qm_phc/qm_t,qm_r,qm_v,qm
0.10760452033055456,0.0028483619348499134,0.11691063903442786,0.009901058489598186,0.11045288226540448
number of iterations,27,Execution time: ,14.822242021560669
