architecture,t_cbt,t_hxt,eta_hpfp,eta_r,p_cbt,qm_cb0,t0,p0,tpr_hx,Q_hx,pcc,v
dual,370,270,0.71,0.71,1330000.0,0.10998,25.2,345000.0,0.95,159000.0,True,0
P_hpfp,P_rv,p_hpfp
43326.32990231044,100616.31764848086,1889258.8614393119
Q,Q_phc
468615.7492605678,309615.7492605678
qm_cb,qm_phc/qm_t,qm_r,qm_v,qm,m_z
0.10998,0.002782453714180108,0.19412218340891782,0.010109024342750557,0.1127624537141801,0.2782453714180102
number of iterations,26,Execution time: ,19.212067365646362
