architecture,t_cbt,t_hxt,eta_hpfp,eta_r,p_cbt,qm_cb0,t0,p0,tpr_hx,Q_hx,pcc,v
dual,370,200,0.71,0.71,1330000.0,0.10760277355041133,25.2,345000.0,0.95,159000.0,True,0
P_hpfp,P_rv,p_hpfp
42991.485505034005,42058.60439126844,1889258.8614393119
Q,Q_phc
522421.59898479795,363421.59898479795
qm_cb,qm_phc/qm_t,qm_r,qm_v,qm,qm_pot
0.10760277355041133,0.002985217637551306,0.08116149470738335,0.010028015467386003,0.11058799118796263,0.0012380788760558796
number of iterations,26,Execution time: ,14.762843132019043
