architecture,t_cbt,t_hxt,eta_hpfp,eta_r,p_cbt,qm_cb0,t0,p0,tpr_hx,Q_hx,pcc,v
dual,370,240,0.71,0.71,1330000.0,0.10760277355041133,25.2,345000.0,0.95,159000.0,True,0
P_hpfp,P_rv,p_hpfp
43064.503945839315,69368.39864000445,1889258.8614393119
Q,Q_phc
496092.7140465401,337092.7140465401
qm_cb,qm_phc/qm_t,qm_r,qm_v,qm,qm_pot
0.10760277355041133,0.0028781657272563725,0.13384945790060268,0.010045236346530872,0.1104809392776677,0.0015391424591820703
number of iterations,26,Execution time: ,14.102142095565796
