architecture,t_cbt,t_hxt,eta_hpfp,eta_r,p_cbt,qm_cb0,t0,p0,tpr_hx,Q_hx,pcc,v
dual,370,270,0.71,0.71,1330000.0,0.10760277355041133,25.2,345000.0,0.95,159000.0,True,0
P_hpfp,P_rv,p_hpfp
43123.47631354685,100079.77473049103,1889258.8614393119
Q,Q_phc
466171.44382338243,307171.44382338243
qm_cb,qm_phc/qm_t,qm_r,qm_v,qm,qm_pot
0.10760277355041133,0.0027013358518222503,0.19310100039032782,0.010059127242820341,0.11030410940223358,0.0018722744042252441
number of iterations,26,Execution time: ,14.816894054412842
