architecture,t_cbt,t_hxt,eta_hpfp,eta_r,p_cbt,qm_cb0,t0,p0,tpr_hx,Q_hx,pcc,v
dual,380,170,0.71,0.71,1330000.0,0.10747094819653912,25.2,345000.0,0.95,159000.0,True,0
P_hpfp,P_rv,p_hpfp
42731.47499628664,26970.45233017683,1889258.8614393119
Q,Q_phc
551792.2024012182,392792.20240121824
qm_cb,qm_phc/qm_t,qm_r,qm_v,qm,qm_pot
0.10747094819653912,0.003151406201158399,0.050687465275269405,0.009706583592334235,0.11062235439769752,0.0007906807690305276
number of iterations,26,Execution time: ,14.405454397201538
