architecture,t_cbt,t_hxt,eta_hpfp,eta_r,p_cbt,qm_cb0,t0,p0,tpr_hx,Q_hx,pcc,v
dual,380,180,0.71,0.71,1330000.0,0.10747094819653912,25.2,345000.0,0.95,159000.0,True,0
P_hpfp,P_rv,p_hpfp
42746.83085974533,31205.78804541487,1889258.8614393119
Q,Q_phc
547770.1570104355,388770.1570104355
qm_cb,qm_phc/qm_t,qm_r,qm_v,qm,qm_pot
0.10747094819653912,0.0031441943988111468,0.05864380478610065,0.009710114410260696,0.11061514259535027,0.0008388811576834146
number of iterations,26,Execution time: ,14.063188791275024
