architecture,t_cbt,t_hxt,eta_hpfp,eta_r,p_cbt,qm_cb0,t0,p0,tpr_hx,Q_hx,pcc,v
dual,380,120,0.71,0.71,1330000.0,0.10747094819653912,25.2,345000.0,0.95,159000.0,True,0
P_hpfp,P_rv,p_hpfp
42536.68989185505,10697.657481146498,1889258.8614393128
Q,Q_phc
567237.5362069268,408237.5362069268
qm_cb,qm_phc/qm_t,qm_r,qm_v,qm,qm_pot
0.10747094819653912,0.0031550551334154154,0.020107613182246922,0.009676330228876599,0.11062600332995454,0.000603777417204638
number of iterations,31,Execution time: ,16.982227087020874
