architecture,t_cbt,t_hxt,eta_hpfp,eta_r,p_cbt,qm_cb0,t0,p0,tpr_hx,Q_hx,pcc,v
dual,380,170,0.71,0.71,1330000.0,0.11,25.2,345000.0,0.95,149000.0,True,0
P_hpfp,P_rv,p_hpfp
43480.499869622654,27488.91784355671,1889366.2728249198
Q,Q_phc
561963.4340678524,412963.43406785245
qm_cb,qm_phc/qm_t,qm_r,qm_v,qm,m_z
0.11,0.003463909349981251,0.051639807688016785,0.009880554865848446,0.11346390934998125,0.34639093499812507
number of iterations,20,Execution time: ,12.233728408813477
