architecture,t_cbt,t_hxt,eta_hpfp,eta_r,p_cbt,qm_cb0,t0,p0,tpr_hx,Q_hx,pcc,v
dual,380,110,0.71,0.71,1330000.0,0.11,25.2,345000.0,0.95,149000.0,True,0
P_hpfp,P_rv,p_hpfp
43355.79406125919,8479.329539137716,1889366.2728249198
Q,Q_phc
581167.9135165506,432167.91351655056
qm_cb,qm_phc/qm_t,qm_r,qm_v,qm,m_z
0.11,0.0034763106666242222,0.0159322265701963,0.00986743994531449,0.11347631066662422,0.3476310666624222
number of iterations,25,Execution time: ,16.003435134887695
