architecture,t_cbt,t_hxt,eta_hpfp,eta_r,p_cbt,qm_cb0,t0,p0,tpr_hx,Q_hx,pcc,v
dual,380,130,0.71,0.71,1330000.0,0.10998,25.2,345000.0,0.95,159000.0,True,0
P_hpfp,P_rv,p_hpfp
43368.804176139936,13614.249620461464,1889258.8614393128
Q,Q_phc
575345.4092700182,416345.4092700182
qm_cb,qm_phc/qm_t,qm_r,qm_v,qm,m_z
0.10998,0.0033752674478729067,0.025588639542179357,0.009863498206819189,0.1133552674478729,0.3375267447872901
number of iterations,29,Execution time: ,19.559715032577515
