architecture,t_cbt,t_hxt,eta_hpfp,eta_r,p_cbt,qm_cb0,t0,p0,tpr_hx,Q_hx,pcc,v
dual,380,170,0.71,0.71,1330000.0,0.10998,25.2,345000.0,0.95,159000.0,True,0
P_hpfp,P_rv,p_hpfp
43439.45399490746,27445.042746879048,1889258.8614393119
Q,Q_phc
561333.9506800433,402333.9506800433
qm_cb,qm_phc/qm_t,qm_r,qm_v,qm,m_z
0.10998,0.0033555453357634463,0.05157727477281881,0.009870744402608583,0.11333554533576344,0.3355545335763448
number of iterations,26,Execution time: ,17.96577548980713
