architecture,t_cbt,t_hxt,eta_hpfp,eta_r,p_cbt,qm_cb0,t0,p0,tpr_hx,Q_hx,pcc,v
dual,380,150,0.71,0.71,1330000.0,0.10998,25.2,345000.0,0.95,159000.0,True,0
P_hpfp,P_rv,p_hpfp
43444.66739612054,19891.862048333605,1889258.8614393119
Q,Q_phc
568960.8993530282,409960.89935302816
qm_cb,qm_phc/qm_t,qm_r,qm_v,qm,m_z
0.10998,0.003369704045173866,0.037388415932904005,0.009871953577890216,0.11334970404517386,0.33697040451738713
number of iterations,26,Execution time: ,18.68166160583496
