architecture,t_cbt,t_hxt,eta_hpfp,eta_r,p_cbt,qm_cb0,t0,p0,tpr_hx,Q_hx,pcc,v
dual,380,140,0.71,0.71,1330000.0,0.10747094819653912,25.2,345000.0,0.95,159000.0,True,0
P_hpfp,P_rv,p_hpfp
42626.05018927143,16301.820009121187,1889258.8614393126
Q,Q_phc
561925.1277007794,402925.12770077935
qm_cb,qm_phc/qm_t,qm_r,qm_v,qm,qm_pot
0.10747094819653912,0.003158729092909316,0.030640710223206705,0.009689529201062363,0.11062967728944843,0.0006684244619188532
number of iterations,28,Execution time: ,15.691915512084961
