architecture,t_cbt,t_hxt,eta_hpfp,eta_r,p_cbt,qm_cb0,t0,p0,tpr_hx,Q_hx,pcc,v
dual,380,110,0.71,0.71,1330000.0,0.10747094819653912,25.2,345000.0,0.95,159000.0,True,0
P_hpfp,P_rv,p_hpfp
42594.300134951205,8322.304064827149,1889258.8614393128
Q,Q_phc
570810.5177002511,411810.5177002511
qm_cb,qm_phc/qm_t,qm_r,qm_v,qm,qm_pot
0.10747094819653912,0.0031220320256231953,0.01564288644359206,0.009692645847780804,0.11059298022216231,0.0008618226199944981
number of iterations,33,Execution time: ,17.63702893257141
