architecture,t_cbt,t_hxt,eta_hpfp,eta_r,p_cbt,qm_cb0,t0,p0,tpr_hx,Q_hx,pcc,v
dual,380,110,0.71,0.71,1330000.0,0.10747273940586544,25.2,345000.0,0.95,159000.0,True,0
P_hpfp,P_rv,p_hpfp
42266.52213526264,8258.996378336338,1889258.8614393128
Q,Q_phc
566444.3334727446,407444.33347274456
qm_cb,qm_phc/qm_t,qm_r,qm_v,qm
0.10747273940586544,0.0031292446326393747,0.015523938616847015,0.009618255958566854,0.11060198403850481
number of iterations,33,Execution time: ,17.795244216918945
