architecture,t_cbt,t_hxt,eta_hpfp,eta_r,p_cbt,qm_cb0,t0,p0,tpr_hx,Q_hx,pcc,v
dual,380,130,0.71,0.71,1330000.0,0.10747094819653912,25.2,345000.0,0.95,159000.0,True,0
P_hpfp,P_rv,p_hpfp
42588.24469586396,13356.178687581423,1889258.8614393128
Q,Q_phc
564712.767258646,405712.76725864597
qm_cb,qm_phc/qm_t,qm_r,qm_v,qm,qm_pot
0.10747094819653912,0.0031574918735095612,0.025105196245283148,0.00968367766108241,0.11062844007004867,0.0006345600129752732
number of iterations,29,Execution time: ,16.011842966079712
