architecture,t_cbt,t_hxt,eta_hpfp,eta_r,p_cbt,qm_cb0,t0,p0,tpr_hx,Q_hx,pcc,v
dual,380,180,0.71,0.71,1330000.0,0.10747094819653912,25.2,345000.0,0.95,159000.0,True,0
P_hpfp,P_rv,p_hpfp
42856.928620112536,31286.984820728816,1889258.8614393119
Q,Q_phc
549191.9927421567,390191.9927421567
qm_cb,qm_phc/qm_t,qm_r,qm_v,qm,qm_pot
0.10747094819653912,0.003144761127713307,0.05879629735070401,0.009735226678526067,0.11061570932425242,0.0011274945362254605
number of iterations,26,Execution time: ,14.136754274368286
