architecture,t_cbt,t_hxt,eta_hpfp,eta_r,p_cbt,qm_cb0,t0,p0,tpr_hx,Q_hx,pcc,v
dual,380,190,0.71,0.71,1330000.0,0.10747094819653912,25.2,345000.0,0.95,159000.0,True,0
P_hpfp,P_rv,p_hpfp
42762.64809600994,35824.001359248745,1889258.8614393119
Q,Q_phc
543371.495396411,384371.49539641105
qm_cb,qm_phc/qm_t,qm_r,qm_v,qm,qm_pot
0.10747094819653912,0.003133841700686812,0.06731953499385228,0.009713750170033193,0.11060478989722593,0.0008914276051895379
number of iterations,26,Execution time: ,14.002148628234863
