architecture,t_cbt,t_hxt,eta_hpfp,eta_r,p_cbt,qm_cb0,t0,p0,tpr_hx,Q_hx,pcc,v
dual,380,150,0.71,0.71,1330000.0,0.10747094819653912,25.2,345000.0,0.95,159000.0,True,0
P_hpfp,P_rv,p_hpfp
42773.46108697817,19588.792011605925,1889258.8614393123
Q,Q_phc
560229.3884353369,401229.3884353369
qm_cb,qm_phc/qm_t,qm_r,qm_v,qm,qm_pot
0.10747094819653912,0.0031449633062574874,0.036817812026785746,0.009719891187279561,0.11061591150279661,0.0009938706895517755
number of iterations,27,Execution time: ,14.761877059936523
