architecture,t_cbt,t_hxt,eta_hpfp,eta_r,p_cbt,qm_cb0,t0,p0,tpr_hx,Q_hx,pcc,v
dual,380,180,0.71,0.71,1330000.0,0.11,25.2,345000.0,0.95,149000.0,True,0
P_hpfp,P_rv,p_hpfp
43476.737014775375,31789.092263575258,1889366.2728249198
Q,Q_phc
557608.9362489872,408608.9362489872
qm_cb,qm_phc/qm_t,qm_r,qm_v,qm,m_z
0.11,0.003453494349733818,0.05971415913455721,0.00987967259238671,0.11345349434973381,0.3453494349733818
number of iterations,20,Execution time: ,12.297762870788574
