architecture,t_cbt,t_hxt,eta_hpfp,eta_r,p_cbt,qm_cb0,t0,p0,tpr_hx,Q_hx,pcc,v
dual,380,130,0.71,0.71,1330000.0,0.10747094819653912,25.2,345000.0,0.95,159000.0,True,0
P_hpfp,P_rv,p_hpfp
42689.55991167999,13388.08729160727,1889258.8614393128
Q,Q_phc
566059.1501664068,407059.15016640676
qm_cb,qm_phc/qm_t,qm_r,qm_v,qm,qm_pot
0.10747094819653912,0.003135616843545003,0.025165123839036845,0.009706745286640799,0.11060656504008412,0.0009216788618115365
number of iterations,29,Execution time: ,15.032689571380615
