architecture,t_cbt,t_hxt,eta_hpfp,eta_r,p_cbt,qm_cb0,t0,p0,tpr_hx,Q_hx,pcc,v
dual,380,180,0.71,0.71,1330000.0,0.10998,25.2,345000.0,0.95,159000.0,True,0
P_hpfp,P_rv,p_hpfp
43435.199627987044,31738.377103984498,1889258.8614393119
Q,Q_phc
556980.8016947026,397980.8016947026
qm_cb,qm_phc/qm_t,qm_r,qm_v,qm,m_z
0.10998,0.003344059915597844,0.0596426242192624,0.009869760629706244,0.11332405991559784,0.33440599155978495
number of iterations,26,Execution time: ,18.57812762260437
