architecture,t_cbt,t_hxt,eta_hpfp,eta_r,p_cbt,qm_cb0,t0,p0,tpr_hx,Q_hx,pcc,v
dual,380,120,0.71,0.71,1330000.0,0.10747094819653912,25.2,345000.0,0.95,159000.0,True,0
P_hpfp,P_rv,p_hpfp
42636.29073891511,10722.745304083872,1889258.8614393128
Q,Q_phc
568566.6816896644,409566.6816896644
qm_cb,qm_phc/qm_t,qm_r,qm_v,qm,qm_pot
0.10747094819653912,0.0031292402099281514,0.020154737849359474,0.009699000054563268,0.11060018840646726,0.0008902160020227407
number of iterations,31,Execution time: ,16.71155571937561
