architecture,t_cbt,t_hxt,eta_hpfp,eta_r,p_cbt,qm_cb0,t0,p0,tpr_hx,Q_hx,pcc,v
dual,380,140,0.71,0.71,1330000.0,0.10747273940586544,25.2,345000.0,0.95,159000.0,True,0
P_hpfp,P_rv,p_hpfp
42359.00400944603,16200.344766586275,1889258.8614393126
Q,Q_phc
558429.0100778015,399429.01007780153
qm_cb,qm_phc/qm_t,qm_r,qm_v,qm
0.10747273940586544,0.0031325622927425023,0.03045026288664551,0.009628997888974354,0.11060530169860794
number of iterations,28,Execution time: ,15.701499938964844
