architecture,t_cbt,t_hxt,eta_hpfp,eta_r,p_cbt,qm_cb0,t0,p0,tpr_hx,Q_hx,pcc,v
dual,380,160,0.71,0.71,1330000.0,0.10747094819653912,25.2,345000.0,0.95,159000.0,True,0
P_hpfp,P_rv,p_hpfp
42716.608220416994,23086.189640265155,1889258.8614393119
Q,Q_phc
555469.7954040177,396469.79540401767
qm_cb,qm_phc/qm_t,qm_r,qm_v,qm,qm_pot
0.10747094819653912,0.0031559067473480723,0.04339076446669775,0.009703163890244556,0.11062685494388719,0.0007464661715565202
number of iterations,26,Execution time: ,13.919861793518066
