architecture,t_cbt,t_hxt,eta_hpfp,eta_r,p_cbt,qm_cb0,t0,p0,tpr_hx,Q_hx,pcc,v
dual,380,170,0.71,0.71,1330000.0,0.10747273940586544,25.2,345000.0,0.95,159000.0,True,0
P_hpfp,P_rv,p_hpfp
42416.74948168796,26771.26872111241,1889258.8614393119
Q,Q_phc
547731.2268349825,388731.2268349825
qm_cb,qm_phc/qm_t,qm_r,qm_v,qm
0.10747273940586544,0.0031201725055347296,0.05031374939843066,0.009635079145504105,0.11059291191140017
number of iterations,26,Execution time: ,13.195797443389893
