architecture,t_cbt,t_hxt,eta_hpfp,eta_r,p_cbt,qm_cb0,t0,p0,tpr_hx,Q_hx,pcc,v
dual,380,210,0.71,0.71,1330000.0,0.10998,25.2,345000.0,0.95,159000.0,True,0
P_hpfp,P_rv,p_hpfp
43413.68133821367,47092.80938901625,1889258.8614393119
Q,Q_phc
541325.5103848082,382325.5103848082
qm_cb,qm_phc/qm_t,qm_r,qm_v,qm,m_z
0.10998,0.003286268484634161,0.08848782985080011,0.009864797771885328,0.11326626848463416,0.3286268484634165
number of iterations,26,Execution time: ,18.913138151168823
