architecture,t_cbt,t_hxt,eta_hpfp,eta_r,p_cbt,qm_cb0,t0,p0,tpr_hx,Q_hx,pcc,v
dual,380,280,0.71,0.71,1330000.0,0.10747094819653912,25.2,345000.0,0.95,159000.0,True,0
P_hpfp,P_rv,p_hpfp
43046.86892529672,107039.68595801447,1889258.8614393119
Q,Q_phc
476070.5081930518,317070.5081930518
qm_cb,qm_phc/qm_t,qm_r,qm_v,qm,qm_pot
0.10747094819653912,0.0028191903889933584,0.20111049817899398,0.00977884520464944,0.11029013858553248,0.001958804005428783
number of iterations,26,Execution time: ,14.64052677154541
