architecture,t_cbt,t_hxt,eta_hpfp,eta_r,p_cbt,qm_cb0,t0,p0,tpr_hx,Q_hx,pcc,v
dual,380,200,0.71,0.71,1330000.0,0.10998,25.2,345000.0,0.95,159000.0,True,0
P_hpfp,P_rv,p_hpfp
43422.52820186666,41516.255565922955,1889258.8614393119
Q,Q_phc
547025.5319224918,388025.53192249185
qm_cb,qm_phc/qm_t,qm_r,qm_v,qm,m_z
0.10998,0.0033099880469820153,0.0780114780280126,0.00986683642077344,0.11328998804698201,0.3309988046982022
number of iterations,26,Execution time: ,18.53417205810547
