architecture,t_cbt,t_hxt,eta_hpfp,eta_r,p_cbt,qm_cb0,t0,p0,tpr_hx,Q_hx,pcc,v
dual,380,220,0.71,0.71,1330000.0,0.10747273940586544,25.2,345000.0,0.95,159000.0,True,0
P_hpfp,P_rv,p_hpfp
42384.955880654976,51918.04966837842,1889258.8614393119
Q,Q_phc
522145.77413189877,363145.77413189877
qm_cb,qm_phc/qm_t,qm_r,qm_v,qm
0.10747273940586544,0.003035833859616213,0.0975552070832624,0.009627791376977241,0.11050857326548165
number of iterations,26,Execution time: ,14.315003871917725
