architecture,t_cbt,t_hxt,eta_hpfp,eta_r,p_cbt,qm_cb0,t0,p0,tpr_hx,Q_hx,pcc,v
dual,380,240,0.71,0.71,1330000.0,0.10998,25.2,345000.0,0.95,159000.0,True,0
P_hpfp,P_rv,p_hpfp
43373.524799156155,67413.21712099668,1889258.8614393119
Q,Q_phc
520446.85628034105,361446.85628034105
qm_cb,qm_phc/qm_t,qm_r,qm_v,qm,m_z
0.10998,0.0031789949297625075,0.12666316500789693,0.0098555610805218,0.1131589949297625,0.317899492976251
number of iterations,26,Execution time: ,18.634729146957397
