architecture,t_cbt,t_hxt,eta_hpfp,eta_r,p_cbt,qm_cb0,t0,p0,tpr_hx,Q_hx,pcc,v
dual,380,270,0.71,0.71,1330000.0,0.10747094819653912,25.2,345000.0,0.95,159000.0,True,0
P_hpfp,P_rv,p_hpfp
42908.48359683661,94683.04380809079,1889258.8614393119
Q,Q_phc
486530.4834378447,327530.4834378447
qm_cb,qm_phc/qm_t,qm_r,qm_v,qm,qm_pot
0.10747094819653912,0.0028527070385014506,0.1778961860420713,0.00974722347324343,0.11032365523504056,0.0015604708030007965
number of iterations,26,Execution time: ,14.66144847869873
