architecture,t_cbt,t_hxt,eta_hpfp,eta_r,p_cbt,qm_cb0,t0,p0,tpr_hx,Q_hx,pcc,v
dual,380,260,0.71,0.71,1330000.0,0.10747094819653912,25.2,345000.0,0.95,159000.0,True,0
P_hpfp,P_rv,p_hpfp
43006.041561300175,84370.97673338931,1889258.8614393119
Q,Q_phc
498175.07089984603,339175.07089984603
qm_cb,qm_phc/qm_t,qm_r,qm_v,qm,qm_pot
0.10747094819653912,0.0029557437843733565,0.15852286550069916,0.00976948057882933,0.11042669198091247,0.0017137991007794542
number of iterations,26,Execution time: ,14.3563072681427
