architecture,t_cbt,t_hxt,eta_hpfp,eta_r,p_cbt,qm_cb0,t0,p0,tpr_hx,Q_hx,pcc,v
dual,380,210,0.71,0.71,1330000.0,0.10747094819653912,25.2,345000.0,0.95,159000.0,True,0
P_hpfp,P_rv,p_hpfp
42795.646191543005,46384.951386428074,1889258.8614393119
Q,Q_phc
533268.1938894979,374268.1938894979
qm_cb,qm_phc/qm_t,qm_r,qm_v,qm,qm_pot
0.10747094819653912,0.0031016729336249566,0.08715959541753385,0.009721332154895871,0.11057262113016407,0.0010115528404555493
number of iterations,26,Execution time: ,13.978645086288452
