architecture,t_cbt,t_hxt,eta_hpfp,eta_r,p_cbt,qm_cb0,t0,p0,tpr_hx,Q_hx,pcc,v
dual,380,250,0.71,0.71,1330000.0,0.10747094819653912,25.2,345000.0,0.95,159000.0,True,0
P_hpfp,P_rv,p_hpfp
42986.23198998731,75038.68746284826,1889258.8614393119
Q,Q_phc
507233.25841927784,348233.25841927784
qm_cb,qm_phc/qm_t,qm_r,qm_v,qm,qm_pot
0.10747094819653912,0.003004623505065412,0.1409903985236647,0.009764933914861225,0.11047557170160453,0.0016122309459822215
number of iterations,26,Execution time: ,14.715776443481445
