architecture,t_cbt,t_hxt,eta_hpfp,eta_r,p_cbt,qm_cb0,t0,p0,tpr_hx,Q_hx,pcc,v
dual,380,200,0.71,0.71,1330000.0,0.10747094819653912,25.2,345000.0,0.95,159000.0,True,0
P_hpfp,P_rv,p_hpfp
42778.91703167399,40866.24398602403,1889258.8614393119
Q,Q_phc
538554.9470873551,379554.9470873551
qm_cb,qm_phc/qm_t,qm_r,qm_v,qm,qm_pot
0.10747094819653912,0.0031198585867493775,0.07679196382084198,0.009717488767900294,0.11059080678328849,0.0009487866082444728
number of iterations,26,Execution time: ,14.075747728347778
