architecture,t_cbt,t_hxt,eta_hpfp,eta_r,p_cbt,qm_cb0,t0,p0,tpr_hx,Q_hx,pcc,v
dual,380,240,0.71,0.71,1330000.0,0.10747094819653912,25.2,345000.0,0.95,159000.0,True,0
P_hpfp,P_rv,p_hpfp
42966.78439313922,66736.23351219253,1889258.8614393119
Q,Q_phc
515266.43816835387,356266.43816835387
qm_cb,qm_phc/qm_t,qm_r,qm_v,qm,qm_pot
0.10747094819653912,0.003043653465936078,0.1253927297076588,0.009760468924260364,0.11051460166247519,0.0015214428584567727
number of iterations,26,Execution time: ,13.845393657684326
