architecture,t_cbt,t_hxt,eta_hpfp,eta_r,p_cbt,qm_cb0,t0,p0,tpr_hx,Q_hx,pcc,v
dual,380,260,0.71,0.71,1330000.0,0.10998,25.2,345000.0,0.95,159000.0,True,0
P_hpfp,P_rv,p_hpfp
43330.86204221714,85059.88684983613,1889258.8614393119
Q,Q_phc
502209.8835902811,343209.8835902811
qm_cb,qm_phc/qm_t,qm_r,qm_v,qm,m_z
0.10998,0.003065525423867857,0.15981580541422635,0.00984576944890072,0.11304552542386785,0.30655254238678503
number of iterations,26,Execution time: ,19.089361906051636
