architecture,t_cbt,t_hxt,eta_hpfp,eta_r,p_cbt,qm_cb0,t0,p0,tpr_hx,Q_hx,pcc,v
dual,380,220,0.71,0.71,1330000.0,0.11,25.2,345000.0,0.95,149000.0,True,0
P_hpfp,P_rv,p_hpfp
43446.45816444122,53295.16647927367,1889366.2728249198
Q,Q_phc
535671.7107197848,386671.71071978484
qm_cb,qm_phc/qm_t,qm_r,qm_v,qm,m_z
0.11,0.0033707659250233864,0.1000973278349818,0.009872621418079848,0.11337076592502339,0.3370765925023386
number of iterations,20,Execution time: ,12.58039379119873
