architecture,t_cbt,t_hxt,eta_hpfp,eta_r,p_cbt,qm_cb0,t0,p0,tpr_hx,Q_hx,pcc,v
dual,380,280,0.71,0.71,1330000.0,0.10998,25.2,345000.0,0.95,159000.0,True,0
P_hpfp,P_rv,p_hpfp
43268.64550892852,107650.24362178019,1889258.8614393119
Q,Q_phc
478763.0425794006,319763.0425794006
qm_cb,qm_phc/qm_t,qm_r,qm_v,qm,m_z
0.10998,0.0029008332143236476,0.2022563343541122,0.00983152382590465,0.11288083321432364,0.2900833214323644
number of iterations,26,Execution time: ,19.471741914749146
