architecture,t_cbt,t_hxt,eta_hpfp,eta_r,p_cbt,qm_cb0,t0,p0,tpr_hx,Q_hx,pcc,v
dual,380,200,0.71,0.71,1330000.0,0.10747273940586544,25.2,345000.0,0.95,159000.0,True,0
P_hpfp,P_rv,p_hpfp
42402.47957143954,40504.39658750456,1889258.8614393119
Q,Q_phc
533800.7440219914,374800.7440219914
qm_cb,qm_phc/qm_t,qm_r,qm_v,qm
0.10747273940586544,0.003082235272517872,0.07611285640417367,0.009631804569941919,0.11055497467838331
number of iterations,26,Execution time: ,13.865466117858887
