architecture,t_cbt,t_hxt,eta_hpfp,eta_r,p_cbt,qm_cb0,t0,p0,tpr_hx,Q_hx,pcc,v
dual,380,240,0.71,0.71,1330000.0,0.10747094819653912,25.2,345000.0,0.95,159000.0,True,0
P_hpfp,P_rv,p_hpfp
42848.94596834856,66551.24392243437,1889258.8614393119
Q,Q_phc
513840.02775806386,354840.02775806386
qm_cb,qm_phc/qm_t,qm_r,qm_v,qm,qm_pot
0.10747094819653912,0.003014283015894712,0.12504526718638054,0.0097335704264128,0.11048523121243382,0.0012408189059401713
number of iterations,26,Execution time: ,14.397192478179932
