architecture,t_cbt,t_hxt,eta_hpfp,eta_r,p_cbt,qm_cb0,t0,p0,tpr_hx,Q_hx,pcc,v
dual,380,280,0.71,0.71,1330000.0,0.10747094819653912,25.2,345000.0,0.95,159000.0,True,0
P_hpfp,P_rv,p_hpfp
42930.31265346071,106746.44798736033,1889258.8614393119
Q,Q_phc
474767.6218025829,315767.6218025829
qm_cb,qm_phc/qm_t,qm_r,qm_v,qm,qm_pot
0.10747094819653912,0.002773467745732625,0.20055970196144005,0.009752222049272253,0.11024441594227175,0.00169750050240417
number of iterations,26,Execution time: ,14.113829374313354
