architecture,t_cbt,t_hxt,eta_hpfp,eta_r,p_cbt,qm_cb0,t0,p0,tpr_hx,Q_hx,pcc,v
dual,380,260,0.71,0.71,1330000.0,0.10747273940586544,25.2,345000.0,0.95,159000.0,True,0
P_hpfp,P_rv,p_hpfp
42318.833711559586,83009.22007911133,1889258.8614393119
Q,Q_phc
490149.8279716846,331149.8279716846
qm_cb,qm_phc/qm_t,qm_r,qm_v,qm
0.10747273940586544,0.0028617844538831733,0.15596601887729225,0.0096126931909578,0.11033452385974861
number of iterations,26,Execution time: ,14.57663869857788
