architecture,t_cbt,t_hxt,eta_hpfp,eta_r,p_cbt,qm_cb0,t0,p0,tpr_hx,Q_hx,pcc,v
dual,380,260,0.71,0.71,1330000.0,0.11,25.2,345000.0,0.95,149000.0,True,0
P_hpfp,P_rv,p_hpfp
43376.81664913734,85195.7530919284,1889366.2728249198
Q,Q_phc
502791.31444333494,353791.31444333494
qm_cb,qm_phc/qm_t,qm_r,qm_v,qm,m_z
0.11,0.0031826163111444237,0.16000092250880116,0.009856499245235238,0.11318261631114443,0.3182616311144424
number of iterations,20,Execution time: ,13.016335010528564
