architecture,t_cbt,t_hxt,eta_hpfp,eta_r,p_cbt,qm_cb0,t0,p0,tpr_hx,Q_hx,pcc,v
dual,380,210,0.71,0.71,1330000.0,0.10747273940586544,25.2,345000.0,0.95,159000.0,True,0
P_hpfp,P_rv,p_hpfp
42394.68432659778,45947.24000367864,1889258.8614393119
Q,Q_phc
528250.4503957963,369250.45039579633
qm_cb,qm_phc/qm_t,qm_r,qm_v,qm
0.10747273940586544,0.0030615756310164166,0.08633805038631065,0.009630018544123372,0.11053431503688185
number of iterations,26,Execution time: ,14.539745569229126
