architecture,t_cbt,t_hxt,eta_hpfp,eta_r,p_cbt,qm_cb0,t0,p0,tpr_hx,Q_hx,pcc,v
dual,380,270,0.71,0.71,1330000.0,0.11,25.2,345000.0,0.95,149000.0,True,0
P_hpfp,P_rv,p_hpfp
43349.262610376914,95763.5536971602,1889366.2728249198
Q,Q_phc
491838.4742484037,342838.4742484037
qm_cb,qm_phc/qm_t,qm_r,qm_v,qm,m_z
0.11,0.0031086447390340733,0.1798455743151181,0.00985014161680374,0.11310864473903408,0.3108644739034073
number of iterations,20,Execution time: ,12.582939147949219
