architecture,t_cbt,t_hxt,eta_hpfp,eta_r,p_cbt,qm_cb0,t0,p0,tpr_hx,Q_hx,pcc,v
dual,380,270,0.71,0.71,1330000.0,0.10998,25.2,345000.0,0.95,159000.0,True,0
P_hpfp,P_rv,p_hpfp
43302.720199152114,95611.2052965811,1889258.8614393119
Q,Q_phc
491270.528458703,332270.528458703
qm_cb,qm_phc/qm_t,qm_r,qm_v,qm,m_z
0.10998,0.002990918584082139,0.17963855837100998,0.009839320972537854,0.11297091858408213,0.29909185840821395
number of iterations,26,Execution time: ,18.845741033554077
