architecture,t_cbt,t_hxt,eta_hpfp,eta_r,p_cbt,qm_cb0,t0,p0,tpr_hx,Q_hx,pcc,v
dual,380,230,0.71,0.71,1330000.0,0.10747273940586544,25.2,345000.0,0.95,159000.0,True,0
P_hpfp,P_rv,p_hpfp
42372.96648118675,58496.40403844882,1889258.8614393119
Q,Q_phc
515402.7369487077,356402.7369487077
qm_cb,qm_phc/qm_t,qm_r,qm_v,qm
0.10747273940586544,0.003004162462425769,0.10991382543916021,0.009625048887922767,0.1104769018682912
number of iterations,26,Execution time: ,12.95346450805664
