architecture,t_cbt,t_hxt,eta_hpfp,eta_r,p_cbt,qm_cb0,t0,p0,tpr_hx,Q_hx,pcc,v
dual,390,160,0.71,0.71,1330000.0,0.10734141285705383,25.2,345000.0,0.95,159000.0,True,0
P_hpfp,P_rv,p_hpfp
42322.44812845862,22551.88715401415,1889258.8614393119
Q,Q_phc
568208.3357160412,409208.33571604115
qm_cb,qm_phc/qm_t,qm_r,qm_v,qm
0.10734141285705383,0.003257366490762012,0.041306325559796984,0.009368994142521493,0.11059877934781584
number of iterations,26,Execution time: ,13.764451503753662
