architecture,t_cbt,t_hxt,eta_hpfp,eta_r,p_cbt,qm_cb0,t0,p0,tpr_hx,Q_hx,pcc,v
dual,390,140,0.71,0.71,1330000.0,0.10998,25.2,345000.0,0.95,159000.0,True,0
P_hpfp,P_rv,p_hpfp
43373.725209055534,16401.739726565367,1889258.8614393123
Q,Q_phc
589907.332651499,430907.33265149896
qm_cb,qm_phc/qm_t,qm_r,qm_v,qm,m_z
0.10998,0.0035188014489156982,0.0300431519301972,0.009608203069425168,0.11349880144891569,0.3518801448915699
number of iterations,27,Execution time: ,18.96061086654663
