architecture,t_cbt,t_hxt,eta_hpfp,eta_r,p_cbt,qm_cb0,t0,p0,tpr_hx,Q_hx,pcc,v
dual,390,140,0.71,0.71,1330000.0,0.10733958039439441,25.2,345000.0,0.95,159000.0,True,0
P_hpfp,P_rv,p_hpfp
42633.76262000574,16125.054645968119,1889258.8614393126
Q,Q_phc
579890.5605815131,420890.5605815131
qm_cb,qm_phc/qm_t,qm_r,qm_v,qm,qm_pot
0.10733958039439441,0.003268587150623625,0.02953559830340529,0.009444618323602728,0.11060816754501804,0.0009631087778176371
number of iterations,28,Execution time: ,15.655304670333862
