architecture,t_cbt,t_hxt,eta_hpfp,eta_r,p_cbt,qm_cb0,t0,p0,tpr_hx,Q_hx,pcc,v
dual,390,180,0.71,0.71,1330000.0,0.11,25.2,345000.0,0.95,149000.0,True,0
P_hpfp,P_rv,p_hpfp
43437.33184640447,31199.97298222823,1889366.2728249198
Q,Q_phc
575673.5272334062,426673.5272334062
qm_cb,qm_phc/qm_t,qm_r,qm_v,qm,m_z
0.11,0.0036088124332821323,0.05711507899274137,0.0096195107398773,0.11360881243328214,0.3608812433282132
number of iterations,20,Execution time: ,12.944717645645142
