architecture,t_cbt,t_hxt,eta_hpfp,eta_r,p_cbt,qm_cb0,t0,p0,tpr_hx,Q_hx,pcc,v
dual,390,140,0.71,0.71,1330000.0,0.10733958039439441,25.2,345000.0,0.95,159000.0,True,0
P_hpfp,P_rv,p_hpfp
42526.614509620995,16084.28116956321,1889258.8614393126
Q,Q_phc
578427.9433190214,419427.9433190214
qm_cb,qm_phc/qm_t,qm_r,qm_v,qm,qm_pot
0.10733958039439441,0.0032863212887284604,0.029460977369921117,0.00942083380171624,0.11062590168312288,0.00066401544448822
number of iterations,28,Execution time: ,15.0355384349823
