architecture,t_cbt,t_hxt,eta_hpfp,eta_r,p_cbt,qm_cb0,t0,p0,tpr_hx,Q_hx,pcc,v
dual,390,180,0.71,0.71,1330000.0,0.10733958039439441,25.2,345000.0,0.95,159000.0,True,0
P_hpfp,P_rv,p_hpfp
42647.81850333266,30585.310676682857,1889258.8614393119
Q,Q_phc
564720.5116385777,405720.5116385777
qm_cb,qm_phc/qm_t,qm_r,qm_v,qm,qm_pot
0.10733958039439441,0.0032804462680374007,0.05601227781127,0.009441083868382326,0.11062002666243181,0.0008297052402709179
number of iterations,26,Execution time: ,14.25121021270752
