architecture,t_cbt,t_hxt,eta_hpfp,eta_r,p_cbt,qm_cb0,t0,p0,tpr_hx,Q_hx,pcc,v
dual,390,120,0.71,0.71,1330000.0,0.10733958039439441,25.2,345000.0,0.95,159000.0,True,0
P_hpfp,P_rv,p_hpfp
42540.911080312886,10607.294468825821,1889258.8614393128
Q,Q_phc
585040.9424268781,426040.94242687814
qm_cb,qm_phc/qm_t,qm_r,qm_v,qm,qm_pot
0.10733958039439441,0.003253219025993781,0.019429360187698922,0.00943086895336424,0.11059279942038819,0.0008980752987774568
number of iterations,31,Execution time: ,16.285613298416138
