architecture,t_cbt,t_hxt,eta_hpfp,eta_r,p_cbt,qm_cb0,t0,p0,tpr_hx,Q_hx,pcc,v
dual,390,120,0.71,0.71,1330000.0,0.11,25.2,345000.0,0.95,149000.0,True,0
P_hpfp,P_rv,p_hpfp
43350.51861295549,10813.436767560313,1889366.2728249198
Q,Q_phc
596219.5610923807,447219.56109238067
qm_cb,qm_phc/qm_t,qm_r,qm_v,qm,m_z
0.11,0.003621386255008232,0.01980157486803888,0.009610795684952529,0.11362138625500823,0.36213862550082315
number of iterations,23,Execution time: ,14.04629373550415
