architecture,t_cbt,t_hxt,eta_hpfp,eta_r,p_cbt,qm_cb0,t0,p0,tpr_hx,Q_hx,pcc,v
dual,390,130,0.71,0.71,1330000.0,0.10733958039439441,25.2,345000.0,0.95,159000.0,True,0
P_hpfp,P_rv,p_hpfp
42594.07556985954,13228.202877996486,1889258.8614393128
Q,Q_phc
582591.0146883731,423591.0146883731
qm_cb,qm_phc/qm_t,qm_r,qm_v,qm,qm_pot
0.10733958039439441,0.003261301190562081,0.024230589208386544,0.009438452651503221,0.11060088158495648,0.0009291510234578012
number of iterations,29,Execution time: ,15.416760206222534
