architecture,t_cbt,t_hxt,eta_hpfp,eta_r,p_cbt,qm_cb0,t0,p0,tpr_hx,Q_hx,pcc,v
dual,390,130,0.71,0.71,1330000.0,0.10733958039439441,25.2,345000.0,0.95,159000.0,True,0
P_hpfp,P_rv,p_hpfp
42488.82083354203,13195.368068876633,1889258.8614393128
Q,Q_phc
581148.0500217831,422148.0500217831
qm_cb,qm_phc/qm_t,qm_r,qm_v,qm,qm_pot
0.10733958039439441,0.0032834087437755527,0.02417049543250252,0.009415097072444728,0.11062298913816997,0.0006308352055999121
number of iterations,29,Execution time: ,15.509478330612183
