architecture,t_cbt,t_hxt,eta_hpfp,eta_r,p_cbt,qm_cb0,t0,p0,tpr_hx,Q_hx,pcc,v
dual,390,150,0.71,0.71,1330000.0,0.10733958039439441,25.2,345000.0,0.95,159000.0,True,0
P_hpfp,P_rv,p_hpfp
42678.17803344303,19301.444107091473,1889258.8614393123
Q,Q_phc
576916.3815483549,417916.38154835487
qm_cb,qm_phc/qm_t,qm_r,qm_v,qm,qm_pot
0.10733958039439441,0.0032746059279108483,0.03535272508824246,0.009451389811311153,0.11061418632230526,0.0010001752376791987
number of iterations,27,Execution time: ,15.296476602554321
