architecture,t_cbt,t_hxt,eta_hpfp,eta_r,p_cbt,qm_cb0,t0,p0,tpr_hx,Q_hx,pcc,v
dual,390,120,0.71,0.71,1330000.0,0.10733958039439441,25.2,345000.0,0.95,159000.0,True,0
P_hpfp,P_rv,p_hpfp
42437.49474784081,10581.462840881402,1889258.8614393128
Q,Q_phc
583617.5972791613,424617.59727916133
qm_cb,qm_phc/qm_t,qm_r,qm_v,qm,qm_pot
0.10733958039439441,0.003279459595044377,0.019382076274024263,0.00940792929059201,0.11061903998943878,0.0006005985856186133
number of iterations,31,Execution time: ,16.622719764709473
