architecture,t_cbt,t_hxt,eta_hpfp,eta_r,p_cbt,qm_cb0,t0,p0,tpr_hx,Q_hx,pcc,v
dual,390,190,0.71,0.71,1330000.0,0.10733958039439441,25.2,345000.0,0.95,159000.0,True,0
P_hpfp,P_rv,p_hpfp
42663.92341801381,35039.82670840244,1889258.8614393119
Q,Q_phc
560496.4179230769,401496.4179230769
qm_cb,qm_phc/qm_t,qm_r,qm_v,qm,qm_pot
0.10733958039439441,0.0032728824502413646,0.06416711430570933,0.00944469193432093,0.11061246284463577,0.0008803370680798264
number of iterations,26,Execution time: ,14.00897741317749
