architecture,t_cbt,t_hxt,eta_hpfp,eta_r,p_cbt,qm_cb0,t0,p0,tpr_hx,Q_hx,pcc,v
dual,390,120,0.71,0.71,1330000.0,0.10998,25.2,345000.0,0.95,159000.0,True,0
P_hpfp,P_rv,p_hpfp
43307.46358739955,10797.35812323038,1889258.8614393128
Q,Q_phc
595570.2873660125,436570.28736601246
qm_cb,qm_phc/qm_t,qm_r,qm_v,qm,m_z
0.10998,0.00351745827540495,0.019777862495902226,0.009600751953629243,0.11349745827540494,0.3517458275404949
number of iterations,30,Execution time: ,21.001580953598022
