architecture,t_cbt,t_hxt,eta_hpfp,eta_r,p_cbt,qm_cb0,t0,p0,tpr_hx,Q_hx,pcc,v
dual,390,160,0.71,0.71,1330000.0,0.10733958039439441,25.2,345000.0,0.95,159000.0,True,0
P_hpfp,P_rv,p_hpfp
42616.958439267415,22709.115368572282,1889258.8614393119
Q,Q_phc
572154.7243747222,413154.7243747222
qm_cb,qm_phc/qm_t,qm_r,qm_v,qm,qm_pot
0.10733958039439441,0.003287394337275161,0.041593754065053626,0.00943416681407476,0.11062697473166958,0.0007401521326008454
number of iterations,26,Execution time: ,14.257274150848389
