architecture,t_cbt,t_hxt,eta_hpfp,eta_r,p_cbt,qm_cb0,t0,p0,tpr_hx,Q_hx,pcc,v
dual,390,110,0.71,0.71,1330000.0,0.10733958039439441,25.2,345000.0,0.95,159000.0,True,0
P_hpfp,P_rv,p_hpfp
42498.896283895534,8241.533266261988,1889258.8614393128
Q,Q_phc
587237.7486211268,428237.74862112675
qm_cb,qm_phc/qm_t,qm_r,qm_v,qm,qm_pot
0.10733958039439441,0.003244469856140206,0.01509607569370923,0.00942462776351257,0.11058405025053461,0.0008699682980998436
number of iterations,33,Execution time: ,17.699968814849854
