architecture,t_cbt,t_hxt,eta_hpfp,eta_r,p_cbt,qm_cb0,t0,p0,tpr_hx,Q_hx,pcc,v
dual,390,150,0.71,0.71,1330000.0,0.10733958039439441,25.2,345000.0,0.95,159000.0,True,0
P_hpfp,P_rv,p_hpfp
42569.12517359561,19251.722333696696,1889258.8614393123
Q,Q_phc
575434.5405403579,416434.54054035794
qm_cb,qm_phc/qm_t,qm_r,qm_v,qm,qm_pot
0.10733958039439441,0.0032877588233466023,0.03526173192706155,0.009427170491709146,0.11062733921774101,0.0007004087677258951
number of iterations,27,Execution time: ,14.379771947860718
