architecture,t_cbt,t_hxt,eta_hpfp,eta_r,p_cbt,qm_cb0,t0,p0,tpr_hx,Q_hx,pcc,v
dual,390,160,0.71,0.71,1330000.0,0.10998,25.2,345000.0,0.95,159000.0,True,0
P_hpfp,P_rv,p_hpfp
43401.66010983363,23151.692612910236,1889258.8614393119
Q,Q_phc
583098.3775485526,424098.3775485526
qm_cb,qm_phc/qm_t,qm_r,qm_v,qm,m_z
0.10998,0.0035133740262976443,0.04240233393299883,0.009611092031530995,0.11349337402629764,0.3513374026297641
number of iterations,26,Execution time: ,18.564594268798828
