architecture,t_cbt,t_hxt,eta_hpfp,eta_r,p_cbt,qm_cb0,t0,p0,tpr_hx,Q_hx,pcc,v
dual,390,100,0.71,0.71,1330000.0,0.10733958039439441,25.2,345000.0,0.95,159000.0,True,0
P_hpfp,P_rv,p_hpfp
42474.80473201443,6110.959802223387,1889258.8614393128
Q,Q_phc
589195.0775221636,430195.0775221636
qm_cb,qm_phc/qm_t,qm_r,qm_v,qm,qm_pot
0.10733958039439441,0.003235256941830627,0.011194983446691904,0.00942048920622183,0.11057483733622504,0.0008447068310574934
number of iterations,34,Execution time: ,18.72542929649353
