architecture,t_cbt,t_hxt,eta_hpfp,eta_r,p_cbt,qm_cb0,t0,p0,tpr_hx,Q_hx,pcc,v
dual,390,150,0.71,0.71,1330000.0,0.10998,25.2,345000.0,0.95,159000.0,True,0
P_hpfp,P_rv,p_hpfp
43402.977668255364,19624.560625585073,1889258.8614393119
Q,Q_phc
586645.0568870209,427645.05688702094
qm_cb,qm_phc/qm_t,qm_r,qm_v,qm,m_z
0.10998,0.003517019100842872,0.035945527948035474,0.00961139231436454,0.11349701910084287,0.35170191008428753
number of iterations,26,Execution time: ,18.340747356414795
