architecture,t_cbt,t_hxt,eta_hpfp,eta_r,p_cbt,qm_cb0,t0,p0,tpr_hx,Q_hx,pcc,v
dual,390,190,0.71,0.71,1330000.0,0.10998,25.2,345000.0,0.95,159000.0,True,0
P_hpfp,P_rv,p_hpfp
43391.66953900054,35668.42043141884,1889258.8614393119
Q,Q_phc
570436.2928636029,411436.29286360287
qm_cb,qm_phc/qm_t,qm_r,qm_v,qm,m_z
0.10998,0.0034862350163003403,0.06531639971624528,0.00960883612829662,0.11346623501630033,0.3486235016300345
number of iterations,26,Execution time: ,18.649571180343628
