architecture,t_cbt,t_hxt,eta_hpfp,eta_r,p_cbt,qm_cb0,t0,p0,tpr_hx,Q_hx,pcc,v
dual,390,180,0.71,0.71,1330000.0,0.10734141285705383,25.2,345000.0,0.95,159000.0,True,0
P_hpfp,P_rv,p_hpfp
42318.43737833369,30348.04360357068,1889258.8614393119
Q,Q_phc
560354.5702500232,401354.57025002316
qm_cb,qm_phc/qm_t,qm_r,qm_v,qm
0.10734141285705383,0.0032466015918311553,0.05557841432557496,0.009368093925869432,0.11058801444888498
number of iterations,26,Execution time: ,14.117846250534058
