architecture,t_cbt,t_hxt,eta_hpfp,eta_r,p_cbt,qm_cb0,t0,p0,tpr_hx,Q_hx,pcc,v
dual,390,110,0.71,0.71,1330000.0,0.10734141285705383,25.2,345000.0,0.95,159000.0,True,0
P_hpfp,P_rv,p_hpfp
42168.84679385561,8178.229496707166,1889258.8614393128
Q,Q_phc
582703.542266898,423703.542266898
qm_cb,qm_phc/qm_t,qm_r,qm_v,qm
0.10734141285705383,0.0032517669679540118,0.014980171096686022,0.009351622569874709,0.11059317982500784
number of iterations,33,Execution time: ,19.21243190765381
