architecture,t_cbt,t_hxt,eta_hpfp,eta_r,p_cbt,qm_cb0,t0,p0,tpr_hx,Q_hx,pcc,v
dual,390,170,0.71,0.71,1330000.0,0.11,25.2,345000.0,0.95,149000.0,True,0
P_hpfp,P_rv,p_hpfp
43440.11669988682,27029.94130519773,1889366.2728249198
Q,Q_phc
579885.4393796049,430885.4393796049
qm_cb,qm_phc/qm_t,qm_r,qm_v,qm,m_z
0.11,0.003616617476110573,0.0494844974241067,0.009620150561767338,0.11361661747611057,0.3616617476110573
number of iterations,20,Execution time: ,12.816050291061401
