architecture,t_cbt,t_hxt,eta_hpfp,eta_r,p_cbt,qm_cb0,t0,p0,tpr_hx,Q_hx,pcc,v
dual,390,190,0.71,0.71,1330000.0,0.10734141285705383,25.2,345000.0,0.95,159000.0,True,0
P_hpfp,P_rv,p_hpfp
42314.807436211886,34751.49518605587,1889258.8614393119
Q,Q_phc
555899.2373740756,396899.2373740756
qm_cb,qm_phc/qm_t,qm_r,qm_v,qm
0.10734141285705383,0.003236903845901709,0.06363982595717807,0.0093672810771505,0.11057831670295554
number of iterations,26,Execution time: ,14.660893201828003
