architecture,t_cbt,t_hxt,eta_hpfp,eta_r,p_cbt,qm_cb0,t0,p0,tpr_hx,Q_hx,pcc,v
dual,390,190,0.71,0.71,1330000.0,0.11,25.2,345000.0,0.95,149000.0,True,0
P_hpfp,P_rv,p_hpfp
43433.356510764104,35724.95242703287,1889366.2728249198
Q,Q_phc
571089.3705431495,422089.37054314953
qm_cb,qm_phc/qm_t,qm_r,qm_v,qm,m_z
0.11,0.003597777789715922,0.06539532393587702,0.009618602052489192,0.11359777778971593,0.3597777789715922
number of iterations,20,Execution time: ,12.714497566223145
