architecture,t_cbt,t_hxt,eta_hpfp,eta_r,p_cbt,qm_cb0,t0,p0,tpr_hx,Q_hx,pcc,v
dual,390,100,0.71,0.71,1330000.0,0.11,25.2,345000.0,0.95,149000.0,True,0
P_hpfp,P_rv,p_hpfp
43298.03855155495,6237.419809160094,1889366.2728249198
Q,Q_phc
600802.6052944232,451802.6052944232
qm_cb,qm_phc/qm_t,qm_r,qm_v,qm,m_z
0.11,0.0036133725544011982,0.011422724320550779,0.009604841265910014,0.1136133725544012,0.3613372554401198
number of iterations,26,Execution time: ,16.189404726028442
