architecture,t_cbt,t_hxt,eta_hpfp,eta_r,p_cbt,qm_cb0,t0,p0,tpr_hx,Q_hx,pcc,v
dual,390,100,0.71,0.71,1330000.0,0.10733958039439441,25.2,345000.0,0.95,159000.0,True,0
P_hpfp,P_rv,p_hpfp
42374.90466438123,6096.590398840122,1889258.8614393128
Q,Q_phc
587809.9761785977,428809.97617859766
qm_cb,qm_phc/qm_t,qm_r,qm_v,qm,qm_pot
0.10733958039439441,0.003268983243679247,0.011168681792078063,0.00939833443374786,0.11060856363807366,0.0005490422556165688
number of iterations,34,Execution time: ,18.226489067077637
