architecture,t_cbt,t_hxt,eta_hpfp,eta_r,p_cbt,qm_cb0,t0,p0,tpr_hx,Q_hx,pcc,v
dual,390,140,0.71,0.71,1330000.0,0.10734141285705383,25.2,345000.0,0.95,159000.0,True,0
P_hpfp,P_rv,p_hpfp
42261.739681627725,15984.692880836123,1889258.8614393126
Q,Q_phc
574848.8836158,415848.88361579995
qm_cb,qm_phc/qm_t,qm_r,qm_v,qm
0.10734141285705383,0.003259575588418648,0.029278840036535046,0.00936231489665773,0.11060098844547248
number of iterations,28,Execution time: ,14.854605197906494
