architecture,t_cbt,t_hxt,eta_hpfp,eta_r,p_cbt,qm_cb0,t0,p0,tpr_hx,Q_hx,pcc,v
dual,390,150,0.71,0.71,1330000.0,0.10734141285705383,25.2,345000.0,0.95,159000.0,True,0
P_hpfp,P_rv,p_hpfp
42290.00471242529,19125.78125709324,1889258.8614393123
Q,Q_phc
571678.7632464168,412678.7632464168
qm_cb,qm_phc/qm_t,qm_r,qm_v,qm
0.10734141285705383,0.0032594416010245375,0.035031447366977476,0.009365462404856873,0.11060085445807837
number of iterations,27,Execution time: ,14.45217490196228
