architecture,t_cbt,t_hxt,eta_hpfp,eta_r,p_cbt,qm_cb0,t0,p0,tpr_hx,Q_hx,pcc,v
dual,390,240,0.71,0.71,1330000.0,0.10733958039439441,25.2,345000.0,0.95,159000.0,True,0
P_hpfp,P_rv,p_hpfp
42875.213543668404,64409.05448111049,1889258.8614393119
Q,Q_phc
534122.1526704308,375122.15267043083
qm_cb,qm_phc/qm_t,qm_r,qm_v,qm,qm_pot
0.10733958039439441,0.0032062893693031807,0.11793471570781532,0.009491821886413147,0.1105458697636976,0.0015070586206087145
number of iterations,26,Execution time: ,14.90070104598999
