architecture,t_cbt,t_hxt,eta_hpfp,eta_r,p_cbt,qm_cb0,t0,p0,tpr_hx,Q_hx,pcc,v
dual,390,230,0.71,0.71,1330000.0,0.10998,25.2,345000.0,0.95,159000.0,True,0
P_hpfp,P_rv,p_hpfp
43357.64636098324,58126.836123811,1889258.8614393119
Q,Q_phc
547488.231430917,388488.23143091705
qm_cb,qm_phc/qm_t,qm_r,qm_v,qm,m_z
0.10998,0.003394750687632453,0.1064321454762232,0.009601193020788518,0.11337475068763245,0.3394750687632457
number of iterations,26,Execution time: ,18.230111360549927
