architecture,t_cbt,t_hxt,eta_hpfp,eta_r,p_cbt,qm_cb0,t0,p0,tpr_hx,Q_hx,pcc,v
dual,390,250,0.71,0.71,1330000.0,0.10733958039439441,25.2,345000.0,0.95,159000.0,True,0
P_hpfp,P_rv,p_hpfp
42894.99661948319,72161.65746357816,1889258.8614393119
Q,Q_phc
526652.014645777,367652.01464577694
qm_cb,qm_phc/qm_t,qm_r,qm_v,qm,qm_pot
0.10733958039439441,0.0031740209572325056,0.13212802627846126,0.009496249636583236,0.11051360135162691,0.0015921293997491995
number of iterations,26,Execution time: ,15.007340669631958
