architecture,t_cbt,t_hxt,eta_hpfp,eta_r,p_cbt,qm_cb0,t0,p0,tpr_hx,Q_hx,pcc,v
dual,390,200,0.71,0.71,1330000.0,0.10733958039439441,25.2,345000.0,0.95,159000.0,True,0
P_hpfp,P_rv,p_hpfp
42680.45022374794,39882.59282500856,1889258.8614393119
Q,Q_phc
555889.9875542632,396889.9875542632
qm_cb,qm_phc/qm_t,qm_r,qm_v,qm,qm_pot
0.10733958039439441,0.003262024244681522,0.07303283180334134,0.009448393611705323,0.11060160463907594,0.0009353700568772076
number of iterations,26,Execution time: ,13.965920686721802
