architecture,t_cbt,t_hxt,eta_hpfp,eta_r,p_cbt,qm_cb0,t0,p0,tpr_hx,Q_hx,pcc,v
dual,390,260,0.71,0.71,1330000.0,0.10733958039439441,25.2,345000.0,0.95,159000.0,True,0
P_hpfp,P_rv,p_hpfp
42915.08495584875,80809.62838590294,1889258.8614393119
Q,Q_phc
518290.72245151794,359290.72245151794
qm_cb,qm_phc/qm_t,qm_r,qm_v,qm,qm_pot
0.10733958039439441,0.003133182185540886,0.14796061812093944,0.009500744639617023,0.1104727625799353,0.0016865600077435043
number of iterations,26,Execution time: ,14.974676370620728
