architecture,t_cbt,t_hxt,eta_hpfp,eta_r,p_cbt,qm_cb0,t0,p0,tpr_hx,Q_hx,pcc,v
dual,390,270,0.71,0.71,1330000.0,0.10733958039439441,25.2,345000.0,0.95,159000.0,True,0
P_hpfp,P_rv,p_hpfp
42935.4923414871,90525.3211827038,1889258.8614393119
Q,Q_phc
508866.0860072288,349866.0860072288
qm_cb,qm_phc/qm_t,qm_r,qm_v,qm,qm_pot
0.10733958039439441,0.0030820126530368133,0.16574803564309937,0.009505309739493381,0.11042159304743122,0.0017921418797863808
number of iterations,26,Execution time: ,14.606180191040039
