architecture,t_cbt,t_hxt,eta_hpfp,eta_r,p_cbt,qm_cb0,t0,p0,tpr_hx,Q_hx,pcc,v
dual,390,210,0.71,0.71,1330000.0,0.11,25.2,345000.0,0.95,149000.0,True,0
P_hpfp,P_rv,p_hpfp
43421.096627999585,45987.23768460465,1889366.2728249198
Q,Q_phc
560646.2950654277,411646.29506542766
qm_cb,qm_phc/qm_t,qm_r,qm_v,qm,m_z
0.11,0.0035640480237037146,0.08417466580809171,0.009615812788676471,0.11356404802370372,0.3564048023703714
number of iterations,20,Execution time: ,12.657461404800415
