architecture,t_cbt,t_hxt,eta_hpfp,eta_r,p_cbt,qm_cb0,t0,p0,tpr_hx,Q_hx,pcc,v
dual,390,280,0.71,0.71,1330000.0,0.10734141285705383,25.2,345000.0,0.95,159000.0,True,0
P_hpfp,P_rv,p_hpfp
42188.39888687374,99694.61125987806,1889258.8614393119
Q,Q_phc
489172.87459012493,330172.87459012493
qm_cb,qm_phc/qm_t,qm_r,qm_v,qm
0.10734141285705383,0.0029032893744472404,0.18253687312172173,0.009339146887805226,0.11024470223150107
number of iterations,26,Execution time: ,14.980300664901733
