architecture,t_cbt,t_hxt,eta_hpfp,eta_r,p_cbt,qm_cb0,t0,p0,tpr_hx,Q_hx,pcc,v
dual,390,220,0.71,0.71,1330000.0,0.10734141285705383,25.2,345000.0,0.95,159000.0,True,0
P_hpfp,P_rv,p_hpfp
42295.262558453884,50419.06025306627,1889258.8614393119
Q,Q_phc
539953.5866108595,380953.5866108595
qm_cb,qm_phc/qm_t,qm_r,qm_v,qm
0.10734141285705383,0.003184908143468293,0.09232318490354308,0.009362913681196733,0.11052632100052212
number of iterations,26,Execution time: ,14.779965877532959
