architecture,t_cbt,t_hxt,eta_hpfp,eta_r,p_cbt,qm_cb0,t0,p0,tpr_hx,Q_hx,pcc,v
dual,390,220,0.71,0.71,1330000.0,0.10733958039439441,25.2,345000.0,0.95,159000.0,True,0
P_hpfp,P_rv,p_hpfp
42714.78590124632,50923.427218181474,1889258.8614393119
Q,Q_phc
545339.8106345754,386339.81063457543
qm_cb,qm_phc/qm_t,qm_r,qm_v,qm,qm_pot
0.10733958039439441,0.0032283121551845186,0.09324574472409924,0.00945608155413135,0.11056789254957892,0.0010607978168934403
number of iterations,26,Execution time: ,13.833078622817993
