architecture,t_cbt,t_hxt,eta_hpfp,eta_r,p_cbt,qm_cb0,t0,p0,tpr_hx,Q_hx,pcc,v
dual,390,270,0.71,0.71,1330000.0,0.10734141285705383,25.2,345000.0,0.95,159000.0,True,0
P_hpfp,P_rv,p_hpfp
42215.88934016448,88991.68040741881,1889258.8614393119
Q,Q_phc
500261.01109000755,341261.01109000755
qm_cb,qm_phc/qm_t,qm_r,qm_v,qm
0.10734141285705383,0.0029753868856752796,0.16294181022090282,0.009345246194380931,0.11031679974272911
number of iterations,26,Execution time: ,14.9487886428833
