architecture,t_cbt,t_hxt,eta_hpfp,eta_r,p_cbt,qm_cb0,t0,p0,tpr_hx,Q_hx,pcc,v
dual,390,220,0.71,0.71,1330000.0,0.10998,25.2,345000.0,0.95,159000.0,True,0
P_hpfp,P_rv,p_hpfp
43369.05606415472,51741.93541623394,1889258.8614393119
Q,Q_phc
554036.9216207501,395036.9216207501
qm_cb,qm_phc/qm_t,qm_r,qm_v,qm,m_z
0.10998,0.003425357774097873,0.09474286487393792,0.009603753108071069,0.11340535777409787,0.3425357774097868
number of iterations,26,Execution time: ,18.758361101150513
