architecture,t_cbt,t_hxt,eta_hpfp,eta_r,p_cbt,qm_cb0,t0,p0,tpr_hx,Q_hx,pcc,v
dual,390,230,0.71,0.71,1330000.0,0.10734141285705383,25.2,345000.0,0.95,159000.0,True,0
P_hpfp,P_rv,p_hpfp
42285.07140677154,56643.12547228199,1889258.8614393119
Q,Q_phc
533585.0044745522,374585.00447455223
qm_cb,qm_phc/qm_t,qm_r,qm_v,qm
0.10734141285705383,0.0031578808303771577,0.10371806420456099,0.009360639970372628,0.11049929368743099
number of iterations,26,Execution time: ,14.73696517944336
