architecture,t_cbt,t_hxt,eta_hpfp,eta_r,p_cbt,qm_cb0,t0,p0,tpr_hx,Q_hx,pcc,v
dual,390,200,0.71,0.71,1330000.0,0.10734141285705383,25.2,345000.0,0.95,159000.0,True,0
P_hpfp,P_rv,p_hpfp
42309.87297035718,39534.00707843186,1889258.8614393119
Q,Q_phc
551046.362119983,392046.36211998295
qm_cb,qm_phc/qm_t,qm_r,qm_v,qm
0.10734141285705383,0.003223749406207746,0.07239530283415183,0.009366177305165722,0.11056516226326157
number of iterations,26,Execution time: ,14.041779041290283
