architecture,t_cbt,t_hxt,eta_hpfp,eta_r,p_cbt,qm_cb0,t0,p0,tpr_hx,Q_hx,pcc,v
dual,390,210,0.71,0.71,1330000.0,0.10733958039439441,25.2,345000.0,0.95,159000.0,True,0
P_hpfp,P_rv,p_hpfp
42697.3988994174,45158.311984933054,1889258.8614393119
Q,Q_phc
550856.5209227046,391856.5209227046
qm_cb,qm_phc/qm_t,qm_r,qm_v,qm,qm_pot
0.10733958039439441,0.003247365944593545,0.08269126561198137,0.009452188922350419,0.11058694633898795,0.000995310494804446
number of iterations,26,Execution time: ,14.270632266998291
