architecture,t_cbt,t_hxt,eta_hpfp,eta_r,p_cbt,qm_cb0,t0,p0,tpr_hx,Q_hx,pcc,v
dual,390,210,0.71,0.71,1330000.0,0.10998,25.2,345000.0,0.95,159000.0,True,0
P_hpfp,P_rv,p_hpfp
43378.3436375831,45914.3739369069,1889258.8614393119
Q,Q_phc
559998.06376168,400998.06376168004
qm_cb,qm_phc/qm_t,qm_r,qm_v,qm,m_z
0.10998,0.003450316682508864,0.0840740136899796,0.009605838906622486,0.11343031668250886,0.34503166825088644
number of iterations,26,Execution time: ,18.20290780067444
