architecture,t_cbt,t_hxt,eta_hpfp,eta_r,p_cbt,qm_cb0,t0,p0,tpr_hx,Q_hx,pcc,v
dual,390,270,0.71,0.71,1330000.0,0.11,25.2,345000.0,0.95,149000.0,True,0
P_hpfp,P_rv,p_hpfp
43328.50300148179,91452.00274386028,1889366.2728249198
Q,Q_phc
513836.4988035793,364836.4988035793
qm_cb,qm_phc/qm_t,qm_r,qm_v,qm,m_z
0.11,0.00331287310778334,0.1673752232583366,0.00959490286674102,0.11331287310778335,0.331287310778334
number of iterations,20,Execution time: ,13.447712659835815
