architecture,t_cbt,t_hxt,eta_hpfp,eta_r,p_cbt,qm_cb0,t0,p0,tpr_hx,Q_hx,pcc,v
dual,400,170,0.71,0.71,1330000.0,0.10720864193705558,25.2,345000.0,0.95,159000.0,True,0
P_hpfp,P_rv,p_hpfp
42655.66867528481,26109.452625429927,1889258.8614393119
Q,Q_phc
586973.3988305855,427973.39883058553
qm_cb,qm_phc/qm_t,qm_r,qm_v,qm,qm_pot
0.10720864193705558,0.003415431495446212,0.04662946277343558,0.009208730297994292,0.11062407343250179,0.0010886215139936756
number of iterations,26,Execution time: ,14.160227060317993
