architecture,t_cbt,t_hxt,eta_hpfp,eta_r,p_cbt,qm_cb0,t0,p0,tpr_hx,Q_hx,pcc,v
dual,400,100,0.71,0.71,1330000.0,0.10720864193705558,25.2,345000.0,0.95,159000.0,True,0
P_hpfp,P_rv,p_hpfp
42280.8783099548,6045.7726824248375,1889258.8614393128
Q,Q_phc
604083.8646715564,445083.8646715564
qm_cb,qm_phc/qm_t,qm_r,qm_v,qm,qm_pot
0.10720864193705558,0.0033903554574276785,0.01080025540079376,0.009144751969982165,0.11059899739448326,0.0005467332264014726
number of iterations,34,Execution time: ,18.086816787719727
