architecture,t_cbt,t_hxt,eta_hpfp,eta_r,p_cbt,qm_cb0,t0,p0,tpr_hx,Q_hx,pcc,v
dual,400,190,0.71,0.71,1330000.0,0.10721051273079997,25.2,345000.0,0.95,159000.0,True,0
P_hpfp,P_rv,p_hpfp
42226.05069555566,34044.62291786816,1889258.8614393119
Q,Q_phc
572847.6596275386,413847.65962753864
qm_cb,qm_phc/qm_t,qm_r,qm_v,qm
0.10721051273079997,0.003374356266991105,0.06079565437348713,0.009115830475924312,0.11058486899779107
number of iterations,26,Execution time: ,13.63064956665039
