architecture,t_cbt,t_hxt,eta_hpfp,eta_r,p_cbt,qm_cb0,t0,p0,tpr_hx,Q_hx,pcc,v
dual,400,110,0.71,0.71,1330000.0,0.10720864193705558,25.2,345000.0,0.95,159000.0,True,0
P_hpfp,P_rv,p_hpfp
42421.49504171871,8160.942271200506,1889258.8614393128
Q,Q_phc
603633.4525358727,444633.4525358727
qm_cb,qm_phc/qm_t,qm_r,qm_v,qm,qm_pot
0.10720864193705558,0.00336638254179603,0.014578115357516271,0.009172631569334172,0.1105750244788516,0.0008782726634213823
number of iterations,32,Execution time: ,17.60383367538452
