architecture,t_cbt,t_hxt,eta_hpfp,eta_r,p_cbt,qm_cb0,t0,p0,tpr_hx,Q_hx,pcc,v
dual,400,170,0.71,0.71,1330000.0,0.10998,25.2,345000.0,0.95,159000.0,True,0
P_hpfp,P_rv,p_hpfp
43364.46811313173,26567.78847382363,1889258.8614393119
Q,Q_phc
597113.240692491,438113.24069249094
qm_cb,qm_phc/qm_t,qm_r,qm_v,qm,m_z
0.10998,0.0036589702073493158,0.04744628351098701,0.00936463601024261,0.11363897020734931,0.3658970207349313
number of iterations,26,Execution time: ,19.148269176483154
