architecture,t_cbt,t_hxt,eta_hpfp,eta_r,p_cbt,qm_cb0,t0,p0,tpr_hx,Q_hx,pcc,v
dual,400,180,0.71,0.71,1330000.0,0.10720864193705558,25.2,345000.0,0.95,159000.0,True,0
P_hpfp,P_rv,p_hpfp
42554.22602107825,30016.82617227475,1889258.8614393119
Q,Q_phc
581600.4475665502,422600.4475665502
qm_cb,qm_phc/qm_t,qm_r,qm_v,qm,qm_pot
0.10720864193705558,0.003415890911584359,0.05360477073373416,0.009186767786077707,0.11062453284863993,0.0008212019249351451
number of iterations,26,Execution time: ,13.514365434646606
