architecture,t_cbt,t_hxt,eta_hpfp,eta_r,p_cbt,qm_cb0,t0,p0,tpr_hx,Q_hx,pcc,v
dual,400,140,0.71,0.71,1330000.0,0.10998,25.2,345000.0,0.95,159000.0,True,0
P_hpfp,P_rv,p_hpfp
43336.747285808204,16217.749616536317,1889258.8614393123
Q,Q_phc
607522.3773666888,448522.3773666888
qm_cb,qm_phc/qm_t,qm_r,qm_v,qm,m_z
0.10998,0.003664315643004637,0.02896772516678703,0.009361841232073264,0.11364431564300463,0.3664315643004641
number of iterations,27,Execution time: ,19.08627986907959
