architecture,t_cbt,t_hxt,eta_hpfp,eta_r,p_cbt,qm_cb0,t0,p0,tpr_hx,Q_hx,pcc,v
dual,400,100,0.71,0.71,1330000.0,0.10998,25.2,345000.0,0.95,159000.0,True,0
P_hpfp,P_rv,p_hpfp
43226.295557092046,6180.649479822383,1889258.8614393128
Q,Q_phc
617591.5677923713,458591.56779237126
qm_cb,qm_phc/qm_t,qm_r,qm_v,qm,m_z
0.10998,0.003650965858989594,0.01104132164233441,0.00934928527436648,0.11363096585898959,0.3650965858989595
number of iterations,33,Execution time: ,23.647068977355957
