architecture,t_cbt,t_hxt,eta_hpfp,eta_r,p_cbt,qm_cb0,t0,p0,tpr_hx,Q_hx,pcc,v
dual,400,180,0.71,0.71,1330000.0,0.11,25.2,345000.0,0.95,149000.0,True,0
P_hpfp,P_rv,p_hpfp
43402.933464861584,30662.318933236053,1889366.2728249198
Q,Q_phc
593712.2757533701,444712.27575337014
qm_cb,qm_phc/qm_t,qm_r,qm_v,qm,m_z
0.11,0.0037639750336363304,0.05473693356696181,0.00937354494153782,0.11376397503363633,0.37639750336363303
number of iterations,20,Execution time: ,12.363630771636963
