architecture,t_cbt,t_hxt,eta_hpfp,eta_r,p_cbt,qm_cb0,t0,p0,tpr_hx,Q_hx,pcc,v
dual,400,110,0.71,0.71,1330000.0,0.10998,25.2,345000.0,0.95,159000.0,True,0
P_hpfp,P_rv,p_hpfp
43239.4835442471,8325.517347179491,1889258.8614393128
Q,Q_phc
615461.8366920471,456461.8366920471
qm_cb,qm_phc/qm_t,qm_r,qm_v,qm,m_z
0.10998,0.0036557913107922446,0.014871049514682277,0.009350916822416266,0.11363579131079224,0.3655791310792245
number of iterations,32,Execution time: ,23.32639455795288
