architecture,t_cbt,t_hxt,eta_hpfp,eta_r,p_cbt,qm_cb0,t0,p0,tpr_hx,Q_hx,pcc,v
dual,400,190,0.71,0.71,1330000.0,0.10998,25.2,345000.0,0.95,159000.0,True,0
P_hpfp,P_rv,p_hpfp
43358.67945448986,34988.920101182914,1889258.8614393119
Q,Q_phc
588605.0544733873,429605.0544733873
qm_cb,qm_phc/qm_t,qm_r,qm_v,qm,m_z
0.10998,0.0036431532782078696,0.06247953941343862,0.00936335892118269,0.11362315327820786,0.36431532782078724
number of iterations,26,Execution time: ,19.26702356338501
