architecture,t_cbt,t_hxt,eta_hpfp,eta_r,p_cbt,qm_cb0,t0,p0,tpr_hx,Q_hx,pcc,v
dual,400,100,0.71,0.71,1330000.0,0.10721051273079997,25.2,345000.0,0.95,159000.0,True,0
P_hpfp,P_rv,p_hpfp
42063.43952156359,6015.259104215243,1889258.8614393128
Q,Q_phc
601002.8969558491,442002.89695584914
qm_cb,qm_phc/qm_t,qm_r,qm_v,qm
0.10721051273079997,0.003368097578803242,0.010745766768099766,0.009097899941455446,0.11057861030960321
number of iterations,34,Execution time: ,18.354151248931885
