architecture,t_cbt,t_hxt,eta_hpfp,eta_r,p_cbt,qm_cb0,t0,p0,tpr_hx,Q_hx,pcc,v
dual,400,170,0.71,0.71,1330000.0,0.10720864193705558,25.2,345000.0,0.95,159000.0,True,0
P_hpfp,P_rv,p_hpfp
42538.23001676903,26036.78478903804,1889258.8614393119
Q,Q_phc
585344.663672176,426344.66367217596
qm_cb,qm_phc/qm_t,qm_r,qm_v,qm,qm_pot
0.10720864193705558,0.0034181929052520678,0.04649978396247305,0.00918327167579941,0.11062683484230765,0.0007759992426780721
number of iterations,26,Execution time: ,12.830233335494995
