architecture,t_cbt,t_hxt,eta_hpfp,eta_r,p_cbt,qm_cb0,t0,p0,tpr_hx,Q_hx,pcc,v
dual,400,140,0.71,0.71,1330000.0,0.10720864193705558,25.2,345000.0,0.95,159000.0,True,0
P_hpfp,P_rv,p_hpfp
42432.50072932632,15882.473351031938,1889258.8614393126
Q,Q_phc
594894.7289404407,435894.7289404407
qm_cb,qm_phc/qm_t,qm_r,qm_v,qm,qm_pot
0.10720864193705558,0.003413383499909015,0.02836817397141316,0.009166818460524542,0.11062202543696459,0.0006598560590958612
number of iterations,28,Execution time: ,13.593598365783691
