architecture,t_cbt,t_hxt,eta_hpfp,eta_r,p_cbt,qm_cb0,t0,p0,tpr_hx,Q_hx,pcc,v
dual,400,120,0.71,0.71,1330000.0,0.10998,25.2,345000.0,0.95,159000.0,True,0
P_hpfp,P_rv,p_hpfp
43269.93921016642,10701.117998858284,1889258.8614393128
Q,Q_phc
613078.9497833706,454078.9497833706
qm_cb,qm_phc/qm_t,qm_r,qm_v,qm,m_z
0.10998,0.0036597384894793417,0.01911433862718546,0.009354390029147426,0.11363973848947934,0.3659738489479346
number of iterations,30,Execution time: ,21.29625129699707
