architecture,t_cbt,t_hxt,eta_hpfp,eta_r,p_cbt,qm_cb0,t0,p0,tpr_hx,Q_hx,pcc,v
dual,400,160,0.71,0.71,1330000.0,0.10720864193705558,25.2,345000.0,0.95,159000.0,True,0
P_hpfp,P_rv,p_hpfp
42637.98622964765,22422.58268374218,1889258.8614393119
Q,Q_phc
590399.2905398965,431399.29053989646
qm_cb,qm_phc/qm_t,qm_r,qm_v,qm,qm_pot
0.10720864193705558,0.003410330613443258,0.04004795013812025,0.009204863597155282,0.11061897255049884,0.001046249303657445
number of iterations,26,Execution time: ,14.741661548614502
