architecture,t_cbt,t_hxt,eta_hpfp,eta_r,p_cbt,qm_cb0,t0,p0,tpr_hx,Q_hx,pcc,v
dual,400,150,0.71,0.71,1330000.0,0.10720864193705558,25.2,345000.0,0.95,159000.0,True,0
P_hpfp,P_rv,p_hpfp
42588.224301902555,19035.685404948093,1889258.8614393123
Q,Q_phc
593565.1030072679,434565.1030072679
qm_cb,qm_phc/qm_t,qm_r,qm_v,qm,qm_pot
0.10720864193705558,0.003403712268713663,0.033999252577160244,0.00919755951919127,0.11061235420576924,0.0010067257515470492
number of iterations,27,Execution time: ,14.939026832580566
