architecture,t_cbt,t_hxt,eta_hpfp,eta_r,p_cbt,qm_cb0,t0,p0,tpr_hx,Q_hx,pcc,v
dual,400,150,0.71,0.71,1330000.0,0.11,25.2,345000.0,0.95,149000.0,True,0
P_hpfp,P_rv,p_hpfp
43405.77500834004,19409.318788591238,1889366.2728249198
Q,Q_phc
605012.2306850525,456012.23068505246
qm_cb,qm_phc/qm_t,qm_r,qm_v,qm,m_z
0.11,0.0037724657140395823,0.034657316670773125,0.009374203171717386,0.11377246571403958,0.37724657140395823
number of iterations,20,Execution time: ,12.61305570602417
