architecture,t_cbt,t_hxt,eta_hpfp,eta_r,p_cbt,qm_cb0,t0,p0,tpr_hx,Q_hx,pcc,v
dual,400,170,0.71,0.71,1330000.0,0.10721051273079997,25.2,345000.0,0.95,159000.0,True,0
P_hpfp,P_rv,p_hpfp
42230.26361781376,25847.59529250082,1889258.8614393119
Q,Q_phc
581107.0575571082,422107.05755710823
qm_cb,qm_phc/qm_t,qm_r,qm_v,qm
0.10721051273079997,0.0033856994951800418,0.04616247746289017,0.009116753089532364,0.11059621222598001
number of iterations,26,Execution time: ,13.714287757873535
