architecture,t_cbt,t_hxt,eta_hpfp,eta_r,p_cbt,qm_cb0,t0,p0,tpr_hx,Q_hx,pcc,v
dual,400,110,0.71,0.71,1330000.0,0.10720864193705558,25.2,345000.0,0.95,159000.0,True,0
P_hpfp,P_rv,p_hpfp
42316.19339123808,8140.659247719375,1889258.8614393128
Q,Q_phc
602134.727909861,443134.727909861
qm_cb,qm_phc/qm_t,qm_r,qm_v,qm,qm_pot
0.10720864193705558,0.0033970739567102497,0.014541913305698624,0.00914985600446063,0.11060571589376583,0.0005708612393023372
number of iterations,32,Execution time: ,17.146440267562866
