architecture,t_cbt,t_hxt,eta_hpfp,eta_r,p_cbt,qm_cb0,t0,p0,tpr_hx,Q_hx,pcc,v
dual,400,120,0.71,0.71,1330000.0,0.10720864193705558,25.2,345000.0,0.95,159000.0,True,0
P_hpfp,P_rv,p_hpfp
42343.562285390646,10473.170034939976,1889258.8614393128
Q,Q_phc
599968.7472120106,440968.74721201055
qm_cb,qm_phc/qm_t,qm_r,qm_v,qm,qm_pot
0.10720864193705558,0.003403391057255169,0.01870684259469707,0.009154185004550031,0.11061203299431074,0.0005975770891358492
number of iterations,31,Execution time: ,15.05915904045105
