architecture,t_cbt,t_hxt,eta_hpfp,eta_r,p_cbt,qm_cb0,t0,p0,tpr_hx,Q_hx,pcc,v
dual,400,180,0.71,0.71,1330000.0,0.10998,25.2,345000.0,0.95,159000.0,True,0
P_hpfp,P_rv,p_hpfp
43362.12628470452,30613.98750152582,1889258.8614393119
Q,Q_phc
593031.6728876318,434031.6728876318
qm_cb,qm_phc/qm_t,qm_r,qm_v,qm,m_z
0.10998,0.0036525457664349503,0.054669430841790115,0.009364118308466333,0.11363254576643494,0.3652545766434948
number of iterations,26,Execution time: ,18.087503910064697
