architecture,t_cbt,t_hxt,eta_hpfp,eta_r,p_cbt,qm_cb0,t0,p0,tpr_hx,Q_hx,pcc,v
dual,400,170,0.71,0.71,1330000.0,0.11,25.2,345000.0,0.95,149000.0,True,0
P_hpfp,P_rv,p_hpfp
43404.78057086414,26609.776987813533,1889366.2728249198
Q,Q_phc
597794.0070336658,448794.0070336658
qm_cb,qm_phc/qm_t,qm_r,qm_v,qm,m_z
0.11,0.003769264537449731,0.04750550255739822,0.009373963109284572,0.11376926453744973,0.3769264537449731
number of iterations,20,Execution time: ,12.513316631317139
