architecture,t_cbt,t_hxt,eta_hpfp,eta_r,p_cbt,qm_cb0,t0,p0,tpr_hx,Q_hx,pcc,v
dual,400,250,0.71,0.71,1330000.0,0.10720864193705558,25.2,345000.0,0.95,159000.0,True,0
P_hpfp,P_rv,p_hpfp
42809.423847026774,69619.69343126632,1889258.8614393119
Q,Q_phc
545727.3215301752,386727.32153017516
qm_cb,qm_phc/qm_t,qm_r,qm_v,qm,qm_pot
0.10720864193705558,0.0033403167442573015,0.12430530358953892,0.009242316584413816,0.11054895868131288,0.0015756568757543557
number of iterations,26,Execution time: ,14.283851623535156
