architecture,t_cbt,t_hxt,eta_hpfp,eta_r,p_cbt,qm_cb0,t0,p0,tpr_hx,Q_hx,pcc,v
dual,400,220,0.71,0.71,1330000.0,0.10720864193705558,25.2,345000.0,0.95,159000.0,True,0
P_hpfp,P_rv,p_hpfp
42622.2671963099,49552.53948207504,1889258.8614393119
Q,Q_phc
563066.5677610359,404066.56776103587
qm_cb,qm_phc/qm_t,qm_r,qm_v,qm,qm_pot
0.10720864193705558,0.0033764089541940233,0.08848022832751161,0.009201629974112491,0.1105850508912496,0.0010429494958812853
number of iterations,26,Execution time: ,13.035007238388062
