architecture,t_cbt,t_hxt,eta_hpfp,eta_r,p_cbt,qm_cb0,t0,p0,tpr_hx,Q_hx,pcc,v
dual,400,270,0.71,0.71,1330000.0,0.10721051273079997,25.2,345000.0,0.95,159000.0,True,0
P_hpfp,P_rv,p_hpfp
42142.483743053475,85232.99550765732,1889258.8614393119
Q,Q_phc
520440.761066027,361440.761066027
qm_cb,qm_phc/qm_t,qm_r,qm_v,qm
0.10721051273079997,0.003152529570571369,0.15218089785285166,0.00909765972869417,0.11036304230137134
number of iterations,26,Execution time: ,13.089936017990112
