architecture,t_cbt,t_hxt,eta_hpfp,eta_r,p_cbt,qm_cb0,t0,p0,tpr_hx,Q_hx,pcc,v
dual,400,210,0.71,0.71,1330000.0,0.11,25.2,345000.0,0.95,149000.0,True,0
P_hpfp,P_rv,p_hpfp
43390.20221685431,44921.82424528959,1889366.2728249198
Q,Q_phc
579257.646634449,430257.646634449
qm_cb,qm_phc/qm_t,qm_r,qm_v,qm,m_z
0.11,0.003728558785726989,0.08018274990177544,0.009370706857723959,0.11372855878572699,0.3728558785726989
number of iterations,20,Execution time: ,13.116593360900879
