architecture,t_cbt,t_hxt,eta_hpfp,eta_r,p_cbt,qm_cb0,t0,p0,tpr_hx,Q_hx,pcc,v
dual,400,280,0.71,0.71,1330000.0,0.10721051273079997,25.2,345000.0,0.95,159000.0,True,0
P_hpfp,P_rv,p_hpfp
42118.83156127276,95064.64534302372,1889258.8614393119
Q,Q_phc
510266.8526754689,351266.8526754689
qm_cb,qm_phc/qm_t,qm_r,qm_v,qm
0.10721051273079997,0.0030901924143999365,0.1697333842931766,0.009092535123659415,0.1103007051451999
number of iterations,26,Execution time: ,12.860346555709839
