architecture,t_cbt,t_hxt,eta_hpfp,eta_r,p_cbt,qm_cb0,t0,p0,tpr_hx,Q_hx,pcc,v
dual,400,250,0.71,0.71,1330000.0,0.11,25.2,345000.0,0.95,149000.0,True,0
P_hpfp,P_rv,p_hpfp
43348.486892690285,70577.17655964679,1889366.2728249198
Q,Q_phc
552974.064864889,403974.064864889
qm_cb,qm_phc/qm_t,qm_r,qm_v,qm,m_z
0.11,0.003614415147369598,0.12596585693321563,0.00936148844268183,0.1136144151473696,0.3614415147369598
number of iterations,20,Execution time: ,13.102624654769897
