architecture,t_cbt,t_hxt,eta_hpfp,eta_r,p_cbt,qm_cb0,t0,p0,tpr_hx,Q_hx,pcc,v
dual,400,280,0.71,0.71,1330000.0,0.10998,25.2,345000.0,0.95,159000.0,True,0
P_hpfp,P_rv,p_hpfp
43239.421212255715,97662.79107062738,1889258.8614393119
Q,Q_phc
524172.67534808593,365172.67534808593
qm_cb,qm_phc/qm_t,qm_r,qm_v,qm,m_z
0.10998,0.0033232539000705025,0.17436937019707655,0.009337292280406449,0.1133032539000705,0.3323253900070498
number of iterations,26,Execution time: ,19.12252426147461
