architecture,t_cbt,t_hxt,eta_hpfp,eta_r,p_cbt,qm_cb0,t0,p0,tpr_hx,Q_hx,pcc,v
dual,400,220,0.71,0.71,1330000.0,0.10998,25.2,345000.0,0.95,159000.0,True,0
P_hpfp,P_rv,p_hpfp
43339.99543305243,50423.34263940713,1889258.8614393119
Q,Q_phc
572892.6989989693,413892.6989989693
qm_cb,qm_phc/qm_t,qm_r,qm_v,qm,m_z
0.10998,0.003592621124481138,0.09003361137955235,0.009359258160798196,0.11357262112448113,0.35926211244811407
number of iterations,26,Execution time: ,18.890021800994873
