architecture,t_cbt,t_hxt,eta_hpfp,eta_r,p_cbt,qm_cb0,t0,p0,tpr_hx,Q_hx,pcc,v
dual,400,250,0.71,0.71,1330000.0,0.10721051273079997,25.2,345000.0,0.95,159000.0,True,0
P_hpfp,P_rv,p_hpfp
42178.00158666247,68581.62866637525,1889258.8614393119
Q,Q_phc
537607.9946787042,378607.9946787042
qm_cb,qm_phc/qm_t,qm_r,qm_v,qm
0.10721051273079997,0.0032464643622651945,0.12245325349567751,0.00910536851388926,0.11045697709306516
number of iterations,26,Execution time: ,13.132367610931396
