architecture,t_cbt,t_hxt,eta_hpfp,eta_r,p_cbt,qm_cb0,t0,p0,tpr_hx,Q_hx,pcc,v
dual,400,200,0.71,0.71,1330000.0,0.10998,25.2,345000.0,0.95,159000.0,True,0
P_hpfp,P_rv,p_hpfp
43353.96854032805,39721.978187627734,1889258.8614393119
Q,Q_phc
583801.6743999526,424801.67439995264
qm_cb,qm_phc/qm_t,qm_r,qm_v,qm,m_z
0.10998,0.003630370549513484,0.07092907651142522,0.009362323262711294,0.11361037054951348,0.3630370549513488
number of iterations,26,Execution time: ,19.26949405670166
