architecture,t_cbt,t_hxt,eta_hpfp,eta_r,p_cbt,qm_cb0,t0,p0,tpr_hx,Q_hx,pcc,v
dual,400,210,0.71,0.71,1330000.0,0.10998,25.2,345000.0,0.95,159000.0,True,0
P_hpfp,P_rv,p_hpfp
43347.81150036268,44850.929509428555,1889258.8614393119
Q,Q_phc
578581.1118757258,419581.1118757258
qm_cb,qm_phc/qm_t,qm_r,qm_v,qm,m_z
0.10998,0.003613714590617642,0.08008546147404107,0.00936097176125161,0.11359371459061764,0.36137145906176393
number of iterations,26,Execution time: ,18.303797483444214
