architecture,t_cbt,t_hxt,eta_hpfp,eta_r,p_cbt,qm_cb0,t0,p0,tpr_hx,Q_hx,pcc,v
dual,400,200,0.71,0.71,1330000.0,0.10720864193705558,25.2,345000.0,0.95,159000.0,True,0
P_hpfp,P_rv,p_hpfp
42711.12298718353,39103.082126020294,1889258.8614393119
Q,Q_phc
574797.1627812167,415797.16278121667
qm_cb,qm_phc/qm_t,qm_r,qm_v,qm,qm_pot
0.10720864193705558,0.0034164327424521627,0.06982545134279391,0.009220849271262245,0.11062507467950775,0.0012363200503657974
number of iterations,26,Execution time: ,14.198853015899658
