architecture,t_cbt,t_hxt,eta_hpfp,eta_r,p_cbt,qm_cb0,t0,p0,tpr_hx,Q_hx,pcc,v
dual,400,240,0.71,0.71,1330000.0,0.10998,25.2,345000.0,0.95,159000.0,True,0
P_hpfp,P_rv,p_hpfp
43318.320724977806,63148.99315958724,1889258.8614393119
Q,Q_phc
559846.4104540055,400846.41045400547
qm_cb,qm_phc/qm_t,qm_r,qm_v,qm,m_z
0.10998,0.0035343041631800826,0.11275229150944467,0.009354513434014923,0.11351430416318008,0.3534304163180085
number of iterations,26,Execution time: ,18.062326669692993
