architecture,t_cbt,t_hxt,eta_hpfp,eta_r,p_cbt,qm_cb0,t0,p0,tpr_hx,Q_hx,pcc,v
dual,400,240,0.71,0.71,1330000.0,0.10721051273079997,25.2,345000.0,0.95,159000.0,True,0
P_hpfp,P_rv,p_hpfp
42191.12182389946,61458.42856195368,1889258.8614393119
Q,Q_phc
544922.3903526653,385922.39035266533
qm_cb,qm_phc/qm_t,qm_r,qm_v,qm
0.10721051273079997,0.0032812719398200435,0.10973629080040569,0.009108220559070127,0.11049178467062001
number of iterations,26,Execution time: ,13.395177841186523
