architecture,t_cbt,t_hxt,eta_hpfp,eta_r,p_cbt,qm_cb0,t0,p0,tpr_hx,Q_hx,pcc,v
dual,400,260,0.71,0.71,1330000.0,0.10998,25.2,345000.0,0.95,159000.0,True,0
P_hpfp,P_rv,p_hpfp
43286.195520989786,78558.36606969796,1889258.8614393119
Q,Q_phc
543963.6038585968,384963.60385859676
qm_cb,qm_phc/qm_t,qm_r,qm_v,qm,m_z
0.10998,0.003448176317640425,0.14026237480713477,0.00934749357556152,0.11342817631764042,0.3448176317640428
number of iterations,26,Execution time: ,19.134387731552124
