architecture,t_cbt,t_hxt,eta_hpfp,eta_r,p_cbt,qm_cb0,t0,p0,tpr_hx,Q_hx,pcc,v
dual,400,260,0.71,0.71,1330000.0,0.10720864193705558,25.2,345000.0,0.95,159000.0,True,0
P_hpfp,P_rv,p_hpfp
42829.87533934182,77686.73912438966,1889258.8614393119
Q,Q_phc
537960.9664044003,378960.9664044003
qm_cb,qm_phc/qm_t,qm_r,qm_v,qm,qm_pot
0.10720864193705558,0.003306626808973398,0.13870722237100339,0.009246780676454845,0.11051526874602897,0.0016640571015645563
number of iterations,26,Execution time: ,15.04733419418335
