architecture,t_cbt,t_hxt,eta_hpfp,eta_r,p_cbt,qm_cb0,t0,p0,tpr_hx,Q_hx,pcc,v
dual,400,210,0.71,0.71,1330000.0,0.10720864193705558,25.2,345000.0,0.95,159000.0,True,0
P_hpfp,P_rv,p_hpfp
42604.662102129645,44048.61725390927,1889258.8614393119
Q,Q_phc
568311.4324395383,409311.4324395383
qm_cb,qm_phc/qm_t,qm_r,qm_v,qm,qm_pot
0.10720864193705558,0.003391732015914181,0.07865440163004332,0.009197785619911412,0.11060037395296976,0.0009804937302159702
number of iterations,26,Execution time: ,12.842804193496704
