architecture,t_cbt,t_hxt,eta_hpfp,eta_r,p_cbt,qm_cb0,t0,p0,tpr_hx,Q_hx,pcc,v
dual,400,240,0.71,0.71,1330000.0,0.10720864193705558,25.2,345000.0,0.95,159000.0,True,0
P_hpfp,P_rv,p_hpfp
42789.23767751669,62338.9431500089,1889258.8614393119
Q,Q_phc
552711.1699969331,393711.1699969331
qm_cb,qm_phc/qm_t,qm_r,qm_v,qm,qm_pot
0.10720864193705558,0.003366487532879837,0.11130718983729472,0.009237909617186004,0.11057512946993542,0.0014954664556150064
number of iterations,26,Execution time: ,14.46011734008789
