architecture,t_cbt,t_hxt,eta_hpfp,eta_r,p_cbt,qm_cb0,t0,p0,tpr_hx,Q_hx,pcc,v
dual,400,270,0.71,0.71,1330000.0,0.11,25.2,345000.0,0.95,149000.0,True,0
P_hpfp,P_rv,p_hpfp
43310.910078607725,87705.63177192639,1889366.2728249198
Q,Q_phc
535284.4108071013,386284.4108071013
qm_cb,qm_phc/qm_t,qm_r,qm_v,qm,m_z
0.11,0.0035123977477987743,0.15653281823025772,0.009353218773082367,0.11351239774779877,0.35123977477987744
number of iterations,20,Execution time: ,12.848744630813599
