architecture,t_cbt,t_hxt,eta_hpfp,eta_r,p_cbt,qm_cb0,t0,p0,tpr_hx,Q_hx,pcc,v
dual,400,260,0.71,0.71,1330000.0,0.11,25.2,345000.0,0.95,149000.0,True,0
P_hpfp,P_rv,p_hpfp
43331.50660016832,78683.2045276516,1889366.2728249198
Q,Q_phc
544614.046039463,395614.046039463
qm_cb,qm_phc/qm_t,qm_r,qm_v,qm,m_z
0.11,0.003568247995868498,0.14043161791925718,0.009357748655443062,0.1135682479958685,0.3568247995868498
number of iterations,20,Execution time: ,13.363842725753784
