architecture,t_cbt,t_hxt,eta_hpfp,eta_r,p_cbt,qm_cb0,t0,p0,tpr_hx,Q_hx,pcc,v
dual,400,210,0.71,0.71,1330000.0,0.10720864193705558,25.2,345000.0,0.95,159000.0,True,0
P_hpfp,P_rv,p_hpfp
42730.248167706755,44179.90520793761,1889258.8614393119
Q,Q_phc
570002.0045746041,411002.0045746041
qm_cb,qm_phc/qm_t,qm_r,qm_v,qm,qm_pot
0.10720864193705558,0.0034105693502385582,0.07888872018626954,0.009225027202484406,0.11061921128729414,0.0012934265321921838
number of iterations,26,Execution time: ,14.58765983581543
