architecture,t_cbt,t_hxt,eta_hpfp,eta_r,p_cbt,qm_cb0,t0,p0,tpr_hx,Q_hx,pcc,v
dual,400,200,0.71,0.71,1330000.0,0.10720864193705558,25.2,345000.0,0.95,159000.0,True,0
P_hpfp,P_rv,p_hpfp
42587.45687606396,38988.616044780756,1889258.8614393119
Q,Q_phc
573118.1603621515,414118.16036215145
qm_cb,qm_phc/qm_t,qm_r,qm_v,qm,qm_pot
0.10720864193705558,0.0034030832759707145,0.06962116020628187,0.009194027881979892,0.1106117252130263,0.0009230633050075956
number of iterations,26,Execution time: ,13.393516778945923
