architecture,t_cbt,t_hxt,eta_hpfp,eta_r,p_cbt,qm_cb0,t0,p0,tpr_hx,Q_hx,pcc,v
dual,400,280,0.71,0.71,1330000.0,0.10720864193705558,25.2,345000.0,0.95,159000.0,True,0
P_hpfp,P_rv,p_hpfp
42871.59036859457,96783.64522136441,1889258.8614393119
Q,Q_phc
519476.94662952103,360476.94662952103
qm_cb,qm_phc/qm_t,qm_r,qm_v,qm,qm_pot
0.10720864193705558,0.0032104532571481147,0.172800658711,0.009255883065346695,0.11041909519420369,0.0018717496183883976
number of iterations,26,Execution time: ,14.632431507110596
