architecture,t_cbt,t_hxt,eta_hpfp,eta_r,p_cbt,qm_cb0,t0,p0,tpr_hx,Q_hx,pcc,v
dual,400,220,0.71,0.71,1330000.0,0.11,25.2,345000.0,0.95,149000.0,True,0
P_hpfp,P_rv,p_hpfp
43382.94435671364,50503.140909977024,1889366.2728249198
Q,Q_phc
573566.3442039553,424566.34420395526
qm_cb,qm_phc/qm_t,qm_r,qm_v,qm,m_z
0.11,0.003708582844448111,0.09014273707576002,0.00936909802017812,0.11370858284444811,0.3708582844448111
number of iterations,20,Execution time: ,13.584149837493896
