architecture,t_cbt,t_hxt,eta_hpfp,eta_r,p_cbt,qm_cb0,t0,p0,tpr_hx,Q_hx,pcc,v
dual,400,280,0.71,0.71,1330000.0,0.10720864193705558,25.2,345000.0,0.95,159000.0,True,0
P_hpfp,P_rv,p_hpfp
42738.53247199431,96479.64232126328,1889258.8614393119
Q,Q_phc
517847.04205476824,358847.04205476824
qm_cb,qm_phc/qm_t,qm_r,qm_v,qm,qm_pot
0.10720864193705558,0.003155009165843262,0.1722580383476623,0.009226995516565847,0.11036365110289884,0.0015750620826538656
number of iterations,26,Execution time: ,12.072813987731934
