architecture,t_cbt,t_hxt,eta_hpfp,eta_r,p_cbt,qm_cb0,t0,p0,tpr_hx,Q_hx,pcc,v
dual,400,220,0.71,0.71,1330000.0,0.10721051273079997,25.2,345000.0,0.95,159000.0,True,0
P_hpfp,P_rv,p_hpfp
42210.32874693881,49069.38134105953,1889258.8614393119
Q,Q_phc
557592.0944874206,398592.09448742063
qm_cb,qm_phc/qm_t,qm_r,qm_v,qm
0.10721051273079997,0.003332357237249964,0.08761844275192396,0.009112401033913775,0.11054286996804993
number of iterations,26,Execution time: ,13.358849048614502
