architecture,t_cbt,t_hxt,eta_hpfp,eta_r,p_cbt,qm_cb0,t0,p0,tpr_hx,Q_hx,pcc,v
dual,410,170,0.71,0.71,1330000.0,0.10998,25.2,345000.0,0.95,159000.0,True,0
P_hpfp,P_rv,p_hpfp
43368.440849540515,26171.069691193996,1889258.8614393095
Q,Q_phc
614966.2221506757,455966.2221506757
qm_cb,qm_phc/qm_t,qm_r,qm_v,qm,m_z
0.10998,0.003810393692509878,0.04560739015598161,0.009135345475874114,0.11379039369250987,0.3810393692509883
number of iterations,25,Execution time: ,18.10526394844055
