architecture,t_cbt,t_hxt,eta_hpfp,eta_r,p_cbt,qm_cb0,t0,p0,tpr_hx,Q_hx,pcc,v
dual,410,190,0.71,0.71,1330000.0,0.10998,25.2,345000.0,0.95,159000.0,True,0
P_hpfp,P_rv,p_hpfp
43364.583936643845,34356.93176286499,1889258.8614393095
Q,Q_phc
606719.4680556972,447719.46805569716
qm_cb,qm_phc/qm_t,qm_r,qm_v,qm,m_z
0.10998,0.003799630003339785,0.05986628278293969,0.009134506948946694,0.11377963000333978,0.3799630003339781
number of iterations,25,Execution time: ,18.228816509246826
