architecture,t_cbt,t_hxt,eta_hpfp,eta_r,p_cbt,qm_cb0,t0,p0,tpr_hx,Q_hx,pcc,v
dual,410,100,0.71,0.71,1330000.0,0.11,25.2,345000.0,0.95,149000.0,True,0
P_hpfp,P_rv,p_hpfp
43226.74397783186,6152.908620045256,1889366.2728249198
Q,Q_phc
635751.3943221222,486751.3943221222
qm_cb,qm_phc/qm_t,qm_r,qm_v,qm,m_z
0.11,0.003894443220802924,0.010721814260172267,0.009124740128429546,0.11389444322080293,0.3894443220802924
number of iterations,26,Execution time: ,16.91115093231201
