architecture,t_cbt,t_hxt,eta_hpfp,eta_r,p_cbt,qm_cb0,t0,p0,tpr_hx,Q_hx,pcc,v
dual,410,160,0.71,0.71,1330000.0,0.11,25.2,345000.0,0.95,149000.0,True,0
P_hpfp,P_rv,p_hpfp
43374.17485125272,22565.64726517012,1889366.2728249198
Q,Q_phc
619358.1978087851,470358.19780878513
qm_cb,qm_phc/qm_t,qm_r,qm_v,qm,m_z
0.11,0.003922401432357359,0.03931261445895093,0.009140853311207628,0.11392240143235736,0.39224014323573586
number of iterations,20,Execution time: ,12.727959632873535
