architecture,t_cbt,t_hxt,eta_hpfp,eta_r,p_cbt,qm_cb0,t0,p0,tpr_hx,Q_hx,pcc,v
dual,410,140,0.71,0.71,1330000.0,0.11,25.2,345000.0,0.95,149000.0,True,0
P_hpfp,P_rv,p_hpfp
43336.62226436802,16075.626428176223,1889366.2728249198
Q,Q_phc
625858.6993706546,476858.69937065465
qm_cb,qm_phc/qm_t,qm_r,qm_v,qm,m_z
0.11,0.003917851233091366,0.02800910591767729,0.009136856450043921,0.11391785123309137,0.39178512330913656
number of iterations,21,Execution time: ,13.523876905441284
