architecture,t_cbt,t_hxt,eta_hpfp,eta_r,p_cbt,qm_cb0,t0,p0,tpr_hx,Q_hx,pcc,v
dual,410,110,0.71,0.71,1330000.0,0.10707810924903752,25.2,345000.0,0.95,159000.0,True,0
P_hpfp,P_rv,p_hpfp
42335.926042160296,8090.480136231024,1889258.8614393128
Q,Q_phc
620016.6381952402,461016.6381952402
qm_cb,qm_phc/qm_t,qm_r,qm_v,qm,qm_pot
0.10707810924903752,0.0034879997443366018,0.0141017644661214,0.008932617004198234,0.11056610899337412,0.0008865411805193641
number of iterations,32,Execution time: ,17.96010994911194
