architecture,t_cbt,t_hxt,eta_hpfp,eta_r,p_cbt,qm_cb0,t0,p0,tpr_hx,Q_hx,pcc,v
dual,410,180,0.71,0.71,1330000.0,0.10998,25.2,345000.0,0.95,159000.0,True,0
P_hpfp,P_rv,p_hpfp
43367.016693561054,30110.971743245915,1889258.8614393095
Q,Q_phc
611003.582891587,452003.58289158705
qm_cb,qm_phc/qm_t,qm_r,qm_v,qm,m_z
0.10998,0.0038063771724451967,0.05247021692262248,0.009135034172795776,0.11378637717244519,0.3806377172445195
number of iterations,25,Execution time: ,17.745789289474487
