architecture,t_cbt,t_hxt,eta_hpfp,eta_r,p_cbt,qm_cb0,t0,p0,tpr_hx,Q_hx,pcc,v
dual,410,100,0.71,0.71,1330000.0,0.10707810924903752,25.2,345000.0,0.95,159000.0,True,0
P_hpfp,P_rv,p_hpfp
42298.687688649414,6013.335466992176,1889258.8614393128
Q,Q_phc
621909.3015279488,462909.3015279488
qm_cb,qm_phc/qm_t,qm_r,qm_v,qm,qm_pot
0.10707810924903752,0.0034761436145937285,0.010481770490550404,0.008927196481857247,0.11055425286363124,0.0008615392247646137
number of iterations,34,Execution time: ,19.131871223449707
