architecture,t_cbt,t_hxt,eta_hpfp,eta_r,p_cbt,qm_cb0,t0,p0,tpr_hx,Q_hx,pcc,v
dual,410,100,0.71,0.71,1330000.0,0.10998,25.2,345000.0,0.95,159000.0,True,0
P_hpfp,P_rv,p_hpfp
43192.881935486155,6140.05331997163,1889258.8614393128
Q,Q_phc
635054.813002564,476054.813002564
qm_cb,qm_phc/qm_t,qm_r,qm_v,qm,m_z
0.10998,0.0037907802773350097,0.010702807097892958,0.009115953747131714,0.113770780277335,0.37907802773350074
number of iterations,33,Execution time: ,23.63895034790039
