architecture,t_cbt,t_hxt,eta_hpfp,eta_r,p_cbt,qm_cb0,t0,p0,tpr_hx,Q_hx,pcc,v
dual,410,130,0.71,0.71,1330000.0,0.10998,25.2,345000.0,0.95,159000.0,True,0
P_hpfp,P_rv,p_hpfp
43256.991320357265,13208.493225075832,1889258.8614393128
Q,Q_phc
628018.3813825877,469018.3813825877
qm_cb,qm_phc/qm_t,qm_r,qm_v,qm,m_z
0.10998,0.0038067586205214055,0.023019588957995746,0.009123387484130663,0.1137867586205214,0.38067586205214
number of iterations,29,Execution time: ,20.40832757949829
