architecture,t_cbt,t_hxt,eta_hpfp,eta_r,p_cbt,qm_cb0,t0,p0,tpr_hx,Q_hx,pcc,v
dual,410,120,0.71,0.71,1330000.0,0.10707810924903752,25.2,345000.0,0.95,159000.0,True,0
P_hpfp,P_rv,p_hpfp
42365.45435828784,10399.269986240774,1889258.8614393128
Q,Q_phc
617915.3879590199,458915.38795901986
qm_cb,qm_phc/qm_t,qm_r,qm_v,qm,qm_pot
0.10707810924903752,0.003499884722802455,0.018124365037042286,0.008937321146289657,0.11057799397183997,0.0009140657377064121
number of iterations,31,Execution time: ,17.165355443954468
