architecture,t_cbt,t_hxt,eta_hpfp,eta_r,p_cbt,qm_cb0,t0,p0,tpr_hx,Q_hx,pcc,v
dual,410,170,0.71,0.71,1330000.0,0.10707810924903752,25.2,345000.0,0.95,159000.0,True,0
P_hpfp,P_rv,p_hpfp
42571.203743473794,25698.51395316951,1889258.8614393119
Q,Q_phc
603784.910738398,444784.910738398
qm_cb,qm_phc/qm_t,qm_r,qm_v,qm,qm_pot
0.10707810924903752,0.003548591984928787,0.04478260586607133,0.00896826488572161,0.1106267012339663,0.0010938543438678363
number of iterations,26,Execution time: ,14.277406692504883
