architecture,t_cbt,t_hxt,eta_hpfp,eta_r,p_cbt,qm_cb0,t0,p0,tpr_hx,Q_hx,pcc,v
dual,410,110,0.71,0.71,1330000.0,0.11,25.2,345000.0,0.95,149000.0,True,0
P_hpfp,P_rv,p_hpfp
43258.09118506959,8272.325040603004,1889366.2728249198
Q,Q_phc
633642.0596092079,484642.0596092079
qm_cb,qm_phc/qm_t,qm_r,qm_v,qm,m_z
0.11,0.0039013750633247416,0.01441522904176676,0.009128207492216251,0.11390137506332475,0.3901375063324741
number of iterations,24,Execution time: ,15.377164125442505
