architecture,t_cbt,t_hxt,eta_hpfp,eta_r,p_cbt,qm_cb0,t0,p0,tpr_hx,Q_hx,pcc,v
dual,410,150,0.71,0.71,1330000.0,0.10707810924903752,25.2,345000.0,0.95,159000.0,True,0
P_hpfp,P_rv,p_hpfp
42503.15771917469,18789.11275185626,1889258.8614393123
Q,Q_phc
610181.067003692,451181.06700369203
qm_cb,qm_phc/qm_t,qm_r,qm_v,qm,qm_pot
0.10707810924903752,0.00353232155779505,0.03274504107158494,0.008957190801963062,0.11061043080683257,0.0010134925237237648
number of iterations,27,Execution time: ,14.98273777961731
