architecture,t_cbt,t_hxt,eta_hpfp,eta_r,p_cbt,qm_cb0,t0,p0,tpr_hx,Q_hx,pcc,v
dual,410,180,0.71,0.71,1330000.0,0.10707810924903752,25.2,345000.0,0.95,159000.0,True,0
P_hpfp,P_rv,p_hpfp
42589.85913597442,29581.22557913646,1889258.8614393119
Q,Q_phc
600185.2728537794,441185.2728537794
qm_cb,qm_phc/qm_t,qm_r,qm_v,qm,qm_pot
0.10707810924903752,0.0035541636679385794,0.05154575911666942,0.008972244540504588,0.1106322729169761,0.0011384413013038738
number of iterations,26,Execution time: ,14.556245565414429
