architecture,t_cbt,t_hxt,eta_hpfp,eta_r,p_cbt,qm_cb0,t0,p0,tpr_hx,Q_hx,pcc,v
dual,410,250,0.71,0.71,1330000.0,0.11,25.2,345000.0,0.95,149000.0,True,0
P_hpfp,P_rv,p_hpfp
43328.7977609536,68380.14389371577,1889366.2728249198
Q,Q_phc
572831.2350601534,423831.2350601534
qm_cb,qm_phc/qm_t,qm_r,qm_v,qm,m_z
0.11,0.003796400287704782,0.11908752458255437,0.009131002449616028,0.11379640028770478,0.3796400287704782
number of iterations,20,Execution time: ,13.390996932983398
