architecture,t_cbt,t_hxt,eta_hpfp,eta_r,p_cbt,qm_cb0,t0,p0,tpr_hx,Q_hx,pcc,v
dual,410,270,0.71,0.71,1330000.0,0.10998,25.2,345000.0,0.95,159000.0,True,0
P_hpfp,P_rv,p_hpfp
43250.86448025733,84286.58442920516,1889258.8614393119
Q,Q_phc
555616.7900915941,396616.7900915941
qm_cb,qm_phc/qm_t,qm_r,qm_v,qm,m_z
0.10998,0.0035857250129743695,0.14683958062678099,0.009113915194219136,0.11356572501297436,0.35857250129743745
number of iterations,26,Execution time: ,18.979905128479004
