architecture,t_cbt,t_hxt,eta_hpfp,eta_r,p_cbt,qm_cb0,t0,p0,tpr_hx,Q_hx,pcc,v
dual,410,220,0.71,0.71,1330000.0,0.11,25.2,345000.0,0.95,149000.0,True,0
P_hpfp,P_rv,p_hpfp
43357.86362483098,49310.65865936745,1889366.2728249198
Q,Q_phc
592351.9854655996,443351.9854655996
qm_cb,qm_phc/qm_t,qm_r,qm_v,qm,m_z
0.11,0.0038762565553044246,0.08588169199641572,0.009137277033597567,0.11387625655530442,0.3876256555304425
number of iterations,20,Execution time: ,13.426562786102295
