architecture,t_cbt,t_hxt,eta_hpfp,eta_r,p_cbt,qm_cb0,t0,p0,tpr_hx,Q_hx,pcc,v
dual,410,230,0.71,0.71,1330000.0,0.10707810924903752,25.2,345000.0,0.95,159000.0,True,0
P_hpfp,P_rv,p_hpfp
42687.96737854781,54213.855632273815,1889258.8614393119
Q,Q_phc
577039.4204361783,418039.42043617833
qm_cb,qm_phc/qm_t,qm_r,qm_v,qm,qm_pot
0.10707810924903752,0.0035395639258896053,0.0944541370506039,0.008993160736393349,0.11061767317492713,0.0014165082130414058
number of iterations,26,Execution time: ,14.817429065704346
