architecture,t_cbt,t_hxt,eta_hpfp,eta_r,p_cbt,qm_cb0,t0,p0,tpr_hx,Q_hx,pcc,v
dual,410,280,0.71,0.71,1330000.0,0.10707810924903752,25.2,345000.0,0.95,159000.0,True,0
P_hpfp,P_rv,p_hpfp
42792.359740598724,92654.25974491025,1889258.8614393119
Q,Q_phc
540178.6905775053,381178.6905775053
qm_cb,qm_phc/qm_t,qm_r,qm_v,qm,qm_pot
0.10707810924903752,0.0033970732402199763,0.16141677802792756,0.009015400996186673,0.1104751824892575,0.0018389536077639756
number of iterations,26,Execution time: ,14.89565372467041
