architecture,t_cbt,t_hxt,eta_hpfp,eta_r,p_cbt,qm_cb0,t0,p0,tpr_hx,Q_hx,pcc,v
dual,410,200,0.71,0.71,1330000.0,0.11,25.2,345000.0,0.95,149000.0,True,0
P_hpfp,P_rv,p_hpfp
43368.1304538892,39006.94868412516,1889366.2728249198
Q,Q_phc
602817.0912433518,453817.0912433518
qm_cb,qm_phc/qm_t,qm_r,qm_v,qm,m_z
0.11,0.003904796963687484,0.06794012989112674,0.009139507201221305,0.11390479696368748,0.39047969636874835
number of iterations,20,Execution time: ,13.242280721664429
