architecture,t_cbt,t_hxt,eta_hpfp,eta_r,p_cbt,qm_cb0,t0,p0,tpr_hx,Q_hx,pcc,v
dual,410,200,0.71,0.71,1330000.0,0.10707810924903752,25.2,345000.0,0.95,159000.0,True,0
P_hpfp,P_rv,p_hpfp
42628.24933856847,38289.41575778691,1889258.8614393119
Q,Q_phc
592059.1590451772,433059.15904517716
qm_cb,qm_phc/qm_t,qm_r,qm_v,qm,qm_pot
0.10707810924903752,0.003558128500284503,0.06671458303639421,0.00898043111126365,0.11063623774932202,0.0012376211647611565
number of iterations,26,Execution time: ,14.217846393585205
