architecture,t_cbt,t_hxt,eta_hpfp,eta_r,p_cbt,qm_cb0,t0,p0,tpr_hx,Q_hx,pcc,v
dual,410,210,0.71,0.71,1330000.0,0.10998,25.2,345000.0,0.95,159000.0,True,0
P_hpfp,P_rv,p_hpfp
43356.09654203426,43875.15819863447,1889258.8614393095
Q,Q_phc
597069.7154828045,438069.71548280446
qm_cb,qm_phc/qm_t,qm_r,qm_v,qm,m_z
0.10998,0.003776354530049722,0.0764464805364644,0.009132678112266137,0.11375635453004972,0.37763545300497153
number of iterations,25,Execution time: ,18.483012676239014
