architecture,t_cbt,t_hxt,eta_hpfp,eta_r,p_cbt,qm_cb0,t0,p0,tpr_hx,Q_hx,pcc,v
dual,410,220,0.71,0.71,1330000.0,0.10998,25.2,345000.0,0.95,159000.0,True,0
P_hpfp,P_rv,p_hpfp
43315.2844353393,49232.79137653995,1889258.8614393119
Q,Q_phc
591649.4037915004,432649.4037915004
qm_cb,qm_phc/qm_t,qm_r,qm_v,qm,m_z
0.10998,0.0037591505274511827,0.08577630091613542,0.009127666041105213,0.11373915052745118,0.37591505274511877
number of iterations,26,Execution time: ,18.733965396881104
