architecture,t_cbt,t_hxt,eta_hpfp,eta_r,p_cbt,qm_cb0,t0,p0,tpr_hx,Q_hx,pcc,v
dual,410,270,0.71,0.71,1330000.0,0.10707810924903752,25.2,345000.0,0.95,159000.0,True,0
P_hpfp,P_rv,p_hpfp
42771.01123196389,83309.10201807883,1889258.8614393119
Q,Q_phc
549201.0183481253,390201.0183481253
qm_cb,qm_phc/qm_t,qm_r,qm_v,qm,qm_pot
0.10707810924903752,0.0034416088722299,0.14513755300897727,0.009010854262518343,0.11051971812126742,0.0017372026725872413
number of iterations,26,Execution time: ,14.790611743927002
