architecture,t_cbt,t_hxt,eta_hpfp,eta_r,p_cbt,qm_cb0,t0,p0,tpr_hx,Q_hx,pcc,v
dual,410,240,0.71,0.71,1330000.0,0.10998,25.2,345000.0,0.95,159000.0,True,0
P_hpfp,P_rv,p_hpfp
43296.93831278379,61355.62127967004,1889258.8614393119
Q,Q_phc
579246.7866957606,420246.78669576056
qm_cb,qm_phc/qm_t,qm_r,qm_v,qm,m_z
0.10998,0.003709589646241157,0.1068939755736585,0.00912374312216836,0.11368958964624115,0.370958964624116
number of iterations,26,Execution time: ,18.910738229751587
