architecture,t_cbt,t_hxt,eta_hpfp,eta_r,p_cbt,qm_cb0,t0,p0,tpr_hx,Q_hx,pcc,v
dual,410,240,0.71,0.71,1330000.0,0.10707810924903752,25.2,345000.0,0.95,159000.0,True,0
P_hpfp,P_rv,p_hpfp
42708.37088138084,60485.33616055411,1889258.8614393119
Q,Q_phc
571076.8788804361,412076.87888043607
qm_cb,qm_phc/qm_t,qm_r,qm_v,qm,qm_pot
0.10707810924903752,0.0035245974130461194,0.10537887522476379,0.008997508882454179,0.11060270666208363,0.0014862237340265805
number of iterations,26,Execution time: ,14.645000457763672
