architecture,t_cbt,t_hxt,eta_hpfp,eta_r,p_cbt,qm_cb0,t0,p0,tpr_hx,Q_hx,pcc,v
dual,410,260,0.71,0.71,1330000.0,0.10998,25.2,345000.0,0.95,159000.0,True,0
P_hpfp,P_rv,p_hpfp
43269.251712797595,75876.82733782487,1889258.8614393119
Q,Q_phc
564305.0494642622,405305.0494642622
qm_cb,qm_phc/qm_t,qm_r,qm_v,qm,m_z
0.10998,0.003635079127992255,0.13218978869824952,0.00911783423236881,0.11361507912799225,0.3635079127992254
number of iterations,26,Execution time: ,19.03870463371277
