architecture,t_cbt,t_hxt,eta_hpfp,eta_r,p_cbt,qm_cb0,t0,p0,tpr_hx,Q_hx,pcc,v
dual,410,250,0.71,0.71,1330000.0,0.10998,25.2,345000.0,0.95,159000.0,True,0
P_hpfp,P_rv,p_hpfp
43284.44912981217,68271.63880786458,1889258.8614393119
Q,Q_phc
572140.8716597345,413140.8716597345
qm_cb,qm_phc/qm_t,qm_r,qm_v,qm,m_z
0.10998,0.003675945426587876,0.1189415943117584,0.009121076351071879,0.11365594542658787,0.36759454265878755
number of iterations,26,Execution time: ,19.429471731185913
