architecture,t_cbt,t_hxt,eta_hpfp,eta_r,p_cbt,qm_cb0,t0,p0,tpr_hx,Q_hx,pcc,v
dual,410,230,0.71,0.71,1330000.0,0.11,25.2,345000.0,0.95,149000.0,True,0
P_hpfp,P_rv,p_hpfp
43350.26529158804,55122.0804095842,1889366.2728249198
Q,Q_phc
586422.0836373986,437422.08363739855
qm_cb,qm_phc/qm_t,qm_r,qm_v,qm,m_z
0.11,0.003855295522947895,0.09600109379293877,0.009135633208643712,0.1138552955229479,0.38552955229478947
number of iterations,20,Execution time: ,13.363485336303711
