architecture,t_cbt,t_hxt,eta_hpfp,eta_r,p_cbt,qm_cb0,t0,p0,tpr_hx,Q_hx,pcc,v
dual,420,110,0.71,0.71,1330000.0,0.10998,25.2,345000.0,0.95,159000.0,True,0
P_hpfp,P_rv,p_hpfp
43177.69337816501,8206.386537817896,1889258.8614393128
Q,Q_phc
650471.3237472106,491471.32374721055
qm_cb,qm_phc/qm_t,qm_r,qm_v,qm,m_z
0.10998,0.003938133923051243,0.013964249587993355,0.008896375271936954,0.11391813392305124,0.393813392305124
number of iterations,32,Execution time: ,22.722820281982422
