architecture,t_cbt,t_hxt,eta_hpfp,eta_r,p_cbt,qm_cb0,t0,p0,tpr_hx,Q_hx,pcc,v
dual,420,160,0.71,0.71,1330000.0,0.10998,25.2,345000.0,0.95,159000.0,True,0
P_hpfp,P_rv,p_hpfp
43341.85517113454,22243.230968382235,1889258.8614393095
Q,Q_phc
636415.0844343521,477415.0844343521
qm_cb,qm_phc/qm_t,qm_r,qm_v,qm,m_z
0.10998,0.00396163103688961,0.03784782891712694,0.008914265766927205,0.1139416310368896,0.3961631036889614
number of iterations,25,Execution time: ,18.325395345687866
