architecture,t_cbt,t_hxt,eta_hpfp,eta_r,p_cbt,qm_cb0,t0,p0,tpr_hx,Q_hx,pcc,v
dual,420,130,0.71,0.71,1330000.0,0.10694796265372744,25.2,345000.0,0.95,159000.0,True,0
P_hpfp,P_rv,p_hpfp
42337.59400613337,12811.516363956496,1889258.8614393128
Q,Q_phc
632029.5477822247,473029.5477822247
qm_cb,qm_phc/qm_t,qm_r,qm_v,qm,qm_pot
0.10694796265372744,0.00363569237349656,0.02180043425309442,0.00871679735094331,0.110583655027224,0.0009522966800368406
number of iterations,29,Execution time: ,15.36944031715393
