architecture,t_cbt,t_hxt,eta_hpfp,eta_r,p_cbt,qm_cb0,t0,p0,tpr_hx,Q_hx,pcc,v
dual,420,100,0.71,0.71,1330000.0,0.10694796265372744,25.2,345000.0,0.95,159000.0,True,0
P_hpfp,P_rv,p_hpfp
42217.415772055676,5968.957032413062,1889258.8614393128
Q,Q_phc
638240.9337003528,479240.9337003528
qm_cb,qm_phc/qm_t,qm_r,qm_v,qm,qm_pot
0.10694796265372744,0.0035960295223051953,0.010158112217052295,0.008699615149460858,0.11054399217603264,0.0008700076631430229
number of iterations,34,Execution time: ,19.462862968444824
