architecture,t_cbt,t_hxt,eta_hpfp,eta_r,p_cbt,qm_cb0,t0,p0,tpr_hx,Q_hx,pcc,v
dual,420,170,0.71,0.71,1330000.0,0.10998,25.2,345000.0,0.95,159000.0,True,0
P_hpfp,P_rv,p_hpfp
43342.10453463341,25816.116222236324,1889258.8614393095
Q,Q_phc
632845.1015994335,473845.10159943346
qm_cb,qm_phc/qm_t,qm_r,qm_v,qm,m_z
0.10998,0.003962142602621774,0.043923918977949145,0.008914311470869738,0.11394214260262177,0.3962142602621779
number of iterations,25,Execution time: ,17.279193878173828
