architecture,t_cbt,t_hxt,eta_hpfp,eta_r,p_cbt,qm_cb0,t0,p0,tpr_hx,Q_hx,pcc,v
dual,420,120,0.71,0.71,1330000.0,0.11,25.2,345000.0,0.95,149000.0,True,0
P_hpfp,P_rv,p_hpfp
43251.285079196095,10544.628116667456,1889366.2728249198
Q,Q_phc
648878.9128188653,499878.91281886527
qm_cb,qm_phc/qm_t,qm_r,qm_v,qm,m_z
0.11,0.004051307625771986,0.017938719116501373,0.00890921433495986,0.11405130762577198,0.4051307625771986
number of iterations,23,Execution time: ,14.652117729187012
