architecture,t_cbt,t_hxt,eta_hpfp,eta_r,p_cbt,qm_cb0,t0,p0,tpr_hx,Q_hx,pcc,v
dual,420,130,0.71,0.71,1330000.0,0.10998,25.2,345000.0,0.95,159000.0,True,0
P_hpfp,P_rv,p_hpfp
43228.88887975217,13092.470503358652,1889258.8614393128
Q,Q_phc
645612.8343225183,486612.8343225183
qm_cb,qm_phc/qm_t,qm_r,qm_v,qm,m_z
0.10998,0.003950922332970341,0.02227728461947098,0.008902167569621793,0.11393092233297034,0.39509223329703397
number of iterations,29,Execution time: ,20.893531799316406
