architecture,t_cbt,t_hxt,eta_hpfp,eta_r,p_cbt,qm_cb0,t0,p0,tpr_hx,Q_hx,pcc,v
dual,420,120,0.71,0.71,1330000.0,0.10998,25.2,345000.0,0.95,159000.0,True,0
P_hpfp,P_rv,p_hpfp
43208.61880085752,10528.86357023406,1889258.8614393128
Q,Q_phc
648159.2412302041,489159.2412302041
qm_cb,qm_phc/qm_t,qm_r,qm_v,qm,m_z
0.10998,0.003944840561224669,0.017916236188671428,0.008899834605982702,0.11392484056122466,0.39448405612246706
number of iterations,30,Execution time: ,22.042609214782715
