architecture,t_cbt,t_hxt,eta_hpfp,eta_r,p_cbt,qm_cb0,t0,p0,tpr_hx,Q_hx,pcc,v
dual,420,190,0.71,0.71,1330000.0,0.10694796265372744,25.2,345000.0,0.95,159000.0,True,0
P_hpfp,P_rv,p_hpfp
42530.04449105326,33168.393424453374,1889258.8614393119
Q,Q_phc
613310.5003741934,454310.5003741934
qm_cb,qm_phc/qm_t,qm_r,qm_v,qm,qm_pot
0.10694796265372744,0.0036953245374186186,0.05642588745142566,0.008748273601757393,0.11064328719114606,0.0011897372418060484
number of iterations,26,Execution time: ,14.830612659454346
