architecture,t_cbt,t_hxt,eta_hpfp,eta_r,p_cbt,qm_cb0,t0,p0,tpr_hx,Q_hx,pcc,v
dual,420,150,0.71,0.71,1330000.0,0.11,25.2,345000.0,0.95,149000.0,True,0
P_hpfp,P_rv,p_hpfp
43345.59459807415,18971.331796556893,1889366.2728249198
Q,Q_phc
640468.5116141764,491468.51161417644
qm_cb,qm_phc/qm_t,qm_r,qm_v,qm,m_z
0.11,0.004069391619483047,0.03227222550374406,0.00891927732056534,0.11406939161948304,0.40693916194830465
number of iterations,20,Execution time: ,12.537721157073975
