architecture,t_cbt,t_hxt,eta_hpfp,eta_r,p_cbt,qm_cb0,t0,p0,tpr_hx,Q_hx,pcc,v
dual,420,160,0.71,0.71,1330000.0,0.10694796265372744,25.2,345000.0,0.95,159000.0,True,0
P_hpfp,P_rv,p_hpfp
42472.521756193884,21804.81172615675,1889258.8614393119
Q,Q_phc
623776.6923074578,464776.6923074578
qm_cb,qm_phc/qm_t,qm_r,qm_v,qm,qm_pot
0.10694796265372744,0.0036713968195317337,0.037100629113372384,0.008736290974231797,0.11061935947325917,0.0010586731344826652
number of iterations,26,Execution time: ,14.404612064361572
