architecture,t_cbt,t_hxt,eta_hpfp,eta_r,p_cbt,qm_cb0,t0,p0,tpr_hx,Q_hx,pcc,v
dual,420,160,0.71,0.71,1330000.0,0.11,25.2,345000.0,0.95,149000.0,True,0
P_hpfp,P_rv,p_hpfp
43346.984624477576,22289.893769309136,1889366.2728249198
Q,Q_phc
637170.3763825323,488170.3763825323
qm_cb,qm_phc/qm_t,qm_r,qm_v,qm,m_z
0.11,0.004072929518857254,0.037913450717719004,0.00891955873365904,0.11407292951885725,0.40729295188572545
number of iterations,20,Execution time: ,13.044323444366455
