architecture,t_cbt,t_hxt,eta_hpfp,eta_r,p_cbt,qm_cb0,t0,p0,tpr_hx,Q_hx,pcc,v
dual,420,140,0.71,0.71,1330000.0,0.11,25.2,345000.0,0.95,149000.0,True,0
P_hpfp,P_rv,p_hpfp
43308.49406718072,15917.62138367727,1889366.2728249198
Q,Q_phc
643529.8450130548,494529.8450130548
qm_cb,qm_phc/qm_t,qm_r,qm_v,qm,m_z
0.11,0.004064554368197443,0.0270776102926523,0.008915411341659884,0.11406455436819744,0.4064554368197443
number of iterations,21,Execution time: ,13.58394169807434
