architecture,t_cbt,t_hxt,eta_hpfp,eta_r,p_cbt,qm_cb0,t0,p0,tpr_hx,Q_hx,pcc,v
dual,420,100,0.71,0.71,1330000.0,0.11,25.2,345000.0,0.95,149000.0,True,0
P_hpfp,P_rv,p_hpfp
43197.762328735174,6115.079558220858,1889366.2728249198
Q,Q_phc
653263.6979054528,504263.6979054528
qm_cb,qm_phc/qm_t,qm_r,qm_v,qm,m_z
0.11,0.00403528150044431,0.010403762692709963,0.008903268752356608,0.11403528150044431,0.403528150044431
number of iterations,26,Execution time: ,16.81714105606079
