architecture,t_cbt,t_hxt,eta_hpfp,eta_r,p_cbt,qm_cb0,t0,p0,tpr_hx,Q_hx,pcc,v
dual,420,170,0.71,0.71,1330000.0,0.10694796265372744,25.2,345000.0,0.95,159000.0,True,0
P_hpfp,P_rv,p_hpfp
42491.26850282544,25318.170373920653,1889258.8614393119
Q,Q_phc
620555.9936592527,461555.99365925265
qm_cb,qm_phc/qm_t,qm_r,qm_v,qm,qm_pot
0.10694796265372744,0.0036811892034001705,0.043075444506183155,0.008740197396318782,0.11062915185712761,0.0010994251722029364
number of iterations,26,Execution time: ,14.556285619735718
