architecture,t_cbt,t_hxt,eta_hpfp,eta_r,p_cbt,qm_cb0,t0,p0,tpr_hx,Q_hx,pcc,v
dual,420,130,0.71,0.71,1330000.0,0.11,25.2,345000.0,0.95,149000.0,True,0
P_hpfp,P_rv,p_hpfp
43277.42287681534,13110.075569775117,1889366.2728249198
Q,Q_phc
646330.9735556939,497330.97355569387
qm_cb,qm_phc/qm_t,qm_r,qm_v,qm,m_z
0.11,0.004058426701546082,0.02230212380196183,0.008912089049818476,0.11405842670154609,0.4058426701546082
number of iterations,22,Execution time: ,13.681533813476562
