architecture,t_cbt,t_hxt,eta_hpfp,eta_r,p_cbt,qm_cb0,t0,p0,tpr_hx,Q_hx,pcc,v
dual,420,190,0.71,0.71,1330000.0,0.10998,25.2,345000.0,0.95,159000.0,True,0
P_hpfp,P_rv,p_hpfp
43340.07058782838,33788.19687968384,1889258.8614393095
Q,Q_phc
624838.892435996,465838.892435996
qm_cb,qm_phc/qm_t,qm_r,qm_v,qm,m_z
0.10998,0.003956273075766278,0.05748170982206276,0.008913872603330103,0.11393627307576627,0.39562730757662723
number of iterations,25,Execution time: ,18.553049325942993
