architecture,t_cbt,t_hxt,eta_hpfp,eta_r,p_cbt,qm_cb0,t0,p0,tpr_hx,Q_hx,pcc,v
dual,420,150,0.71,0.71,1330000.0,0.10694796265372744,25.2,345000.0,0.95,159000.0,True,0
P_hpfp,P_rv,p_hpfp
42422.585517480016,18559.67461054201,1889258.8614393123
Q,Q_phc
626768.9302659787,467768.9302659787
qm_cb,qm_phc/qm_t,qm_r,qm_v,qm,qm_pot
0.10694796265372744,0.003660466766573424,0.03157951368520396,0.008729209588004933,0.11060842942030086,0.001020449981529621
number of iterations,27,Execution time: ,14.895254373550415
