architecture,t_cbt,t_hxt,eta_hpfp,eta_r,p_cbt,qm_cb0,t0,p0,tpr_hx,Q_hx,pcc,v
dual,420,230,0.71,0.71,1330000.0,0.11,25.2,345000.0,0.95,149000.0,True,0
P_hpfp,P_rv,p_hpfp
43330.668722829236,53798.18040915595,1889366.2728249198
Q,Q_phc
605391.0079373869,456391.00793738686
qm_cb,qm_phc/qm_t,qm_r,qm_v,qm,m_z
0.11,0.004026268262175175,0.09147886882860588,0.008916049048014508,0.11402626826217517,0.4026268262175175
number of iterations,20,Execution time: ,12.99214792251587
