architecture,t_cbt,t_hxt,eta_hpfp,eta_r,p_cbt,qm_cb0,t0,p0,tpr_hx,Q_hx,pcc,v
dual,420,250,0.71,0.71,1330000.0,0.11,25.2,345000.0,0.95,149000.0,True,0
P_hpfp,P_rv,p_hpfp
43312.71760319958,66415.08242142313,1889366.2728249198
Q,Q_phc
592486.9665033615,443486.9665033615
qm_cb,qm_phc/qm_t,qm_r,qm_v,qm,m_z
0.11,0.003976744571141709,0.11292906806422708,0.008912260860052857,0.11397674457114171,0.39767445711417093
number of iterations,20,Execution time: ,13.161411762237549
