architecture,t_cbt,t_hxt,eta_hpfp,eta_r,p_cbt,qm_cb0,t0,p0,tpr_hx,Q_hx,pcc,v
dual,420,240,0.71,0.71,1330000.0,0.10694796265372744,25.2,345000.0,0.95,159000.0,True,0
P_hpfp,P_rv,p_hpfp
42632.185570048016,58815.811879463465,1889258.8614393119
Q,Q_phc
589254.0761313254,430254.07613132545
qm_cb,qm_phc/qm_t,qm_r,qm_v,qm,qm_pot
0.10694796265372744,0.003680898304675627,0.1000448199529281,0.008769534983772292,0.11062886095840307,0.0014789762234983445
number of iterations,26,Execution time: ,14.536939859390259
