architecture,t_cbt,t_hxt,eta_hpfp,eta_r,p_cbt,qm_cb0,t0,p0,tpr_hx,Q_hx,pcc,v
dual,420,220,0.71,0.71,1330000.0,0.10694796265372744,25.2,345000.0,0.95,159000.0,True,0
P_hpfp,P_rv,p_hpfp
42590.58031827651,47339.35625811856,1889258.8614393119
Q,Q_phc
600082.7092261427,441082.70922614273
qm_cb,qm_phc/qm_t,qm_r,qm_v,qm,qm_pot
0.10694796265372744,0.0036974538609435507,0.08052643915540039,0.008760876092049277,0.110645416514671,0.0013505196608854435
number of iterations,26,Execution time: ,15.552319049835205
