architecture,t_cbt,t_hxt,eta_hpfp,eta_r,p_cbt,qm_cb0,t0,p0,tpr_hx,Q_hx,pcc,v
dual,420,270,0.71,0.71,1330000.0,0.10998,25.2,345000.0,0.95,159000.0,True,0
P_hpfp,P_rv,p_hpfp
43274.13992754339,81374.71186469156,1889258.8614393095
Q,Q_phc
576212.4599066743,417212.45990667434
qm_cb,qm_phc/qm_t,qm_r,qm_v,qm,m_z
0.10998,0.003776782879904614,0.13841456851322287,0.008900066037363858,0.11375678287990461,0.377678287990462
number of iterations,25,Execution time: ,18.197650909423828
