architecture,t_cbt,t_hxt,eta_hpfp,eta_r,p_cbt,qm_cb0,t0,p0,tpr_hx,Q_hx,pcc,v
dual,420,250,0.71,0.71,1330000.0,0.10998,25.2,345000.0,0.95,159000.0,True,0
P_hpfp,P_rv,p_hpfp
43302.92501281039,66297.23806430162,1889258.8614393095
Q,Q_phc
591741.4081835311,432741.40818353114
qm_cb,qm_phc/qm_t,qm_r,qm_v,qm,m_z
0.10998,0.0038547337979795843,0.11277113861509537,0.008906077831335311,0.11383473379797958,0.38547337979795826
number of iterations,25,Execution time: ,19.623385429382324
