architecture,t_cbt,t_hxt,eta_hpfp,eta_r,p_cbt,qm_cb0,t0,p0,tpr_hx,Q_hx,pcc,v
dual,420,220,0.71,0.71,1330000.0,0.11,25.2,345000.0,0.95,149000.0,True,0
P_hpfp,P_rv,p_hpfp
43336.815415146426,48229.07570530933,1889366.2728249198
Q,Q_phc
611059.1701860923,462059.17018609226
qm_cb,qm_phc/qm_t,qm_r,qm_v,qm,m_z
0.11,0.004043345800893379,0.08201083663770585,0.00891735103019033,0.11404334580089338,0.40433458008933787
number of iterations,20,Execution time: ,13.233437538146973
