architecture,t_cbt,t_hxt,eta_hpfp,eta_r,p_cbt,qm_cb0,t0,p0,tpr_hx,Q_hx,pcc,v
dual,420,260,0.71,0.71,1330000.0,0.11,25.2,345000.0,0.95,149000.0,True,0
P_hpfp,P_rv,p_hpfp
43300.2988418562,73609.0955142439,1889366.2728249198
Q,Q_phc
585095.3435522255,436095.3435522255
qm_cb,qm_phc/qm_t,qm_r,qm_v,qm,m_z
0.11,0.003942652016642636,0.1251598165503394,0.008909646977465258,0.11394265201664264,0.39426520166426354
number of iterations,20,Execution time: ,13.239022970199585
