architecture,t_cbt,t_hxt,eta_hpfp,eta_r,p_cbt,qm_cb0,t0,p0,tpr_hx,Q_hx,pcc,v
dual,420,210,0.71,0.71,1330000.0,0.11,25.2,345000.0,0.95,149000.0,True,0
P_hpfp,P_rv,p_hpfp
43341.401329723856,43076.5832357065,1889366.2728249198
Q,Q_phc
616286.107253488,467286.10725348804
qm_cb,qm_phc/qm_t,qm_r,qm_v,qm,m_z
0.11,0.004056174951602536,0.07325116047191199,0.008918325969623593,0.11405617495160254,0.40561749516025364
number of iterations,20,Execution time: ,12.987157821655273
