architecture,t_cbt,t_hxt,eta_hpfp,eta_r,p_cbt,qm_cb0,t0,p0,tpr_hx,Q_hx,pcc,v
dual,420,280,0.71,0.71,1330000.0,0.10998,25.2,345000.0,0.95,159000.0,True,0
P_hpfp,P_rv,p_hpfp
43220.621666400155,90116.6814892661,1889258.8614393119
Q,Q_phc
567207.3670993972,408207.36709939723
qm_cb,qm_phc/qm_t,qm_r,qm_v,qm,m_z
0.10998,0.0037253888146636105,0.15327937557045354,0.00889253232204108,0.1137053888146636,0.37253888146636155
number of iterations,26,Execution time: ,19.435051202774048
