architecture,t_cbt,t_hxt,eta_hpfp,eta_r,p_cbt,qm_cb0,t0,p0,tpr_hx,Q_hx,pcc,v
dual,420,210,0.71,0.71,1330000.0,0.10694796265372744,25.2,345000.0,0.95,159000.0,True,0
P_hpfp,P_rv,p_hpfp
42570.13447070161,42255.19474346985,1889258.8614393119
Q,Q_phc
604848.4042063265,445848.40420632646
qm_cb,qm_phc/qm_t,qm_r,qm_v,qm,qm_pot
0.10694796265372744,0.0036998281647421874,0.0718797285281559,0.008756620189143452,0.11064779081846962,0.0012931364963957232
number of iterations,26,Execution time: ,14.112252473831177
