architecture,t_cbt,t_hxt,eta_hpfp,eta_r,p_cbt,qm_cb0,t0,p0,tpr_hx,Q_hx,pcc,v
dual,420,280,0.71,0.71,1330000.0,0.10694796265372744,25.2,345000.0,0.95,159000.0,True,0
P_hpfp,P_rv,p_hpfp
42718.04983694042,89028.00729646983,1889258.8614393119
Q,Q_phc
560377.8938976064,401377.8938976064
qm_cb,qm_phc/qm_t,qm_r,qm_v,qm,qm_pot
0.10694796265372744,0.0035790979969482334,0.1514283440504265,0.008787398955673705,0.11052706065067568,0.0018115614264425117
number of iterations,26,Execution time: ,15.182480335235596
