architecture,t_cbt,t_hxt,eta_hpfp,eta_r,p_cbt,qm_cb0,t0,p0,tpr_hx,Q_hx,pcc,v
dual,420,200,0.71,0.71,1330000.0,0.10694796265372744,25.2,345000.0,0.95,159000.0,True,0
P_hpfp,P_rv,p_hpfp
42549.94705319828,37543.68193191874,1889258.8614393119
Q,Q_phc
609245.3941941352,450245.3941941352
qm_cb,qm_phc/qm_t,qm_r,qm_v,qm,qm_pot
0.10694796265372744,0.0036989719404023156,0.06386685861929034,0.008752417556630875,0.11064693459412976,0.0012396659094171308
number of iterations,26,Execution time: ,15.060373783111572
