architecture,t_cbt,t_hxt,eta_hpfp,eta_r,p_cbt,qm_cb0,t0,p0,tpr_hx,Q_hx,pcc,v
dual,420,220,0.71,0.71,1330000.0,0.10998,25.2,345000.0,0.95,159000.0,True,0
P_hpfp,P_rv,p_hpfp
43328.670263057225,48141.438120144885,1889258.8614393095
Q,Q_phc
610303.4533425256,451303.45334252564
qm_cb,qm_phc/qm_t,qm_r,qm_v,qm,m_z
0.10998,0.003924850160122201,0.08189251475658331,0.008911470211528725,0.1139048501601222,0.3924850160122199
number of iterations,25,Execution time: ,19.23076057434082
