architecture,t_cbt,t_hxt,eta_hpfp,eta_r,p_cbt,qm_cb0,t0,p0,tpr_hx,Q_hx,pcc,v
dual,420,250,0.71,0.71,1330000.0,0.10694796265372744,25.2,345000.0,0.95,159000.0,True,0
P_hpfp,P_rv,p_hpfp
42653.3281479237,65330.497430375406,1889258.8614393119
Q,Q_phc
583068.4861247307,424068.48612473067
qm_cb,qm_phc/qm_t,qm_r,qm_v,qm,qm_pot
0.10694796265372744,0.0036654103151368455,0.11112463975205517,0.008773934480177997,0.11061337296886428,0.0015513113543438135
number of iterations,26,Execution time: ,14.457808494567871
