architecture,t_cbt,t_hxt,eta_hpfp,eta_r,p_cbt,qm_cb0,t0,p0,tpr_hx,Q_hx,pcc,v
dual,430,120,0.71,0.71,1330000.0,0.10681818573297348,25.2,345000.0,0.95,159000.0,True,0
P_hpfp,P_rv,p_hpfp
42207.747028196856,10216.857856300043,1889258.8614393128
Q,Q_phc
650714.2767475252,491714.2767475252
qm_cb,qm_phc/qm_t,qm_r,qm_v,qm,qm_pot
0.10681818573297348,0.003744993604263295,0.016982981890974046,0.008493342157547023,0.11056317933723678,0.0009303452402938106
number of iterations,31,Execution time: ,17.478551149368286
