architecture,t_cbt,t_hxt,eta_hpfp,eta_r,p_cbt,qm_cb0,t0,p0,tpr_hx,Q_hx,pcc,v
dual,430,100,0.71,0.71,1330000.0,0.10681818573297348,25.2,345000.0,0.95,159000.0,True,0
P_hpfp,P_rv,p_hpfp
42140.20066308605,5927.170682740286,1889258.8614393128
Q,Q_phc
654558.9968884479,495558.9968884479
qm_cb,qm_phc/qm_t,qm_r,qm_v,qm,qm_pot
0.10681818573297348,0.003715568495081487,0.009853770481093947,0.00848343316721677,0.11053375422805498,0.0008785034381998734
number of iterations,34,Execution time: ,18.822651386260986
