architecture,t_cbt,t_hxt,eta_hpfp,eta_r,p_cbt,qm_cb0,t0,p0,tpr_hx,Q_hx,pcc,v
dual,430,180,0.71,0.71,1330000.0,0.11,25.2,345000.0,0.95,149000.0,True,0
P_hpfp,P_rv,p_hpfp
43368.64541701902,29286.055132437006,1889366.2728249198
Q,Q_phc
647732.8682516229,498732.8682516229
qm_cb,qm_phc/qm_t,qm_r,qm_v,qm,m_z
0.11,0.00422893327509539,0.04865947370934898,0.008713903698672752,0.1142289332750954,0.42289332750953895
number of iterations,19,Execution time: ,12.052077531814575
