architecture,t_cbt,t_hxt,eta_hpfp,eta_r,p_cbt,qm_cb0,t0,p0,tpr_hx,Q_hx,pcc,v
dual,430,140,0.71,0.71,1330000.0,0.11,25.2,345000.0,0.95,149000.0,True,0
P_hpfp,P_rv,p_hpfp
43284.37995010116,15770.833205077102,1889366.2728249198
Q,Q_phc
661222.8105565052,512222.8105565052
qm_cb,qm_phc/qm_t,qm_r,qm_v,qm,m_z
0.11,0.004211452086189615,0.026207815703775367,0.008705074816892647,0.11421145208618962,0.42114520861896154
number of iterations,21,Execution time: ,13.383146286010742
