architecture,t_cbt,t_hxt,eta_hpfp,eta_r,p_cbt,qm_cb0,t0,p0,tpr_hx,Q_hx,pcc,v
dual,430,190,0.71,0.71,1330000.0,0.10681818573297348,25.2,345000.0,0.95,159000.0,True,0
P_hpfp,P_rv,p_hpfp
42455.394077181074,32613.492361022927,1889258.8614393119
Q,Q_phc
630282.7752589866,471282.7752589866
qm_cb,qm_phc/qm_t,qm_r,qm_v,qm,qm_pot
0.10681818573297348,0.00383250760307651,0.054199198507881366,0.008531685030118417,0.11065069333604999,0.0011937016811978895
number of iterations,26,Execution time: ,14.307644128799438
