architecture,t_cbt,t_hxt,eta_hpfp,eta_r,p_cbt,qm_cb0,t0,p0,tpr_hx,Q_hx,pcc,v
dual,430,100,0.71,0.71,1330000.0,0.11,25.2,345000.0,0.95,149000.0,True,0
P_hpfp,P_rv,p_hpfp
43172.78246571487,6079.836031718168,1889366.2728249198
Q,Q_phc
670804.9806533501,521804.9806533501
qm_cb,qm_phc/qm_t,qm_r,qm_v,qm,m_z
0.11,0.004176349423454876,0.01010471096211638,0.008692907282884134,0.11417634942345488,0.41763494234548765
number of iterations,26,Execution time: ,16.765747547149658
