architecture,t_cbt,t_hxt,eta_hpfp,eta_r,p_cbt,qm_cb0,t0,p0,tpr_hx,Q_hx,pcc,v
dual,430,110,0.71,0.71,1330000.0,0.11,25.2,345000.0,0.95,149000.0,True,0
P_hpfp,P_rv,p_hpfp
43204.329016872885,8161.511605807754,1889366.2728249198
Q,Q_phc
668751.1247200969,519751.12472009694
qm_cb,qm_phc/qm_t,qm_r,qm_v,qm,m_z
0.11,0.004185807852489749,0.013564651462174886,0.00869632846681803,0.11418580785248975,0.41858078524897485
number of iterations,24,Execution time: ,15.61341118812561
