architecture,t_cbt,t_hxt,eta_hpfp,eta_r,p_cbt,qm_cb0,t0,p0,tpr_hx,Q_hx,pcc,v
dual,430,150,0.71,0.71,1330000.0,0.11,25.2,345000.0,0.95,149000.0,True,0
P_hpfp,P_rv,p_hpfp
43321.68519836646,18776.068576869275,1889366.2728249198
Q,Q_phc
658221.843296654,509221.84329665406
qm_cb,qm_phc/qm_t,qm_r,qm_v,qm,m_z
0.11,0.0042180968264526365,0.03120180547921053,0.008708940076684954,0.11421809682645263,0.42180968264526364
number of iterations,20,Execution time: ,12.596776008605957
