architecture,t_cbt,t_hxt,eta_hpfp,eta_r,p_cbt,qm_cb0,t0,p0,tpr_hx,Q_hx,pcc,v
dual,430,170,0.71,0.71,1330000.0,0.10681818573297348,25.2,345000.0,0.95,159000.0,True,0
P_hpfp,P_rv,p_hpfp
42415.50818011722,24965.07828370171,1889258.8614393119
Q,Q_phc
637292.1613169174,478292.1613169174
qm_cb,qm_phc/qm_t,qm_r,qm_v,qm,qm_pot
0.10681818573297348,0.003813262527597925,0.0414926888702188,0.008523568465655334,0.1106314482605714,0.0011052944743072358
number of iterations,26,Execution time: ,14.85492753982544
