architecture,t_cbt,t_hxt,eta_hpfp,eta_r,p_cbt,qm_cb0,t0,p0,tpr_hx,Q_hx,pcc,v
dual,430,130,0.71,0.71,1330000.0,0.11,25.2,345000.0,0.95,149000.0,True,0
P_hpfp,P_rv,p_hpfp
43253.06984306298,13002.117929935988,1889366.2728249198
Q,Q_phc
663973.988873495,514973.988873495
qm_cb,qm_phc/qm_t,qm_r,qm_v,qm,m_z
0.11,0.004203663815033625,0.021607232273808438,0.008701742853799493,0.11420366381503362,0.4203663815033625
number of iterations,22,Execution time: ,13.943291425704956
