architecture,t_cbt,t_hxt,eta_hpfp,eta_r,p_cbt,qm_cb0,t0,p0,tpr_hx,Q_hx,pcc,v
dual,430,130,0.71,0.71,1330000.0,0.10998,25.2,345000.0,0.95,159000.0,True,0
P_hpfp,P_rv,p_hpfp
43204.80044008245,12984.498438479828,1889258.8614393128
Q,Q_phc
663231.6407341948,504231.6407341948
qm_cb,qm_phc/qm_t,qm_r,qm_v,qm,m_z
0.10998,0.0040952962290062705,0.02158277402319023,0.00869204606464895,0.11407529622900626,0.40952962290062694
number of iterations,29,Execution time: ,20.109294652938843
