architecture,t_cbt,t_hxt,eta_hpfp,eta_r,p_cbt,qm_cb0,t0,p0,tpr_hx,Q_hx,pcc,v
dual,430,120,0.71,0.71,1330000.0,0.10998,25.2,345000.0,0.95,159000.0,True,0
P_hpfp,P_rv,p_hpfp
43184.13927343426,10451.562357200237,1889258.8614393128
Q,Q_phc
665737.3961468259,506737.39614682586
qm_cb,qm_phc/qm_t,qm_r,qm_v,qm,m_z
0.10998,0.004087710167448827,0.017373520450229527,0.008689672123791344,0.11406771016744882,0.408771016744883
number of iterations,30,Execution time: ,20.880237102508545
