architecture,t_cbt,t_hxt,eta_hpfp,eta_r,p_cbt,qm_cb0,t0,p0,tpr_hx,Q_hx,pcc,v
dual,430,270,0.71,0.71,1330000.0,0.10998,25.2,345000.0,0.95,159000.0,True,0
P_hpfp,P_rv,p_hpfp
43265.71296506387,78795.25102264684,1889258.8614393095
Q,Q_phc
596542.6545000381,437542.65450003813
qm_cb,qm_phc/qm_t,qm_r,qm_v,qm,m_z
0.10998,0.0039656973470224705,0.13092866537186482,0.008693269841033762,0.11394569734702246,0.39656973470224766
number of iterations,25,Execution time: ,18.581401109695435
