architecture,t_cbt,t_hxt,eta_hpfp,eta_r,p_cbt,qm_cb0,t0,p0,tpr_hx,Q_hx,pcc,v
dual,430,230,0.71,0.71,1330000.0,0.10681818573297348,25.2,345000.0,0.95,159000.0,True,0
P_hpfp,P_rv,p_hpfp
42538.841024475216,51592.64321501015,1889258.8614393119
Q,Q_phc
612639.1690739945,453639.1690739945
qm_cb,qm_phc/qm_t,qm_r,qm_v,qm,qm_pot
0.10681818573297348,0.003841820577523988,0.0857309240127076,0.008548657553300773,0.11066000631049747,0.0014093917335761073
number of iterations,26,Execution time: ,14.531090259552002
