architecture,t_cbt,t_hxt,eta_hpfp,eta_r,p_cbt,qm_cb0,t0,p0,tpr_hx,Q_hx,pcc,v
dual,430,280,0.71,0.71,1330000.0,0.10998,25.2,345000.0,0.95,159000.0,True,0
P_hpfp,P_rv,p_hpfp
43249.22442343817,86984.2261074236,1889258.8614393095
Q,Q_phc
588088.3257587664,429088.3257587664
qm_cb,qm_phc/qm_t,qm_r,qm_v,qm,m_z
0.10998,0.003921006915496045,0.14453435322428382,0.008689907193717657,0.11390100691549604,0.3921006915496043
number of iterations,25,Execution time: ,18.696210622787476
