architecture,t_cbt,t_hxt,eta_hpfp,eta_r,p_cbt,qm_cb0,t0,p0,tpr_hx,Q_hx,pcc,v
dual,430,220,0.71,0.71,1330000.0,0.10998,25.2,345000.0,0.95,159000.0,True,0
P_hpfp,P_rv,p_hpfp
43311.42607746623,47157.834200053396,1889258.8614393095
Q,Q_phc
628920.6769782201,469920.6769782201
qm_cb,qm_phc/qm_t,qm_r,qm_v,qm,m_z
0.10998,0.004090380326693968,0.07836481591403205,0.008702622204636246,0.11407038032669396,0.40903803266939714
number of iterations,25,Execution time: ,18.002955675125122
