architecture,t_cbt,t_hxt,eta_hpfp,eta_r,p_cbt,qm_cb0,t0,p0,tpr_hx,Q_hx,pcc,v
dual,430,250,0.71,0.71,1330000.0,0.10998,25.2,345000.0,0.95,159000.0,True,0
P_hpfp,P_rv,p_hpfp
43290.273405501,64532.4550344013,1889258.8614393095
Q,Q_phc
611202.0671560772,452202.06715607725
qm_cb,qm_phc/qm_t,qm_r,qm_v,qm,m_z
0.10998,0.004032481479566835,0.1072316541587707,0.00869828684418361,0.11401248147956683,0.4032481479566832
number of iterations,25,Execution time: ,18.816781759262085
