architecture,t_cbt,t_hxt,eta_hpfp,eta_r,p_cbt,qm_cb0,t0,p0,tpr_hx,Q_hx,pcc,v
dual,430,220,0.71,0.71,1330000.0,0.11,25.2,345000.0,0.95,149000.0,True,0
P_hpfp,P_rv,p_hpfp
43362.262382298446,47229.914080170645,1889366.2728249198
Q,Q_phc
629674.1579917795,480674.1579917795
qm_cb,qm_phc/qm_t,qm_r,qm_v,qm,m_z
0.11,0.0042097012769881405,0.07846011178038986,0.008712524813677038,0.11420970127698814,0.42097012769881403
number of iterations,19,Execution time: ,12.24983525276184
