architecture,t_cbt,t_hxt,eta_hpfp,eta_r,p_cbt,qm_cb0,t0,p0,tpr_hx,Q_hx,pcc,v
dual,430,240,0.71,0.71,1330000.0,0.11,25.2,345000.0,0.95,149000.0,True,0
P_hpfp,P_rv,p_hpfp
43351.21560466205,58364.4567289455,1889366.2728249198
Q,Q_phc
618353.4985685573,469353.4985685573
qm_cb,qm_phc/qm_t,qm_r,qm_v,qm,m_z
0.11,0.004178433747872869,0.09695269366102209,0.008710217988169771,0.11417843374787287,0.4178433747872869
number of iterations,19,Execution time: ,13.39066767692566
