architecture,t_cbt,t_hxt,eta_hpfp,eta_r,p_cbt,qm_cb0,t0,p0,tpr_hx,Q_hx,pcc,v
dual,430,210,0.71,0.71,1330000.0,0.10998,25.2,345000.0,0.95,159000.0,True,0
P_hpfp,P_rv,p_hpfp
43315.32515901612,42194.867408237165,1889258.8614393095
Q,Q_phc
633947.7168878275,474947.7168878275
qm_cb,qm_phc/qm_t,qm_r,qm_v,qm,m_z
0.10998,0.0041011583682385305,0.07011927659748979,0.008703425352206343,0.11408115836823852,0.41011583682385355
number of iterations,25,Execution time: ,19.12993359565735
