architecture,t_cbt,t_hxt,eta_hpfp,eta_r,p_cbt,qm_cb0,t0,p0,tpr_hx,Q_hx,pcc,v
dual,430,210,0.71,0.71,1330000.0,0.10681818573297348,25.2,345000.0,0.95,159000.0,True,0
P_hpfp,P_rv,p_hpfp
42496.60158824367,41413.09502646551,1889258.8614393119
Q,Q_phc
622142.8501943367,463142.85019433673
qm_cb,qm_phc/qm_t,qm_r,qm_v,qm,qm_pot
0.10681818573297348,0.0038430436700576795,0.06881860727179849,0.00854006734662537,0.11066122940303116,0.0012943017688029363
number of iterations,26,Execution time: ,14.990610599517822
