architecture,t_cbt,t_hxt,eta_hpfp,eta_r,p_cbt,qm_cb0,t0,p0,tpr_hx,Q_hx,pcc,v
dual,430,200,0.71,0.71,1330000.0,0.11,25.2,345000.0,0.95,149000.0,True,0
P_hpfp,P_rv,p_hpfp
43367.633445175845,37631.09679641486,1889366.2728249198
Q,Q_phc
639366.2165823469,490366.21658234694
qm_cb,qm_phc/qm_t,qm_r,qm_v,qm,m_z
0.11,0.004225341689476244,0.06251844074103306,0.008713663701481997,0.11422534168947625,0.4225341689476244
number of iterations,19,Execution time: ,12.177202463150024
