architecture,t_cbt,t_hxt,eta_hpfp,eta_r,p_cbt,qm_cb0,t0,p0,tpr_hx,Q_hx,pcc,v
dual,430,260,0.71,0.71,1330000.0,0.10681818573297348,25.2,345000.0,0.95,159000.0,True,0
P_hpfp,P_rv,p_hpfp
42603.867970958374,70263.55848340792,1889258.8614393119
Q,Q_phc
595008.247301109,436008.247301109
qm_cb,qm_phc/qm_t,qm_r,qm_v,qm,qm_pot
0.10681818573297348,0.0038088865842380174,0.11675124258066637,0.008561879008515717,0.1106270723172115,0.0016175437769894432
number of iterations,26,Execution time: ,14.719903230667114
