architecture,t_cbt,t_hxt,eta_hpfp,eta_r,p_cbt,qm_cb0,t0,p0,tpr_hx,Q_hx,pcc,v
dual,430,270,0.71,0.71,1330000.0,0.10681818573297348,25.2,345000.0,0.95,159000.0,True,0
P_hpfp,P_rv,p_hpfp
42625.955918930405,77666.95550876156,1889258.8614393119
Q,Q_phc
587957.9727566343,428957.97275663435
qm_cb,qm_phc/qm_t,qm_r,qm_v,qm,qm_pot
0.10681818573297348,0.0037867180441721058,0.12905151485892702,0.008566369154131327,0.11060490377714559,0.0016992077229611286
number of iterations,26,Execution time: ,14.349068880081177
