architecture,t_cbt,t_hxt,eta_hpfp,eta_r,p_cbt,qm_cb0,t0,p0,tpr_hx,Q_hx,pcc,v
dual,430,220,0.71,0.71,1330000.0,0.10681818573297348,25.2,345000.0,0.95,159000.0,True,0
P_hpfp,P_rv,p_hpfp
42517.60316853467,46311.672595388896,1889258.8614393119
Q,Q_phc
617580.3492499834,458580.34924998344
qm_cb,qm_phc/qm_t,qm_r,qm_v,qm,qm_pot
0.10681818573297348,0.0038441209121536494,0.07695708102835928,0.00854433862952702,0.11066230664512713,0.0013498447885781236
number of iterations,26,Execution time: ,14.827409982681274
