architecture,t_cbt,t_hxt,eta_hpfp,eta_r,p_cbt,qm_cb0,t0,p0,tpr_hx,Q_hx,pcc,v
dual,430,260,0.71,0.71,1330000.0,0.10998,25.2,345000.0,0.95,159000.0,True,0
P_hpfp,P_rv,p_hpfp
43279.253477989056,71344.97268755591,1889258.8614393095
Q,Q_phc
604211.3529040727,445211.35290407273
qm_cb,qm_phc/qm_t,qm_r,qm_v,qm,m_z
0.10998,0.004002478278231386,0.11855033275523556,0.008696034338921145,0.11398247827823138,0.4002478278231393
number of iterations,25,Execution time: ,19.157634973526
