architecture,t_cbt,t_hxt,eta_hpfp,eta_r,p_cbt,qm_cb0,t0,p0,tpr_hx,Q_hx,pcc,v
dual,430,280,0.71,0.71,1330000.0,0.10681818573297348,25.2,345000.0,0.95,159000.0,True,0
P_hpfp,P_rv,p_hpfp
42648.23339019887,85818.08167080175,1889258.8614393119
Q,Q_phc
580162.9216795533,421162.92167955334
qm_cb,qm_phc/qm_t,qm_r,qm_v,qm,qm_pot
0.10681818573297348,0.0037572813086487423,0.14259412636824717,0.008570897353013926,0.11057546704162223,0.0017886380971933087
number of iterations,26,Execution time: ,15.157920598983765
