architecture,t_cbt,t_hxt,eta_hpfp,eta_r,p_cbt,qm_cb0,t0,p0,tpr_hx,Q_hx,pcc,v
dual,430,240,0.71,0.71,1330000.0,0.10998,25.2,345000.0,0.95,159000.0,True,0
P_hpfp,P_rv,p_hpfp
43299.12339999731,58274.43371969628,1889258.8614393095
Q,Q_phc
617603.5861537955,458603.5861537955
qm_cb,qm_phc/qm_t,qm_r,qm_v,qm,m_z
0.10998,0.004056638555744049,0.09683429032849745,0.008700098155266588,0.11403663855574404,0.40566385557440465
number of iterations,25,Execution time: ,18.468090057373047
