architecture,t_cbt,t_hxt,eta_hpfp,eta_r,p_cbt,qm_cb0,t0,p0,tpr_hx,Q_hx,pcc,v
dual,440,190,0.71,0.71,1330000.0,0.10668876477245552,25.2,345000.0,0.95,159000.0,True,0
P_hpfp,P_rv,p_hpfp
42384.62085916888,32099.708837870647,1889258.8614393119
Q,Q_phc
647209.3392185309,488209.3392185309
qm_cb,qm_phc/qm_t,qm_r,qm_v,qm,qm_pot
0.10668876477245552,0.003969071871458072,0.05214010708721598,0.008325678157955398,0.1106578366439136,0.0011981124198795537
number of iterations,26,Execution time: ,14.970389127731323
