architecture,t_cbt,t_hxt,eta_hpfp,eta_r,p_cbt,qm_cb0,t0,p0,tpr_hx,Q_hx,pcc,v
dual,440,100,0.71,0.71,1330000.0,0.11,25.2,345000.0,0.95,149000.0,True,0
P_hpfp,P_rv,p_hpfp
43151.515931368696,6046.947197111106,1889366.2728249198
Q,Q_phc
688377.5112571084,539377.5112571084
qm_cb,qm_phc/qm_t,qm_r,qm_v,qm,m_z
0.11,0.004317663822681863,0.009822997282571732,0.008492823637137138,0.11431766382268187,0.4317663822681863
number of iterations,26,Execution time: ,16.613065719604492
