architecture,t_cbt,t_hxt,eta_hpfp,eta_r,p_cbt,qm_cb0,t0,p0,tpr_hx,Q_hx,pcc,v
dual,440,110,0.71,0.71,1330000.0,0.10668876477245552,25.2,345000.0,0.95,159000.0,True,0
P_hpfp,P_rv,p_hpfp
42104.375207604564,7903.674341648894,1889258.8614393128
Q,Q_phc
669073.2522707658,510073.25227076584
qm_cb,qm_phc/qm_t,qm_r,qm_v,qm,qm_pot
0.10668876477245552,0.0038506745744359503,0.01284217521374641,0.00828301118590543,0.11053943934689148,0.0009116165976160767
number of iterations,32,Execution time: ,18.11766004562378
