architecture,t_cbt,t_hxt,eta_hpfp,eta_r,p_cbt,qm_cb0,t0,p0,tpr_hx,Q_hx,pcc,v
dual,440,180,0.71,0.71,1330000.0,0.10668876477245552,25.2,345000.0,0.95,159000.0,True,0
P_hpfp,P_rv,p_hpfp
42363.91838010297,28242.51720001017,1889258.8614393119
Q,Q_phc
650726.1158435812,491726.11584358115
qm_cb,qm_phc/qm_t,qm_r,qm_v,qm,qm_pot
0.10668876477245552,0.0039577837761767464,0.04587678799494006,0.008321560358673357,0.11064654854863226,0.0011534305911929186
number of iterations,26,Execution time: ,14.735116958618164
