architecture,t_cbt,t_hxt,eta_hpfp,eta_r,p_cbt,qm_cb0,t0,p0,tpr_hx,Q_hx,pcc,v
dual,440,150,0.71,0.71,1330000.0,0.11,25.2,345000.0,0.95,149000.0,True,0
P_hpfp,P_rv,p_hpfp
43301.500280369255,18594.529184466097,1889366.2728249198
Q,Q_phc
675996.9537324688,526996.9537324688
qm_cb,qm_phc/qm_t,qm_r,qm_v,qm,m_z
0.11,0.004367000564195341,0.030202044511358408,0.008508878855432452,0.11436700056419534,0.4367000564195341
number of iterations,20,Execution time: ,12.745668172836304
