architecture,t_cbt,t_hxt,eta_hpfp,eta_r,p_cbt,qm_cb0,t0,p0,tpr_hx,Q_hx,pcc,v
dual,440,130,0.71,0.71,1330000.0,0.11,25.2,345000.0,0.95,149000.0,True,0
P_hpfp,P_rv,p_hpfp
43232.44110688814,12901.504680162854,1889366.2728249198
Q,Q_phc
681644.3635578275,532644.3635578275
qm_cb,qm_phc/qm_t,qm_r,qm_v,qm,m_z
0.11,0.004349131954191672,0.020955669593599614,0.008501674279572068,0.11434913195419168,0.4349131954191672
number of iterations,22,Execution time: ,13.64018726348877
