architecture,t_cbt,t_hxt,eta_hpfp,eta_r,p_cbt,qm_cb0,t0,p0,tpr_hx,Q_hx,pcc,v
dual,440,160,0.71,0.71,1330000.0,0.11,25.2,345000.0,0.95,149000.0,True,0
P_hpfp,P_rv,p_hpfp
43346.30283326828,21783.783245498693,1889366.2728249198
Q,Q_phc
672808.5129351517,523808.5129351517
qm_cb,qm_phc/qm_t,qm_r,qm_v,qm,m_z
0.11,0.004374135144766111,0.035382596845566924,0.008513379820230938,0.11437413514476612,0.4374135144766111
number of iterations,19,Execution time: ,11.983909368515015
