architecture,t_cbt,t_hxt,eta_hpfp,eta_r,p_cbt,qm_cb0,t0,p0,tpr_hx,Q_hx,pcc,v
dual,440,110,0.71,0.71,1330000.0,0.10998,25.2,345000.0,0.95,159000.0,True,0
P_hpfp,P_rv,p_hpfp
43131.95960893342,8102.899105068328,1889258.8614393128
Q,Q_phc
685591.474589629,526591.474589629
qm_cb,qm_phc/qm_t,qm_r,qm_v,qm,m_z
0.10998,0.004221374290446167,0.013165048726556784,0.008486329993520567,0.11420137429044616,0.42213742904461715
number of iterations,32,Execution time: ,23.56344437599182
