architecture,t_cbt,t_hxt,eta_hpfp,eta_r,p_cbt,qm_cb0,t0,p0,tpr_hx,Q_hx,pcc,v
dual,440,160,0.71,0.71,1330000.0,0.10668876477245552,25.2,345000.0,0.95,159000.0,True,0
P_hpfp,P_rv,p_hpfp
42323.76358928581,21269.735301641977,1889258.8614393119
Q,Q_phc
657038.0436329902,498038.0436329902
qm_cb,qm_phc/qm_t,qm_r,qm_v,qm,qm_pot
0.10668876477245552,0.003930560359118703,0.03455465623543258,0.008313570062486382,0.11061932513157423,0.0010720040101091547
number of iterations,26,Execution time: ,14.61762547492981
