architecture,t_cbt,t_hxt,eta_hpfp,eta_r,p_cbt,qm_cb0,t0,p0,tpr_hx,Q_hx,pcc,v
dual,440,100,0.71,0.71,1330000.0,0.10668876477245552,25.2,345000.0,0.95,159000.0,True,0
P_hpfp,P_rv,p_hpfp
42066.737791978354,5887.746078675069,1889258.8614393128
Q,Q_phc
670865.5502324505,511865.5502324505
qm_cb,qm_phc/qm_t,qm_r,qm_v,qm,qm_pot
0.10668876477245552,0.003834775397999206,0.009567054129375438,0.008277796091869162,0.11052354017045472,0.0008870216562656643
number of iterations,34,Execution time: ,19.72495985031128
