architecture,t_cbt,t_hxt,eta_hpfp,eta_r,p_cbt,qm_cb0,t0,p0,tpr_hx,Q_hx,pcc,v
dual,440,180,0.71,0.71,1330000.0,0.11,25.2,345000.0,0.95,149000.0,True,0
P_hpfp,P_rv,p_hpfp
43350.186905574985,28900.53029327609,1889366.2728249198
Q,Q_phc
665752.3514595814,516752.3514595814
qm_cb,qm_phc/qm_t,qm_r,qm_v,qm,m_z
0.11,0.004384120803639617,0.046934161252688546,0.00851413317586943,0.11438412080363962,0.4384120803639617
number of iterations,19,Execution time: ,12.453469038009644
