architecture,t_cbt,t_hxt,eta_hpfp,eta_r,p_cbt,qm_cb0,t0,p0,tpr_hx,Q_hx,pcc,v
dual,440,150,0.71,0.71,1330000.0,0.10998,25.2,345000.0,0.95,159000.0,True,0
P_hpfp,P_rv,p_hpfp
43263.68870486155,18564.38278041586,1889258.8614393119
Q,Q_phc
675217.2966042394,516217.2966042394
qm_cb,qm_phc/qm_t,qm_r,qm_v,qm,m_z
0.10998,0.004255322688372504,0.030160951965303318,0.00850057802106843,0.1142353226883725,0.42553226883725065
number of iterations,26,Execution time: ,18.46512722969055
