architecture,t_cbt,t_hxt,eta_hpfp,eta_r,p_cbt,qm_cb0,t0,p0,tpr_hx,Q_hx,pcc,v
dual,440,150,0.71,0.71,1330000.0,0.10668876477245552,25.2,345000.0,0.95,159000.0,True,0
P_hpfp,P_rv,p_hpfp
42273.56085520373,18145.389590184044,1889258.8614393123
Q,Q_phc
659875.5307372136,500875.53073721356
qm_cb,qm_phc/qm_t,qm_r,qm_v,qm,qm_pot
0.10668876477245552,0.003915471753345221,0.029479281559530654,0.008306678298885388,0.11060423652580074,0.0010348511762669375
number of iterations,27,Execution time: ,15.102575302124023
