architecture,t_cbt,t_hxt,eta_hpfp,eta_r,p_cbt,qm_cb0,t0,p0,tpr_hx,Q_hx,pcc,v
dual,440,100,0.71,0.71,1330000.0,0.10998,25.2,345000.0,0.95,159000.0,True,0
P_hpfp,P_rv,p_hpfp
43117.34094478258,6034.14504739962,1889258.8614393128
Q,Q_phc
687611.4527888915,528611.4527888915
qm_cb,qm_phc/qm_t,qm_r,qm_v,qm,m_z
0.10998,0.004211548716533731,0.00980512195255597,0.008484524098923073,0.11419154871653373,0.42115487165337295
number of iterations,33,Execution time: ,23.465853691101074
