architecture,t_cbt,t_hxt,eta_hpfp,eta_r,p_cbt,qm_cb0,t0,p0,tpr_hx,Q_hx,pcc,v
dual,440,160,0.71,0.71,1330000.0,0.10998,25.2,345000.0,0.95,159000.0,True,0
P_hpfp,P_rv,p_hpfp
43299.35295066643,21751.603128471324,1889258.8614393095
Q,Q_phc
672032.9303738727,513032.93037387275
qm_cb,qm_phc/qm_t,qm_r,qm_v,qm,m_z
0.10998,0.004261292684079196,0.035338705123722815,0.008504315668279312,0.11424129268407919,0.426129268407919
number of iterations,25,Execution time: ,18.301008939743042
