architecture,t_cbt,t_hxt,eta_hpfp,eta_r,p_cbt,qm_cb0,t0,p0,tpr_hx,Q_hx,pcc,v
dual,440,140,0.71,0.71,1330000.0,0.10998,25.2,345000.0,0.95,159000.0,True,0
P_hpfp,P_rv,p_hpfp
43232.47163638285,15606.459573259162,1889258.8614393123
Q,Q_phc
678159.4268767104,519159.4268767104
qm_cb,qm_phc/qm_t,qm_r,qm_v,qm,m_z
0.10998,0.0042480365658167235,0.025355924597874384,0.008497229856208328,0.11422803656581672,0.42480365658167235
number of iterations,27,Execution time: ,18.817479610443115
