architecture,t_cbt,t_hxt,eta_hpfp,eta_r,p_cbt,qm_cb0,t0,p0,tpr_hx,Q_hx,pcc,v
dual,440,120,0.71,0.71,1330000.0,0.10668876477245552,25.2,345000.0,0.95,159000.0,True,0
P_hpfp,P_rv,p_hpfp
42134.71154393063,10133.775487619658,1889258.8614393128
Q,Q_phc
667092.1298871228,508092.1298871228
qm_cb,qm_phc/qm_t,qm_r,qm_v,qm,qm_pot
0.10668876477245552,0.0038670118823099014,0.01646426852523551,0.008287609340320178,0.11055577665476542,0.0009385705874123622
number of iterations,31,Execution time: ,17.295400619506836
