architecture,t_cbt,t_hxt,eta_hpfp,eta_r,p_cbt,qm_cb0,t0,p0,tpr_hx,Q_hx,pcc,v
dual,440,170,0.71,0.71,1330000.0,0.10668876477245552,25.2,345000.0,0.95,159000.0,True,0
P_hpfp,P_rv,p_hpfp
42343.606443640965,24636.37133734699,1889258.8614393119
Q,Q_phc
653998.0950036466,494998.09500364657
qm_cb,qm_phc/qm_t,qm_r,qm_v,qm,qm_pot
0.10668876477245552,0.0039448452100611375,0.040021214789455445,0.008317519235229996,0.11063360998251666,0.0011114281950932864
number of iterations,26,Execution time: ,14.727766752243042
