architecture,t_cbt,t_hxt,eta_hpfp,eta_r,p_cbt,qm_cb0,t0,p0,tpr_hx,Q_hx,pcc,v
dual,440,190,0.71,0.71,1330000.0,0.11,25.2,345000.0,0.95,149000.0,True,0
P_hpfp,P_rv,p_hpfp
43351.04564414714,32832.047803272646,1889366.2728249198
Q,Q_phc
661832.659292243,512832.65929224296
qm_cb,qm_phc/qm_t,qm_r,qm_v,qm,m_z
0.11,0.004386084238958204,0.05331584355008419,0.008514290317263296,0.1143860842389582,0.4386084238958204
number of iterations,19,Execution time: ,12.30831503868103
