architecture,t_cbt,t_hxt,eta_hpfp,eta_r,p_cbt,qm_cb0,t0,p0,tpr_hx,Q_hx,pcc,v
dual,440,130,0.71,0.71,1330000.0,0.10998,25.2,345000.0,0.95,159000.0,True,0
P_hpfp,P_rv,p_hpfp
43184.43700562541,12883.821796760321,1889258.8614393128
Q,Q_phc
680877.6058049928,521877.60580499284
qm_cb,qm_phc/qm_t,qm_r,qm_v,qm,m_z
0.10998,0.004239900554426898,0.02093157395867993,0.008492191767057213,0.11421990055442689,0.4239900554426897
number of iterations,29,Execution time: ,20.47175908088684
