architecture,t_cbt,t_hxt,eta_hpfp,eta_r,p_cbt,qm_cb0,t0,p0,tpr_hx,Q_hx,pcc,v
dual,440,140,0.71,0.71,1330000.0,0.10668876477245552,25.2,345000.0,0.95,159000.0,True,0
P_hpfp,P_rv,p_hpfp
42228.402495428905,15248.202925502004,1889258.8614393126
Q,Q_phc
662492.3489334675,503492.3489334675
qm_cb,qm_phc/qm_t,qm_r,qm_v,qm,qm_pot
0.10668876477245552,0.003899620658968747,0.02477310577088981,0.008300351011250522,0.11058838543142427,0.001000248575560997
number of iterations,28,Execution time: ,15.484468460083008
