architecture,t_cbt,t_hxt,eta_hpfp,eta_r,p_cbt,qm_cb0,t0,p0,tpr_hx,Q_hx,pcc,v
dual,440,240,0.71,0.71,1330000.0,0.11,25.2,345000.0,0.95,149000.0,True,0
P_hpfp,P_rv,p_hpfp
43339.5274702098,57040.32409931967,1889366.2728249198
Q,Q_phc
637416.5784374253,488416.5784374253
qm_cb,qm_phc/qm_t,qm_r,qm_v,qm,m_z
0.11,0.0043520815913968836,0.09261283930121733,0.008511887374130826,0.11435208159139688,0.43520815913968836
number of iterations,19,Execution time: ,12.380950212478638
