architecture,t_cbt,t_hxt,eta_hpfp,eta_r,p_cbt,qm_cb0,t0,p0,tpr_hx,Q_hx,pcc,v
dual,440,260,0.71,0.71,1330000.0,0.11,25.2,345000.0,0.95,149000.0,True,0
P_hpfp,P_rv,p_hpfp
43324.40061162236,69533.18584796983,1889366.2728249198
Q,Q_phc
624663.9981249847,475663.9981249847
qm_cb,qm_phc/qm_t,qm_r,qm_v,qm,m_z
0.11,0.0043094784795955545,0.11289294611185624,0.008508810733101993,0.11430947847959555,0.43094784795955543
number of iterations,19,Execution time: ,11.779546022415161
