architecture,t_cbt,t_hxt,eta_hpfp,eta_r,p_cbt,qm_cb0,t0,p0,tpr_hx,Q_hx,pcc,v
dual,440,230,0.71,0.71,1330000.0,0.10998,25.2,345000.0,0.95,159000.0,True,0
P_hpfp,P_rv,p_hpfp
43293.65263231638,51408.84137216512,1889258.8614393095
Q,Q_phc
642272.1978746224,483272.1978746224
qm_cb,qm_phc/qm_t,qm_r,qm_v,qm,m_z
0.10998,0.004244368519128031,0.08349724670505368,0.008503125646592091,0.11422436851912803,0.42443685191280356
number of iterations,25,Execution time: ,18.305396556854248
