architecture,t_cbt,t_hxt,eta_hpfp,eta_r,p_cbt,qm_cb0,t0,p0,tpr_hx,Q_hx,pcc,v
dual,440,230,0.71,0.71,1330000.0,0.10668876477245552,25.2,345000.0,0.95,159000.0,True,0
P_hpfp,P_rv,p_hpfp
42470.356644591455,50452.173347522505,1889258.8614393119
Q,Q_phc
630265.6048502644,471265.6048502644
qm_cb,qm_phc/qm_t,qm_r,qm_v,qm,qm_pot
0.10668876477245552,0.003991137512464608,0.08194176731072171,0.008342725257461254,0.11067990228492013,0.0014076753933207164
number of iterations,26,Execution time: ,14.673900604248047
