architecture,t_cbt,t_hxt,eta_hpfp,eta_r,p_cbt,qm_cb0,t0,p0,tpr_hx,Q_hx,pcc,v
dual,440,200,0.71,0.71,1330000.0,0.11,25.2,345000.0,0.95,149000.0,True,0
P_hpfp,P_rv,p_hpfp
43351.03114453331,37032.07294954541,1889366.2728249198
Q,Q_phc
657629.6610236478,508629.66102364776
qm_cb,qm_phc/qm_t,qm_r,qm_v,qm,m_z
0.11,0.004385619051979189,0.06013350300713891,0.008514271019981515,0.11438561905197919,0.4385619051979189
number of iterations,19,Execution time: ,12.974170446395874
