architecture,t_cbt,t_hxt,eta_hpfp,eta_r,p_cbt,qm_cb0,t0,p0,tpr_hx,Q_hx,pcc,v
dual,440,250,0.71,0.71,1330000.0,0.10668876477245552,25.2,345000.0,0.95,159000.0,True,0
P_hpfp,P_rv,p_hpfp
42514.62913016808,61850.196710176475,1889258.8614393119
Q,Q_phc
619594.6303326741,460594.63033267413
qm_cb,qm_phc/qm_t,qm_r,qm_v,qm,qm_pot
0.10668876477245552,0.003982658342273199,0.10045082882328535,0.008351525763198692,0.11067142311472872,0.0015357023483798635
number of iterations,26,Execution time: ,14.6293625831604
