architecture,t_cbt,t_hxt,eta_hpfp,eta_r,p_cbt,qm_cb0,t0,p0,tpr_hx,Q_hx,pcc,v
dual,440,210,0.71,0.71,1330000.0,0.10668876477245552,25.2,345000.0,0.95,159000.0,True,0
P_hpfp,P_rv,p_hpfp
42426.97298478206,40638.25875196927,1889258.8614393119
Q,Q_phc
639366.8342890881,480366.83428908815
qm_cb,qm_phc/qm_t,qm_r,qm_v,qm,qm_pot
0.10668876477245552,0.0039854328226881265,0.0660053013697946,0.00833410006103733,0.11067419759514364,0.0012961962990707086
number of iterations,26,Execution time: ,14.547242403030396
