architecture,t_cbt,t_hxt,eta_hpfp,eta_r,p_cbt,qm_cb0,t0,p0,tpr_hx,Q_hx,pcc,v
dual,440,270,0.71,0.71,1330000.0,0.10998,25.2,345000.0,0.95,159000.0,True,0
P_hpfp,P_rv,p_hpfp
43260.157286199086,76485.32890191789,1889258.8614393095
Q,Q_phc
616637.5924224993,457637.5924224993
qm_cb,qm_phc/qm_t,qm_r,qm_v,qm,m_z
0.10998,0.004152673848001359,0.12421923373908157,0.008496420693991345,0.11413267384800135,0.4152673848001352
number of iterations,25,Execution time: ,18.836204767227173
