architecture,t_cbt,t_hxt,eta_hpfp,eta_r,p_cbt,qm_cb0,t0,p0,tpr_hx,Q_hx,pcc,v
dual,440,220,0.71,0.71,1330000.0,0.10668876477245552,25.2,345000.0,0.95,159000.0,True,0
P_hpfp,P_rv,p_hpfp
42448.547399192445,45369.368835600224,1889258.8614393119
Q,Q_phc
634990.1702121213,475990.17021212133
qm_cb,qm_phc/qm_t,qm_r,qm_v,qm,qm_pot
0.10668876477245552,0.00398981425990313,0.07368795350242557,0.008338389505379563,0.11067857903235866,0.0013500946041871736
number of iterations,26,Execution time: ,14.752488374710083
