architecture,t_cbt,t_hxt,eta_hpfp,eta_r,p_cbt,qm_cb0,t0,p0,tpr_hx,Q_hx,pcc,v
dual,440,270,0.71,0.71,1330000.0,0.10668876477245552,25.2,345000.0,0.95,159000.0,True,0
P_hpfp,P_rv,p_hpfp
42559.71535075714,75283.27151803834,1889258.8614393119
Q,Q_phc
606901.740898331,447901.74089833105
qm_cb,qm_phc/qm_t,qm_r,qm_v,qm,qm_pot
0.10668876477245552,0.003955158625259908,0.1222647452494669,0.008360486684798949,0.11064392339771544,0.0016849120141082996
number of iterations,26,Execution time: ,14.782428741455078
