architecture,t_cbt,t_hxt,eta_hpfp,eta_r,p_cbt,qm_cb0,t0,p0,tpr_hx,Q_hx,pcc,v
dual,440,200,0.71,0.71,1330000.0,0.10668876477245552,25.2,345000.0,0.95,159000.0,True,0
P_hpfp,P_rv,p_hpfp
42405.65410114966,36224.35136267432,1889258.8614393119
Q,Q_phc
643430.4181722726,484430.4181722726
qm_cb,qm_phc/qm_t,qm_r,qm_v,qm,qm_pot
0.10668876477245552,0.003978398580726837,0.05883780621430462,0.008329860978625857,0.11066716335318236,0.0012456293537034524
number of iterations,26,Execution time: ,14.29845142364502
