architecture,t_cbt,t_hxt,eta_hpfp,eta_r,p_cbt,qm_cb0,t0,p0,tpr_hx,Q_hx,pcc,v
dual,440,260,0.71,0.71,1330000.0,0.10998,25.2,345000.0,0.95,159000.0,True,0
P_hpfp,P_rv,p_hpfp
43271.637192707036,69424.12297006109,1889258.8614393095
Q,Q_phc
623889.3550621839,464889.3550621839
qm_cb,qm_phc/qm_t,qm_r,qm_v,qm,m_z
0.10998,0.004183987684072729,0.11275239665722223,0.008498714508930085,0.11416398768407272,0.41839876840727336
number of iterations,25,Execution time: ,18.056351900100708
