architecture,t_cbt,t_hxt,eta_hpfp,eta_r,p_cbt,qm_cb0,t0,p0,tpr_hx,Q_hx,pcc,v
dual,440,250,0.71,0.71,1330000.0,0.10998,25.2,345000.0,0.95,159000.0,True,0
P_hpfp,P_rv,p_hpfp
43280.85236321648,62936.8421598335,1889258.8614393095
Q,Q_phc
630530.0255208215,471530.02552082145
qm_cb,qm_phc/qm_t,qm_r,qm_v,qm,m_z
0.10998,0.004209189950804396,0.10221760651002126,0.008500558249710067,0.11418918995080439,0.4209189950804391
number of iterations,25,Execution time: ,19.289196491241455
