architecture,t_cbt,t_hxt,eta_hpfp,eta_r,p_cbt,qm_cb0,t0,p0,tpr_hx,Q_hx,pcc,v
dual,440,280,0.71,0.71,1330000.0,0.10998,25.2,345000.0,0.95,159000.0,True,0
P_hpfp,P_rv,p_hpfp
43246.045901364836,84206.70796349365,1889258.8614393095
Q,Q_phc
608682.5600525509,449682.56005255086
qm_cb,qm_phc/qm_t,qm_r,qm_v,qm,m_z
0.10998,0.00411427257597026,0.13675817748282634,0.008493604433014704,0.11409427257597025,0.4114272575970265
number of iterations,25,Execution time: ,18.94265055656433
