architecture,t_cbt,t_hxt,eta_hpfp,eta_r,p_cbt,qm_cb0,t0,p0,tpr_hx,Q_hx,pcc,v
dual,450,160,0.71,0.71,1330000.0,0.11,25.2,345000.0,0.95,149000.0,True,0
P_hpfp,P_rv,p_hpfp
43329.72861715054,21563.580539652434,1889366.2728249198
Q,Q_phc
690673.0572983685,541673.0572983685
qm_cb,qm_phc/qm_t,qm_r,qm_v,qm,m_z
0.11,0.004525171775264774,0.03425113975365019,0.00832283050900922,0.11452517177526478,0.4525171775264774
number of iterations,19,Execution time: ,12.287626266479492
