architecture,t_cbt,t_hxt,eta_hpfp,eta_r,p_cbt,qm_cb0,t0,p0,tpr_hx,Q_hx,pcc,v
dual,450,150,0.71,0.71,1330000.0,0.11,25.2,345000.0,0.95,149000.0,True,0
P_hpfp,P_rv,p_hpfp
43284.77934668111,18425.399985870878,1889366.2728249198
Q,Q_phc
693796.9304307792,544796.9304307792
qm_cb,qm_phc/qm_t,qm_r,qm_v,qm,m_z
0.11,0.004516125590458464,0.029266174312852583,0.008318345947100124,0.11451612559045847,0.4516125590458464
number of iterations,20,Execution time: ,12.520918369293213
