architecture,t_cbt,t_hxt,eta_hpfp,eta_r,p_cbt,qm_cb0,t0,p0,tpr_hx,Q_hx,pcc,v
dual,450,140,0.71,0.71,1330000.0,0.11,25.2,345000.0,0.95,149000.0,True,0
P_hpfp,P_rv,p_hpfp
43247.06644711634,15506.707420338842,1889366.2728249198
Q,Q_phc
696686.3580050356,547686.3580050356
qm_cb,qm_phc/qm_t,qm_r,qm_v,qm,m_z
0.11,0.0045059210802313975,0.024630309137850463,0.008314484192919747,0.1145059210802314,0.45059210802313976
number of iterations,21,Execution time: ,12.98993706703186
