architecture,t_cbt,t_hxt,eta_hpfp,eta_r,p_cbt,qm_cb0,t0,p0,tpr_hx,Q_hx,pcc,v
dual,450,130,0.71,0.71,1330000.0,0.10655968828513539,25.2,345000.0,0.95,159000.0,True,0
P_hpfp,P_rv,p_hpfp
42118.30150726001,12469.009614336837,1889258.8614393128
Q,Q_phc
681303.8756613185,522303.87566131854
qm_cb,qm_phc/qm_t,qm_r,qm_v,qm,qm_pot
0.10655968828513539,0.004006598408929113,0.01981113139929568,0.008098497953110802,0.1105662866940645,0.000976253953902217
number of iterations,29,Execution time: ,15.979656457901001
