architecture,t_cbt,t_hxt,eta_hpfp,eta_r,p_cbt,qm_cb0,t0,p0,tpr_hx,Q_hx,pcc,v
dual,450,140,0.71,0.71,1330000.0,0.10655968828513539,25.2,345000.0,0.95,159000.0,True,0
P_hpfp,P_rv,p_hpfp
42159.15065602999,15104.879696624725,1889258.8614393126
Q,Q_phc
678955.7733783409,519955.7733783409
qm_cb,qm_phc/qm_t,qm_r,qm_v,qm,qm_pot
0.10655968828513539,0.004024639657609191,0.023998089759020458,0.008104241800213761,0.11058432794274457,0.0010080227450040503
number of iterations,28,Execution time: ,15.849475145339966
