architecture,t_cbt,t_hxt,eta_hpfp,eta_r,p_cbt,qm_cb0,t0,p0,tpr_hx,Q_hx,pcc,v
dual,450,150,0.71,0.71,1330000.0,0.10998,25.2,345000.0,0.95,159000.0,True,0
P_hpfp,P_rv,p_hpfp
43247.378535534204,18395.22337845313,1889258.8614393119
Q,Q_phc
692991.8541166126,533991.8541166126
qm_cb,qm_phc/qm_t,qm_r,qm_v,qm,m_z
0.10998,0.004403547456426252,0.02922587942532742,0.008310232063076775,0.11438354745642625,0.4403547456426256
number of iterations,26,Execution time: ,17.63085913658142
