architecture,t_cbt,t_hxt,eta_hpfp,eta_r,p_cbt,qm_cb0,t0,p0,tpr_hx,Q_hx,pcc,v
dual,450,180,0.71,0.71,1330000.0,0.10998,25.2,345000.0,0.95,159000.0,True,0
P_hpfp,P_rv,p_hpfp
43287.88892909048,28499.935620865443,1889258.8614393095
Q,Q_phc
682976.0249909929,523976.02499099285
qm_cb,qm_phc/qm_t,qm_r,qm_v,qm,m_z
0.10998,0.004423160248571173,0.04527348516733872,0.008314846361453482,0.11440316024857117,0.44231602485711796
number of iterations,25,Execution time: ,18.913485527038574
