architecture,t_cbt,t_hxt,eta_hpfp,eta_r,p_cbt,qm_cb0,t0,p0,tpr_hx,Q_hx,pcc,v
dual,450,120,0.71,0.71,1330000.0,0.10998,25.2,345000.0,0.95,159000.0,True,0
P_hpfp,P_rv,p_hpfp
43146.09149351853,10311.992761231517,1889258.8614393128
Q,Q_phc
700982.6227610314,541982.6227610314
qm_cb,qm_phc/qm_t,qm_r,qm_v,qm,m_z
0.10998,0.004374179993207425,0.01638408613849476,0.008299407541310588,0.11435417999320742,0.43741799932074266
number of iterations,30,Execution time: ,22.069599390029907
