architecture,t_cbt,t_hxt,eta_hpfp,eta_r,p_cbt,qm_cb0,t0,p0,tpr_hx,Q_hx,pcc,v
dual,450,150,0.71,0.71,1330000.0,0.10655968828513539,25.2,345000.0,0.95,159000.0,True,0
P_hpfp,P_rv,p_hpfp
42204.51326214702,17957.69424571602,1889258.8614393123
Q,Q_phc
676400.4712618291,517400.47126182914
qm_cb,qm_phc/qm_t,qm_r,qm_v,qm,qm_pot
0.10655968828513539,0.004042374933531147,0.02852980691621404,0.008110499547957492,0.11060206321866653,0.00104225867573315
number of iterations,27,Execution time: ,15.084168195724487
