architecture,t_cbt,t_hxt,eta_hpfp,eta_r,p_cbt,qm_cb0,t0,p0,tpr_hx,Q_hx,pcc,v
dual,450,160,0.71,0.71,1330000.0,0.10655968828513539,25.2,345000.0,0.95,159000.0,True,0
P_hpfp,P_rv,p_hpfp
42254.87819447189,21028.110714654318,1889258.8614393119
Q,Q_phc
673634.6897681005,514634.6897681005
qm_cb,qm_phc/qm_t,qm_r,qm_v,qm,qm_pot
0.10655968828513539,0.004059495406839211,0.03340738074449615,0.008117306703730018,0.1106191836919746,0.0010789472333353899
number of iterations,26,Execution time: ,14.860419988632202
