architecture,t_cbt,t_hxt,eta_hpfp,eta_r,p_cbt,qm_cb0,t0,p0,tpr_hx,Q_hx,pcc,v
dual,450,110,0.71,0.71,1330000.0,0.11,25.2,345000.0,0.95,149000.0,True,0
P_hpfp,P_rv,p_hpfp
43165.47705998529,8065.0489020564355,1889366.2728249198
Q,Q_phc
703981.3313648476,554981.3313648476
qm_cb,qm_phc/qm_t,qm_r,qm_v,qm,m_z
0.11,0.00447121506925301,0.0128120409848974,0.008305651376166703,0.11447121506925301,0.447121506925301
number of iterations,24,Execution time: ,15.627784729003906
