architecture,t_cbt,t_hxt,eta_hpfp,eta_r,p_cbt,qm_cb0,t0,p0,tpr_hx,Q_hx,pcc,v
dual,450,130,0.71,0.71,1330000.0,0.10998,25.2,345000.0,0.95,159000.0,True,0
P_hpfp,P_rv,p_hpfp
43187.9949057251,12782.466992107613,1889258.8614393126
Q,Q_phc
698538.8135364046,539538.8135364046
qm_cb,qm_phc/qm_t,qm_r,qm_v,qm,m_z
0.10998,0.004384573235768477,0.020309780036602918,0.008303822218568404,0.11436457323576847,0.43845732357684714
number of iterations,28,Execution time: ,19.82856035232544
