architecture,t_cbt,t_hxt,eta_hpfp,eta_r,p_cbt,qm_cb0,t0,p0,tpr_hx,Q_hx,pcc,v
dual,450,190,0.71,0.71,1330000.0,0.10655968828513539,25.2,345000.0,0.95,159000.0,True,0
P_hpfp,P_rv,p_hpfp
42317.43782023569,31622.5988429721,1889258.8614393119
Q,Q_phc
664096.1414805015,505096.1414805015
qm_cb,qm_phc/qm_t,qm_r,qm_v,qm,qm_pot
0.10655968828513539,0.004105060536931784,0.05023040750578382,0.008129480430526356,0.11066474882206717,0.0012029184075845886
number of iterations,26,Execution time: ,14.84542727470398
