architecture,t_cbt,t_hxt,eta_hpfp,eta_r,p_cbt,qm_cb0,t0,p0,tpr_hx,Q_hx,pcc,v
dual,450,180,0.71,0.71,1330000.0,0.11,25.2,345000.0,0.95,149000.0,True,0
P_hpfp,P_rv,p_hpfp
43335.15638933422,28543.18521867905,1889366.2728249198
Q,Q_phc
683782.1406108505,534782.1406108505
qm_cb,qm_phc/qm_t,qm_r,qm_v,qm,m_z
0.11,0.0045394304235574405,0.045329840115142774,0.008323870619748914,0.11453943042355744,0.45394304235574406
number of iterations,19,Execution time: ,12.641075134277344
