architecture,t_cbt,t_hxt,eta_hpfp,eta_r,p_cbt,qm_cb0,t0,p0,tpr_hx,Q_hx,pcc,v
dual,450,280,0.71,0.71,1330000.0,0.10998,25.2,345000.0,0.95,159000.0,True,0
P_hpfp,P_rv,p_hpfp
43245.400813537504,81718.09227460463,1889258.8614393095
Q,Q_phc
629023.5978784221,470023.5978784221
qm_cb,qm_phc/qm_t,qm_r,qm_v,qm,m_z
0.10998,0.004305423242865591,0.1297848199116148,0.008306483948375212,0.11428542324286559,0.4305423242865584
number of iterations,25,Execution time: ,19.454538345336914
