architecture,t_cbt,t_hxt,eta_hpfp,eta_r,p_cbt,qm_cb0,t0,p0,tpr_hx,Q_hx,pcc,v
dual,450,220,0.71,0.71,1330000.0,0.10655968828513539,25.2,345000.0,0.95,159000.0,True,0
P_hpfp,P_rv,p_hpfp
42383.11916278788,44502.18343363078,1889258.8614393119
Q,Q_phc
652323.8919396299,493323.8919396299
qm_cb,qm_phc/qm_t,qm_r,qm_v,qm,qm_pot
0.10655968828513539,0.004134623620676256,0.07068280152291898,0.008142254431246169,0.11069431190581164,0.0013511550189216988
number of iterations,26,Execution time: ,14.487517595291138
