architecture,t_cbt,t_hxt,eta_hpfp,eta_r,p_cbt,qm_cb0,t0,p0,tpr_hx,Q_hx,pcc,v
dual,450,240,0.71,0.71,1330000.0,0.10655968828513539,25.2,345000.0,0.95,159000.0,True,0
P_hpfp,P_rv,p_hpfp
42428.136602351966,54672.30113467568,1889258.8614393119
Q,Q_phc
642912.3920082471,483912.3920082471
qm_cb,qm_phc/qm_t,qm_r,qm_v,qm,qm_pot
0.10655968828513539,0.004141005623203034,0.08683296127254161,0.008151007709762036,0.11070069390833842,0.001466583841964297
number of iterations,26,Execution time: ,15.075194835662842
