architecture,t_cbt,t_hxt,eta_hpfp,eta_r,p_cbt,qm_cb0,t0,p0,tpr_hx,Q_hx,pcc,v
dual,450,220,0.71,0.71,1330000.0,0.10998,25.2,345000.0,0.95,159000.0,True,0
P_hpfp,P_rv,p_hpfp
43287.274224284,45432.73427154148,1889258.8614393095
Q,Q_phc
666026.8729560697,507026.87295606965
qm_cb,qm_phc/qm_t,qm_r,qm_v,qm,m_z
0.10998,0.004420588314300214,0.07216235794323489,0.008314693887227718,0.11440058831430021,0.4420588314300211
number of iterations,25,Execution time: ,18.42551827430725
