architecture,t_cbt,t_hxt,eta_hpfp,eta_r,p_cbt,qm_cb0,t0,p0,tpr_hx,Q_hx,pcc,v
dual,450,250,0.71,0.71,1330000.0,0.10655968828513539,25.2,345000.0,0.95,159000.0,True,0
P_hpfp,P_rv,p_hpfp
42450.967068517304,60344.932078992766,1889258.8614393119
Q,Q_phc
637624.4167469032,478624.4167469032
qm_cb,qm_phc/qm_t,qm_r,qm_v,qm,qm_pot
0.10655968828513539,0.004138926468564193,0.0958411743012468,0.008155446483417001,0.11069861475369958,0.001530427617745657
number of iterations,26,Execution time: ,15.08070969581604
