architecture,t_cbt,t_hxt,eta_hpfp,eta_r,p_cbt,qm_cb0,t0,p0,tpr_hx,Q_hx,pcc,v
dual,450,280,0.71,0.71,1330000.0,0.10655968828513539,25.2,345000.0,0.95,159000.0,True,0
P_hpfp,P_rv,p_hpfp
42520.63268896082,80389.6994625427,1889258.8614393119
Q,Q_phc
618753.1049747764,459753.1049747764
qm_cb,qm_phc/qm_t,qm_r,qm_v,qm,qm_pot
0.10655968828513539,0.004104357702389045,0.1276727515756495,0.008168989423003216,0.11066404598752443,0.0017534222042408034
number of iterations,26,Execution time: ,15.465737581253052
