architecture,t_cbt,t_hxt,eta_hpfp,eta_r,p_cbt,qm_cb0,t0,p0,tpr_hx,Q_hx,pcc,v
dual,450,260,0.71,0.71,1330000.0,0.11,25.2,345000.0,0.95,149000.0,True,0
P_hpfp,P_rv,p_hpfp
43319.014369699275,67793.92831903095,1889366.2728249198
Q,Q_phc
644228.9332388298,495228.93323882984
qm_cb,qm_phc/qm_t,qm_r,qm_v,qm,m_z
0.11,0.0044911220118649415,0.10763789542025629,0.008320555404292312,0.11449112201186494,0.44911220118649414
number of iterations,19,Execution time: ,12.445807695388794
