architecture,t_cbt,t_hxt,eta_hpfp,eta_r,p_cbt,qm_cb0,t0,p0,tpr_hx,Q_hx,pcc,v
dual,450,210,0.71,0.71,1330000.0,0.10998,25.2,345000.0,0.95,159000.0,True,0
P_hpfp,P_rv,p_hpfp
43288.90254752231,40780.96366230945,1889258.8614393095
Q,Q_phc
670707.8043207262,511707.8043207262
qm_cb,qm_phc/qm_t,qm_r,qm_v,qm,m_z
0.10998,0.004425255161953717,0.06477533924952984,0.008315019976562633,0.11440525516195371,0.4425255161953722
number of iterations,25,Execution time: ,18.328434228897095
