architecture,t_cbt,t_hxt,eta_hpfp,eta_r,p_cbt,qm_cb0,t0,p0,tpr_hx,Q_hx,pcc,v
dual,450,230,0.71,0.71,1330000.0,0.11,25.2,345000.0,0.95,149000.0,True,0
P_hpfp,P_rv,p_hpfp
43334.54489655879,50487.5007966139,1889366.2728249198
Q,Q_phc
661812.4604157268,512812.46041572676
qm_cb,qm_phc/qm_t,qm_r,qm_v,qm,m_z
0.11,0.0045354830232768525,0.08016443551747951,0.00832366529812887,0.11453548302327685,0.4535483023276852
number of iterations,19,Execution time: ,12.546002388000488
