architecture,t_cbt,t_hxt,eta_hpfp,eta_r,p_cbt,qm_cb0,t0,p0,tpr_hx,Q_hx,pcc,v
dual,450,280,0.71,0.71,1330000.0,0.11,25.2,345000.0,0.95,149000.0,True,0
P_hpfp,P_rv,p_hpfp
43298.91242655989,81848.73609160652,1889366.2728249198
Q,Q_phc
629822.0463259519,480822.04632595193
qm_cb,qm_phc/qm_t,qm_r,qm_v,qm,m_z
0.11,0.00443470354805833,0.12994978798141163,0.008316567844640126,0.11443470354805833,0.443470354805833
number of iterations,19,Execution time: ,12.47225570678711
