architecture,t_cbt,t_hxt,eta_hpfp,eta_r,p_cbt,qm_cb0,t0,p0,tpr_hx,Q_hx,pcc,v
dual,450,250,0.71,0.71,1330000.0,0.11,25.2,345000.0,0.95,149000.0,True,0
P_hpfp,P_rv,p_hpfp
43325.87422065076,61584.5820873878,1889366.2728249198
Q,Q_phc
650559.6021043692,501559.6021043692
qm_cb,qm_phc/qm_t,qm_r,qm_v,qm,m_z
0.11,0.004510553319342567,0.09778067796398637,0.00832192290023176,0.11451055331934257,0.4510553319342567
number of iterations,19,Execution time: ,12.645687818527222
