architecture,t_cbt,t_hxt,eta_hpfp,eta_r,p_cbt,qm_cb0,t0,p0,tpr_hx,Q_hx,pcc,v
dual,450,210,0.71,0.71,1330000.0,0.10655968828513539,25.2,345000.0,0.95,159000.0,True,0
P_hpfp,P_rv,p_hpfp
42360.95702427625,39922.893161550666,1889258.8614393119
Q,Q_phc
656529.6278311055,497529.6278311055
qm_cb,qm_phc/qm_t,qm_r,qm_v,qm,qm_pot
0.10655968828513539,0.004127065310207879,0.0634109577232346,0.008137944696447344,0.11068675359534327,0.001298732687263403
number of iterations,26,Execution time: ,15.391626119613647
