architecture,t_cbt,t_hxt,eta_hpfp,eta_r,p_cbt,qm_cb0,t0,p0,tpr_hx,Q_hx,pcc,v
dual,450,230,0.71,0.71,1330000.0,0.10655968828513539,25.2,345000.0,0.95,159000.0,True,0
P_hpfp,P_rv,p_hpfp
42405.517205960554,49406.24088434245,1889258.8614393119
Q,Q_phc
647797.3042537193,488797.3042537193
qm_cb,qm_phc/qm_t,qm_r,qm_v,qm,qm_pot
0.10655968828513539,0.004139409906514277,0.07847042734564452,0.008146609697461029,0.11069909819164966,0.0014069786058825422
number of iterations,26,Execution time: ,15.254910945892334
