architecture,t_cbt,t_hxt,eta_hpfp,eta_r,p_cbt,qm_cb0,t0,p0,tpr_hx,Q_hx,pcc,v
dual,450,270,0.71,0.71,1330000.0,0.10998,25.2,345000.0,0.95,159000.0,True,0
P_hpfp,P_rv,p_hpfp
43257.34990995505,74405.35452212305,1889258.8614393095
Q,Q_phc
636539.8059980514,477539.8059980514
qm_cb,qm_phc/qm_t,qm_r,qm_v,qm,m_z
0.10998,0.004338075399465194,0.11817182312345043,0.008308819088422431,0.11431807539946519,0.43380753994651927
number of iterations,25,Execution time: ,19.313382625579834
