architecture,t_cbt,t_hxt,eta_hpfp,eta_r,p_cbt,qm_cb0,t0,p0,tpr_hx,Q_hx,pcc,v
dual,460,120,0.71,0.71,1330000.0,0.10998,25.2,345000.0,0.95,159000.0,True,0
P_hpfp,P_rv,p_hpfp
43132.02801694776,10248.864329353099,1889258.8614393128
Q,Q_phc
718653.7959121601,559653.7959121601
qm_cb,qm_phc/qm_t,qm_r,qm_v,qm,m_z
0.10998,0.0045178096118435596,0.01593186138231639,0.0081178836876167,0.11449780961184355,0.45178096118435523
number of iterations,30,Execution time: ,21.52491593360901
