architecture,t_cbt,t_hxt,eta_hpfp,eta_r,p_cbt,qm_cb0,t0,p0,tpr_hx,Q_hx,pcc,v
dual,460,140,0.71,0.71,1330000.0,0.10643094660460774,25.2,345000.0,0.95,159000.0,True,0
P_hpfp,P_rv,p_hpfp
42093.18020346183,14969.984561899648,1889258.8614393126
Q,Q_phc
695406.1283033255,536406.1283033255
qm_cb,qm_phc/qm_t,qm_r,qm_v,qm,qm_pot
0.10643094660460774,0.00414930442245084,0.02326973955539465,0.007917233374530775,0.11058025102705858,0.0010158821089874997
number of iterations,28,Execution time: ,15.847401857376099
