architecture,t_cbt,t_hxt,eta_hpfp,eta_r,p_cbt,qm_cb0,t0,p0,tpr_hx,Q_hx,pcc,v
dual,460,110,0.71,0.71,1330000.0,0.10998,25.2,345000.0,0.95,159000.0,True,0
P_hpfp,P_rv,p_hpfp
43112.65721544066,8007.359004488972,1889258.8614393128
Q,Q_phc
720831.8304202852,561831.8304202852
qm_cb,qm_phc/qm_t,qm_r,qm_v,qm,m_z
0.10998,0.004505523656331251,0.012448524708272953,0.008115623226792164,0.11448552365633125,0.45055236563312495
number of iterations,31,Execution time: ,22.38442635536194
