architecture,t_cbt,t_hxt,eta_hpfp,eta_r,p_cbt,qm_cb0,t0,p0,tpr_hx,Q_hx,pcc,v
dual,460,100,0.71,0.71,1330000.0,0.11,25.2,345000.0,0.95,149000.0,True,0
P_hpfp,P_rv,p_hpfp
43119.109517056735,5987.446686229355,1889366.2728249198
Q,Q_phc
723623.811039437,574623.811039437
qm_cb,qm_phc/qm_t,qm_r,qm_v,qm,m_z
0.11,0.004601087289336748,0.009305865350315431,0.00812057087240911,0.11460108728933675,0.4601087289336748
number of iterations,26,Execution time: ,16.57521939277649
