architecture,t_cbt,t_hxt,eta_hpfp,eta_r,p_cbt,qm_cb0,t0,p0,tpr_hx,Q_hx,pcc,v
dual,460,180,0.71,0.71,1330000.0,0.10643094660460774,25.2,345000.0,0.95,159000.0,True,0
P_hpfp,P_rv,p_hpfp
42231.72333258655,27498.826573495313,1889258.8614393119
Q,Q_phc
684249.6550750785,525249.6550750785
qm_cb,qm_phc/qm_t,qm_r,qm_v,qm,qm_pot
0.10643094660460774,0.004224235388392485,0.04273790212587812,0.007938233182705404,0.11065518199300023,0.0011650292928047574
number of iterations,26,Execution time: ,14.749329805374146
