architecture,t_cbt,t_hxt,eta_hpfp,eta_r,p_cbt,qm_cb0,t0,p0,tpr_hx,Q_hx,pcc,v
dual,460,140,0.71,0.71,1330000.0,0.10998,25.2,345000.0,0.95,159000.0,True,0
P_hpfp,P_rv,p_hpfp
43202.30800422712,15359.814751658068,1889258.8614393123
Q,Q_phc
713630.5010792285,554630.5010792285
qm_cb,qm_phc/qm_t,qm_r,qm_v,qm,m_z
0.10998,0.004541232494081268,0.023876468963446352,0.008125335632110394,0.11452123249408126,0.4541232494081267
number of iterations,27,Execution time: ,20.199740409851074
