architecture,t_cbt,t_hxt,eta_hpfp,eta_r,p_cbt,qm_cb0,t0,p0,tpr_hx,Q_hx,pcc,v
dual,460,120,0.71,0.71,1330000.0,0.10643094660460774,25.2,345000.0,0.95,159000.0,True,0
P_hpfp,P_rv,p_hpfp
41998.89129079629,9981.51750680562,1889258.8614393128
Q,Q_phc
699814.7165845783,540814.7165845783
qm_cb,qm_phc/qm_t,qm_r,qm_v,qm,qm_pot
0.10643094660460774,0.004110047553406156,0.01551587083262012,0.007904801270543447,0.1105409941580139,0.0009551554868884905
number of iterations,31,Execution time: ,17.805011749267578
