architecture,t_cbt,t_hxt,eta_hpfp,eta_r,p_cbt,qm_cb0,t0,p0,tpr_hx,Q_hx,pcc,v
dual,460,190,0.71,0.71,1330000.0,0.10998,25.2,345000.0,0.95,159000.0,True,0
P_hpfp,P_rv,p_hpfp
43278.77717679894,31921.95064629615,1889258.8614393095
Q,Q_phc
697273.7302745476,538273.7302745476
qm_cb,qm_phc/qm_t,qm_r,qm_v,qm,m_z
0.10998,0.0045830303643375064,0.04961140340875331,0.008134021522606187,0.1145630303643375,0.458303036433751
number of iterations,25,Execution time: ,18.421854734420776
