architecture,t_cbt,t_hxt,eta_hpfp,eta_r,p_cbt,qm_cb0,t0,p0,tpr_hx,Q_hx,pcc,v
dual,460,110,0.71,0.71,1330000.0,0.10643094660460774,25.2,345000.0,0.95,159000.0,True,0
P_hpfp,P_rv,p_hpfp
41967.97012701961,7796.131998332892,1889258.8614393128
Q,Q_phc
701721.4558069828,542721.4558069828
qm_cb,qm_phc/qm_t,qm_r,qm_v,qm,qm_pot
0.10643094660460774,0.004090795723670119,0.012119832786641804,0.007900260266160397,0.11052174232827786,0.0009284964327310451
number of iterations,32,Execution time: ,17.787519931793213
