architecture,t_cbt,t_hxt,eta_hpfp,eta_r,p_cbt,qm_cb0,t0,p0,tpr_hx,Q_hx,pcc,v
dual,460,170,0.71,0.71,1330000.0,0.10643094660460774,25.2,345000.0,0.95,159000.0,True,0
P_hpfp,P_rv,p_hpfp
42210.2684348875,24042.553217586687,1889258.8614393119
Q,Q_phc
687334.664761665,528334.664761665
qm_cb,qm_phc/qm_t,qm_r,qm_v,qm,qm_pot
0.10643094660460774,0.004206647396745887,0.037368282034821496,0.007934147878086047,0.11063759400135362,0.001124374544323646
number of iterations,26,Execution time: ,14.726297616958618
