architecture,t_cbt,t_hxt,eta_hpfp,eta_r,p_cbt,qm_cb0,t0,p0,tpr_hx,Q_hx,pcc,v
dual,460,160,0.71,0.71,1330000.0,0.10643094660460774,25.2,345000.0,0.95,159000.0,True,0
P_hpfp,P_rv,p_hpfp
42189.30548954549,20801.571415720162,1889258.8614393119
Q,Q_phc
690212.6360427052,531212.6360427052
qm_cb,qm_phc/qm_t,qm_r,qm_v,qm,qm_pot
0.10643094660460774,0.0041880275361921735,0.03233323453024819,0.007930154875510036,0.11061897414079991,0.0010860486205829356
number of iterations,26,Execution time: ,14.42001724243164
