architecture,t_cbt,t_hxt,eta_hpfp,eta_r,p_cbt,qm_cb0,t0,p0,tpr_hx,Q_hx,pcc,v
dual,460,150,0.71,0.71,1330000.0,0.10998,25.2,345000.0,0.95,159000.0,True,0
P_hpfp,P_rv,p_hpfp
43234.30494343677,18237.27353715399,1889258.8614393119
Q,Q_phc
710793.735226654,551793.735226654
qm_cb,qm_phc/qm_t,qm_r,qm_v,qm,m_z
0.10998,0.00455201287903878,0.02834872673914001,0.008128732339494696,0.11453201287903877,0.4552012879038774
number of iterations,26,Execution time: ,18.501838445663452
