architecture,t_cbt,t_hxt,eta_hpfp,eta_r,p_cbt,qm_cb0,t0,p0,tpr_hx,Q_hx,pcc,v
dual,460,130,0.71,0.71,1330000.0,0.10998,25.2,345000.0,0.95,159000.0,True,0
P_hpfp,P_rv,p_hpfp
43174.14983542385,12694.579038226619,1889258.8614393126
Q,Q_phc
716246.0433691726,557246.0433691726
qm_cb,qm_phc/qm_t,qm_r,qm_v,qm,m_z
0.10998,0.004529686592157897,0.01973421599555006,0.008122273440360988,0.11450968659215789,0.45296865921579005
number of iterations,28,Execution time: ,19.887083292007446
