architecture,t_cbt,t_hxt,eta_hpfp,eta_r,p_cbt,qm_cb0,t0,p0,tpr_hx,Q_hx,pcc,v
dual,460,110,0.71,0.71,1330000.0,0.11,25.2,345000.0,0.95,149000.0,True,0
P_hpfp,P_rv,p_hpfp
43151.00614960199,8021.437363803442,1889366.2728249198
Q,Q_phc
721646.8487153919,572646.8487153919
qm_cb,qm_phc/qm_t,qm_r,qm_v,qm,m_z
0.11,0.004614320705382159,0.01246732036407631,0.00812393478915487,0.11461432070538216,0.4614320705382159
number of iterations,24,Execution time: ,15.538200378417969
