architecture,t_cbt,t_hxt,eta_hpfp,eta_r,p_cbt,qm_cb0,t0,p0,tpr_hx,Q_hx,pcc,v
dual,460,130,0.71,0.71,1330000.0,0.11,25.2,345000.0,0.95,149000.0,True,0
P_hpfp,P_rv,p_hpfp
43201.340181370644,12719.71638320515,1889366.2728249198
Q,Q_phc
717076.5595554599,568076.5595554599
qm_cb,qm_phc/qm_t,qm_r,qm_v,qm,m_z
0.11,0.004640829895789879,0.01976726254184545,0.00812945125925061,0.11464082989578989,0.46408298957898786
number of iterations,22,Execution time: ,14.056561708450317
