architecture,t_cbt,t_hxt,eta_hpfp,eta_r,p_cbt,qm_cb0,t0,p0,tpr_hx,Q_hx,pcc,v
dual,460,150,0.71,0.71,1330000.0,0.11,25.2,345000.0,0.95,149000.0,True,0
P_hpfp,P_rv,p_hpfp
43271.28761874662,18267.53382052317,1889366.2728249198
Q,Q_phc
711624.4450418436,562624.4450418436
qm_cb,qm_phc/qm_t,qm_r,qm_v,qm,m_z
0.11,0.004665491525018712,0.028388269496982206,0.008136666835828215,0.11466549152501872,0.4665491525018711
number of iterations,20,Execution time: ,12.895760774612427
