architecture,t_cbt,t_hxt,eta_hpfp,eta_r,p_cbt,qm_cb0,t0,p0,tpr_hx,Q_hx,pcc,v
dual,460,160,0.71,0.71,1330000.0,0.11,25.2,345000.0,0.95,149000.0,True,0
P_hpfp,P_rv,p_hpfp
43316.381828047524,21358.316693462846,1889366.2728249198
Q,Q_phc
708561.8857236542,559561.8857236542
qm_cb,qm_phc/qm_t,qm_r,qm_v,qm,m_z
0.11,0.004676429185592537,0.033191816797467376,0.008141134841243595,0.11467642918559254,0.4676429185592537
number of iterations,19,Execution time: ,12.547894716262817
