architecture,t_cbt,t_hxt,eta_hpfp,eta_r,p_cbt,qm_cb0,t0,p0,tpr_hx,Q_hx,pcc,v
dual,460,180,0.71,0.71,1330000.0,0.10998,25.2,345000.0,0.95,159000.0,True,0
P_hpfp,P_rv,p_hpfp
43276.72882924724,28167.946158039693,1889258.8614393095
Q,Q_phc
700993.5885822327,541993.5885822327
qm_cb,qm_phc/qm_t,qm_r,qm_v,qm,m_z
0.10998,0.004577662478343472,0.04377908958133587,0.00813363829959085,0.11455766247834347,0.4577662478343466
number of iterations,25,Execution time: ,18.578005075454712
