architecture,t_cbt,t_hxt,eta_hpfp,eta_r,p_cbt,qm_cb0,t0,p0,tpr_hx,Q_hx,pcc,v
dual,460,160,0.71,0.71,1330000.0,0.10998,25.2,345000.0,0.95,159000.0,True,0
P_hpfp,P_rv,p_hpfp
43270.75364825951,21325.939769930552,1889258.8614393095
Q,Q_phc
707734.2541601493,548734.2541601493
qm_cb,qm_phc/qm_t,qm_r,qm_v,qm,m_z
0.10998,0.004561746812747958,0.03314947496708352,0.008132511296415847,0.11454174681274795,0.45617468127479516
number of iterations,25,Execution time: ,18.312637090682983
