architecture,t_cbt,t_hxt,eta_hpfp,eta_r,p_cbt,qm_cb0,t0,p0,tpr_hx,Q_hx,pcc,v
dual,460,180,0.71,0.71,1330000.0,0.11,25.2,345000.0,0.95,149000.0,True,0
P_hpfp,P_rv,p_hpfp
43323.323741004395,28211.180059773265,1889366.2728249198
Q,Q_phc
701826.6441955251,552826.6441955251
qm_cb,qm_phc/qm_t,qm_r,qm_v,qm,m_z
0.11,0.0046948954703019945,0.043834252613103766,0.008142443800267617,0.114694895470302,0.46948954703019946
number of iterations,19,Execution time: ,12.422245502471924
