architecture,t_cbt,t_hxt,eta_hpfp,eta_r,p_cbt,qm_cb0,t0,p0,tpr_hx,Q_hx,pcc,v
dual,460,100,0.71,0.71,1330000.0,0.10643094660460774,25.2,345000.0,0.95,159000.0,True,0
P_hpfp,P_rv,p_hpfp
41929.99954074785,5815.195379848659,1889258.8614393128
Q,Q_phc
703450.8096642494,544450.8096642494
qm_cb,qm_phc/qm_t,qm_r,qm_v,qm,qm_pot
0.10643094660460774,0.004072241282811886,0.009040679496106747,0.007895159467464236,0.11050318788741963,0.0009041082123882777
number of iterations,34,Execution time: ,19.235153913497925
