architecture,t_cbt,t_hxt,eta_hpfp,eta_r,p_cbt,qm_cb0,t0,p0,tpr_hx,Q_hx,pcc,v
dual,460,190,0.71,0.71,1330000.0,0.11,25.2,345000.0,0.95,149000.0,True,0
P_hpfp,P_rv,p_hpfp
43325.89091065759,31971.201199893603,1889366.2728249198
Q,Q_phc
698109.1348938424,549109.1348938424
qm_cb,qm_phc/qm_t,qm_r,qm_v,qm,m_z
0.11,0.00470157828009223,0.04967374715001006,0.008142922458524755,0.11470157828009223,0.470157828009223
number of iterations,19,Execution time: ,12.45655870437622
