architecture,t_cbt,t_hxt,eta_hpfp,eta_r,p_cbt,qm_cb0,t0,p0,tpr_hx,Q_hx,pcc,v
dual,460,210,0.71,0.71,1330000.0,0.10998,25.2,345000.0,0.95,159000.0,True,0
P_hpfp,P_rv,p_hpfp
43280.48603248832,40155.396688446424,1889258.8614393095
Q,Q_phc
689066.8185776335,530066.8185776335
qm_cb,qm_phc/qm_t,qm_r,qm_v,qm,m_z
0.10998,0.004587219016339253,0.06240336126060882,0.008134330968428272,0.11456721901633925,0.4587219016339247
number of iterations,25,Execution time: ,17.402604818344116
