architecture,t_cbt,t_hxt,eta_hpfp,eta_r,p_cbt,qm_cb0,t0,p0,tpr_hx,Q_hx,pcc,v
dual,460,220,0.71,0.71,1330000.0,0.10998,25.2,345000.0,0.95,159000.0,True,0
P_hpfp,P_rv,p_hpfp
43279.92500661036,44672.65756859793,1889258.8614393095
Q,Q_phc
684538.1394261317,525538.1394261317
qm_cb,qm_phc/qm_t,qm_r,qm_v,qm,m_z
0.10998,0.004585442407963797,0.06942175048015295,0.008134215148363568,0.11456544240796379,0.45854424079637923
number of iterations,25,Execution time: ,18.318537712097168
