architecture,t_cbt,t_hxt,eta_hpfp,eta_r,p_cbt,qm_cb0,t0,p0,tpr_hx,Q_hx,pcc,v
dual,460,280,0.71,0.71,1330000.0,0.11,25.2,345000.0,0.95,149000.0,True,0
P_hpfp,P_rv,p_hpfp
43300.01469585476,79604.51986290218,1889366.2728249198
Q,Q_phc
649989.0257136913,500989.02571369126
qm_cb,qm_phc/qm_t,qm_r,qm_v,qm,m_z
0.11,0.0046255296776093364,0.12365544646875659,0.008137778104796066,0.11462552967760933,0.46255296776093363
number of iterations,19,Execution time: ,13.11277174949646
