architecture,t_cbt,t_hxt,eta_hpfp,eta_r,p_cbt,qm_cb0,t0,p0,tpr_hx,Q_hx,pcc,v
dual,460,260,0.71,0.71,1330000.0,0.10643094660460774,25.2,345000.0,0.95,159000.0,True,0
P_hpfp,P_rv,p_hpfp
42414.36539449581,64839.36583130395,1889258.8614393119
Q,Q_phc
650065.5983170023,491065.5983170023
qm_cb,qm_phc/qm_t,qm_r,qm_v,qm,qm_pot
0.10643094660460774,0.004291927394030349,0.1007527764891272,0.007972989244067643,0.11072287399863809,0.0015925513677563388
number of iterations,26,Execution time: ,14.842974662780762
