architecture,t_cbt,t_hxt,eta_hpfp,eta_r,p_cbt,qm_cb0,t0,p0,tpr_hx,Q_hx,pcc,v
dual,460,240,0.71,0.71,1330000.0,0.10998,25.2,345000.0,0.95,159000.0,True,0
P_hpfp,P_rv,p_hpfp
43275.32587070739,54642.207985816654,1889258.8614393095
Q,Q_phc
674485.2609339404,515485.2609339404
qm_cb,qm_phc/qm_t,qm_r,qm_v,qm,m_z
0.10998,0.004572402225697839,0.08491144308428107,0.008133319695600962,0.11455240222569783,0.4572402225697833
number of iterations,25,Execution time: ,18.985826015472412
