architecture,t_cbt,t_hxt,eta_hpfp,eta_r,p_cbt,qm_cb0,t0,p0,tpr_hx,Q_hx,pcc,v
dual,460,200,0.71,0.71,1330000.0,0.11,25.2,345000.0,0.95,149000.0,True,0
P_hpfp,P_rv,p_hpfp
43327.72057458857,35967.98629532582,1889366.2728249198
Q,Q_phc
694141.6651277308,545141.6651277308
qm_cb,qm_phc/qm_t,qm_r,qm_v,qm,m_z
0.11,0.004706195049391959,0.05588106960520684,0.008143258213054694,0.11470619504939196,0.4706195049391959
number of iterations,19,Execution time: ,12.832510709762573
