architecture,t_cbt,t_hxt,eta_hpfp,eta_r,p_cbt,qm_cb0,t0,p0,tpr_hx,Q_hx,pcc,v
dual,460,260,0.71,0.71,1330000.0,0.11,25.2,345000.0,0.95,149000.0,True,0
P_hpfp,P_rv,p_hpfp
43316.379932954,66213.76184676526,1889366.2728249198
Q,Q_phc
663675.4759699727,514675.4759699727
qm_cb,qm_phc/qm_t,qm_r,qm_v,qm,m_z
0.11,0.004671814206398258,0.10285714788699292,0.008140964861134053,0.11467181420639826,0.46718142063982576
number of iterations,19,Execution time: ,13.026169538497925
