architecture,t_cbt,t_hxt,eta_hpfp,eta_r,p_cbt,qm_cb0,t0,p0,tpr_hx,Q_hx,pcc,v
dual,460,280,0.71,0.71,1330000.0,0.10643094660460774,25.2,345000.0,0.95,159000.0,True,0
P_hpfp,P_rv,p_hpfp
42462.22676795638,78074.10638542743,1889258.8614393119
Q,Q_phc
637657.5038481384,478657.5038481384
qm_cb,qm_phc/qm_t,qm_r,qm_v,qm,qm_pot
0.10643094660460774,0.004274092313730776,0.12131569000881498,0.007982094294543942,0.11070503891833851,0.0017400816418541938
number of iterations,26,Execution time: ,15.398490905761719
