architecture,t_cbt,t_hxt,eta_hpfp,eta_r,p_cbt,qm_cb0,t0,p0,tpr_hx,Q_hx,pcc,v
dual,460,250,0.71,0.71,1330000.0,0.10998,25.2,345000.0,0.95,159000.0,True,0
P_hpfp,P_rv,p_hpfp
43270.9729806916,60165.87532273078,1889258.8614393095
Q,Q_phc
668884.2687841705,509884.2687841705
qm_cb,qm_phc/qm_t,qm_r,qm_v,qm,m_z
0.10998,0.004560288886472086,0.09349363892628218,0.008132480289451249,0.11454028888647208,0.4560288886472086
number of iterations,25,Execution time: ,18.44413185119629
