architecture,t_cbt,t_hxt,eta_hpfp,eta_r,p_cbt,qm_cb0,t0,p0,tpr_hx,Q_hx,pcc,v
dual,460,270,0.71,0.71,1330000.0,0.10643094660460774,25.2,345000.0,0.95,159000.0,True,0
P_hpfp,P_rv,p_hpfp
42438.204704629905,71185.59459268775,1889258.8614393119
Q,Q_phc
644131.1343597803,485131.13435978035
qm_cb,qm_phc/qm_t,qm_r,qm_v,qm,qm_pot
0.10643094660460774,0.004285577294154701,0.11061294539899048,0.007977524495991328,0.11071652389876244,0.001663504415793949
number of iterations,26,Execution time: ,15.38523244857788
