architecture,t_cbt,t_hxt,eta_hpfp,eta_r,p_cbt,qm_cb0,t0,p0,tpr_hx,Q_hx,pcc,v
dual,460,220,0.71,0.71,1330000.0,0.10643094660460774,25.2,345000.0,0.95,159000.0,True,0
P_hpfp,P_rv,p_hpfp
42321.0546132053,43701.44570955984,1889258.8614393119
Q,Q_phc
669591.4096185368,510591.4096185368
qm_cb,qm_phc/qm_t,qm_r,qm_v,qm,qm_pot
0.10643094660460774,0.004278624414732298,0.06791098879149193,0.007955235377523599,0.11070957101934004,0.001352929430841963
number of iterations,26,Execution time: ,14.783978939056396
