architecture,t_cbt,t_hxt,eta_hpfp,eta_r,p_cbt,qm_cb0,t0,p0,tpr_hx,Q_hx,pcc,v
dual,460,220,0.71,0.71,1330000.0,0.11,25.2,345000.0,0.95,149000.0,True,0
P_hpfp,P_rv,p_hpfp
43328.73203716296,44742.68348150927,1889366.2728249198
Q,Q_phc
685378.4285091141,536378.4285091141
qm_cb,qm_phc/qm_t,qm_r,qm_v,qm,m_z
0.11,0.004708041134248653,0.0695091735619773,0.008143417802671598,0.11470804113424865,0.4708041134248653
number of iterations,19,Execution time: ,12.939604997634888
