architecture,t_cbt,t_hxt,eta_hpfp,eta_r,p_cbt,qm_cb0,t0,p0,tpr_hx,Q_hx,pcc,v
dual,460,240,0.71,0.71,1330000.0,0.10643094660460774,25.2,345000.0,0.95,159000.0,True,0
P_hpfp,P_rv,p_hpfp
42367.28185797539,53519.653646287894,1889258.8614393119
Q,Q_phc
660571.9474428433,501571.94744284335
qm_cb,qm_phc/qm_t,qm_r,qm_v,qm,qm_pot
0.10643094660460774,0.004291955504225221,0.08316536803443039,0.00796403133250796,0.11072290210883295,0.0014649133820035071
number of iterations,26,Execution time: ,15.13682746887207
