architecture,t_cbt,t_hxt,eta_hpfp,eta_r,p_cbt,qm_cb0,t0,p0,tpr_hx,Q_hx,pcc,v
dual,460,230,0.71,0.71,1330000.0,0.10998,25.2,345000.0,0.95,159000.0,True,0
P_hpfp,P_rv,p_hpfp
43278.25361645054,49490.768644344345,1889258.8614393095
Q,Q_phc
679689.2837603074,520689.28376030736
qm_cb,qm_phc/qm_t,qm_r,qm_v,qm,m_z
0.10998,0.004580634905412287,0.07690762548219793,0.008133887300174976,0.11456063490541228,0.4580634905412287
number of iterations,25,Execution time: ,18.133812427520752
