architecture,t_cbt,t_hxt,eta_hpfp,eta_r,p_cbt,qm_cb0,t0,p0,tpr_hx,Q_hx,pcc,v
dual,470,110,0.71,0.71,1330000.0,0.10998,25.2,345000.0,0.95,159000.0,True,0
P_hpfp,P_rv,p_hpfp
43101.23519466239,7966.3820996704035,1889258.8614393128
Q,Q_phc
738508.674155444,579508.674155444
qm_cb,qm_phc/qm_t,qm_r,qm_v,qm,m_z
0.10998,0.004648072167116726,0.012122845091303774,0.007942304153203192,0.11462807216711672,0.4648072167116723
number of iterations,31,Execution time: ,22.504088640213013
