architecture,t_cbt,t_hxt,eta_hpfp,eta_r,p_cbt,qm_cb0,t0,p0,tpr_hx,Q_hx,pcc,v
dual,470,180,0.71,0.71,1330000.0,0.10998,25.2,345000.0,0.95,159000.0,True,0
P_hpfp,P_rv,p_hpfp
43268.56575637872,27858.758385969377,1889258.8614393095
Q,Q_phc
719029.4898978579,560029.4898978579
qm_cb,qm_phc/qm_t,qm_r,qm_v,qm,m_z
0.10998,0.004732350515024256,0.042382706136601875,0.007960648765304685,0.11471235051502425,0.47323505150242495
number of iterations,25,Execution time: ,18.157052516937256
