architecture,t_cbt,t_hxt,eta_hpfp,eta_r,p_cbt,qm_cb0,t0,p0,tpr_hx,Q_hx,pcc,v
dual,470,100,0.71,0.71,1330000.0,0.10998,25.2,345000.0,0.95,159000.0,True,0
P_hpfp,P_rv,p_hpfp
43073.050101173634,5947.555012488921,1889258.8614393128
Q,Q_phc
740463.0983525924,581463.0983525924
qm_cb,qm_phc/qm_t,qm_r,qm_v,qm,m_z
0.10998,0.004634630550173727,0.009051051100983462,0.007939240250235562,0.11461463055017372,0.46346305501737284
number of iterations,33,Execution time: ,23.744184732437134
