architecture,t_cbt,t_hxt,eta_hpfp,eta_r,p_cbt,qm_cb0,t0,p0,tpr_hx,Q_hx,pcc,v
dual,470,120,0.71,0.71,1330000.0,0.10630253154024664,25.2,345000.0,0.95,159000.0,True,0
P_hpfp,P_rv,p_hpfp
41935.63238072713,9911.56741296116,1889258.8614393128
Q,Q_phc
716162.6092987906,557162.6092987906
qm_cb,qm_phc/qm_t,qm_r,qm_v,qm,qm_pot
0.10630253154024664,0.004231087546782345,0.015081225223649785,0.007726404799449389,0.110533619087029,0.0009635025654718185
number of iterations,31,Execution time: ,17.483794927597046
