architecture,t_cbt,t_hxt,eta_hpfp,eta_r,p_cbt,qm_cb0,t0,p0,tpr_hx,Q_hx,pcc,v
dual,470,190,0.71,0.71,1330000.0,0.11,25.2,345000.0,0.95,149000.0,True,0
P_hpfp,P_rv,p_hpfp
43317.87150438934,31586.26198794909,1889366.2728249198
Q,Q_phc
716263.9225574415,567263.9225574415
qm_cb,qm_phc/qm_t,qm_r,qm_v,qm,m_z
0.11,0.004859519386219651,0.04803746742469638,0.007969867922767373,0.11485951938621965,0.4859519386219651
number of iterations,19,Execution time: ,12.527316093444824
