architecture,t_cbt,t_hxt,eta_hpfp,eta_r,p_cbt,qm_cb0,t0,p0,tpr_hx,Q_hx,pcc,v
dual,470,140,0.71,0.71,1330000.0,0.10630253154024664,25.2,345000.0,0.95,159000.0,True,0
P_hpfp,P_rv,p_hpfp
42030.26266397831,14842.782306218885,1889258.8614393126
Q,Q_phc
711845.2341237618,552845.2341237618
qm_cb,qm_phc/qm_t,qm_r,qm_v,qm,qm_pot
0.10630253154024664,0.004273626906679308,0.022583963737456702,0.007738696970757616,0.11057615844692595,0.0010238165350596837
number of iterations,28,Execution time: ,15.893479347229004
