architecture,t_cbt,t_hxt,eta_hpfp,eta_r,p_cbt,qm_cb0,t0,p0,tpr_hx,Q_hx,pcc,v
dual,470,130,0.71,0.71,1330000.0,0.11,25.2,345000.0,0.95,149000.0,True,0
P_hpfp,P_rv,p_hpfp
43190.41943245773,12637.435717206392,1889366.2728249198
Q,Q_phc
734842.2989543199,585842.2989543199
qm_cb,qm_phc/qm_t,qm_r,qm_v,qm,m_z
0.11,0.004787088089724818,0.019223881865335204,0.007956011257098359,0.11478708808972482,0.4787088089724818
number of iterations,22,Execution time: ,14.092548847198486
