architecture,t_cbt,t_hxt,eta_hpfp,eta_r,p_cbt,qm_cb0,t0,p0,tpr_hx,Q_hx,pcc,v
dual,470,150,0.71,0.71,1330000.0,0.10630253154024664,25.2,345000.0,0.95,159000.0,True,0
P_hpfp,P_rv,p_hpfp
42076.07546170319,17615.383033318565,1889258.8614393123
Q,Q_phc
709405.9266469413,550405.9266469413
qm_cb,qm_phc/qm_t,qm_r,qm_v,qm,qm_pot
0.10630253154024664,0.004295068144038821,0.026801919576065588,0.007744829737982857,0.11059759968428547,0.0010574126587509095
number of iterations,27,Execution time: ,15.263757228851318
