architecture,t_cbt,t_hxt,eta_hpfp,eta_r,p_cbt,qm_cb0,t0,p0,tpr_hx,Q_hx,pcc,v
dual,470,120,0.71,0.71,1330000.0,0.11,25.2,345000.0,0.95,149000.0,True,0
P_hpfp,P_rv,p_hpfp
43162.97581678572,10205.829135520407,1889366.2728249198
Q,Q_phc
737200.6645917866,588200.6645917866
qm_cb,qm_phc/qm_t,qm_r,qm_v,qm,m_z
0.11,0.004772436668055262,0.015525621262090897,0.007953061794955531,0.11477243666805526,0.47724366680552616
number of iterations,23,Execution time: ,14.724271297454834
