architecture,t_cbt,t_hxt,eta_hpfp,eta_r,p_cbt,qm_cb0,t0,p0,tpr_hx,Q_hx,pcc,v
dual,470,160,0.71,0.71,1330000.0,0.11,25.2,345000.0,0.95,149000.0,True,0
P_hpfp,P_rv,p_hpfp
43306.0493313396,21166.62054592419,1889366.2728249198
Q,Q_phc
726477.7011623969,577477.7011623969
qm_cb,qm_phc/qm_t,qm_r,qm_v,qm,m_z
0.11,0.00482792720839992,0.032197962997796585,0.007967682375985531,0.11482792720839992,0.482792720839992
number of iterations,19,Execution time: ,12.579743146896362
