architecture,t_cbt,t_hxt,eta_hpfp,eta_r,p_cbt,qm_cb0,t0,p0,tpr_hx,Q_hx,pcc,v
dual,470,180,0.71,0.71,1330000.0,0.11,25.2,345000.0,0.95,149000.0,True,0
P_hpfp,P_rv,p_hpfp
43314.479495601736,27902.04995983014,1889366.2728249198
Q,Q_phc
719889.6870724508,570889.6870724508
qm_cb,qm_phc/qm_t,qm_r,qm_v,qm,m_z
0.11,0.004850544568189037,0.042436747495761006,0.007969244094097962,0.11485054456818904,0.48505445681890363
number of iterations,19,Execution time: ,12.432197570800781
