architecture,t_cbt,t_hxt,eta_hpfp,eta_r,p_cbt,qm_cb0,t0,p0,tpr_hx,Q_hx,pcc,v
dual,470,110,0.71,0.71,1330000.0,0.10630253154024664,25.2,345000.0,0.95,159000.0,True,0
P_hpfp,P_rv,p_hpfp
41904.40744242424,7746.6215858445785,1889258.8614393128
Q,Q_phc
718033.4625853454,559033.4625853454
qm_cb,qm_phc/qm_t,qm_r,qm_v,qm,qm_pot
0.10630253154024664,0.0042103917418107725,0.01178811135890825,0.007721889157861755,0.11051292328205742,0.0009369698557978045
number of iterations,32,Execution time: ,18.520206928253174
