architecture,t_cbt,t_hxt,eta_hpfp,eta_r,p_cbt,qm_cb0,t0,p0,tpr_hx,Q_hx,pcc,v
dual,470,240,0.71,0.71,1330000.0,0.10630253154024664,25.2,345000.0,0.95,159000.0,True,0
P_hpfp,P_rv,p_hpfp
42309.58005377679,52458.53270811319,1889258.8614393119
Q,Q_phc
678142.7765150031,519142.77651500306
qm_cb,qm_phc/qm_t,qm_r,qm_v,qm,qm_pot
0.10630253154024664,0.004441889604167248,0.07979234128215587,0.007785542939800168,0.1107444211444139,0.0014642231046485539
number of iterations,26,Execution time: ,15.132676124572754
