architecture,t_cbt,t_hxt,eta_hpfp,eta_r,p_cbt,qm_cb0,t0,p0,tpr_hx,Q_hx,pcc,v
dual,470,200,0.71,0.71,1330000.0,0.11,25.2,345000.0,0.95,149000.0,True,0
P_hpfp,P_rv,p_hpfp
43320.58597219579,35493.66483497537,1889366.2728249198
Q,Q_phc
712402.5180813349,563402.5180813349
qm_cb,qm_phc/qm_t,qm_r,qm_v,qm,m_z
0.11,0.004866589034648951,0.053977598097258724,0.007970363078752148,0.11486658903464896,0.48665890346489515
number of iterations,19,Execution time: ,12.459717512130737
