architecture,t_cbt,t_hxt,eta_hpfp,eta_r,p_cbt,qm_cb0,t0,p0,tpr_hx,Q_hx,pcc,v
dual,470,200,0.71,0.71,1330000.0,0.10998,25.2,345000.0,0.95,159000.0,True,0
P_hpfp,P_rv,p_hpfp
43273.619263622444,35438.08614982212,1889258.8614393095
Q,Q_phc
711537.0113033948,552537.0113033948
qm_cb,qm_phc/qm_t,qm_r,qm_v,qm,m_z
0.10998,0.004745692641381874,0.053909151297946656,0.007961577002549586,0.11472569264138187,0.47456926413818773
number of iterations,25,Execution time: ,18.60207176208496
