architecture,t_cbt,t_hxt,eta_hpfp,eta_r,p_cbt,qm_cb0,t0,p0,tpr_hx,Q_hx,pcc,v
dual,470,260,0.71,0.71,1330000.0,0.10998,25.2,345000.0,0.95,159000.0,True,0
P_hpfp,P_rv,p_hpfp
43265.676382398546,64667.681270108325,1889258.8614393095
Q,Q_phc
682155.1929098296,523155.19290982955
qm_cb,qm_phc/qm_t,qm_r,qm_v,qm,m_z
0.10998,0.0047224402492876405,0.0983625602007065,0.007960038949433488,0.11470244024928763,0.47224402492876394
number of iterations,25,Execution time: ,19.633642435073853
