architecture,t_cbt,t_hxt,eta_hpfp,eta_r,p_cbt,qm_cb0,t0,p0,tpr_hx,Q_hx,pcc,v
dual,470,230,0.71,0.71,1330000.0,0.10998,25.2,345000.0,0.95,159000.0,True,0
P_hpfp,P_rv,p_hpfp
43274.90922630701,48645.299197131564,1889258.8614393095
Q,Q_phc
698347.475221102,539347.475221102
qm_cb,qm_phc/qm_t,qm_r,qm_v,qm,m_z
0.10998,0.004748446197157127,0.07399492958296226,0.007961791341266594,0.11472844619715712,0.4748446197157123
number of iterations,25,Execution time: ,18.694178819656372
