architecture,t_cbt,t_hxt,eta_hpfp,eta_r,p_cbt,qm_cb0,t0,p0,tpr_hx,Q_hx,pcc,v
dual,470,260,0.71,0.71,1330000.0,0.10630253154024664,25.2,345000.0,0.95,159000.0,True,0
P_hpfp,P_rv,p_hpfp
42357.91942476359,63341.793066589125,1889258.8614393119
Q,Q_phc
668115.258199035,509115.25819903496
qm_cb,qm_phc/qm_t,qm_r,qm_v,qm,qm_pot
0.10630253154024664,0.004449814902394552,0.09634397671787466,0.007794547151179016,0.1107523464426412,0.0015875493531473303
number of iterations,26,Execution time: ,15.437483310699463
