architecture,t_cbt,t_hxt,eta_hpfp,eta_r,p_cbt,qm_cb0,t0,p0,tpr_hx,Q_hx,pcc,v
dual,470,210,0.71,0.71,1330000.0,0.10630253154024664,25.2,345000.0,0.95,159000.0,True,0
P_hpfp,P_rv,p_hpfp
42238.741929272845,38645.02797805096,1889258.8614393119
Q,Q_phc
690701.9608776453,531701.9608776453
qm_cb,qm_phc/qm_t,qm_r,qm_v,qm,qm_pot
0.10630253154024664,0.004408286908175356,0.058784558902125826,0.007772346347899614,0.110710818448422,0.0013054436776080936
number of iterations,26,Execution time: ,14.932189226150513
