architecture,t_cbt,t_hxt,eta_hpfp,eta_r,p_cbt,qm_cb0,t0,p0,tpr_hx,Q_hx,pcc,v
dual,470,240,0.71,0.71,1330000.0,0.11,25.2,345000.0,0.95,149000.0,True,0
P_hpfp,P_rv,p_hpfp
43322.54492304507,53714.629785265424,1889366.2728249198
Q,Q_phc
694203.1286503804,545203.1286503804
qm_cb,qm_phc/qm_t,qm_r,qm_v,qm,m_z
0.11,0.0048699991154496705,0.0816784921607654,0.007970659423333977,0.11486999911544968,0.486999911544967
number of iterations,19,Execution time: ,12.562933683395386
