architecture,t_cbt,t_hxt,eta_hpfp,eta_r,p_cbt,qm_cb0,t0,p0,tpr_hx,Q_hx,pcc,v
dual,470,230,0.71,0.71,1330000.0,0.10630253154024664,25.2,345000.0,0.95,159000.0,True,0
P_hpfp,P_rv,p_hpfp
42285.73353199866,47554.455074287274,1889258.8614393119
Q,Q_phc
682624.651597062,523624.651597062
qm_cb,qm_phc/qm_t,qm_r,qm_v,qm,qm_pot
0.10630253154024664,0.004433194673568601,0.07233410210243331,0.007781100751140191,0.11073572621381525,0.001408162107357673
number of iterations,26,Execution time: ,14.855895280838013
