architecture,t_cbt,t_hxt,eta_hpfp,eta_r,p_cbt,qm_cb0,t0,p0,tpr_hx,Q_hx,pcc,v
dual,470,210,0.71,0.71,1330000.0,0.11,25.2,345000.0,0.95,149000.0,True,0
P_hpfp,P_rv,p_hpfp
43322.52292901779,39638.7281254642,1889366.2728249198
Q,Q_phc
708289.2235421264,559289.2235421264
qm_cb,qm_phc/qm_t,qm_r,qm_v,qm,m_z
0.11,0.004871480380513316,0.06027912669890067,0.007970710872617331,0.11487148038051331,0.4871480380513316
number of iterations,19,Execution time: ,12.328054904937744
