architecture,t_cbt,t_hxt,eta_hpfp,eta_r,p_cbt,qm_cb0,t0,p0,tpr_hx,Q_hx,pcc,v
dual,480,180,0.71,0.71,1330000.0,0.10617443608644767,25.2,345000.0,0.95,159000.0,True,0
P_hpfp,P_rv,p_hpfp
42111.91372198147,26847.91148340212,1889258.8614393119
Q,Q_phc
717674.7632384549,558674.7632384549
qm_cb,qm_phc/qm_t,qm_r,qm_v,qm,qm_pot
0.10617443608644767,0.0044888536530746995,0.039997716237178446,0.0075888912531780345,0.11066328973952236,0.001177604495625005
number of iterations,26,Execution time: ,14.834299325942993
