architecture,t_cbt,t_hxt,eta_hpfp,eta_r,p_cbt,qm_cb0,t0,p0,tpr_hx,Q_hx,pcc,v
dual,480,130,0.71,0.71,1330000.0,0.10998,25.2,345000.0,0.95,159000.0,True,0
P_hpfp,P_rv,p_hpfp
43155.332303190575,12534.958509697692,1889258.8614393126
Q,Q_phc
751762.4929382883,592762.4929382883
qm_cb,qm_phc/qm_t,qm_r,qm_v,qm,m_z
0.10998,0.004820750836597679,0.018678825030180875,0.00778333814953903,0.11480075083659767,0.48207508365976776
number of iterations,28,Execution time: ,19.487263202667236
