architecture,t_cbt,t_hxt,eta_hpfp,eta_r,p_cbt,qm_cb0,t0,p0,tpr_hx,Q_hx,pcc,v
dual,480,130,0.71,0.71,1330000.0,0.10617443608644767,25.2,345000.0,0.95,159000.0,True,0
P_hpfp,P_rv,p_hpfp
41928.572728080595,12182.106849632928,1889258.8614393128
Q,Q_phc
730475.3829155422,571475.3829155422
qm_cb,qm_phc/qm_t,qm_r,qm_v,qm,qm_pot
0.10617443608644767,0.004374449929667061,0.018152432296228035,0.007562466378914678,0.11054888601611473,0.0010007561211172538
number of iterations,29,Execution time: ,15.94908094406128
