architecture,t_cbt,t_hxt,eta_hpfp,eta_r,p_cbt,qm_cb0,t0,p0,tpr_hx,Q_hx,pcc,v
dual,480,100,0.71,0.71,1330000.0,0.11,25.2,345000.0,0.95,149000.0,True,0
P_hpfp,P_rv,p_hpfp
43110.55634409425,5930.127253477533,1889366.2728249198
Q,Q_phc
759007.551999723,610007.551999723
qm_cb,qm_phc/qm_t,qm_r,qm_v,qm,m_z
0.11,0.004885538165530251,0.00883608413700892,0.007782366274260573,0.11488553816553025,0.4885538165530251
number of iterations,25,Execution time: ,16.331217765808105
