architecture,t_cbt,t_hxt,eta_hpfp,eta_r,p_cbt,qm_cb0,t0,p0,tpr_hx,Q_hx,pcc,v
dual,480,100,0.71,0.71,1330000.0,0.10998,25.2,345000.0,0.95,159000.0,True,0
P_hpfp,P_rv,p_hpfp
43064.18098481515,5922.203399519948,1889258.8614393128
Q,Q_phc
758153.2254712528,599153.2254712528
qm_cb,qm_phc/qm_t,qm_r,qm_v,qm,m_z
0.10998,0.004776224891453254,0.008825794968481114,0.007773604488223422,0.11475622489145325,0.4776224891453253
number of iterations,33,Execution time: ,24.29220962524414
