architecture,t_cbt,t_hxt,eta_hpfp,eta_r,p_cbt,qm_cb0,t0,p0,tpr_hx,Q_hx,pcc,v
dual,480,170,0.71,0.71,1330000.0,0.11,25.2,345000.0,0.95,149000.0,True,0
P_hpfp,P_rv,p_hpfp
43303.703514931745,24201.780757823177,1889366.2728249198
Q,Q_phc
741301.6151494337,592301.6151494337
qm_cb,qm_phc/qm_t,qm_r,qm_v,qm,m_z
0.11,0.004993668883822668,0.03604889301438534,0.007802859900825069,0.11499366888382268,0.49936688838226684
number of iterations,19,Execution time: ,12.21037220954895
