architecture,t_cbt,t_hxt,eta_hpfp,eta_r,p_cbt,qm_cb0,t0,p0,tpr_hx,Q_hx,pcc,v
dual,480,140,0.71,0.71,1330000.0,0.10617443608644767,25.2,345000.0,0.95,159000.0,True,0
P_hpfp,P_rv,p_hpfp
41970.1907951841,14722.622571255486,1889258.8614393126
Q,Q_phc
728274.6726327911,569274.6726327911
qm_cb,qm_phc/qm_t,qm_r,qm_v,qm,qm_pot
0.10617443608644767,0.0043976184031649995,0.02193713836059471,0.007568061925996466,0.11057205448961266,0.0010318170784341045
number of iterations,28,Execution time: ,15.425996541976929
