architecture,t_cbt,t_hxt,eta_hpfp,eta_r,p_cbt,qm_cb0,t0,p0,tpr_hx,Q_hx,pcc,v
dual,480,150,0.71,0.71,1330000.0,0.10617443608644767,25.2,345000.0,0.95,159000.0,True,0
P_hpfp,P_rv,p_hpfp
42016.247104990725,17458.85339766707,1889258.8614393123
Q,Q_phc
725890.3739742591,566890.3739742591
qm_cb,qm_phc/qm_t,qm_r,qm_v,qm,qm_pot
0.10617443608644767,0.004420885778424523,0.026013543916278335,0.007574138367105129,0.11059532186487218,0.0010651342824616143
number of iterations,27,Execution time: ,15.135184049606323
