architecture,t_cbt,t_hxt,eta_hpfp,eta_r,p_cbt,qm_cb0,t0,p0,tpr_hx,Q_hx,pcc,v
dual,480,190,0.71,0.71,1330000.0,0.10617443608644767,25.2,345000.0,0.95,159000.0,True,0
P_hpfp,P_rv,p_hpfp
42134.96287293124,30375.617864728534,1889258.8614393119
Q,Q_phc
714565.3769367894,555565.3769367894
qm_cb,qm_phc/qm_t,qm_r,qm_v,qm,qm_pot
0.10617443608644767,0.004509914734444403,0.0452513672440502,0.00759309866453683,0.11068435082089206,0.0012192957139438249
number of iterations,26,Execution time: ,15.52819299697876
