architecture,t_cbt,t_hxt,eta_hpfp,eta_r,p_cbt,qm_cb0,t0,p0,tpr_hx,Q_hx,pcc,v
dual,480,180,0.71,0.71,1330000.0,0.11,25.2,345000.0,0.95,149000.0,True,0
P_hpfp,P_rv,p_hpfp
43308.433456899635,27613.64420975404,1889366.2728249198
Q,Q_phc
737974.611587448,588974.611587448
qm_cb,qm_phc/qm_t,qm_r,qm_v,qm,m_z
0.11,0.005006402744043262,0.04112802332104049,0.007803718911665383,0.11500640274404327,0.5006402744043262
number of iterations,19,Execution time: ,13.011593103408813
