architecture,t_cbt,t_hxt,eta_hpfp,eta_r,p_cbt,qm_cb0,t0,p0,tpr_hx,Q_hx,pcc,v
dual,480,180,0.71,0.71,1330000.0,0.10998,25.2,345000.0,0.95,159000.0,True,0
P_hpfp,P_rv,p_hpfp
43263.20959056298,27570.232000902157,1889258.8614393095
Q,Q_phc
737087.055655981,578087.055655981
qm_cb,qm_phc/qm_t,qm_r,qm_v,qm,m_z
0.10998,0.0048872486698192386,0.04107503774965562,0.007795325696719312,0.11486724866981923,0.4887248669819234
number of iterations,25,Execution time: ,18.822453022003174
