architecture,t_cbt,t_hxt,eta_hpfp,eta_r,p_cbt,qm_cb0,t0,p0,tpr_hx,Q_hx,pcc,v
dual,480,100,0.71,0.71,1330000.0,0.10617443608644767,25.2,345000.0,0.95,159000.0,True,0
P_hpfp,P_rv,p_hpfp
41805.312812395736,5749.945367220502,1889258.8614393128
Q,Q_phc
736007.6944643876,577007.6944643876
qm_cb,qm_phc/qm_t,qm_r,qm_v,qm,qm_pot
0.10617443608644767,0.00430850702514874,0.008568885793103038,0.007546408271792909,0.1104829431115964,0.0009212369240167227
number of iterations,34,Execution time: ,19.322154760360718
