architecture,t_cbt,t_hxt,eta_hpfp,eta_r,p_cbt,qm_cb0,t0,p0,tpr_hx,Q_hx,pcc,v
dual,480,150,0.71,0.71,1330000.0,0.11,25.2,345000.0,0.95,149000.0,True,0
P_hpfp,P_rv,p_hpfp
43253.15832781563,17981.684054759164,1889366.2728249198
Q,Q_phc
747371.1105361806,598371.1105361806
qm_cb,qm_phc/qm_t,qm_r,qm_v,qm,m_z
0.11,0.004965011470295045,0.026786122112166532,0.007797484034494667,0.11496501147029504,0.4965011470295045
number of iterations,20,Execution time: ,14.48151159286499
