architecture,t_cbt,t_hxt,eta_hpfp,eta_r,p_cbt,qm_cb0,t0,p0,tpr_hx,Q_hx,pcc,v
dual,480,190,0.71,0.71,1330000.0,0.10998,25.2,345000.0,0.95,159000.0,True,0
P_hpfp,P_rv,p_hpfp
43266.899461192166,31178.44623357584,1889258.8614393095
Q,Q_phc
733544.5498973853,574544.5498973853
qm_cb,qm_phc/qm_t,qm_r,qm_v,qm,m_z
0.10998,0.004897115478429623,0.04644862320660315,0.00779599321126565,0.11487711547842962,0.48971154784296195
number of iterations,25,Execution time: ,17.98417019844055
