architecture,t_cbt,t_hxt,eta_hpfp,eta_r,p_cbt,qm_cb0,t0,p0,tpr_hx,Q_hx,pcc,v
dual,480,110,0.71,0.71,1330000.0,0.10998,25.2,345000.0,0.95,159000.0,True,0
P_hpfp,P_rv,p_hpfp
43092.633560880044,7927.915190293345,1889258.8614393128
Q,Q_phc
756222.3567889648,597222.3567889648
qm_cb,qm_phc/qm_t,qm_r,qm_v,qm,m_z
0.10998,0.004790911102688408,0.011814422410176701,0.007776669534885317,0.1147709111026884,0.47909111026884066
number of iterations,31,Execution time: ,22.868861436843872
