architecture,t_cbt,t_hxt,eta_hpfp,eta_r,p_cbt,qm_cb0,t0,p0,tpr_hx,Q_hx,pcc,v
dual,480,160,0.71,0.71,1330000.0,0.10617443608644767,25.2,345000.0,0.95,159000.0,True,0
P_hpfp,P_rv,p_hpfp
42067.19270737641,20388.369543502027,1889258.8614393119
Q,Q_phc
723321.9777801773,564321.9777801773
qm_cb,qm_phc/qm_t,qm_r,qm_v,qm,qm_pot
0.10617443608644767,0.004443947457324455,0.030378075808354596,0.007580724520722074,0.11061838354377213,0.0011006586112651444
number of iterations,26,Execution time: ,14.864309549331665
