architecture,t_cbt,t_hxt,eta_hpfp,eta_r,p_cbt,qm_cb0,t0,p0,tpr_hx,Q_hx,pcc,v
dual,480,230,0.71,0.71,1330000.0,0.11,25.2,345000.0,0.95,149000.0,True,0
P_hpfp,P_rv,p_hpfp
43322.24559366101,47941.477400092976,1889366.2728249198
Q,Q_phc
717885.7687983606,568885.7687983606
qm_cb,qm_phc/qm_t,qm_r,qm_v,qm,m_z
0.11,0.00504233475354917,0.07139117140587867,0.007806183025137626,0.11504233475354916,0.504233475354917
number of iterations,19,Execution time: ,14.189932346343994
