architecture,t_cbt,t_hxt,eta_hpfp,eta_r,p_cbt,qm_cb0,t0,p0,tpr_hx,Q_hx,pcc,v
dual,480,240,0.71,0.71,1330000.0,0.11,25.2,345000.0,0.95,149000.0,True,0
P_hpfp,P_rv,p_hpfp
43322.326340843516,52780.52018323673,1889366.2728249198
Q,Q_phc
713044.3990742682,564044.3990742682
qm_cb,qm_phc/qm_t,qm_r,qm_v,qm,m_z
0.11,0.005042014036273484,0.07859555423225652,0.007806178700555659,0.11504201403627348,0.5042014036273484
number of iterations,19,Execution time: ,15.023522853851318
