architecture,t_cbt,t_hxt,eta_hpfp,eta_r,p_cbt,qm_cb0,t0,p0,tpr_hx,Q_hx,pcc,v
dual,480,230,0.71,0.71,1330000.0,0.10998,25.2,345000.0,0.95,159000.0,True,0
P_hpfp,P_rv,p_hpfp
43274.23680156508,47864.40385904522,1889258.8614393095
Q,Q_phc
716985.1099784474,557985.1099784474
qm_cb,qm_phc/qm_t,qm_r,qm_v,qm,m_z
0.10998,0.0049161465105805185,0.07129923211223861,0.007797300588126705,0.11489614651058051,0.4916146510580519
number of iterations,25,Execution time: ,19.734658002853394
