architecture,t_cbt,t_hxt,eta_hpfp,eta_r,p_cbt,qm_cb0,t0,p0,tpr_hx,Q_hx,pcc,v
dual,480,270,0.71,0.71,1330000.0,0.10998,25.2,345000.0,0.95,159000.0,True,0
P_hpfp,P_rv,p_hpfp
43264.18306836827,69250.89505861369,1889258.8614393095
Q,Q_phc
695407.390649843,536407.390649843
qm_cb,qm_phc/qm_t,qm_r,qm_v,qm,m_z
0.10998,0.004887528974819769,0.10315128181203531,0.007795423027418553,0.11486752897481976,0.48875289748197737
number of iterations,25,Execution time: ,18.778159856796265
