architecture,t_cbt,t_hxt,eta_hpfp,eta_r,p_cbt,qm_cb0,t0,p0,tpr_hx,Q_hx,pcc,v
dual,480,250,0.71,0.71,1330000.0,0.10998,25.2,345000.0,0.95,159000.0,True,0
P_hpfp,P_rv,p_hpfp
43271.943617123616,57844.503758800216,1889258.8614393095
Q,Q_phc
706959.233080816,547959.233080816
qm_cb,qm_phc/qm_t,qm_r,qm_v,qm,m_z
0.10998,0.00490931206386859,0.08616306027388929,0.007796861919432838,0.11488931206386858,0.49093120638685883
number of iterations,25,Execution time: ,18.766332149505615
