architecture,t_cbt,t_hxt,eta_hpfp,eta_r,p_cbt,qm_cb0,t0,p0,tpr_hx,Q_hx,pcc,v
dual,480,240,0.71,0.71,1330000.0,0.10617443608644767,25.2,345000.0,0.95,159000.0,True,0
P_hpfp,P_rv,p_hpfp
42254.810479673346,51478.44185342671,1889258.8614393119
Q,Q_phc
695636.2206527843,536636.2206527843
qm_cb,qm_phc/qm_t,qm_r,qm_v,qm,qm_pot
0.10617443608644767,0.004590896953029914,0.07667990317525529,0.007614968599832099,0.11076533303947758,0.0014643973049710567
number of iterations,26,Execution time: ,15.195130586624146
