architecture,t_cbt,t_hxt,eta_hpfp,eta_r,p_cbt,qm_cb0,t0,p0,tpr_hx,Q_hx,pcc,v
dual,480,200,0.71,0.71,1330000.0,0.10617443608644767,25.2,345000.0,0.95,159000.0,True,0
P_hpfp,P_rv,p_hpfp
42158.3727847653,34112.653092531116,1889258.8614393119
Q,Q_phc
711253.0690201247,552253.0690201247
qm_cb,qm_phc/qm_t,qm_r,qm_v,qm,qm_pot
0.10617443608644767,0.0045297048620064504,0.05081684124369802,0.007597371244194149,0.11070414094845411,0.001263220135034407
number of iterations,26,Execution time: ,15.227314949035645
