architecture,t_cbt,t_hxt,eta_hpfp,eta_r,p_cbt,qm_cb0,t0,p0,tpr_hx,Q_hx,pcc,v
dual,490,120,0.71,0.71,1330000.0,0.10998,25.2,345000.0,0.95,159000.0,True,0
P_hpfp,P_rv,p_hpfp
43107.17553850226,10081.92431739939,1889258.8614393128
Q,Q_phc
771880.8942696095,612880.8942696095
qm_cb,qm_phc/qm_t,qm_r,qm_v,qm,m_z
0.10998,0.004950414309827553,0.014718276268119055,0.007620569136492567,0.11493041430982755,0.4950414309827548
number of iterations,30,Execution time: ,21.56493067741394
