architecture,t_cbt,t_hxt,eta_hpfp,eta_r,p_cbt,qm_cb0,t0,p0,tpr_hx,Q_hx,pcc,v
dual,490,130,0.71,0.71,1330000.0,0.10604665417885385,25.2,345000.0,0.95,159000.0,True,0
P_hpfp,P_rv,p_hpfp
41870.88237167028,12096.506476626582,1889258.8614393128
Q,Q_phc
746850.1572074464,587850.1572074464
qm_cb,qm_phc/qm_t,qm_r,qm_v,qm,qm_pot
0.10604665417885385,0.004496437819381721,0.017659134057894155,0.007399256372852604,0.11054309199823557,0.0010090102598486893
number of iterations,29,Execution time: ,16.094106674194336
