architecture,t_cbt,t_hxt,eta_hpfp,eta_r,p_cbt,qm_cb0,t0,p0,tpr_hx,Q_hx,pcc,v
dual,490,150,0.71,0.71,1330000.0,0.10604665417885385,25.2,345000.0,0.95,159000.0,True,0
P_hpfp,P_rv,p_hpfp
41959.086595074616,17310.98014616956,1889258.8614393123
Q,Q_phc
742364.8300385008,583364.8300385008
qm_cb,qm_phc/qm_t,qm_r,qm_v,qm,qm_pot
0.10604665417885385,0.004546365296059248,0.025269847656036,0.007410832455204718,0.1105930194749131,0.0010729379203289564
number of iterations,27,Execution time: ,14.583478927612305
