architecture,t_cbt,t_hxt,eta_hpfp,eta_r,p_cbt,qm_cb0,t0,p0,tpr_hx,Q_hx,pcc,v
dual,490,190,0.71,0.71,1330000.0,0.10998,25.2,345000.0,0.95,159000.0,True,0
P_hpfp,P_rv,p_hpfp
43264.9753411315,30843.72295403033,1889258.8614393095
Q,Q_phc
751708.1172278849,592708.1172278849
qm_cb,qm_phc/qm_t,qm_r,qm_v,qm,m_z
0.10998,0.005054444868744193,0.0450176767890543,0.00763796354886956,0.11503444486874419,0.505444486874419
number of iterations,25,Execution time: ,19.048874378204346
