architecture,t_cbt,t_hxt,eta_hpfp,eta_r,p_cbt,qm_cb0,t0,p0,tpr_hx,Q_hx,pcc,v
dual,490,110,0.71,0.71,1330000.0,0.10998,25.2,345000.0,0.95,159000.0,True,0
P_hpfp,P_rv,p_hpfp
43086.67615746374,7891.7663448827325,1889258.8614393128
Q,Q_phc
773974.0660106422,614974.0660106422
qm_cb,qm_phc/qm_t,qm_r,qm_v,qm,m_z
0.10998,0.004934048825421644,0.011521922132896356,0.00761821491408269,0.11491404882542164,0.4934048825421637
number of iterations,31,Execution time: ,23.675044059753418
