architecture,t_cbt,t_hxt,eta_hpfp,eta_r,p_cbt,qm_cb0,t0,p0,tpr_hx,Q_hx,pcc,v
dual,490,100,0.71,0.71,1330000.0,0.10998,25.2,345000.0,0.95,159000.0,True,0
P_hpfp,P_rv,p_hpfp
43057.951402717714,5898.38737081438,1889258.8614393128
Q,Q_phc
775881.7966166387,616881.7966166387
qm_cb,qm_phc/qm_t,qm_r,qm_v,qm,m_z
0.10998,0.004918116903905936,0.008611938344570448,0.007615148315670275,0.11489811690390593,0.49181169039059397
number of iterations,33,Execution time: ,24.548325538635254
