architecture,t_cbt,t_hxt,eta_hpfp,eta_r,p_cbt,qm_cb0,t0,p0,tpr_hx,Q_hx,pcc,v
dual,490,160,0.71,0.71,1330000.0,0.10604665417885385,25.2,345000.0,0.95,159000.0,True,0
P_hpfp,P_rv,p_hpfp
42010.25230992207,20199.410235772815,1889258.8614393119
Q,Q_phc
739857.3922005636,580857.3922005636
qm_cb,qm_phc/qm_t,qm_r,qm_v,qm,qm_pot
0.10604665417885385,0.004571363434594376,0.029485848567453052,0.0074173541415629195,0.11061801761344822,0.0011081384249299402
number of iterations,26,Execution time: ,14.94689655303955
