architecture,t_cbt,t_hxt,eta_hpfp,eta_r,p_cbt,qm_cb0,t0,p0,tpr_hx,Q_hx,pcc,v
dual,490,130,0.71,0.71,1330000.0,0.11,25.2,345000.0,0.95,149000.0,True,0
P_hpfp,P_rv,p_hpfp
43176.86712030618,12487.797168878782,1889366.2728249198
Q,Q_phc
770481.1006584854,621481.1006584854
qm_cb,qm_phc/qm_t,qm_r,qm_v,qm,m_z
0.11,0.0050804808184550495,0.018225083607565366,0.007631695474124459,0.11508048081845505,0.508048081845505
number of iterations,22,Execution time: ,26.138953924179077
