architecture,t_cbt,t_hxt,eta_hpfp,eta_r,p_cbt,qm_cb0,t0,p0,tpr_hx,Q_hx,pcc,v
dual,490,140,0.71,0.71,1330000.0,0.11,25.2,345000.0,0.95,149000.0,True,0
P_hpfp,P_rv,p_hpfp
43209.626130061035,15073.545569082387,1889366.2728249198
Q,Q_phc
767988.2159453004,618988.2159453004
qm_cb,qm_phc/qm_t,qm_r,qm_v,qm,m_z
0.11,0.005098021681195911,0.02199836287902858,0.0076350712750535305,0.11509802168119591,0.5098021681195911
number of iterations,21,Execution time: ,27.09458088874817
