architecture,t_cbt,t_hxt,eta_hpfp,eta_r,p_cbt,qm_cb0,t0,p0,tpr_hx,Q_hx,pcc,v
dual,490,120,0.71,0.71,1330000.0,0.11,25.2,345000.0,0.95,149000.0,True,0
P_hpfp,P_rv,p_hpfp
43148.89100120621,10098.397080429319,1889366.2728249198
Q,Q_phc
772772.1383322412,623772.1383322412
qm_cb,qm_phc/qm_t,qm_r,qm_v,qm,m_z
0.11,0.005062848043967962,0.014738539646003322,0.007628720674323773,0.11506284804396796,0.5062848043967962
number of iterations,23,Execution time: ,28.370457887649536
