architecture,t_cbt,t_hxt,eta_hpfp,eta_r,p_cbt,qm_cb0,t0,p0,tpr_hx,Q_hx,pcc,v
dual,490,190,0.71,0.71,1330000.0,0.10604665417885385,25.2,345000.0,0.95,159000.0,True,0
P_hpfp,P_rv,p_hpfp
42079.78706889346,30011.770684087085,1889258.8614393119
Q,Q_phc
731337.4333814577,572337.4333814577
qm_cb,qm_phc/qm_t,qm_r,qm_v,qm,qm_pot
0.10604665417885385,0.004643920411796126,0.043802205502174625,0.0074297948888995494,0.11069057459064997,0.0012252961561427613
number of iterations,26,Execution time: ,14.993921995162964
