architecture,t_cbt,t_hxt,eta_hpfp,eta_r,p_cbt,qm_cb0,t0,p0,tpr_hx,Q_hx,pcc,v
dual,490,220,0.71,0.71,1330000.0,0.10998,25.2,345000.0,0.95,159000.0,True,0
P_hpfp,P_rv,p_hpfp
43274.51831550177,42717.857176870995,1889258.8614393095
Q,Q_phc
740006.4956625677,581006.4956625677
qm_cb,qm_phc/qm_t,qm_r,qm_v,qm,m_z
0.10998,0.005079804813173092,0.06234308481627279,0.007639648543252594,0.11505980481317309,0.5079804813173094
number of iterations,25,Execution time: ,19.221007823944092
