architecture,t_cbt,t_hxt,eta_hpfp,eta_r,p_cbt,qm_cb0,t0,p0,tpr_hx,Q_hx,pcc,v
dual,490,200,0.71,0.71,1330000.0,0.10604665417885385,25.2,345000.0,0.95,159000.0,True,0
P_hpfp,P_rv,p_hpfp
42103.80783160873,33669.645535298594,1889258.8614393119
Q,Q_phc
728125.6329046622,569125.6329046622
qm_cb,qm_phc/qm_t,qm_r,qm_v,qm,qm_pot
0.10604665417885385,0.004666185533933517,0.04913926064779925,0.007434090740825499,0.11071283971278736,0.0012685142405941625
number of iterations,26,Execution time: ,14.971754312515259
