architecture,t_cbt,t_hxt,eta_hpfp,eta_r,p_cbt,qm_cb0,t0,p0,tpr_hx,Q_hx,pcc,v
dual,490,210,0.71,0.71,1330000.0,0.10604665417885385,25.2,345000.0,0.95,159000.0,True,0
P_hpfp,P_rv,p_hpfp
42128.147281119265,37536.99090589038,1889258.8614393119
Q,Q_phc
724710.1816821301,565710.1816821301
qm_cb,qm_phc/qm_t,qm_r,qm_v,qm,qm_pot
0.10604665417885385,0.004687082866374018,0.05478201067183359,0.007438443121548228,0.11073373704522788,0.00131395518862285
number of iterations,26,Execution time: ,15.74115514755249
