architecture,t_cbt,t_hxt,eta_hpfp,eta_r,p_cbt,qm_cb0,t0,p0,tpr_hx,Q_hx,pcc,v
dual,490,270,0.71,0.71,1330000.0,0.11,25.2,345000.0,0.95,149000.0,True,0
P_hpfp,P_rv,p_hpfp
43321.070595145895,67933.40409014413,1889366.2728249198
Q,Q_phc
715765.3619178318,566765.3619178318
qm_cb,qm_phc/qm_t,qm_r,qm_v,qm,m_z
0.11,0.005202369212494766,0.0991023846552795,0.007648104320539359,0.11520236921249477,0.5202369212494765
number of iterations,19,Execution time: ,24.744002103805542
