architecture,t_cbt,t_hxt,eta_hpfp,eta_r,p_cbt,qm_cb0,t0,p0,tpr_hx,Q_hx,pcc,v
dual,490,260,0.71,0.71,1330000.0,0.11,25.2,345000.0,0.95,149000.0,True,0
P_hpfp,P_rv,p_hpfp
43323.57223792542,62239.72793219496,1889366.2728249198
Q,Q_phc
721510.7937862318,572510.7937862318
qm_cb,qm_phc/qm_t,qm_r,qm_v,qm,m_z
0.11,0.005209928412796332,0.0907975101089025,0.007648577557974949,0.11520992841279633,0.5209928412796332
number of iterations,19,Execution time: ,23.50099229812622
