architecture,t_cbt,t_hxt,eta_hpfp,eta_r,p_cbt,qm_cb0,t0,p0,tpr_hx,Q_hx,pcc,v
dual,490,240,0.71,0.71,1330000.0,0.10604665417885385,25.2,345000.0,0.95,159000.0,True,0
P_hpfp,P_rv,p_hpfp
42202.77404281072,50570.43512334343,1889258.8614393119
Q,Q_phc
713061.9500902784,554061.9500902784
qm_cb,qm_phc/qm_t,qm_r,qm_v,qm,qm_pot
0.10604665417885385,0.004739053196483373,0.07379910463370898,0.007451786280231813,0.11078570737533723,0.0014653372368595343
number of iterations,26,Execution time: ,15.119501829147339
