architecture,t_cbt,t_hxt,eta_hpfp,eta_r,p_cbt,qm_cb0,t0,p0,tpr_hx,Q_hx,pcc,v
dual,490,280,0.71,0.71,1330000.0,0.10604665417885385,25.2,345000.0,0.95,159000.0,True,0
P_hpfp,P_rv,p_hpfp
42338.23148261215,72303.0385853718,1889258.8614393095
Q,Q_phc
693203.7142579915,534203.7142579915
qm_cb,qm_phc/qm_t,qm_r,qm_v,qm,qm_pot
0.10604665417885385,0.0047713660308740255,0.10551184883977481,0.007473053610860057,0.11081802020972788,0.0017129885625734576
number of iterations,25,Execution time: ,14.481385231018066
