architecture,t_cbt,t_hxt,eta_hpfp,eta_r,p_cbt,qm_cb0,t0,p0,tpr_hx,Q_hx,pcc,v
dual,490,210,0.71,0.71,1330000.0,0.10998,25.2,345000.0,0.95,159000.0,True,0
P_hpfp,P_rv,p_hpfp
43272.081828084716,38539.26415721643,1889258.8614393095
Q,Q_phc
744141.5733706389,585141.5733706389
qm_cb,qm_phc/qm_t,qm_r,qm_v,qm,m_z
0.10998,0.005073403829820161,0.05624608565370711,0.0076392207865514416,0.11505340382982016,0.5073403829820166
number of iterations,25,Execution time: ,19.33665132522583
