architecture,t_cbt,t_hxt,eta_hpfp,eta_r,p_cbt,qm_cb0,t0,p0,tpr_hx,Q_hx,pcc,v
dual,490,280,0.71,0.71,1330000.0,0.10998,25.2,345000.0,0.95,159000.0,True,0
P_hpfp,P_rv,p_hpfp
43266.34690045847,73916.00384723979,1889258.8614393095
Q,Q_phc
708643.208034745,549643.208034745
qm_cb,qm_phc/qm_t,qm_r,qm_v,qm,m_z
0.10998,0.005055662785323378,0.10786540483958675,0.007638125153812671,0.11503566278532337,0.5055662785323373
number of iterations,25,Execution time: ,18.467997550964355
