architecture,t_cbt,t_hxt,eta_hpfp,eta_r,p_cbt,qm_cb0,t0,p0,tpr_hx,Q_hx,pcc,v
dual,490,270,0.71,0.71,1330000.0,0.10604665417885385,25.2,345000.0,0.95,159000.0,True,0
P_hpfp,P_rv,p_hpfp
42279.514713809134,66300.77543151296,1889258.8614393119
Q,Q_phc
698755.8107194756,539755.8107194756
qm_cb,qm_phc/qm_t,qm_r,qm_v,qm,qm_pot
0.10604665417885385,0.004768588480021476,0.09675157491528133,0.00746550614619257,0.11081524265887532,0.0016448797796058483
number of iterations,26,Execution time: ,14.829825162887573
