architecture,t_cbt,t_hxt,eta_hpfp,eta_r,p_cbt,qm_cb0,t0,p0,tpr_hx,Q_hx,pcc,v
dual,490,240,0.71,0.71,1330000.0,0.10998,25.2,345000.0,0.95,159000.0,True,0
P_hpfp,P_rv,p_hpfp
43276.6573060471,51832.7626858668,1889258.8614393095
Q,Q_phc
730927.3929998393,571927.3929998393
qm_cb,qm_phc/qm_t,qm_r,qm_v,qm,m_z
0.10998,0.005085090026616335,0.07564282701048844,0.007640012976024936,0.11506509002661633,0.5085090026616339
number of iterations,25,Execution time: ,18.60199475288391
