architecture,t_cbt,t_hxt,eta_hpfp,eta_r,p_cbt,qm_cb0,t0,p0,tpr_hx,Q_hx,pcc,v
dual,490,220,0.71,0.71,1330000.0,0.10604665417885385,25.2,345000.0,0.95,159000.0,True,0
P_hpfp,P_rv,p_hpfp
42152.76949951266,41629.24636222212,1889258.8614393119
Q,Q_phc
721075.0030517906,562075.0030517906
qm_cb,qm_phc/qm_t,qm_r,qm_v,qm,qm_pot
0.10604665417885385,0.004706368423027944,0.060752976617927265,0.007442845745381288,0.1107530226018818,0.0013617692370182833
number of iterations,26,Execution time: ,15.23101806640625
