architecture,t_cbt,t_hxt,eta_hpfp,eta_r,p_cbt,qm_cb0,t0,p0,tpr_hx,Q_hx,pcc,v
dual,500,150,0.71,0.71,1330000.0,0.10591918049112789,25.2,345000.0,0.95,159000.0,True,0
P_hpfp,P_rv,p_hpfp
41933.229238903245,17161.972341396067,1889258.8614393119
Q,Q_phc
758810.938358235,599810.938358235
qm_cb,qm_phc/qm_t,qm_r,qm_v,qm,qm_pot
0.10591918049112789,0.004671275125203578,0.024556007077506017,0.00725693375656867,0.11059045561633146,0.0010810509752052437
number of iterations,26,Execution time: ,13.721913814544678
