architecture,t_cbt,t_hxt,eta_hpfp,eta_r,p_cbt,qm_cb0,t0,p0,tpr_hx,Q_hx,pcc,v
dual,500,190,0.71,0.71,1330000.0,0.10998,25.2,345000.0,0.95,159000.0,True,0
P_hpfp,P_rv,p_hpfp
43265.5138482758,30530.700300044893,1889258.8614393095
Q,Q_phc
769894.7559829842,610894.7559829842
qm_cb,qm_phc/qm_t,qm_r,qm_v,qm,m_z
0.10998,0.005211997139571989,0.04367475824353992,0.007486631512776307,0.11519199713957198,0.5211997139571982
number of iterations,25,Execution time: ,17.105090856552124
