architecture,t_cbt,t_hxt,eta_hpfp,eta_r,p_cbt,qm_cb0,t0,p0,tpr_hx,Q_hx,pcc,v
dual,500,100,0.71,0.71,1330000.0,0.10591918049112789,25.2,345000.0,0.95,159000.0,True,0
P_hpfp,P_rv,p_hpfp
41691.122504069666,5690.914850282323,1889258.8614393128
Q,Q_phc
768544.2768995268,609544.2768995268
qm_cb,qm_phc/qm_t,qm_r,qm_v,qm,qm_pot
0.10591918049112789,0.004543631052129817,0.008143587868950853,0.007227180422958413,0.11046281154325771,0.0009383827151172755
number of iterations,34,Execution time: ,19.067332983016968
