architecture,t_cbt,t_hxt,eta_hpfp,eta_r,p_cbt,qm_cb0,t0,p0,tpr_hx,Q_hx,pcc,v
dual,500,150,0.71,0.71,1330000.0,0.10998,25.2,345000.0,0.95,159000.0,True,0
P_hpfp,P_rv,p_hpfp
43210.3941530522,17699.263133129585,1889258.8614393119
Q,Q_phc
782316.8388144593,623316.8388144593
qm_cb,qm_phc/qm_t,qm_r,qm_v,qm,m_z
0.10998,0.005148580920712492,0.025323774749008234,0.007479799211693008,0.11512858092071249,0.5148580920712497
number of iterations,26,Execution time: ,17.170789003372192
