architecture,t_cbt,t_hxt,eta_hpfp,eta_r,p_cbt,qm_cb0,t0,p0,tpr_hx,Q_hx,pcc,v
dual,500,180,0.71,0.71,1330000.0,0.10998,25.2,345000.0,0.95,159000.0,True,0
P_hpfp,P_rv,p_hpfp
43260.23913826272,27047.87574607456,1889258.8614393095
Q,Q_phc
773278.5646890494,614278.5646890494
qm_cb,qm_phc/qm_t,qm_r,qm_v,qm,m_z
0.10998,0.005197757995057353,0.03869419392157646,0.007485712034523387,0.11517775799505735,0.5197757995057348
number of iterations,25,Execution time: ,16.971693992614746
