architecture,t_cbt,t_hxt,eta_hpfp,eta_r,p_cbt,qm_cb0,t0,p0,tpr_hx,Q_hx,pcc,v
dual,500,180,0.71,0.71,1330000.0,0.11,25.2,345000.0,0.95,149000.0,True,0
P_hpfp,P_rv,p_hpfp
43304.0564192368,27091.688261621457,1889366.2728249198
Q,Q_phc
774221.5383298153,625221.5383298153
qm_cb,qm_phc/qm_t,qm_r,qm_v,qm,m_z
0.11,0.005318831289136433,0.038745248371480044,0.007493723249898187,0.11531883128913643,0.5318831289136433
number of iterations,19,Execution time: ,10.58323049545288
