architecture,t_cbt,t_hxt,eta_hpfp,eta_r,p_cbt,qm_cb0,t0,p0,tpr_hx,Q_hx,pcc,v
dual,500,140,0.71,0.71,1330000.0,0.10591918049112789,25.2,345000.0,0.95,159000.0,True,0
P_hpfp,P_rv,p_hpfp
41857.8472524293,14501.180425613511,1889258.8614393126
Q,Q_phc
761109.8902784083,602109.8902784083
qm_cb,qm_phc/qm_t,qm_r,qm_v,qm,qm_pot
0.10591918049112789,0.004644645480858768,0.020747795211556976,0.007248463571760042,0.11056382597198666,0.0010479852155543857
number of iterations,28,Execution time: ,14.161872863769531
