architecture,t_cbt,t_hxt,eta_hpfp,eta_r,p_cbt,qm_cb0,t0,p0,tpr_hx,Q_hx,pcc,v
dual,500,160,0.71,0.71,1330000.0,0.10998,25.2,345000.0,0.95,159000.0,True,0
P_hpfp,P_rv,p_hpfp
43248.39928023012,20628.22684034386,1889258.8614393095
Q,Q_phc
779474.9736987181,620474.9736987181
qm_cb,qm_phc/qm_t,qm_r,qm_v,qm,m_z
0.10998,0.005165661756837567,0.029514129753729575,0.00748364376029345,0.11514566175683756,0.516566175683757
number of iterations,25,Execution time: ,16.385760068893433
