architecture,t_cbt,t_hxt,eta_hpfp,eta_r,p_cbt,qm_cb0,t0,p0,tpr_hx,Q_hx,pcc,v
dual,500,190,0.71,0.71,1330000.0,0.11,25.2,345000.0,0.95,149000.0,True,0
P_hpfp,P_rv,p_hpfp
43309.832355340084,30580.271311460398,1889366.2728249198
Q,Q_phc
770841.8009646911,621841.8009646911
qm_cb,qm_phc/qm_t,qm_r,qm_v,qm,m_z
0.11,0.0053344776487101436,0.04373210990843111,0.007494732393824625,0.11533447764871015,0.5334477648710143
number of iterations,19,Execution time: ,10.863008260726929
