architecture,t_cbt,t_hxt,eta_hpfp,eta_r,p_cbt,qm_cb0,t0,p0,tpr_hx,Q_hx,pcc,v
dual,500,160,0.71,0.71,1330000.0,0.11,25.2,345000.0,0.95,149000.0,True,0
P_hpfp,P_rv,p_hpfp
43291.28755960128,20661.573278939617,1889366.2728249198
Q,Q_phc
780409.4476006628,631409.4476006628
qm_cb,qm_phc/qm_t,qm_r,qm_v,qm,m_z
0.11,0.005284027936443144,0.029553870919091802,0.007491485015482994,0.11528402793644314,0.5284027936443143
number of iterations,19,Execution time: ,10.345306873321533
