architecture,t_cbt,t_hxt,eta_hpfp,eta_r,p_cbt,qm_cb0,t0,p0,tpr_hx,Q_hx,pcc,v
dual,500,140,0.71,0.71,1330000.0,0.11,25.2,345000.0,0.95,149000.0,True,0
P_hpfp,P_rv,p_hpfp
43206.9009493409,14981.373438682906,1889366.2728249198
Q,Q_phc
785902.0588271403,636902.0588271403
qm_cb,qm_phc/qm_t,qm_r,qm_v,qm,m_z
0.11,0.0052467799263596565,0.021428886670669767,0.007483235779239012,0.11524677992635966,0.5246779926359656
number of iterations,21,Execution time: ,14.479552507400513
