architecture,t_cbt,t_hxt,eta_hpfp,eta_r,p_cbt,qm_cb0,t0,p0,tpr_hx,Q_hx,pcc,v
dual,500,110,0.71,0.71,1330000.0,0.10998,25.2,345000.0,0.95,159000.0,True,0
P_hpfp,P_rv,p_hpfp
43083.202214201774,7857.763190686734,1889258.8614393128
Q,Q_phc
791764.8659652305,632764.8659652305
qm_cb,qm_phc/qm_t,qm_r,qm_v,qm,m_z
0.10998,0.005077492794523797,0.011244144555529481,0.007466479848836149,0.11505749279452379,0.5077492794523802
number of iterations,31,Execution time: ,22.552382707595825
