architecture,t_cbt,t_hxt,eta_hpfp,eta_r,p_cbt,qm_cb0,t0,p0,tpr_hx,Q_hx,pcc,v
dual,500,110,0.71,0.71,1330000.0,0.10591918049112789,25.2,345000.0,0.95,159000.0,True,0
P_hpfp,P_rv,p_hpfp
41729.87982808596,7612.566114313983,1889258.8614393128
Q,Q_phc
766934.5531872375,607934.5531872375
qm_cb,qm_phc/qm_t,qm_r,qm_v,qm,qm_pot
0.10591918049112789,0.004567418467573367,0.01089296286718835,0.007232092596960029,0.11048659895870126,0.0009624754982717809
number of iterations,32,Execution time: ,17.169799089431763
