architecture,t_cbt,t_hxt,eta_hpfp,eta_r,p_cbt,qm_cb0,t0,p0,tpr_hx,Q_hx,pcc,v
dual,500,100,0.71,0.71,1330000.0,0.11,25.2,345000.0,0.95,149000.0,True,0
P_hpfp,P_rv,p_hpfp
43100.483848676566,5884.254460384148,1889366.2728249198
Q,Q_phc
794553.659721071,645553.659721071
qm_cb,qm_phc/qm_t,qm_r,qm_v,qm,m_z
0.11,0.005171295960090327,0.008418837879243798,0.007471865860347849,0.11517129596009033,0.5171295960090326
number of iterations,25,Execution time: ,21.08304214477539
