architecture,t_cbt,t_hxt,eta_hpfp,eta_r,p_cbt,qm_cb0,t0,p0,tpr_hx,Q_hx,pcc,v
dual,500,150,0.71,0.71,1330000.0,0.11,25.2,345000.0,0.95,149000.0,True,0
P_hpfp,P_rv,p_hpfp
43245.62804125756,17730.256848038778,1889366.2728249198
Q,Q_phc
783252.4452946585,634252.4452946585
qm_cb,qm_phc/qm_t,qm_r,qm_v,qm,m_z
0.11,0.005265672389311197,0.025360714628147544,0.0074870826148078174,0.1152656723893112,0.5265672389311197
number of iterations,20,Execution time: ,12.727357625961304
