architecture,t_cbt,t_hxt,eta_hpfp,eta_r,p_cbt,qm_cb0,t0,p0,tpr_hx,Q_hx,pcc,v
dual,500,190,0.71,0.71,1330000.0,0.10591918049112789,25.2,345000.0,0.95,159000.0,True,0
P_hpfp,P_rv,p_hpfp
42027.12774609232,29669.89638270309,1889258.8614393119
Q,Q_phc
748089.128037486,589089.128037486
qm_cb,qm_phc/qm_t,qm_r,qm_v,qm,qm_pot
0.10591918049112789,0.004777489231201378,0.04244218404391047,0.007273405367693121,0.11069666972232926,0.0012315213316798728
number of iterations,26,Execution time: ,13.666050672531128
