architecture,t_cbt,t_hxt,eta_hpfp,eta_r,p_cbt,qm_cb0,t0,p0,tpr_hx,Q_hx,pcc,v
dual,500,140,0.71,0.71,1330000.0,0.10998,25.2,345000.0,0.95,159000.0,True,0
P_hpfp,P_rv,p_hpfp
43176.834212894115,14953.026997731326,1889258.8614393123
Q,Q_phc
784967.3845473955,625967.3845473955
qm_cb,qm_phc/qm_t,qm_r,qm_v,qm,m_z
0.10998,0.0051309339319162706,0.02139502219448711,0.007476320947444112,0.11511093393191626,0.5130933931916274
number of iterations,27,Execution time: ,18.630655527114868
