architecture,t_cbt,t_hxt,eta_hpfp,eta_r,p_cbt,qm_cb0,t0,p0,tpr_hx,Q_hx,pcc,v
dual,500,240,0.71,0.71,1330000.0,0.10591918049112789,25.2,345000.0,0.95,159000.0,True,0
P_hpfp,P_rv,p_hpfp
42153.28923643764,49726.839934479285,1889258.8614393119
Q,Q_phc
730428.267326377,571428.267326377
qm_cb,qm_phc/qm_t,qm_r,qm_v,qm,qm_pot
0.10591918049112789,0.004886423072199065,0.07112512712273547,0.007295519744488223,0.11080560356332696,0.001466958086136215
number of iterations,26,Execution time: ,12.792293071746826
