architecture,t_cbt,t_hxt,eta_hpfp,eta_r,p_cbt,qm_cb0,t0,p0,tpr_hx,Q_hx,pcc,v
dual,500,210,0.71,0.71,1330000.0,0.10591918049112789,25.2,345000.0,0.95,159000.0,True,0
P_hpfp,P_rv,p_hpfp
42076.730258751275,37036.391200775324,1889258.8614393119
Q,Q_phc
741664.8767110442,582664.8767110442
qm_cb,qm_phc/qm_t,qm_r,qm_v,qm,qm_pot
0.10591918049112789,0.004825660839024908,0.05297668100525897,0.007282100852911715,0.1107448413301528,0.0013187698316136007
number of iterations,26,Execution time: ,13.303198337554932
