architecture,t_cbt,t_hxt,eta_hpfp,eta_r,p_cbt,qm_cb0,t0,p0,tpr_hx,Q_hx,pcc,v
dual,500,250,0.71,0.71,1330000.0,0.10591918049112789,25.2,345000.0,0.95,159000.0,True,0
P_hpfp,P_rv,p_hpfp
42211.91948358807,54466.945687545114,1889258.8614393095
Q,Q_phc
726149.8107472188,567149.8107472188
qm_cb,qm_phc/qm_t,qm_r,qm_v,qm,qm_pot
0.10591918049112789,0.004902343478574758,0.07790596453947972,0.007302909503494693,0.11082152396970264,0.0015220731983378538
number of iterations,25,Execution time: ,12.448688745498657
