architecture,t_cbt,t_hxt,eta_hpfp,eta_r,p_cbt,qm_cb0,t0,p0,tpr_hx,Q_hx,pcc,v
dual,500,270,0.71,0.71,1330000.0,0.11,25.2,345000.0,0.95,149000.0,True,0
P_hpfp,P_rv,p_hpfp
43329.44911836092,66618.00286768746,1889366.2728249198
Q,Q_phc
735152.2769434642,586152.2769434642
qm_cb,qm_phc/qm_t,qm_r,qm_v,qm,m_z
0.11,0.005384685301317016,0.09525049301378646,0.007498060371478258,0.11538468530131701,0.5384685301317016
number of iterations,19,Execution time: ,9.895445108413696
