architecture,t_cbt,t_hxt,eta_hpfp,eta_r,p_cbt,qm_cb0,t0,p0,tpr_hx,Q_hx,pcc,v
dual,500,230,0.71,0.71,1330000.0,0.10998,25.2,345000.0,0.95,159000.0,True,0
P_hpfp,P_rv,p_hpfp
43280.29528882602,46469.82502250339,1889258.8614393095
Q,Q_phc
754229.8923707807,595229.8923707807
qm_cb,qm_phc/qm_t,qm_r,qm_v,qm,m_z
0.10998,0.0052514611019282564,0.06646902313733334,0.007489193923387859,0.11523146110192825,0.5251461101928262
number of iterations,25,Execution time: ,17.832215785980225
