architecture,t_cbt,t_hxt,eta_hpfp,eta_r,p_cbt,qm_cb0,t0,p0,tpr_hx,Q_hx,pcc,v
dual,500,220,0.71,0.71,1330000.0,0.10998,25.2,345000.0,0.95,159000.0,True,0
P_hpfp,P_rv,p_hpfp
43277.72327175543,42156.756236636735,1889258.8614393095
Q,Q_phc
758495.983278001,599495.983278001
qm_cb,qm_phc/qm_t,qm_r,qm_v,qm,m_z
0.10998,0.0052446958861706305,0.060300894649144426,0.007488751360238154,0.11522469588617062,0.5244695886170626
number of iterations,25,Execution time: ,17.667836666107178
