architecture,t_cbt,t_hxt,eta_hpfp,eta_r,p_cbt,qm_cb0,t0,p0,tpr_hx,Q_hx,pcc,v
dual,500,260,0.71,0.71,1330000.0,0.10998,25.2,345000.0,0.95,159000.0,True,0
P_hpfp,P_rv,p_hpfp
43282.083503538226,61019.97801620716,1889258.8614393095
Q,Q_phc
739707.1340678658,580707.1340678658
qm_cb,qm_phc/qm_t,qm_r,qm_v,qm,m_z
0.10998,0.0052554455432533564,0.08727747274713003,0.0074894782398819615,0.11523544554325335,0.5255445543253358
number of iterations,25,Execution time: ,17.62089252471924
