architecture,t_cbt,t_hxt,eta_hpfp,eta_r,p_cbt,qm_cb0,t0,p0,tpr_hx,Q_hx,pcc,v
dual,500,210,0.71,0.71,1330000.0,0.11,25.2,345000.0,0.95,149000.0,True,0
P_hpfp,P_rv,p_hpfp
43319.734114427476,38135.70494779892,1889366.2728249198
Q,Q_phc
763471.3712590598,614471.3712590598
qm_cb,qm_phc/qm_t,qm_r,qm_v,qm,m_z
0.11,0.0053610839931308146,0.05453275781162517,0.007496455012291855,0.11536108399313082,0.5361083993130814
number of iterations,19,Execution time: ,10.332367181777954
