architecture,t_cbt,t_hxt,eta_hpfp,eta_r,p_cbt,qm_cb0,t0,p0,tpr_hx,Q_hx,pcc,v
dual,500,270,0.71,0.71,1330000.0,0.10591918049112789,25.2,345000.0,0.95,159000.0,True,0
P_hpfp,P_rv,p_hpfp
42264.43539928982,64919.481928812966,1889258.8614393095
Q,Q_phc
716698.8737476993,557698.8737476993
qm_cb,qm_phc/qm_t,qm_r,qm_v,qm,qm_pot
0.10591918049112789,0.004926663167542634,0.09285429409192511,0.007312133965524308,0.11084584365867052,0.001641675436355735
number of iterations,25,Execution time: ,12.560553073883057
