architecture,t_cbt,t_hxt,eta_hpfp,eta_r,p_cbt,qm_cb0,t0,p0,tpr_hx,Q_hx,pcc,v
dual,500,260,0.71,0.71,1330000.0,0.11,25.2,345000.0,0.95,149000.0,True,0
P_hpfp,P_rv,p_hpfp
43330.569718723316,61122.15538538496,1889366.2728249198
Q,Q_phc
740674.4138241673,591674.4138241673
qm_cb,qm_phc/qm_t,qm_r,qm_v,qm,m_z
0.11,0.005388428798163099,0.08739362411675355,0.007498280100859972,0.1153884287981631,0.5388428798163098
number of iterations,19,Execution time: ,10.163817405700684
