architecture,t_cbt,t_hxt,eta_hpfp,eta_r,p_cbt,qm_cb0,t0,p0,tpr_hx,Q_hx,pcc,v
dual,500,220,0.71,0.71,1330000.0,0.11,25.2,345000.0,0.95,149000.0,True,0
P_hpfp,P_rv,p_hpfp
43323.68757564478,42225.972809567575,1889366.2728249198
Q,Q_phc
759453.970089412,610453.970089412
qm_cb,qm_phc/qm_t,qm_r,qm_v,qm,m_z
0.11,0.005371570763071941,0.0603799997948703,0.007497138172029576,0.11537157076307195,0.537157076307194
number of iterations,19,Execution time: ,9.788198232650757
