architecture,t_cbt,t_hxt,eta_hpfp,eta_r,p_cbt,qm_cb0,t0,p0,tpr_hx,Q_hx,pcc,v
dual,500,280,0.71,0.71,1330000.0,0.10998,25.2,345000.0,0.95,159000.0,True,0
P_hpfp,P_rv,p_hpfp
43276.990649295665,72372.07664532779,1889258.8614393095
Q,Q_phc
728253.1845399879,569253.1845399879
qm_cb,qm_phc/qm_t,qm_r,qm_v,qm,m_z
0.10998,0.005240844148991966,0.10351248325271026,0.007488562724901273,0.11522084414899196,0.524084414899196
number of iterations,25,Execution time: ,16.447127103805542
