architecture,t_cbt,t_hxt,eta_hpfp,eta_r,p_cbt,qm_cb0,t0,p0,tpr_hx,Q_hx,pcc,v
dual,270,220,0.71,0.71,1330000.0,0.10895862351703661,25.2,345000.0,0.95,151050.0,True,0
P_hpfp,P_rv,p_hpfp
43813.79146394594,97209.20530080849,1889258.8614393123
Q,Q_phc
294303.3028596007,143253.3028596007
qm_cb,qm_phc/qm_t,qm_r,qm_v,qm
0.10895862351703661,0.0011866278283879095,0.25678171574184017,0.014047122262727387,0.11014525134542452
number of iterations,27,Execution time: ,8.337839841842651
