architecture,t_cbt,t_hxt,eta_hpfp,eta_r,p_cbt,qm_cb0,t0,p0,tpr_hx,Q_hx,pcc,v
dual,270,220,0.71,0.71,1330000.0,0.10906609906078037,25.2,345000.0,0.9475,159000.0,True,0
P_hpfp,P_rv,p_hpfp
44589.17875062208,87859.09973500717,1894243.713316461
Q,Q_phc
249483.85257534008,90483.85257534008
qm_cb,qm_phc/qm_t,qm_r,qm_v,qm
0.10906609906078037,0.0007546777304498764,0.22900839813867796,0.016334883389168532,0.10982077679123024
number of iterations,28,Execution time: ,6.022600173950195
