architecture,t_cbt,t_hxt,eta_hpfp,eta_r,p_cbt,qm_cb0,t0,p0,tpr_hx,Q_hx,pcc,v
dual,270,220,0.71,0.71,1330000.0,0.10895757945940257,25.2,345000.0,0.945,159000.0,True,0
P_hpfp,P_rv,p_hpfp
44668.278033550494,100242.99300306226,1899254.9400712666
Q,Q_phc
297248.38471426803,138248.38471426803
qm_cb,qm_phc/qm_t,qm_r,qm_v,qm,qm_pot
0.10895757945940257,0.0011451101792133592,0.2586873127799088,0.014262883865141955,0.11010268963861593,0.0017715216358054045
number of iterations,28,Execution time: ,16.37846088409424
