architecture,t_cbt,t_hxt,eta_hpfp,eta_r,p_cbt,qm_cb0,t0,p0,tpr_hx,Q_hx,pcc,v
dual,270,220,0.71,0.71,1330000.0,0.10895862351703661,25.2,345000.0,0.9475,159000.0,True,0
P_hpfp,P_rv,p_hpfp
43881.264523658785,97878.43724695197,1894243.7133164608
Q,Q_phc
293279.3927001247,134279.3927001247
qm_cb,qm_phc/qm_t,qm_r,qm_v,qm
0.10895862351703661,0.0011139598460940953,0.2555423209716015,0.014037854910984427,0.11007258336313071
number of iterations,27,Execution time: ,8.250527620315552
