architecture,t_cbt,t_hxt,eta_hpfp,eta_r,p_cbt,qm_cb0,t0,p0,tpr_hx,Q_hx,pcc,v
dual,300,160,0.71,0.71,1330000.0,0.11,25.2,345000.0,0.94,149000.0,True,0
P_hpfp,P_rv,p_hpfp
44444.04915083698,29123.573189013605,1909465.9140251847
Q,Q_phc
420471.1095576256,271471.1095576256
qm_cb,qm_phc/qm_t,qm_r,qm_v,qm,m_z
0.11,0.0022254765280761094,0.06610929734802594,0.012681837149414307,0.11222547652807612,0.22254765280761094
number of iterations,20,Execution time: ,11.497901916503906
