architecture,t_cbt,t_hxt,eta_hpfp,eta_r,p_cbt,qm_cb0,t0,p0,tpr_hx,Q_hx,pcc,v
dual,270,220,0.71,0.71,1330000.0,0.10906609906078037,25.2,345000.0,0.95,159000.0,True,0
P_hpfp,P_rv,p_hpfp
44530.68915905007,87475.79794754376,1891188.6457717328
Q,Q_phc
249938.67629347646,90938.67629347646
qm_cb,qm_phc/qm_t,qm_r,qm_v,qm
0.10906609906078037,0.0007584250496385087,0.22964850256572386,0.016335445293718335,0.10982452411041888
number of iterations,28,Execution time: ,6.0281078815460205
