architecture,t_cbt,t_hxt,eta_hpfp,eta_r,p_cbt,qm_cb0,t0,p0,tpr_hx,Q_hx,pcc,v
dual,270,220,0.71,0.71,1330000.0,0.10895757945940257,25.2,345000.0,0.95,159000.0,True,0
P_hpfp,P_rv,p_hpfp
44546.928469335544,99331.96006591484,1893122.3764933809
Q,Q_phc
298269.8188858548,139269.8188858548
qm_cb,qm_phc/qm_t,qm_r,qm_v,qm,qm_pot
0.10895757945940257,0.0011534387412125186,0.26000775549845756,0.014262530140547125,0.11011101820061509,0.0017604229527821108
number of iterations,28,Execution time: ,16.62953472137451
