architecture,t_cbt,t_hxt,eta_hpfp,eta_r,p_cbt,qm_cb0,t0,p0,tpr_hx,Q_hx,pcc,v
dual,270,220,0.67,0.71,1330000.0,0.10895862351703661,25.2,345000.0,0.95,159000.0,True,0
P_hpfp,P_rv,p_hpfp
46395.5236025253,96274.96392018614,1889258.8614393123
Q,Q_phc
292338.0939332372,133338.0939332372
qm_cb,qm_phc/qm_t,qm_r,qm_v,qm
0.10895862351703661,0.0011062395138148468,0.2543176245856479,0.014036845010301545,0.11006486303085146
number of iterations,27,Execution time: ,8.301162242889404
