architecture,t_cbt,t_hxt,eta_hpfp,eta_r,p_cbt,qm_cb0,t0,p0,tpr_hx,Q_hx,pcc,v
dual,270,220,0.67,0.71,1330000.0,0.10906609906078037,25.2,345000.0,0.95,159000.0,True,0
P_hpfp,P_rv,p_hpfp
47143.64016465288,86286.78411783537,1889258.8614393126
Q,Q_phc
248472.687411094,89472.687411094
qm_cb,qm_phc/qm_t,qm_r,qm_v,qm
0.10906609906078037,0.0007463335006528682,0.22756477762065297,0.01633361172857875,0.10981243256143323
number of iterations,28,Execution time: ,5.960071563720703
