architecture,t_cbt,t_hxt,eta_hpfp,eta_r,p_cbt,qm_cb0,t0,p0,tpr_hx,Q_hx,pcc,v
dual,300,160,0.6699999999999999,0.71,1330000.0,0.11,25.2,345000.0,0.95,149000.0,True,0
P_hpfp,P_rv,p_hpfp
46681.25564772676,27657.4807153915,1889366.2728249198
Q,Q_phc
419671.8741665263,270671.8741665263
qm_cb,qm_phc/qm_t,qm_r,qm_v,qm,m_z
0.11,0.002219111041789004,0.06575496959445092,0.01268108389818167,0.112219111041789,0.2219111041789004
number of iterations,20,Execution time: ,11.698500394821167
