architecture,t_cbt,t_hxt,eta_hpfp,eta_r,p_cbt,qm_cb0,t0,p0,tpr_hx,Q_hx,pcc,v
dual,270,220,0.6454545454545454,0.71,1330000.0,0.10895757945940257,25.2,345000.0,0.95,159000.0,True,0
P_hpfp,P_rv,p_hpfp
48920.980751775925,97290.82019852303,1889258.8614393126
Q,Q_phc
295961.6422937355,136961.64229373552
qm_cb,qm_phc/qm_t,qm_r,qm_v,qm,qm_pot
0.10895757945940257,0.0011345962858898577,0.25699351966876427,0.014263338997349278,0.11009217574529243,0.0017855240086904174
number of iterations,28,Execution time: ,17.88960576057434
