architecture,t_cbt,t_hxt,eta_hpfp,eta_r,p_cbt,qm_cb0,t0,p0,tpr_hx,Q_hx,pcc,v
dual,270,220,0.71,0.71,1330000.0,0.11391218887060257,25.2,345000.0,0.95,159000.0,True,0
P_hpfp,P_rv,p_hpfp
45802.14260586835,101620.70796020007,1889258.8614393123
Q,Q_phc
307659.2698780983,148659.26987809828
qm_cb,qm_phc/qm_t,qm_r,qm_v,qm
0.11391218887060257,0.0012316344692339803,0.2684348740514801,0.014684604708497032,0.11514382333983655
number of iterations,27,Execution time: ,8.328196048736572
