architecture,t_cbt,t_hxt,eta_hpfp,eta_r,p_cbt,qm_cb0,t0,p0,tpr_hx,Q_hx,pcc,v
dual,270,220,0.71,0.71,1330000.0,0.10895862351703661,25.2,345000.0,0.95,159000.0,True,0
P_hpfp,P_rv,p_hpfp
43963.3448393752,96857.63643918028,1898329.752953813
Q,Q_phc
294249.49540198187,135249.49540198187
qm_cb,qm_phc/qm_t,qm_r,qm_v,qm
0.10895862351703661,0.001121900100081466,0.25678998171870476,0.014038873769468175,0.11008052361711808
number of iterations,27,Execution time: ,7.962890148162842
