architecture,t_cbt,t_hxt,eta_hpfp,eta_r,p_cbt,qm_cb0,t0,p0,tpr_hx,Q_hx,pcc,v
dual,300,160,0.71,0.71,1330000.0,0.10998,25.2,345000.0,0.95,159000.0,True,0
P_hpfp,P_rv,p_hpfp
44343.47882557827,27842.084218762247,1907400.6443469862
Q,Q_phc
421467.4228272286,262467.4228272286
qm_cb,qm_phc/qm_t,qm_r,qm_v,qm,m_z
0.10998,0.002157572942110289,0.06670764100279045,0.012661899602137866,0.11213757294211028,0.21575729421102907
number of iterations,9,Execution time: ,4.106618165969849
