architecture,t_cbt,t_hxt,eta_hpfp,eta_r,p_cbt,qm_cb0,t0,p0,tpr_hx,Q_hx,pcc,v
dual,300,160,0.71,0.71,1330000.0,0.10998,25.2,345000.0,0.95,159000.0,True,0
P_hpfp,P_rv,p_hpfp
43992.30392521361,28071.939196462485,1889258.861322582
Q,Q_phc
421593.22631952155,262593.22631952155
qm_cb,qm_phc/qm_t,qm_r,qm_v,qm,m_z
0.10998,0.0021585914239804493,0.0667689253414481,0.012662022553120097,0.11213859142398044,0.21585914239804524
number of iterations,9,Execution time: ,3.4555211067199707
