architecture,t_cbt,t_hxt,eta_hpfp,eta_r,p_cbt,qm_cb0,t0,p0,tpr_hx,Q_hx,pcc,v
dual,270,220,0.71,0.71,1330000.0,0.10895862351703661,25.2,345000.0,0.95,159000.0,True,0
P_hpfp,P_rv,p_hpfp
43787.71716090958,97151.12580974877,1889258.8614393123
Q,Q_phc
294127.70147414575,135127.70147414575
qm_cb,qm_phc/qm_t,qm_r,qm_v,qm
0.10895862351703661,0.0011209051749102722,0.25662837479985334,0.014038747838251561,0.11007952869194688
number of iterations,27,Execution time: ,7.998992443084717
