architecture,t_cbt,t_hxt,eta_hpfp,eta_r,p_cbt,qm_cb0,t0,p0,tpr_hx,Q_hx,pcc,v
after,300,160,0.71,0.71,1330000.0,0.10998,25.2,345000.0,0.95,151050.0,True,0
P_hpfp,P_rv,p_hpfp
39385.86296199778,25327.34027474405,1889258.852696622
Q,Q_phc
429379.43931145826,278329.43931145826
qm_cb,qm_phc/qm_t,qm_r,qm_v,qm,m_z
0.10998,0.0022574447833757644,0.060173729711968896,0,0.11223744478337576,0.22574447833757608
number of iterations,7,Execution time: ,3.8007595539093018
