architecture,t_cbt,t_hxt,eta_hpfp,eta_r,p_cbt,qm_cb0,t0,p0,tpr_hx,Q_hx,pcc,v
after,270,220,0.71,0.71,1330000.0,0.10895862351703661,25.2,345000.0,0.95,151050.0,True,0
P_hpfp,P_rv,p_hpfp
38702.54528939724,86598.7847835322,1889258.8612891329
Q,Q_phc
310521.3163130145,159471.31631301448
qm_cb,qm_phc/qm_t,qm_r,qm_v,qm
0.10895862351703661,0.0013122123355882864,0.22858113735868432,0,0.1102708358526249
number of iterations,16,Execution time: ,5.19892430305481
