architecture,t_cbt,t_hxt,eta_hpfp,eta_r,p_cbt,qm_cb0,t0,p0,tpr_hx,Q_hx,pcc,v
after,270,220,0.71,0.71,1330000.0,0.10906609906078037,25.2,345000.0,0.9475,159000.0,True,0
P_hpfp,P_rv,p_hpfp
42535.65436246079,95930.06965541278,1894243.6930881506
Q,Q_phc
243273.95344501434,84273.95344501434
qm_cb,qm_phc/qm_t,qm_r,qm_v,qm
0.10906609906078037,0.0006993396168984978,0.1626098233182984,0,0.10976543867767886
number of iterations,12,Execution time: ,2.6919612884521484
