architecture,t_cbt,t_hxt,eta_hpfp,eta_r,p_cbt,qm_cb0,t0,p0,tpr_hx,Q_hx,pcc,v
after,270,220,0.71,0.71,1330000.0,0.10895862351703661,25.2,345000.0,0.9475,159000.0,True,0
P_hpfp,P_rv,p_hpfp
38762.73254066965,87190.20080090762,1894243.7131446328
Q,Q_phc
309588.8020196667,150588.8020196667
qm_cb,qm_phc/qm_t,qm_r,qm_v,qm
0.10895862351703661,0.0012411368792053928,0.22747043052635949,0,0.110199760396242
number of iterations,16,Execution time: ,4.817910671234131
