architecture,t_cbt,t_hxt,eta_hpfp,eta_r,p_cbt,qm_cb0,t0,p0,tpr_hx,Q_hx,pcc,v
after,300,160,0.71,0.71,1330000.0,0.11,25.2,345000.0,0.94,149000.0,True,0
P_hpfp,P_rv,p_hpfp
39745.33012900611,26317.675408276085,1909465.9139913886
Q,Q_phc
428139.38980827114,279139.38980827114
qm_cb,qm_phc/qm_t,qm_r,qm_v,qm,m_z
0.11,0.0022626243449892294,0.059648820132207514,0,0.11226262434498924,0.22626243449892294
number of iterations,10,Execution time: ,5.626732587814331
