architecture,t_cbt,t_hxt,eta_hpfp,eta_r,p_cbt,qm_cb0,t0,p0,tpr_hx,Q_hx,pcc,v
after,270,220,0.71,0.71,1330000.0,0.10895862351703661,25.2,345000.0,0.9475,159000.0,True,0
P_hpfp,P_rv,p_hpfp
42585.08545222425,110502.73761296355,1894243.707175399
Q,Q_phc
281547.6208158261,122547.62081582611
qm_cb,qm_phc/qm_t,qm_r,qm_v,qm
0.10895862351703661,0.0010118291094513149,0.1877616259683958,0,0.10997045262648793
number of iterations,13,Execution time: ,3.9453816413879395
