architecture,t_cbt,t_hxt,eta_hpfp,eta_r,p_cbt,qm_cb0,t0,p0,tpr_hx,Q_hx,pcc,v
after,270,220,0.71,0.71,1330000.0,0.10895862351703661,25.2,345000.0,0.945,159000.0,True,0
P_hpfp,P_rv,p_hpfp
39420.60414898031,89151.30812425546,1899254.939875014
Q,Q_phc
313387.35140992474,154387.35140992474
qm_cb,qm_phc/qm_t,qm_r,qm_v,qm,qm_pot
0.10895862351703661,0.0012689827953295378,0.2298875340580994,0,0.11022760631236615,0.0015959022255429857
number of iterations,16,Execution time: ,9.364080667495728
