architecture,t_cbt,t_hxt,eta_hpfp,eta_r,p_cbt,qm_cb0,t0,p0,tpr_hx,Q_hx,pcc,v
after,270,220,0.71,0.71,1330000.0,0.10895862351703661,25.2,345000.0,0.95,159000.0,True,0
P_hpfp,P_rv,p_hpfp
38711.880425126474,86797.01310821957,1891188.6456134687
Q,Q_phc
310047.56748298754,151047.56748298754
qm_cb,qm_phc/qm_t,qm_r,qm_v,qm
0.10895862351703661,0.0012448627303255078,0.22806695667376317,0,0.11020348624736212
number of iterations,16,Execution time: ,4.7194037437438965
