architecture,t_cbt,t_hxt,eta_hpfp,eta_r,p_cbt,qm_cb0,t0,p0,tpr_hx,Q_hx,pcc,v
after,270,220,0.71,0.71,1330000.0,0.10895862351703661,25.2,345000.0,0.95,159000.0,True,0
P_hpfp,P_rv,p_hpfp
39313.59100212288,88348.75304781715,1893122.376326643
Q,Q_phc
314287.11026758014,155287.11026758014
qm_cb,qm_phc/qm_t,qm_r,qm_v,qm,qm_pot
0.10895862351703661,0.0012762562726818742,0.23107494419076316,0,0.11023487978971849,0.0015861468052321755
number of iterations,16,Execution time: ,9.565286874771118
