architecture,t_cbt,t_hxt,eta_hpfp,eta_r,p_cbt,qm_cb0,t0,p0,tpr_hx,Q_hx,pcc,v
after,270,220,0.71,0.71,1330000.0,0.10895862351703661,25.2,345000.0,0.95,159000.0,True,0
P_hpfp,P_rv,p_hpfp
42529.10213621635,110231.73428033652,1891188.6400521093
Q,Q_phc
281885.4111143218,122885.41111432179
qm_cb,qm_phc/qm_t,qm_r,qm_v,qm
0.10895862351703661,0.0010145626238987349,0.18820110263401985,0,0.10997318614093535
number of iterations,13,Execution time: ,3.931382417678833
