architecture,t_cbt,t_hxt,eta_hpfp,eta_r,p_cbt,qm_cb0,t0,p0,tpr_hx,Q_hx,pcc,v
after,300,160,0.71,0.71,1330000.0,0.10998,25.2,345000.0,0.95,159000.0,True,0
P_hpfp,P_rv,p_hpfp
39497.665420413294,25677.28436282006,1897001.7141379882
Q,Q_phc
428632.6881514712,269632.6881514712
qm_cb,qm_phc/qm_t,qm_r,qm_v,qm,m_z
0.10998,0.0021927035044827237,0.05991026372229285,0,0.11217270350448272,0.21927035044827245
number of iterations,7,Execution time: ,3.5993449687957764
