architecture,t_cbt,t_hxt,eta_hpfp,eta_r,p_cbt,qm_cb0,t0,p0,tpr_hx,Q_hx,pcc,v
after,270,220,0.71,0.67,1330000.0,0.10906609906078037,25.2,345000.0,0.95,159000.0,True,0
P_hpfp,P_rv,p_hpfp
42434.37406762013,98546.62164779019,1889258.8433249607
Q,Q_phc
240685.63331718364,81685.63331718364
qm_cb,qm_phc/qm_t,qm_r,qm_v,qm
0.10906609906078037,0.0006783352689899574,0.15890315023585966,0,0.10974443432977032
number of iterations,12,Execution time: ,2.503279209136963
