architecture,t_cbt,t_hxt,eta_hpfp,eta_r,p_cbt,qm_cb0,t0,p0,tpr_hx,Q_hx,pcc,v
after,270,220,0.6454545454545454,0.71,1330000.0,0.10895862351703661,25.2,345000.0,0.95,159000.0,True,0
P_hpfp,P_rv,p_hpfp
43173.465102055045,86545.33559852658,1889258.8612891329
Q,Q_phc
312252.9252539891,153252.92525398912
qm_cb,qm_phc/qm_t,qm_r,qm_v,qm,qm_pot
0.10895862351703661,0.0012597809680564072,0.2284224039267136,0,0.11021840448509301,0.0016082572278436978
number of iterations,16,Execution time: ,9.412456035614014
