architecture,t_cbt,t_hxt,eta_hpfp,eta_r,p_cbt,qm_cb0,t0,p0,tpr_hx,Q_hx,pcc,v
after,270,220,0.67,0.71,1330000.0,0.10895862351703661,25.2,345000.0,0.95,159000.0,True,0
P_hpfp,P_rv,p_hpfp
45025.755965654804,108950.29458705905,1889258.855973307
Q,Q_phc
280629.78942282934,121629.78942282934
qm_cb,qm_phc/qm_t,qm_r,qm_v,qm
0.10895862351703661,0.0010043387979041113,0.18658320986711371,0,0.10996296231494072
number of iterations,13,Execution time: ,3.746232271194458
