architecture,t_cbt,t_hxt,eta_hpfp,eta_r,p_cbt,qm_cb0,t0,p0,tpr_hx,Q_hx,pcc,v
after,270,220,0.71,0.71,1330000.0,0.11391218887060257,25.2,345000.0,0.95,159000.0,True,0
P_hpfp,P_rv,p_hpfp
40458.9694577692,90528.80819381787,1889258.8612891329
Q,Q_phc
324613.6564991452,165613.6564991452
qm_cb,qm_phc/qm_t,qm_r,qm_v,qm
0.11391218887060257,0.0013630300196203066,0.23895464973848995,0,0.11527521889022288
number of iterations,16,Execution time: ,4.892081022262573
