architecture,t_cbt,t_hxt,eta_hpfp,eta_r,p_cbt,qm_cb0,t0,p0,tpr_hx,Q_hx,pcc,v
after,270,220,0.71,0.71,1330000.0,0.10895862351703661,25.2,345000.0,0.95,159000.0,True,0
P_hpfp,P_rv,p_hpfp
42749.33487120972,111289.42435444379,1903222.3359365254
Q,Q_phc
280565.2634857963,121565.26348579628
qm_cb,qm_phc/qm_t,qm_r,qm_v,qm
0.10895862351703661,0.0010038789979552043,0.18648367984443587,0,0.10996250251499182
number of iterations,13,Execution time: ,3.8213024139404297
