architecture,t_cbt,t_hxt,eta_hpfp,eta_r,p_cbt,qm_cb0,t0,p0,tpr_hx,Q_hx,pcc,v
after,300,160,0.71,0.71,1330000.0,0.10998,25.2,345000.0,0.95,159000.0,True,0
P_hpfp,P_rv,p_hpfp
39521.989916434824,25209.863736274336,1898329.74403898
Q,Q_phc
429091.80122067523,270091.80122067523
qm_cb,qm_phc/qm_t,qm_r,qm_v,qm,m_z
0.10998,0.0021963418915297434,0.06011423290400329,0,0.11217634189152974,0.2196341891529749
number of iterations,7,Execution time: ,3.708336114883423
