architecture,t_cbt,t_hxt,eta_hpfp,eta_r,p_cbt,qm_cb0,t0,p0,tpr_hx,Q_hx,pcc,v
after,270,220,0.71,0.71,1330000.0,0.10906609906078037,25.2,345000.0,0.95,159000.0,True,0
P_hpfp,P_rv,p_hpfp
42610.72133069885,96223.203944121,1898329.7344827915
Q,Q_phc
242895.05815151677,83895.05815151677
qm_cb,qm_phc/qm_t,qm_r,qm_v,qm
0.10906609906078037,0.000696264653297432,0.16206944822957808,0,0.1097623637140778
number of iterations,12,Execution time: ,2.4642422199249268
