architecture,t_cbt,t_hxt,eta_hpfp,eta_r,p_cbt,qm_cb0,t0,p0,tpr_hx,Q_hx,pcc,v
after,300,160,0.71,0.71,1330000.0,0.10998,25.2,345000.0,0.95,159000.0,True,0
P_hpfp,P_rv,p_hpfp
39678.98711063808,25107.033812175363,1907400.6353813377
Q,Q_phc
429035.6640188284,270035.6640188284
qm_cb,qm_phc/qm_t,qm_r,qm_v,qm,m_z
0.10998,0.0021958944043863615,0.060087010770261205,0,0.11217589440438636,0.2195894404386363
number of iterations,7,Execution time: ,3.5055930614471436
