architecture,t_cbt,t_hxt,eta_hpfp,eta_r,p_cbt,qm_cb0,t0,p0,tpr_hx,Q_hx,pcc,v
after,270,220,0.71,0.71,1330000.0,0.10895862351703661,25.2,345000.0,0.95,159000.0,True,0
P_hpfp,P_rv,p_hpfp
38834.882492327124,86286.85306125863,1898329.7528006765
Q,Q_phc
310447.5787299222,151447.57872992218
qm_cb,qm_phc/qm_t,qm_r,qm_v,qm
0.10895862351703661,0.0012481148341950687,0.22859170567173864,0,0.11020673835123168
number of iterations,16,Execution time: ,4.844062805175781
