architecture,t_cbt,t_hxt,eta_hpfp,eta_r,p_cbt,qm_cb0,t0,p0,tpr_hx,Q_hx,pcc,v
after,270,220,0.71,0.71,1330000.0,0.10906609906078037,25.2,345000.0,0.95,159000.0,True,0
P_hpfp,P_rv,p_hpfp
43150.07039545315,98243.34838632878,1927815.1429537234
Q,Q_phc
240262.34585040424,81262.34585040424
qm_cb,qm_phc/qm_t,qm_r,qm_v,qm
0.10906609906078037,0.0006752113189603115,0.1582750680289771,0,0.10974131037974068
number of iterations,13,Execution time: ,2.8904852867126465
