architecture,t_cbt,t_hxt,eta_hpfp,eta_r,p_cbt,qm_cb0,t0,p0,tpr_hx,Q_hx,pcc,v
after,270,220,0.71,0.71,1330000.0,0.10895862351703661,25.2,345000.0,0.95,159000.0,True,0
P_hpfp,P_rv,p_hpfp
39402.45700777448,87786.34718882594,1889258.8612891329
Q,Q_phc
314755.55261355406,155755.55261355406
qm_cb,qm_phc/qm_t,qm_r,qm_v,qm,qm_pot
0.10895862351703661,0.0012800431639085467,0.23169479457045153,0,0.11023866668094516,0.0015810701545066904
number of iterations,16,Execution time: ,6.77915096282959
