architecture,t_cbt,t_hxt,eta_hpfp,eta_r,p_cbt,qm_cb0,t0,p0,tpr_hx,Q_hx,pcc,v
after,270,220,0.71,0.71,1330000.0,0.10906609906078037,25.2,345000.0,0.95,159000.0,True,0
P_hpfp,P_rv,p_hpfp
42783.65919885271,95412.12067021824,1889258.8433249607
Q,Q_phc
243551.70222295134,84551.70222295134
qm_cb,qm_phc/qm_t,qm_r,qm_v,qm
0.10906609906078037,0.0007015837602014768,0.16300734207480633,0,0.10976768282098184
number of iterations,12,Execution time: ,2.3535220623016357
