architecture,t_cbt,t_hxt,eta_hpfp,eta_r,p_cbt,qm_cb0,t0,p0,tpr_hx,Q_hx,pcc,v
after,270,220,0.71,0.71,1330000.0,0.10895862351703661,25.2,345000.0,0.95,159000.0,True,0
P_hpfp,P_rv,p_hpfp
38988.06793326129,86443.8396675038,1889258.8612891329
Q,Q_phc
310127.0972071025,151127.09720710252
qm_cb,qm_phc/qm_t,qm_r,qm_v,qm
0.10895862351703661,0.0012455063545635109,0.22817275563275882,0,0.11020412987160012
number of iterations,16,Execution time: ,4.617295026779175
