architecture,t_cbt,t_hxt,eta_hpfp,eta_r,p_cbt,qm_cb0,t0,p0,tpr_hx,Q_hx,pcc,v
after,300,160,0.71,0.71,1330000.0,0.10998,25.2,345000.0,0.95,159000.0,True,0
P_hpfp,P_rv,p_hpfp
39364.57647566358,25313.652182830076,1889258.852696622
Q,Q_phc
429147.3765445154,270147.3765445154
qm_cb,qm_phc/qm_t,qm_r,qm_v,qm,m_z
0.10998,0.0021967849258814204,0.06014120826172546,0,0.11217678492588141,0.21967849258814143
number of iterations,7,Execution time: ,2.456836462020874
