architecture,t_cbt,t_hxt,eta_hpfp,eta_r,p_cbt,qm_cb0,t0,p0,tpr_hx,Q_hx,pcc,v
after,300,160,0.71,0.71,1330000.0,0.11,25.2,345000.0,0.95,149000.0,True,0
P_hpfp,P_rv,p_hpfp
39400.258431149945,25358.26528137033,1889366.2728233607
Q,Q_phc
429491.2350234459,280491.2350234459
qm_cb,qm_phc/qm_t,qm_r,qm_v,qm,m_z
0.11,0.0022732555456109766,0.06022084476415292,0,0.11227325554561098,0.22732555456109765
number of iterations,11,Execution time: ,7.650892734527588
