architecture,t_cbt,t_hxt,eta_hpfp,eta_r,p_cbt,qm_cb0,t0,p0,tpr_hx,Q_hx,pcc,v
pump,360,220,0.154,0.71,1330000.0,0.1077563810845868,25.2,420000.0,0.95,159000.0,True,0
P_hpfp,P_rv,p_hpfp
14332.966132388348,69455.19944363304,1707841.0753841824
Q,Q_phc
500866.9062815343,341866.9062815343
qm_cb,qm_phc/qm_t,qm_r,qm_v,qm
0.1077563810845868,0.00285327907998241,0.1272053063484051,0,0.1106096601645692
number of iterations,24,Execution time: ,9.627011775970459
