architecture,t_cbt,t_hxt,eta_hpfp,eta_r,p_cbt,qm_cb0,t0,p0,tpr_hx,Q_hx,pcc,v
dual,200,180,0.71,0.71,1330000.0,0.11,25.2,420000.0,0.95,159000.0,True,0
P_hpfp,P_rv,p_hpfp
35854.126133390884,113783.29067803785,1707841.0314439791
Q,Q_phc
165008.09432599973,6008.094325999729
qm_cb,qm_phc/qm_t,qm_r,qm_v,qm
0.11,4.744323775021653e-05,0.3752216253197476,0.020470836719857485,0.11004744323775022
number of iterations,32,Execution time: ,11.313159227371216
