architecture,t_cbt,t_hxt,eta_hpfp,eta_r,p_cbt,qm_cb0,t0,p0,tpr_hx,Q_hx,pcc,v
dual,420,100,0.71,0.71,1330000.0,0.1069693512063168,25.2,420000.0,0.95,159000.0,True,0
P_hpfp,P_rv,p_hpfp
32673.244794583738,7439.835489745645,1707841.0312334883
Q,Q_phc
641487.6186692256,482487.6186692256
qm_cb,qm_phc/qm_t,qm_r,qm_v,qm
0.1069693512063168,0.0036676413014275905,0.011694531363690586,0.008671098222856213,0.11063699250774439
number of iterations,34,Execution time: ,18.079642057418823
