architecture,t_cbt,t_hxt,eta_hpfp,eta_r,p_cbt,qm_cb0,t0,p0,tpr_hx,Q_hx,pcc,v
dual,520,260,0.71,0.71,1330000.0,0.10568652284042844,25.2,420000.0,0.95,159000.0,True,0
P_hpfp,P_rv,p_hpfp
32332.86460831711,61985.715199258164,1707841.037904032
Q,Q_phc
749244.7341907885,590244.7341907885
qm_cb,qm_phc/qm_t,qm_r,qm_v,qm
0.10568652284042844,0.005096257714663266,0.07875217881236461,0.006931904707275732,0.1107827805550917
number of iterations,27,Execution time: ,14.826097249984741
