architecture,t_cbt,t_hxt,eta_hpfp,eta_r,p_cbt,qm_cb0,t0,p0,tpr_hx,Q_hx,pcc,v
pump,150,130,0.154,0.71,1330000.0,0.11075846956705436,25.2,345000.0,0.95,159000.0,True,0
P_hpfp,P_rv,p_hpfp
17379.39370217617,68366.46318566882,1889258.8614393128
Q,Q_phc
142191.81945243478,-16808.18054756522
qm_cb,qm_phc/qm_t,qm_r,qm_v,qm,qm_pot
0.11075846956705436,-6.5052130349130266e-18,0.3253604686763685,0,0.11075846956705436,0.0010026636791832864
number of iterations,32,Execution time: ,12.416146993637085
