architecture,t_cbt,t_hxt,eta_hpfp,eta_r,p_cbt,qm_cb0,t0,p0,tpr_hx,Q_hx,pcc,v
pump,150,120,0.154,0.71,1330000.0,0.11075846956705436,25.2,345000.0,0.95,159000.0,True,0
P_hpfp,P_rv,p_hpfp
17226.410409168384,47200.30022742183,1889258.8614393126
Q,Q_phc
161504.52883226654,2504.5288322665438
qm_cb,qm_phc/qm_t,qm_r,qm_v,qm
0.11075846956705436,1.8878715952741487e-05,0.224641357416756,0,0.1107773482830071
number of iterations,28,Execution time: ,11.525048732757568
