architecture,t_cbt,t_hxt,eta_hpfp,eta_r,p_cbt,qm_cb0,t0,p0,tpr_hx,Q_hx,pcc,v
pump,150,100,0.154,0.71,1330000.0,0.10998,25.2,345000.0,0.95,159000.0,True,0
P_hpfp,P_rv,p_hpfp
17140.683350554315,26038.499483090112,1889258.861438937
Q,Q_phc
181480.93677098397,22480.93677098397
qm_cb,qm_phc/qm_t,qm_r,qm_v,qm,m_z
0.10998,0.00017409986353174312,0.12386359608848382,0,0.11015409986353174,0.01740998635317435
number of iterations,21,Execution time: ,9.01725435256958
