architecture,t_cbt,t_hxt,eta_hpfp,eta_r,p_cbt,qm_cb0,t0,p0,tpr_hx,Q_hx,pcc,v
pump,150,130,0.154,0.71,1330000.0,0.11075846956705436,25.2,345000.0,0.95,159000.0,True,0
P_hpfp,P_rv,p_hpfp
17379.39358338703,68366.40972145039,1889258.8614393128
Q,Q_phc
142191.87147747548,-16808.128522524523
qm_cb,qm_phc/qm_t,qm_r,qm_v,qm,qm_pot
0.11075846956705436,4.336808689942018e-19,0.3253602600266266,0,0.11075846956705436,0.001002662915289609
number of iterations,32,Execution time: ,12.368943214416504
