architecture,t_cbt,t_hxt,eta_hpfp,eta_r,p_cbt,qm_cb0,t0,p0,tpr_hx,Q_hx,pcc,v
pump,150,110,0.154,0.71,1330000.0,0.10998,25.2,345000.0,0.95,159000.0,True,0
P_hpfp,P_rv,p_hpfp
17130.48462266037,34400.53644252705,1889258.8614392783
Q,Q_phc
172995.42548893442,13995.425488934416
qm_cb,qm_phc/qm_t,qm_r,qm_v,qm,m_z
0.10998,0.00010855803714761303,0.16364961702941416,0,0.11008855803714761,0.010855803714761485
number of iterations,23,Execution time: ,9.599490880966187
