architecture,t_cbt,t_hxt,eta_hpfp,eta_r,p_cbt,qm_cb0,t0,p0,tpr_hx,Q_hx,pcc,v
pump,150,110,0.154,0.71,1330000.0,0.11075846956705436,25.2,345000.0,0.95,159000.0,True,0
P_hpfp,P_rv,p_hpfp
17337.51394535279,34842.62742389391,1889258.8614393095
Q,Q_phc
175208.26526579377,16208.265265793772
qm_cb,qm_phc/qm_t,qm_r,qm_v,qm,qm_pot
0.11075846956705436,0.00012323763021376865,0.16581983086608776,0,0.11088170719726813,0.0006101111831649794
number of iterations,25,Execution time: ,9.627694129943848
