architecture,t_cbt,t_hxt,eta_hpfp,eta_r,p_cbt,qm_cb0,t0,p0,tpr_hx,Q_hx,pcc,v
pump,160,130,0.154,0.71,1330000.0,0.11,25.2,345000.0,0.95,149000.0,True,0
P_hpfp,P_rv,p_hpfp
17145.759071998367,53952.58286624649,1889366.2728249198
Q,Q_phc
171724.7006987832,22724.700698783214
qm_cb,qm_phc/qm_t,qm_r,qm_v,qm,m_z
0.11,0.00017953376324198215,0.24051948769520604,0,0.11017953376324198,0.017953376324198213
number of iterations,21,Execution time: ,8.495207786560059
