architecture,t_cbt,t_hxt,eta_hpfp,eta_r,p_cbt,qm_cb0,t0,p0,tpr_hx,Q_hx,pcc,v
pump,160,140,0.154,0.71,1330000.0,0.11060161286267793,25.2,345000.0,0.95,159000.0,True,0
P_hpfp,P_rv,p_hpfp
17371.955530019473,77828.51904634546,1889258.8614393128
Q,Q_phc
151003.75910733925,-7996.240892660746
qm_cb,qm_phc/qm_t,qm_r,qm_v,qm,qm_pot
0.11060161286267793,-6.071532165918825e-18,0.34715389943491554,0,0.11060161286267793,0.001111687958346339
number of iterations,31,Execution time: ,11.425406455993652
