architecture,t_cbt,t_hxt,eta_hpfp,eta_r,p_cbt,qm_cb0,t0,p0,tpr_hx,Q_hx,pcc,v
pump,160,140,0.154,0.71,1330000.0,0.11060161286267793,25.2,345000.0,0.95,159000.0,True,0
P_hpfp,P_rv,p_hpfp
17371.955352785324,77828.43975798263,1889258.8614393128
Q,Q_phc
151003.8360610833,-7996.163938916696
qm_cb,qm_phc/qm_t,qm_r,qm_v,qm,qm_pot
0.11060161286267793,4.119968255444917e-18,0.3471536115689834,0,0.11060161286267793,0.001111686818612133
number of iterations,31,Execution time: ,11.892925500869751
