architecture,t_cbt,t_hxt,eta_hpfp,eta_r,p_cbt,qm_cb0,t0,p0,tpr_hx,Q_hx,pcc,v
pump,160,100,0.154,0.71,1330000.0,0.11060161286267793,25.2,345000.0,0.95,159000.0,True,0
P_hpfp,P_rv,p_hpfp
17331.549430836443,23788.04533847804,1889258.8614391992
Q,Q_phc
204511.98302269273,45511.98302269273
qm_cb,qm_phc/qm_t,qm_r,qm_v,qm,qm_pot
0.11060161286267793,0.0003400624457325542,0.10611821280533941,0,0.11094167530841048,0.0005117872517564724
number of iterations,22,Execution time: ,8.843077182769775
