architecture,t_cbt,t_hxt,eta_hpfp,eta_r,p_cbt,qm_cb0,t0,p0,tpr_hx,Q_hx,pcc,v
pump,160,120,0.154,0.71,1330000.0,0.11,25.2,345000.0,0.95,149000.0,True,0
P_hpfp,P_rv,p_hpfp
17163.216168943974,39872.360365928114,1889366.2728249198
Q,Q_phc
186034.69839896722,37034.698398967215
qm_cb,qm_phc/qm_t,qm_r,qm_v,qm,m_z
0.11,0.00029159862054653273,0.177753282854569,0,0.11029159862054654,0.029159862054653273
number of iterations,19,Execution time: ,7.888491868972778
