architecture,t_cbt,t_hxt,eta_hpfp,eta_r,p_cbt,qm_cb0,t0,p0,tpr_hx,Q_hx,pcc,v
pump,160,110,0.154,0.71,1330000.0,0.11060161286267793,25.2,345000.0,0.95,159000.0,True,0
P_hpfp,P_rv,p_hpfp
17332.08388242872,30658.38916377023,1889258.8614392783
Q,Q_phc
197648.67926693216,38648.67926693216
qm_cb,qm_phc/qm_t,qm_r,qm_v,qm,qm_pot
0.11060161286267793,0.0002949872804367019,0.1367623134187172,0,0.11089660014311463,0.0005602992984748386
number of iterations,23,Execution time: ,8.947681188583374
