architecture,t_cbt,t_hxt,eta_hpfp,eta_r,p_cbt,qm_cb0,t0,p0,tpr_hx,Q_hx,pcc,v
pump,160,130,0.154,0.71,1330000.0,0.11060161286267793,25.2,345000.0,0.95,159000.0,True,0
P_hpfp,P_rv,p_hpfp
17347.516104138922,54626.19219644987,1889258.8614393123
Q,Q_phc
173884.15734699002,14884.157346990018
qm_cb,qm_phc/qm_t,qm_r,qm_v,qm,qm_pot
0.11060161286267793,0.00011409967549467863,0.24366072858250504,0,0.11071571253817261,0.0008404264175354994
number of iterations,27,Execution time: ,10.391791343688965
