architecture,t_cbt,t_hxt,eta_hpfp,eta_r,p_cbt,qm_cb0,t0,p0,tpr_hx,Q_hx,pcc,v
pump,160,110,0.154,0.71,1330000.0,0.10998,25.2,345000.0,0.95,159000.0,True,0
P_hpfp,P_rv,p_hpfp
17157.877835751366,30332.34826014366,1889258.861438937
Q,Q_phc
195521.22443715506,36521.22443715506
qm_cb,qm_phc/qm_t,qm_r,qm_v,qm,m_z
0.10998,0.00028459971938708806,0.13524672855491637,0,0.11026459971938708,0.028459971938708847
number of iterations,21,Execution time: ,8.527340412139893
