architecture,t_cbt,t_hxt,eta_hpfp,eta_r,p_cbt,qm_cb0,t0,p0,tpr_hx,Q_hx,pcc,v
pump,160,100,0.154,0.71,1330000.0,0.11060161286267793,25.2,345000.0,0.95,159000.0,True,0
P_hpfp,P_rv,p_hpfp
17251.841831982274,23677.443005015728,1889258.8614391992
Q,Q_phc
203572.63612042015,44572.63612042015
qm_cb,qm_phc/qm_t,qm_r,qm_v,qm
0.11060161286267793,0.0003392764898767775,0.10562580097457729,0,0.11094088935255471
number of iterations,22,Execution time: ,8.496522188186646
