architecture,t_cbt,t_hxt,eta_hpfp,eta_r,p_cbt,qm_cb0,t0,p0,tpr_hx,Q_hx,pcc,v
pump,160,110,0.154,0.71,1330000.0,0.11060161286267793,25.2,345000.0,0.95,159000.0,True,0
P_hpfp,P_rv,p_hpfp
17243.7695332104,30500.046838223592,1889258.8614392783
Q,Q_phc
196643.6998414896,37643.69984148961
qm_cb,qm_phc/qm_t,qm_r,qm_v,qm
0.11060161286267793,0.0002873662061019938,0.13605768667061205,0,0.11088897906877992
number of iterations,23,Execution time: ,9.157223463058472
