architecture,t_cbt,t_hxt,eta_hpfp,eta_r,p_cbt,qm_cb0,t0,p0,tpr_hx,Q_hx,pcc,v
pump,160,120,0.154,0.71,1330000.0,0.11060161286267793,25.2,345000.0,0.95,159000.0,True,0
P_hpfp,P_rv,p_hpfp
17340.984641536383,40297.33604171868,1889258.8614393095
Q,Q_phc
188126.9777376732,29126.97773767321
qm_cb,qm_phc/qm_t,qm_r,qm_v,qm,qm_pot
0.11060161286267793,0.0002191249613428468,0.17976334857218304,0,0.11082073782402078,0.0006933994557524538
number of iterations,25,Execution time: ,9.753154993057251
