architecture,t_cbt,t_hxt,eta_hpfp,eta_r,p_cbt,qm_cb0,t0,p0,tpr_hx,Q_hx,pcc,v
pump,160,130,0.154,0.71,1330000.0,0.10998,25.2,345000.0,0.95,159000.0,True,0
P_hpfp,P_rv,p_hpfp
17128.908225663396,53887.74131047855,1889258.8614393095
Q,Q_phc
171584.49693485606,12584.496934856055
qm_cb,qm_phc/qm_t,qm_r,qm_v,qm,m_z
0.10998,9.842736797660567e-05,0.24027102266564596,0,0.1100784273679766,0.00984273679766059
number of iterations,25,Execution time: ,10.307940483093262
