architecture,t_cbt,t_hxt,eta_hpfp,eta_r,p_cbt,qm_cb0,t0,p0,tpr_hx,Q_hx,pcc,v
pump,170,100,0.154,0.71,1330000.0,0.11044461989789839,25.2,345000.0,0.95,159000.0,True,0
P_hpfp,P_rv,p_hpfp
17329.517797442113,21904.960050999027,1889258.861438937
Q,Q_phc
224749.81177861412,65749.81177861412
qm_cb,qm_phc/qm_t,qm_r,qm_v,qm,qm_pot
0.11044461989789839,0.0004924961903607664,0.09195315532648411,0,0.11093711608825915,0.0005032817095087769
number of iterations,21,Execution time: ,8.205329895019531
