architecture,t_cbt,t_hxt,eta_hpfp,eta_r,p_cbt,qm_cb0,t0,p0,tpr_hx,Q_hx,pcc,v
pump,170,140,0.154,0.71,1330000.0,0.11044461989789839,25.2,345000.0,0.95,159000.0,True,0
P_hpfp,P_rv,p_hpfp
17349.968090242422,62401.67373788536,1889258.8614393123
Q,Q_phc
184544.17152837955,25544.17152837955
qm_cb,qm_phc/qm_t,qm_r,qm_v,qm,qm_pot
0.11044461989789839,0.00019741948914367858,0.26193423618030853,0,0.11064203938704206,0.0009298674803853669
number of iterations,27,Execution time: ,10.17855167388916
