architecture,t_cbt,t_hxt,eta_hpfp,eta_r,p_cbt,qm_cb0,t0,p0,tpr_hx,Q_hx,pcc,v
pump,170,110,0.154,0.71,1330000.0,0.11044461989789839,25.2,345000.0,0.95,159000.0,True,0
P_hpfp,P_rv,p_hpfp
17327.60244171387,27701.281450081704,1889258.8614391992
Q,Q_phc
218926.22870737637,59926.22870737637
qm_cb,qm_phc/qm_t,qm_r,qm_v,qm,qm_pot
0.11044461989789839,0.00045853152005184727,0.11628746753634413,0,0.11090315141795024,0.0005249293605038976
number of iterations,22,Execution time: ,8.657146692276001
