architecture,t_cbt,t_hxt,eta_hpfp,eta_r,p_cbt,qm_cb0,t0,p0,tpr_hx,Q_hx,pcc,v
pump,170,110,0.154,0.71,1330000.0,0.10998,25.2,345000.0,0.95,159000.0,True,0
P_hpfp,P_rv,p_hpfp
17184.07496430903,27474.465608768274,1889258.8614351866
Q,Q_phc
216939.27943153522,57939.27943153522
qm_cb,qm_phc/qm_t,qm_r,qm_v,qm,m_z
0.10998,0.0004529548001826339,0.11526562116881191,0,0.11043295480018263,0.04529548001826323
number of iterations,19,Execution time: ,8.349110126495361
