architecture,t_cbt,t_hxt,eta_hpfp,eta_r,p_cbt,qm_cb0,t0,p0,tpr_hx,Q_hx,pcc,v
pump,170,110,0.154,0.71,1330000.0,0.11044461989789839,25.2,345000.0,0.95,159000.0,True,0
P_hpfp,P_rv,p_hpfp
17333.02523350004,27709.969745033748,1889258.8614391992
Q,Q_phc
218994.72417981652,59994.72417981652
qm_cb,qm_phc/qm_t,qm_r,qm_v,qm,qm_pot
0.11044461989789839,0.00045118449509627277,0.11632393818952702,0,0.11089580439299467,0.0005671485660295779
number of iterations,22,Execution time: ,8.62636137008667
