architecture,t_cbt,t_hxt,eta_hpfp,eta_r,p_cbt,qm_cb0,t0,p0,tpr_hx,Q_hx,pcc,v
pump,170,130,0.154,0.71,1330000.0,0.11044461989789839,25.2,345000.0,0.95,159000.0,True,0
P_hpfp,P_rv,p_hpfp
17339.836822864265,46390.5329269956,1889258.8614393023
Q,Q_phc
200411.11182125128,41411.11182125128
qm_cb,qm_phc/qm_t,qm_r,qm_v,qm,qm_pot
0.11044461989789839,0.00031905301982749774,0.1947156192117072,0,0.11076367291772589,0.0007430831197726722
number of iterations,24,Execution time: ,8.99923586845398
