architecture,t_cbt,t_hxt,eta_hpfp,eta_r,p_cbt,qm_cb0,t0,p0,tpr_hx,Q_hx,pcc,v
pump,170,110,0.154,0.71,1330000.0,0.11044461989789839,25.2,345000.0,0.95,159000.0,True,0
P_hpfp,P_rv,p_hpfp
17244.742489272758,27567.413120647947,1889258.8614391992
Q,Q_phc
217880.73342715573,58880.733427155734
qm_cb,qm_phc/qm_t,qm_r,qm_v,qm
0.11044461989789839,0.00045061592956126273,0.11572662652699969,0,0.11089523582745965
number of iterations,22,Execution time: ,8.736789226531982
