architecture,t_cbt,t_hxt,eta_hpfp,eta_r,p_cbt,qm_cb0,t0,p0,tpr_hx,Q_hx,pcc,v
pump,170,150,0.154,0.71,1330000.0,0.11044461989789839,25.2,345000.0,0.95,159000.0,True,0
P_hpfp,P_rv,p_hpfp
17174.669545124656,87139.46540495906,1889258.8614393128
Q,Q_phc
157311.31778552028,-1688.6822144797188
qm_cb,qm_phc/qm_t,qm_r,qm_v,qm
0.11044461989789839,0.0,0.3657019980140751,0,0.11044461989789839
number of iterations,29,Execution time: ,11.008984327316284
