architecture,t_cbt,t_hxt,eta_hpfp,eta_r,p_cbt,qm_cb0,t0,p0,tpr_hx,Q_hx,pcc,v
pump,170,110,0.154,0.71,1330000.0,0.11,25.2,345000.0,0.95,149000.0,True,0
P_hpfp,P_rv,p_hpfp
17201.334920902358,27484.512376325496,1889366.2728249198
Q,Q_phc
217156.64569713562,68156.64569713562
qm_cb,qm_phc/qm_t,qm_r,qm_v,qm,m_z
0.11,0.0005364075810152077,0.11531431703902426,0,0.11053640758101521,0.05364075810152077
number of iterations,17,Execution time: ,6.7965967655181885
