architecture,t_cbt,t_hxt,eta_hpfp,eta_r,p_cbt,qm_cb0,t0,p0,tpr_hx,Q_hx,pcc,v
pump,170,130,0.154,0.71,1330000.0,0.10998,25.2,345000.0,0.95,159000.0,True,0
P_hpfp,P_rv,p_hpfp
17161.60020105804,45877.996460401984,1889258.8614391992
Q,Q_phc
198216.0839424504,39216.08394245041
qm_cb,qm_phc/qm_t,qm_r,qm_v,qm,m_z
0.10998,0.00030852139101877896,0.1924845832072123,0,0.11028852139101877,0.03085213910187801
number of iterations,22,Execution time: ,9.151986360549927
