architecture,t_cbt,t_hxt,eta_hpfp,eta_r,p_cbt,qm_cb0,t0,p0,tpr_hx,Q_hx,pcc,v
pump,170,100,0.154,0.71,1330000.0,0.11,25.2,345000.0,0.95,149000.0,True,0
P_hpfp,P_rv,p_hpfp
17208.17640677721,21743.32339576282,1889366.2728249195
Q,Q_phc
222995.13579037978,73995.13579037978
qm_cb,qm_phc/qm_t,qm_r,qm_v,qm,m_z
0.11,0.0005803539003159502,0.09121975367921885,0,0.11058035390031595,0.05803539003159502
number of iterations,16,Execution time: ,6.56789755821228
