architecture,t_cbt,t_hxt,eta_hpfp,eta_r,p_cbt,qm_cb0,t0,p0,tpr_hx,Q_hx,pcc,v
pump,170,130,0.154,0.71,1330000.0,0.11044461989789839,25.2,345000.0,0.95,159000.0,True,0
P_hpfp,P_rv,p_hpfp
17222.676673165322,46071.66556810499,1889258.8614393023
Q,Q_phc
199062.4134504274,40062.41345042741
qm_cb,qm_phc/qm_t,qm_r,qm_v,qm
0.11044461989789839,0.00030871796368224513,0.19338133267776156,0,0.11075333786158063
number of iterations,24,Execution time: ,9.246314764022827
