architecture,t_cbt,t_hxt,eta_hpfp,eta_r,p_cbt,qm_cb0,t0,p0,tpr_hx,Q_hx,pcc,v
pump,170,150,0.154,0.71,1330000.0,0.11044461989789839,25.2,345000.0,0.95,159000.0,True,0
P_hpfp,P_rv,p_hpfp
17365.905527526204,88072.1683425464,1889258.8614393128
Q,Q_phc
159100.5179127595,100.51791275950382
qm_cb,qm_phc/qm_t,qm_r,qm_v,qm,qm_pot
0.11044461989789839,2.4962782901004343e-07,0.36965016290638586,0,0.1104448695257274,0.0012295257300983607
number of iterations,30,Execution time: ,11.378378868103027
