architecture,t_cbt,t_hxt,eta_hpfp,eta_r,p_cbt,qm_cb0,t0,p0,tpr_hx,Q_hx,pcc,v
pump,170,140,0.154,0.71,1330000.0,0.11044461989789839,25.2,345000.0,0.95,159000.0,True,0
P_hpfp,P_rv,p_hpfp
17352.368229052256,62410.08699354782,1889258.8614393123
Q,Q_phc
184569.91996708256,25569.919967082562
qm_cb,qm_phc/qm_t,qm_r,qm_v,qm,qm_pot
0.11044461989789839,0.00019459765660855628,0.2619697576176306,0,0.11063921755450694,0.0009481238118409722
number of iterations,27,Execution time: ,10.129520654678345
