architecture,t_cbt,t_hxt,eta_hpfp,eta_r,p_cbt,qm_cb0,t0,p0,tpr_hx,Q_hx,pcc,v
pump,170,120,0.154,0.71,1330000.0,0.11,25.2,345000.0,0.95,149000.0,True,0
P_hpfp,P_rv,p_hpfp
17192.005024232112,35182.32922267233,1889366.2728249198
Q,Q_phc
209326.13701398854,60326.13701398854
qm_cb,qm_phc/qm_t,qm_r,qm_v,qm,m_z
0.11,0.00047649905005023535,0.1476114985222722,0,0.11047649905005023,0.047649905005023536
number of iterations,18,Execution time: ,7.225530385971069
