architecture,t_cbt,t_hxt,eta_hpfp,eta_r,p_cbt,qm_cb0,t0,p0,tpr_hx,Q_hx,pcc,v
pump,170,140,0.154,0.71,1330000.0,0.11,25.2,345000.0,0.95,149000.0,True,0
P_hpfp,P_rv,p_hpfp
17159.153745608186,61670.8938905463,1889366.2728249198
Q,Q_phc
182370.35425614036,33370.35425614036
qm_cb,qm_phc/qm_t,qm_r,qm_v,qm,m_z
0.11,0.00026560295227409626,0.2587272637401833,0,0.1102656029522741,0.026560295227409624
number of iterations,21,Execution time: ,10.913384437561035
