architecture,t_cbt,t_hxt,eta_hpfp,eta_r,p_cbt,qm_cb0,t0,p0,tpr_hx,Q_hx,pcc,v
pump,170,120,0.154,0.71,1330000.0,0.10998,25.2,345000.0,0.95,159000.0,True,0
P_hpfp,P_rv,p_hpfp
17174.742406527752,35170.76938280104,1889258.8614380676
Q,Q_phc
209110.2361629175,50110.236162917514
qm_cb,qm_phc/qm_t,qm_r,qm_v,qm,m_z
0.10998,0.0003929793900777079,0.1475539846836513,0,0.1103729793900777,0.0392979390077701
number of iterations,20,Execution time: ,8.275986671447754
