architecture,t_cbt,t_hxt,eta_hpfp,eta_r,p_cbt,qm_cb0,t0,p0,tpr_hx,Q_hx,pcc,v
pump,170,140,0.154,0.71,1330000.0,0.10998,25.2,345000.0,0.95,159000.0,True,0
P_hpfp,P_rv,p_hpfp
17142.037726316707,61635.35808801018,1889258.8614393023
Q,Q_phc
182180.47994656052,23180.479946560517
qm_cb,qm_phc/qm_t,qm_r,qm_v,qm,m_z
0.10998,0.0001828037196396487,0.2585826079704304,0,0.11016280371963964,0.018280371963964287
number of iterations,24,Execution time: ,9.666110277175903
