architecture,t_cbt,t_hxt,eta_hpfp,eta_r,p_cbt,qm_cb0,t0,p0,tpr_hx,Q_hx,pcc,v
pump,180,130,0.154,0.71,1330000.0,0.11028832850411228,25.2,345000.0,0.95,159000.0,True,0
P_hpfp,P_rv,p_hpfp
17340.229347128778,40931.14134411888,1889258.8614391992
Q,Q_phc
224234.2313993373,65234.231399337295
qm_cb,qm_phc/qm_t,qm_r,qm_v,qm,qm_pot
0.11028832850411228,0.0004963149181662072,0.16222768887639194,0,0.11078464342227849,0.0007246368089728341
number of iterations,22,Execution time: ,8.342543125152588
