architecture,t_cbt,t_hxt,eta_hpfp,eta_r,p_cbt,qm_cb0,t0,p0,tpr_hx,Q_hx,pcc,v
pump,180,130,0.154,0.71,1330000.0,0.10998,25.2,345000.0,0.95,159000.0,True,0
P_hpfp,P_rv,p_hpfp
17191.18184211458,40551.98677102585,1889258.8614380676
Q,Q_phc
222151.30256973926,63151.30256973926
qm_cb,qm_phc/qm_t,qm_r,qm_v,qm,m_z
0.10998,0.0004986269417125849,0.16065900669428287,0,0.11047862694171258,0.04986269417125786
number of iterations,20,Execution time: ,7.701773643493652
