architecture,t_cbt,t_hxt,eta_hpfp,eta_r,p_cbt,qm_cb0,t0,p0,tpr_hx,Q_hx,pcc,v
pump,180,110,0.154,0.71,1330000.0,0.11028832850411228,25.2,345000.0,0.95,159000.0,True,0
P_hpfp,P_rv,p_hpfp
17323.769798360798,25537.700362953517,1889258.8614380676
Q,Q_phc
239375.97430402692,80375.97430402692
qm_cb,qm_phc/qm_t,qm_r,qm_v,qm,qm_pot
0.11028832850411228,0.0006161186413618313,0.10121779067056337,0,0.11090444714547412,0.0004989871713664474
number of iterations,20,Execution time: ,7.7762610912323
