architecture,t_cbt,t_hxt,eta_hpfp,eta_r,p_cbt,qm_cb0,t0,p0,tpr_hx,Q_hx,pcc,v
pump,180,140,0.154,0.71,1330000.0,0.11028832850411228,25.2,345000.0,0.95,159000.0,True,0
P_hpfp,P_rv,p_hpfp
17341.9517270225,53098.77432724617,1889258.8614393023
Q,Q_phc
212092.93690899562,53092.936908995616
qm_cb,qm_phc/qm_t,qm_r,qm_v,qm,qm_pot
0.11028832850411228,0.0004119094479997002,0.2104609750202118,0,0.11070023795211198,0.0008201183345944526
number of iterations,24,Execution time: ,8.598636627197266
