architecture,t_cbt,t_hxt,eta_hpfp,eta_r,p_cbt,qm_cb0,t0,p0,tpr_hx,Q_hx,pcc,v
pump,180,150,0.154,0.71,1330000.0,0.11028832850411228,25.2,345000.0,0.95,159000.0,True,0
P_hpfp,P_rv,p_hpfp
17191.108040208735,70243.01347115949,1889258.8614393119
Q,Q_phc
192642.00841055304,33642.00841055304
qm_cb,qm_phc/qm_t,qm_r,qm_v,qm
0.11028832850411228,0.0002620019191891254,0.27840774732234785,0,0.11055033042330141
number of iterations,26,Execution time: ,9.457205295562744
