architecture,t_cbt,t_hxt,eta_hpfp,eta_r,p_cbt,qm_cb0,t0,p0,tpr_hx,Q_hx,pcc,v
pump,180,140,0.154,0.71,1330000.0,0.11028832850411228,25.2,345000.0,0.95,159000.0,True,0
P_hpfp,P_rv,p_hpfp
17212.530138232825,52696.149519710285,1889258.8614393023
Q,Q_phc
210516.45733760705,51516.45733760705
qm_cb,qm_phc/qm_t,qm_r,qm_v,qm
0.11028832850411228,0.00039976034694409746,0.20886988959322367,0,0.11068808885105638
number of iterations,24,Execution time: ,9.392946481704712
