architecture,t_cbt,t_hxt,eta_hpfp,eta_r,p_cbt,qm_cb0,t0,p0,tpr_hx,Q_hx,pcc,v
pump,180,100,0.154,0.71,1330000.0,0.10998,25.2,345000.0,0.95,159000.0,True,0
P_hpfp,P_rv,p_hpfp
17215.390703834495,20333.756326151102,1889258.8614256384
Q,Q_phc
242739.47545318396,83739.47545318396
qm_cb,qm_phc/qm_t,qm_r,qm_v,qm,m_z
0.10998,0.0006542044859180196,0.08055809188696228,0,0.11063420448591801,0.06542044859180188
number of iterations,18,Execution time: ,7.640736818313599
