architecture,t_cbt,t_hxt,eta_hpfp,eta_r,p_cbt,qm_cb0,t0,p0,tpr_hx,Q_hx,pcc,v
pump,180,160,0.154,0.71,1330000.0,0.10998,25.2,345000.0,0.95,159000.0,True,0
P_hpfp,P_rv,p_hpfp
17119.714670206646,97609.56319827521,1889258.8614393119
Q,Q_phc
164001.6161685948,5001.616168594803
qm_cb,qm_phc/qm_t,qm_r,qm_v,qm,m_z
0.10998,3.9345252918224216e-05,0.3866542433915693,0,0.11001934525291822,0.0039345252918222004
number of iterations,26,Execution time: ,10.17290186882019
