architecture,t_cbt,t_hxt,eta_hpfp,eta_r,p_cbt,qm_cb0,t0,p0,tpr_hx,Q_hx,pcc,v
pump,180,100,0.154,0.71,1330000.0,0.11028832850411228,25.2,345000.0,0.95,159000.0,True,0
P_hpfp,P_rv,p_hpfp
17320.17362391109,20463.221523425324,1889258.8614380676
Q,Q_phc
244395.46073720802,85395.46073720802
qm_cb,qm_phc/qm_t,qm_r,qm_v,qm,qm_pot
0.11028832850411228,0.0006521512821804274,0.08111147265042198,0,0.1109404797862927,0.00043982872197599024
number of iterations,20,Execution time: ,7.736210584640503
