architecture,t_cbt,t_hxt,eta_hpfp,eta_r,p_cbt,qm_cb0,t0,p0,tpr_hx,Q_hx,pcc,v
pump,180,120,0.154,0.71,1330000.0,0.11028832850411228,25.2,345000.0,0.95,159000.0,True,0
P_hpfp,P_rv,p_hpfp
17328.27679883867,32117.418287729008,1889258.861438937
Q,Q_phc
232865.17706240268,73865.17706240268
qm_cb,qm_phc/qm_t,qm_r,qm_v,qm,qm_pot
0.11028832850411228,0.0005684403100354353,0.127299134065058,0,0.11085676881414772,0.0005756485320201858
number of iterations,21,Execution time: ,7.604583978652954
