architecture,t_cbt,t_hxt,eta_hpfp,eta_r,p_cbt,qm_cb0,t0,p0,tpr_hx,Q_hx,pcc,v
pump,180,150,0.154,0.71,1330000.0,0.11028832850411228,25.2,345000.0,0.95,159000.0,True,0
P_hpfp,P_rv,p_hpfp
17353.110510029273,70918.86452044785,1889258.8614393119
Q,Q_phc
194443.4859153087,35443.4859153087
qm_cb,qm_phc/qm_t,qm_r,qm_v,qm,qm_pot
0.11028832850411228,0.00027597777682994125,0.28107630602778455,0,0.11056430628094223,0.0010278084488833969
number of iterations,26,Execution time: ,9.390374183654785
