architecture,t_cbt,t_hxt,eta_hpfp,eta_r,p_cbt,qm_cb0,t0,p0,tpr_hx,Q_hx,pcc,v
pump,180,130,0.154,0.71,1330000.0,0.11,25.2,345000.0,0.95,149000.0,True,0
P_hpfp,P_rv,p_hpfp
17208.6235385998,40595.64552855487,1889366.2728249198
Q,Q_phc
222354.8305454579,73354.8305454579
qm_cb,qm_phc/qm_t,qm_r,qm_v,qm,m_z
0.11,0.0005833768672014792,0.16081133163796563,0,0.11058337686720147,0.05833768672014791
number of iterations,17,Execution time: ,6.653496980667114
