architecture,t_cbt,t_hxt,eta_hpfp,eta_r,p_cbt,qm_cb0,t0,p0,tpr_hx,Q_hx,pcc,v
pump,180,100,0.154,0.71,1330000.0,0.11028832850411228,25.2,345000.0,0.95,159000.0,True,0
P_hpfp,P_rv,p_hpfp
17250.632540143426,20380.33917983448,1889258.8614380676
Q,Q_phc
243414.92650024843,84414.92650024843
qm_cb,qm_phc/qm_t,qm_r,qm_v,qm
0.11028832850411228,0.0006447842928300196,0.08078351178572198,0,0.1109331127969423
number of iterations,20,Execution time: ,7.384895324707031
