architecture,t_cbt,t_hxt,eta_hpfp,eta_r,p_cbt,qm_cb0,t0,p0,tpr_hx,Q_hx,pcc,v
pump,180,110,0.154,0.71,1330000.0,0.11028832850411228,25.2,345000.0,0.95,159000.0,True,0
P_hpfp,P_rv,p_hpfp
17331.10720089624,25548.559227304486,1889258.8614380676
Q,Q_phc
239477.31840074045,80477.31840074045
qm_cb,qm_phc/qm_t,qm_r,qm_v,qm,qm_pot
0.11028832850411228,0.0006066150864174804,0.10126081172333856,0,0.11089494359052976,0.0005556751354161924
number of iterations,20,Execution time: ,6.928487062454224
