architecture,t_cbt,t_hxt,eta_hpfp,eta_r,p_cbt,qm_cb0,t0,p0,tpr_hx,Q_hx,pcc,v
pump,180,140,0.154,0.71,1330000.0,0.11028832850411228,25.2,345000.0,0.95,159000.0,True,0
P_hpfp,P_rv,p_hpfp
17347.007224773264,53114.170273390606,1889258.8614393023
Q,Q_phc
212154.84922208166,53154.849222081655
qm_cb,qm_phc/qm_t,qm_r,qm_v,qm,qm_pot
0.11028832850411228,0.00040636158959959316,0.21052210228551954,0,0.11069469009371188,0.000858176427093133
number of iterations,24,Execution time: ,9.245599508285522
