architecture,t_cbt,t_hxt,eta_hpfp,eta_r,p_cbt,qm_cb0,t0,p0,tpr_hx,Q_hx,pcc,v
pump,180,100,0.154,0.71,1330000.0,0.11028832850411228,25.2,345000.0,0.95,159000.0,True,0
P_hpfp,P_rv,p_hpfp
17327.868525642025,20472.354446467016,1889258.8614380676
Q,Q_phc
244503.99762376724,85503.99762376724
qm_cb,qm_phc/qm_t,qm_r,qm_v,qm,qm_pot
0.11028832850411228,0.000641693467313989,0.08114764911472262,0,0.11093002197142628,0.0004997699050431376
number of iterations,20,Execution time: ,7.4476001262664795
