architecture,t_cbt,t_hxt,eta_hpfp,eta_r,p_cbt,qm_cb0,t0,p0,tpr_hx,Q_hx,pcc,v
pump,190,100,0.154,0.71,1330000.0,0.11,25.2,345000.0,0.95,149000.0,True,0
P_hpfp,P_rv,p_hpfp
17257.05459180298,19260.51713895016,1889366.2728249193
Q,Q_phc
262583.485198233,113583.48519823299
qm_cb,qm_phc/qm_t,qm_r,qm_v,qm,m_z
0.11,0.0008944047418607077,0.07227865814416616,0,0.11089440474186071,0.08944047418607078
number of iterations,15,Execution time: ,6.711951732635498
