architecture,t_cbt,t_hxt,eta_hpfp,eta_r,p_cbt,qm_cb0,t0,p0,tpr_hx,Q_hx,pcc,v
pump,190,110,0.154,0.71,1330000.0,0.10998,25.2,345000.0,0.95,159000.0,True,0
P_hpfp,P_rv,p_hpfp
17234.335024378655,23736.52563195509,1889258.8614256384
Q,Q_phc
257757.0438621034,98757.0438621034
qm_cb,qm_phc/qm_t,qm_r,qm_v,qm,m_z
0.10998,0.0007759496074192379,0.0890812037676329,0,0.11075594960741923,0.07759496074192315
number of iterations,18,Execution time: ,6.817633152008057
