architecture,t_cbt,t_hxt,eta_hpfp,eta_r,p_cbt,qm_cb0,t0,p0,tpr_hx,Q_hx,pcc,v
pump,190,150,0.154,0.71,1330000.0,0.10998,25.2,345000.0,0.95,159000.0,True,0
P_hpfp,P_rv,p_hpfp
17190.49952071263,59876.71808675955,1889258.861438937
Q,Q_phc
220900.8729535048,61900.87295350479
qm_cb,qm_phc/qm_t,qm_r,qm_v,qm,m_z
0.10998,0.000494242022990074,0.22469731640190865,0,0.11047424202299007,0.0494242022990076
number of iterations,21,Execution time: ,8.229538917541504
