architecture,t_cbt,t_hxt,eta_hpfp,eta_r,p_cbt,qm_cb0,t0,p0,tpr_hx,Q_hx,pcc,v
pump,190,120,0.154,0.71,1330000.0,0.1101333293105488,25.2,345000.0,0.95,159000.0,True,0
P_hpfp,P_rv,p_hpfp
17324.46051452444,29609.304881085038,1889258.8614380676
Q,Q_phc
253552.49730545,94552.49730545
qm_cb,qm_phc/qm_t,qm_r,qm_v,qm,qm_pot
0.1101333293105488,0.000728935546196102,0.11115803290999786,0,0.1108622648567449,0.000545611227312823
number of iterations,20,Execution time: ,7.449108123779297
