architecture,t_cbt,t_hxt,eta_hpfp,eta_r,p_cbt,qm_cb0,t0,p0,tpr_hx,Q_hx,pcc,v
pump,190,130,0.154,0.71,1330000.0,0.10998,25.2,345000.0,0.95,159000.0,True,0
P_hpfp,P_rv,p_hpfp
17218.888717196016,36789.794634561695,1889258.8614256384
Q,Q_phc
244451.48568569392,85451.48568569392
qm_cb,qm_phc/qm_t,qm_r,qm_v,qm,m_z
0.10998,0.0006766843664034877,0.13805053186842353,0,0.11065668436640348,0.0676684366403484
number of iterations,18,Execution time: ,7.1189329624176025
