architecture,t_cbt,t_hxt,eta_hpfp,eta_r,p_cbt,qm_cb0,t0,p0,tpr_hx,Q_hx,pcc,v
pump,190,100,0.154,0.71,1330000.0,0.10998,25.2,345000.0,0.95,159000.0,True,0
P_hpfp,P_rv,p_hpfp
17239.450448610532,19252.306655817745,1889258.861393996
Q,Q_phc
262324.81461854535,103324.81461854535
qm_cb,qm_phc/qm_t,qm_r,qm_v,qm,m_z
0.10998,0.0008088237389915764,0.07224322052174559,0,0.11078882373899157,0.08088237389915781
number of iterations,17,Execution time: ,6.9652862548828125
