architecture,t_cbt,t_hxt,eta_hpfp,eta_r,p_cbt,qm_cb0,t0,p0,tpr_hx,Q_hx,pcc,v
pump,190,160,0.154,0.71,1330000.0,0.1101333293105488,25.2,345000.0,0.95,159000.0,True,0
P_hpfp,P_rv,p_hpfp
17361.319984936526,80124.34779899378,1889258.8614393095
Q,Q_phc
203639.90859076948,44639.90859076948
qm_cb,qm_phc/qm_t,qm_r,qm_v,qm,qm_pot
0.1101333293105488,0.0003458812753328851,0.30076041094751765,0,0.11047921058588168,0.0011656965620640445
number of iterations,25,Execution time: ,8.098843097686768
