architecture,t_cbt,t_hxt,eta_hpfp,eta_r,p_cbt,qm_cb0,t0,p0,tpr_hx,Q_hx,pcc,v
pump,190,130,0.154,0.71,1330000.0,0.1101333293105488,25.2,345000.0,0.95,159000.0,True,0
P_hpfp,P_rv,p_hpfp
17329.552603604694,37028.81572367901,1889258.861438937
Q,Q_phc
246216.21474635744,87216.21474635744
qm_cb,qm_phc/qm_t,qm_r,qm_v,qm,qm_pot
0.1101333293105488,0.0006753630060565216,0.1390149360697197,0,0.11080869231660531,0.0006319293080831942
number of iterations,21,Execution time: ,7.498191833496094
