architecture,t_cbt,t_hxt,eta_hpfp,eta_r,p_cbt,qm_cb0,t0,p0,tpr_hx,Q_hx,pcc,v
pump,190,140,0.154,0.71,1330000.0,0.1101333293105488,25.2,345000.0,0.95,159000.0,True,0
P_hpfp,P_rv,p_hpfp
17218.041390793744,46563.90789934144,1889258.8614391992
Q,Q_phc
234858.5136669402,75858.51366694021
qm_cb,qm_phc/qm_t,qm_r,qm_v,qm
0.1101333293105488,0.0005902005830864254,0.17481085655728393,0,0.11072352989363522
number of iterations,22,Execution time: ,8.435732126235962
