architecture,t_cbt,t_hxt,eta_hpfp,eta_r,p_cbt,qm_cb0,t0,p0,tpr_hx,Q_hx,pcc,v
pump,190,140,0.154,0.71,1330000.0,0.10998,25.2,345000.0,0.95,159000.0,True,0
P_hpfp,P_rv,p_hpfp
17207.028616438663,46530.11207705562,1889258.8614351866
Q,Q_phc
234517.453649827,75517.45364982699
qm_cb,qm_phc/qm_t,qm_r,qm_v,qm,m_z
0.10998,0.0006004657737669339,0.17460045935390575,0,0.11058046577376693,0.060046577376692944
number of iterations,19,Execution time: ,7.4266746044158936
