architecture,t_cbt,t_hxt,eta_hpfp,eta_r,p_cbt,qm_cb0,t0,p0,tpr_hx,Q_hx,pcc,v
pump,190,100,0.154,0.71,1330000.0,0.1101333293105488,25.2,345000.0,0.95,159000.0,True,0
P_hpfp,P_rv,p_hpfp
17326.50152105719,19354.697813200044,1889258.8614351866
Q,Q_phc
263840.46386059036,104840.46386059036
qm_cb,qm_phc/qm_t,qm_r,qm_v,qm,qm_pot
0.1101333293105488,0.0007879892838685557,0.07265939722713581,0,0.11092131859441735,0.0004996825283353636
number of iterations,19,Execution time: ,7.140050888061523
