architecture,t_cbt,t_hxt,eta_hpfp,eta_r,p_cbt,qm_cb0,t0,p0,tpr_hx,Q_hx,pcc,v
pump,190,170,0.154,0.71,1330000.0,0.1101333293105488,25.2,345000.0,0.95,159000.0,True,0
P_hpfp,P_rv,p_hpfp
17376.765312010877,110769.04240036779,1889258.8614393126
Q,Q_phc
173247.66206107708,14247.662061077077
qm_cb,qm_phc/qm_t,qm_r,qm_v,qm,qm_pot
0.1101333293105488,0.00011050592017587094,0.41578592734643427,0,0.11024383523072467,0.0015003957076135585
number of iterations,28,Execution time: ,9.360660791397095
