architecture,t_cbt,t_hxt,eta_hpfp,eta_r,p_cbt,qm_cb0,t0,p0,tpr_hx,Q_hx,pcc,v
pump,190,120,0.154,0.71,1330000.0,0.11,25.2,345000.0,0.95,149000.0,True,0
P_hpfp,P_rv,p_hpfp
17245.33932703483,29464.417760622942,1889366.2728249193
Q,Q_phc
252188.24965940331,103188.24965940331
qm_cb,qm_phc/qm_t,qm_r,qm_v,qm,m_z
0.11,0.0008192322011258002,0.11055439265267078,0,0.1108192322011258,0.08192322011258002
number of iterations,15,Execution time: ,8.497584819793701
