architecture,t_cbt,t_hxt,eta_hpfp,eta_r,p_cbt,qm_cb0,t0,p0,tpr_hx,Q_hx,pcc,v
pump,190,170,0.154,0.71,1330000.0,0.1101333293105488,25.2,345000.0,0.95,159000.0,True,0
P_hpfp,P_rv,p_hpfp
17140.695348817284,109303.46585165706,1889258.8614393123
Q,Q_phc
170854.76370005842,11854.763700058422
qm_cb,qm_phc/qm_t,qm_r,qm_v,qm
0.1101333293105488,9.281376672456987e-05,0.4102489419558079,0,0.11022614307727337
number of iterations,27,Execution time: ,9.6406409740448
