architecture,t_cbt,t_hxt,eta_hpfp,eta_r,p_cbt,qm_cb0,t0,p0,tpr_hx,Q_hx,pcc,v
pump,190,100,0.154,0.71,1330000.0,0.1101333293105488,25.2,345000.0,0.95,159000.0,True,0
P_hpfp,P_rv,p_hpfp
17317.00601085714,19344.036130100023,1889258.8614351866
Q,Q_phc
263695.92499480816,104695.92499480816
qm_cb,qm_phc/qm_t,qm_r,qm_v,qm,qm_pot
0.1101333293105488,0.0008004411083273645,0.07261940552661292,0,0.11093377041887616,0.00042616821810150906
number of iterations,19,Execution time: ,7.159921407699585
