architecture,t_cbt,t_hxt,eta_hpfp,eta_r,p_cbt,qm_cb0,t0,p0,tpr_hx,Q_hx,pcc,v
pump,200,100,0.154,0.71,1330000.0,0.10998,25.2,345000.0,0.95,159000.0,True,0
P_hpfp,P_rv,p_hpfp
17314.063174844832,18441.158861950982,1889258.8614351866
Q,Q_phc
282628.51898435666,123628.51898435666
qm_cb,qm_phc/qm_t,qm_r,qm_v,qm,qm_pot
0.10998,0.0009459841150622858,0.06576193126226643,0,0.11092598411506228,0.00041503011676451563
number of iterations,19,Execution time: ,6.457085371017456
