architecture,t_cbt,t_hxt,eta_hpfp,eta_r,p_cbt,qm_cb0,t0,p0,tpr_hx,Q_hx,pcc,v
pump,200,130,0.154,0.71,1330000.0,0.10998,25.2,345000.0,0.95,159000.0,True,0
P_hpfp,P_rv,p_hpfp
17231.079529231436,33978.177949052835,1889258.8614351866
Q,Q_phc
265648.51917118044,106648.51917118044
qm_cb,qm_phc/qm_t,qm_r,qm_v,qm
0.10998,0.0008273738509441825,0.12115060893948239,0,0.11080737385094418
number of iterations,19,Execution time: ,6.549457311630249
