architecture,t_cbt,t_hxt,eta_hpfp,eta_r,p_cbt,qm_cb0,t0,p0,tpr_hx,Q_hx,pcc,v
pump,200,170,0.154,0.71,1330000.0,0.11,25.2,345000.0,0.95,149000.0,True,0
P_hpfp,P_rv,p_hpfp
17194.971184633672,88921.91620916783,1889366.2728249198
Q,Q_phc
209848.64391295452,60848.64391295452
qm_cb,qm_phc/qm_t,qm_r,qm_v,qm,m_z
0.11,0.0004959962699923939,0.3169283040410827,0,0.11049599626999239,0.049599626999239387
number of iterations,19,Execution time: ,6.8247034549713135
