architecture,t_cbt,t_hxt,eta_hpfp,eta_r,p_cbt,qm_cb0,t0,p0,tpr_hx,Q_hx,pcc,v
pump,200,110,0.154,0.71,1330000.0,0.11,25.2,345000.0,0.95,149000.0,True,0
P_hpfp,P_rv,p_hpfp
17276.468241378727,22506.25927379664,1889366.2728249172
Q,Q_phc
277680.3498216216,128680.34982162161
qm_cb,qm_phc/qm_t,qm_r,qm_v,qm,m_z
0.11,0.0010192060955379239,0.08021340495234747,0,0.11101920609553792,0.10192060955379238
number of iterations,14,Execution time: ,6.732460975646973
