architecture,t_cbt,t_hxt,eta_hpfp,eta_r,p_cbt,qm_cb0,t0,p0,tpr_hx,Q_hx,pcc,v
pump,200,170,0.154,0.71,1330000.0,0.10998,25.2,345000.0,0.95,159000.0,True,0
P_hpfp,P_rv,p_hpfp
17164.673533977853,88852.58770462728,1889258.8614393023
Q,Q_phc
209619.39307642044,50619.39307642044
qm_cb,qm_phc/qm_t,qm_r,qm_v,qm
0.10998,0.00040033885606186037,0.3167921030347048,0,0.11038033885606185
number of iterations,24,Execution time: ,7.429070711135864
