architecture,t_cbt,t_hxt,eta_hpfp,eta_r,p_cbt,qm_cb0,t0,p0,tpr_hx,Q_hx,pcc,v
pump,200,130,0.154,0.71,1330000.0,0.10998,25.2,345000.0,0.95,159000.0,True,0
P_hpfp,P_rv,p_hpfp
17245.38492237218,33987.6436954454,1889258.861393996
Q,Q_phc
265680.7595255935,106680.75952559349
qm_cb,qm_phc/qm_t,qm_r,qm_v,qm,m_z
0.10998,0.0008469614609289966,0.12114391278117123,0,0.11082696146092899,0.08469614609289923
number of iterations,17,Execution time: ,6.226825952529907
