architecture,t_cbt,t_hxt,eta_hpfp,eta_r,p_cbt,qm_cb0,t0,p0,tpr_hx,Q_hx,pcc,v
pump,200,160,0.154,0.71,1330000.0,0.10998,25.2,345000.0,0.95,159000.0,True,0
P_hpfp,P_rv,p_hpfp
17355.596365156536,68413.27265817767,1889258.8614392783
Q,Q_phc
233378.6148770383,74378.61487703829
qm_cb,qm_phc/qm_t,qm_r,qm_v,qm,qm_pot
0.10998,0.0005786049622292459,0.24394601485254777,0,0.11055860496222925,0.0010494954798165642
number of iterations,23,Execution time: ,7.430469751358032
