architecture,t_cbt,t_hxt,eta_hpfp,eta_r,p_cbt,qm_cb0,t0,p0,tpr_hx,Q_hx,pcc,v
pump,200,130,0.154,0.71,1330000.0,0.10998,25.2,345000.0,0.95,159000.0,True,0
P_hpfp,P_rv,p_hpfp
17336.089494345768,34168.42787324181,1889258.8614380676
Q,Q_phc
267284.25983133906,108284.25983133906
qm_cb,qm_phc/qm_t,qm_r,qm_v,qm,qm_pot
0.10998,0.0008278793162720925,0.12184459686462855,0,0.11080787931627209,0.0006747788911211668
number of iterations,20,Execution time: ,6.667153596878052
