architecture,t_cbt,t_hxt,eta_hpfp,eta_r,p_cbt,qm_cb0,t0,p0,tpr_hx,Q_hx,pcc,v
pump,200,140,0.154,0.71,1330000.0,0.10998,25.2,345000.0,0.95,159000.0,True,0
P_hpfp,P_rv,p_hpfp
17341.180048615624,42501.06746201744,1889258.8614380676
Q,Q_phc
259040.13854809335,100040.13854809335
qm_cb,qm_phc/qm_t,qm_r,qm_v,qm,qm_pot
0.10998,0.0007691959275034047,0.15154238505017745,0,0.1107491959275034,0.0007661979508690217
number of iterations,20,Execution time: ,6.522803544998169
