architecture,t_cbt,t_hxt,eta_hpfp,eta_r,p_cbt,qm_cb0,t0,p0,tpr_hx,Q_hx,pcc,v
pump,200,110,0.154,0.71,1330000.0,0.10998,25.2,345000.0,0.95,159000.0,True,0
P_hpfp,P_rv,p_hpfp
17328.35886196267,22578.79112904124,1889258.8614351866
Q,Q_phc
278739.47064997454,119739.47064997454
qm_cb,qm_phc/qm_t,qm_r,qm_v,qm,qm_pot
0.10998,0.0009055874219039008,0.08051522071094801,0,0.1108855874219039,0.0005473576459587563
number of iterations,19,Execution time: ,6.699450254440308
