architecture,t_cbt,t_hxt,eta_hpfp,eta_r,p_cbt,qm_cb0,t0,p0,tpr_hx,Q_hx,pcc,v
pump,200,150,0.154,0.71,1330000.0,0.10998,25.2,345000.0,0.95,159000.0,True,0
P_hpfp,P_rv,p_hpfp
17222.321114712668,53040.65294683588,1889258.8614351866
Q,Q_phc
246226.97668036513,87226.97668036513
qm_cb,qm_phc/qm_t,qm_r,qm_v,qm,m_z
0.10998,0.0006987425663311231,0.18906625538854477,0,0.11067874256633112,0.06987425663311216
number of iterations,19,Execution time: ,7.185319185256958
