architecture,t_cbt,t_hxt,eta_hpfp,eta_r,p_cbt,qm_cb0,t0,p0,tpr_hx,Q_hx,pcc,v
pump,200,150,0.154,0.71,1330000.0,0.11,25.2,345000.0,0.95,149000.0,True,0
P_hpfp,P_rv,p_hpfp
17240.203082918204,53107.32096407265,1889366.2728249195
Q,Q_phc
246449.16426607972,97449.16426607972
qm_cb,qm_phc/qm_t,qm_r,qm_v,qm,m_z
0.11,0.0007864195093197229,0.18927200471736075,0,0.11078641950931972,0.0786419509319723
number of iterations,16,Execution time: ,5.647067070007324
