architecture,t_cbt,t_hxt,eta_hpfp,eta_r,p_cbt,qm_cb0,t0,p0,tpr_hx,Q_hx,pcc,v
pump,200,120,0.154,0.71,1330000.0,0.10998,25.2,345000.0,0.95,159000.0,True,0
P_hpfp,P_rv,p_hpfp
17252.877284020473,27568.6546080039,1889258.861393996
Q,Q_phc
272229.94136092684,113229.94136092684
qm_cb,qm_phc/qm_t,qm_r,qm_v,qm,m_z
0.10998,0.0008951109037732274,0.09826931766267927,0,0.11087511090377322,0.08951109037732329
number of iterations,17,Execution time: ,6.774975538253784
