architecture,t_cbt,t_hxt,eta_hpfp,eta_r,p_cbt,qm_cb0,t0,p0,tpr_hx,Q_hx,pcc,v
pump,200,150,0.154,0.71,1330000.0,0.10998,25.2,345000.0,0.95,159000.0,True,0
P_hpfp,P_rv,p_hpfp
17338.685489678774,53442.07317389076,1889258.861438937
Q,Q_phc
248055.7556082335,89055.7556082335
qm_cb,qm_phc/qm_t,qm_r,qm_v,qm,qm_pot
0.10998,0.0006975525045078152,0.1905504761238927,0,0.11067755250450781,0.0008217996901269391
number of iterations,21,Execution time: ,6.5730695724487305
