architecture,t_cbt,t_hxt,eta_hpfp,eta_r,p_cbt,qm_cb0,t0,p0,tpr_hx,Q_hx,pcc,v
pump,200,120,0.154,0.71,1330000.0,0.11,25.2,345000.0,0.95,149000.0,True,0
P_hpfp,P_rv,p_hpfp
17270.7606414401,27585.687497241765,1889366.2728249193
Q,Q_phc
272501.7494150818,123501.74941508181
qm_cb,qm_phc/qm_t,qm_r,qm_v,qm,m_z
0.11,0.0009825189361339908,0.0983327985327347,0,0.11098251893613399,0.09825189361339907
number of iterations,15,Execution time: ,7.299606561660767
