architecture,t_cbt,t_hxt,eta_hpfp,eta_r,p_cbt,qm_cb0,t0,p0,tpr_hx,Q_hx,pcc,v
pump,200,120,0.154,0.71,1330000.0,0.10998,25.2,345000.0,0.95,159000.0,True,0
P_hpfp,P_rv,p_hpfp
17321.13339159743,27690.94973283231,1889258.8614351866
Q,Q_phc
273501.6702477689,114501.67024776893
qm_cb,qm_phc/qm_t,qm_r,qm_v,qm,qm_pot
0.10998,0.0008839441932767108,0.0987402657545844,0,0.1108639441932767,0.0005225362642490303
number of iterations,19,Execution time: ,6.305196285247803
