architecture,t_cbt,t_hxt,eta_hpfp,eta_r,p_cbt,qm_cb0,t0,p0,tpr_hx,Q_hx,pcc,v
pump,200,100,0.154,0.71,1330000.0,0.10998,25.2,345000.0,0.95,159000.0,True,0
P_hpfp,P_rv,p_hpfp
17248.27521633579,18370.60690170545,1889258.8614351866
Q,Q_phc
281555.1014861068,122555.10148610681
qm_cb,qm_phc/qm_t,qm_r,qm_v,qm
0.10998,0.0009379536278156103,0.0655106975574959,0,0.1109179536278156
number of iterations,19,Execution time: ,6.7862794399261475
