architecture,t_cbt,t_hxt,eta_hpfp,eta_r,p_cbt,qm_cb0,t0,p0,tpr_hx,Q_hx,pcc,v
pump,200,170,0.154,0.71,1330000.0,0.10998,25.2,345000.0,0.95,159000.0,True,0
P_hpfp,P_rv,p_hpfp
17177.254165725597,88849.30139289628,1889258.8614391992
Q,Q_phc
209635.2120123697,50635.21201236971
qm_cb,qm_phc/qm_t,qm_r,qm_v,qm,m_z
0.10998,0.0004091211367805575,0.3166863551605104,0,0.11038912113678055,0.04091211367805612
number of iterations,22,Execution time: ,8.604063034057617
