architecture,t_cbt,t_hxt,eta_hpfp,eta_r,p_cbt,qm_cb0,t0,p0,tpr_hx,Q_hx,pcc,v
pump,200,150,0.154,0.71,1330000.0,0.10998,25.2,345000.0,0.95,159000.0,True,0
P_hpfp,P_rv,p_hpfp
17347.48643067297,53469.196124520706,1889258.861438937
Q,Q_phc
248181.66989924267,89181.66989924267
qm_cb,qm_phc/qm_t,qm_r,qm_v,qm,qm_pot
0.10998,0.0006896923934640238,0.19064723984131418,0,0.11066969239346401,0.0008862557420879423
number of iterations,21,Execution time: ,6.946092367172241
