architecture,t_cbt,t_hxt,eta_hpfp,eta_r,p_cbt,qm_cb0,t0,p0,tpr_hx,Q_hx,pcc,v
pump,200,170,0.154,0.71,1330000.0,0.10998,25.2,345000.0,0.95,159000.0,True,0
P_hpfp,P_rv,p_hpfp
17361.259690251325,89893.87595317313,1889258.8614393023
Q,Q_phc
211996.4896483564,52996.48964835639
qm_cb,qm_phc/qm_t,qm_r,qm_v,qm,qm_pot
0.10998,0.0004190318413336781,0.32048755457738737,0,0.11039903184133368,0.0012454875714350887
number of iterations,24,Execution time: ,7.40667724609375
