architecture,t_cbt,t_hxt,eta_hpfp,eta_r,p_cbt,qm_cb0,t0,p0,tpr_hx,Q_hx,pcc,v
pump,200,170,0.154,0.71,1330000.0,0.10998,25.2,345000.0,0.95,159000.0,True,0
P_hpfp,P_rv,p_hpfp
17366.67883667405,89921.41743963152,1889258.8614393023
Q,Q_phc
212063.18026970548,53063.18026970548
qm_cb,qm_phc/qm_t,qm_r,qm_v,qm,qm_pot
0.10998,0.00041498455205764154,0.32058623092865857,0,0.11039498455205764,0.0012843835991544913
number of iterations,24,Execution time: ,7.70494818687439
