architecture,t_cbt,t_hxt,eta_hpfp,eta_r,p_cbt,qm_cb0,t0,p0,tpr_hx,Q_hx,pcc,v
pump,200,110,0.154,0.71,1330000.0,0.10998,25.2,345000.0,0.95,159000.0,True,0
P_hpfp,P_rv,p_hpfp
17258.659952890463,22479.635737661632,1889258.861393996
Q,Q_phc
277419.4441088066,118419.44410880661
qm_cb,qm_phc/qm_t,qm_r,qm_v,qm,m_z
0.10998,0.0009322730560174658,0.08013091168796087,0,0.11091227305601746,0.09322730560174636
number of iterations,17,Execution time: ,6.65936279296875
