architecture,t_cbt,t_hxt,eta_hpfp,eta_r,p_cbt,qm_cb0,t0,p0,tpr_hx,Q_hx,pcc,v
pump,210,190,0.154,0.71,1330000.0,0.10998,25.2,345000.0,0.95,159000.0,True,0
P_hpfp,P_rv,p_hpfp
17142.551362784845,133783.8287340584,1889258.8614392783
Q,Q_phc
181812.368185179,22812.368185178988
qm_cb,qm_phc/qm_t,qm_r,qm_v,qm,m_z
0.10998,0.0001861045893773866,0.45377098074929334,0,0.11016610458937738,0.018610458937738272
number of iterations,23,Execution time: ,9.197644472122192
