architecture,t_cbt,t_hxt,eta_hpfp,eta_r,p_cbt,qm_cb0,t0,p0,tpr_hx,Q_hx,pcc,v
pump,210,150,0.154,0.71,1330000.0,0.10982854725341087,25.2,345000.0,0.95,159000.0,True,0
P_hpfp,P_rv,p_hpfp
17345.157152760275,48436.38533412101,1889258.8614380676
Q,Q_phc
271109.76044136315,112109.76044136315
qm_cb,qm_phc/qm_t,qm_r,qm_v,qm,qm_pot
0.10982854725341087,0.0008691779956541702,0.16446640477085914,0,0.11069772524906504,0.0008432440707677029
number of iterations,20,Execution time: ,7.558871030807495
