architecture,t_cbt,t_hxt,eta_hpfp,eta_r,p_cbt,qm_cb0,t0,p0,tpr_hx,Q_hx,pcc,v
pump,210,170,0.154,0.71,1330000.0,0.10982854725341087,25.2,345000.0,0.95,159000.0,True,0
P_hpfp,P_rv,p_hpfp
17352.12930435806,76881.3440265942,1889258.8614391992
Q,Q_phc
242793.2482159332,83793.24821593321
qm_cb,qm_phc/qm_t,qm_r,qm_v,qm,qm_pot
0.10982854725341087,0.0006646426625971221,0.2610314144967849,0,0.110493189916008,0.0010926150046725184
number of iterations,22,Execution time: ,7.648518323898315
