architecture,t_cbt,t_hxt,eta_hpfp,eta_r,p_cbt,qm_cb0,t0,p0,tpr_hx,Q_hx,pcc,v
pump,210,190,0.154,0.71,1330000.0,0.10982854725341087,25.2,345000.0,0.95,159000.0,True,0
P_hpfp,P_rv,p_hpfp
17106.911416092236,133568.90519765372,1889258.8614393095
Q,Q_phc
181588.08997835356,22588.089978353557
qm_cb,qm_phc/qm_t,qm_r,qm_v,qm
0.10982854725341087,0.00018034252541163087,0.4534278280942299,0,0.1100088897788225
number of iterations,25,Execution time: ,9.416399002075195
