architecture,t_cbt,t_hxt,eta_hpfp,eta_r,p_cbt,qm_cb0,t0,p0,tpr_hx,Q_hx,pcc,v
pump,210,120,0.154,0.71,1330000.0,0.10982854725341087,25.2,345000.0,0.95,159000.0,True,0
P_hpfp,P_rv,p_hpfp
17238.149777585975,26061.70563919877,1889258.8614256384
Q,Q_phc
291513.0660027311,132513.0660027311
qm_cb,qm_phc/qm_t,qm_r,qm_v,qm
0.10982854725341087,0.0010242930287026053,0.08848908129055615,0,0.11085284028211348
number of iterations,18,Execution time: ,6.900346040725708
