architecture,t_cbt,t_hxt,eta_hpfp,eta_r,p_cbt,qm_cb0,t0,p0,tpr_hx,Q_hx,pcc,v
pump,210,150,0.154,0.71,1330000.0,0.10982854725341087,25.2,345000.0,0.95,159000.0,True,0
P_hpfp,P_rv,p_hpfp
17333.995014851924,48405.15919081053,1889258.8614380676
Q,Q_phc
270935.34888904396,111935.34888904396
qm_cb,qm_phc/qm_t,qm_r,qm_v,qm,qm_pot
0.10982854725341087,0.0008785058183585253,0.16436037774197612,0,0.1107070530717694,0.0007621362306778585
number of iterations,20,Execution time: ,7.177780389785767
