architecture,t_cbt,t_hxt,eta_hpfp,eta_r,p_cbt,qm_cb0,t0,p0,tpr_hx,Q_hx,pcc,v
pump,210,140,0.154,0.71,1330000.0,0.11,25.2,345000.0,0.95,149000.0,True,0
P_hpfp,P_rv,p_hpfp
17280.76662991255,39050.77620966749,1889366.2728249193
Q,Q_phc
279066.8195397225,130066.81953972252
qm_cb,qm_phc/qm_t,qm_r,qm_v,qm,m_z
0.11,0.0010468809608646626,0.1324792625930976,0,0.11104688096086467,0.10468809608646626
number of iterations,15,Execution time: ,6.136794567108154
