architecture,t_cbt,t_hxt,eta_hpfp,eta_r,p_cbt,qm_cb0,t0,p0,tpr_hx,Q_hx,pcc,v
pump,210,100,0.154,0.71,1330000.0,0.10982854725341087,25.2,345000.0,0.95,159000.0,True,0
P_hpfp,P_rv,p_hpfp
17324.34968256812,17729.779936781346,1889258.8614256384
Q,Q_phc
301433.034244137,142433.034244137
qm_cb,qm_phc/qm_t,qm_r,qm_v,qm,qm_pot
0.10982854725341087,0.0010727406238161177,0.060200595607532895,0,0.11090128787722699,0.0005058754861108991
number of iterations,18,Execution time: ,6.704659700393677
