architecture,t_cbt,t_hxt,eta_hpfp,eta_r,p_cbt,qm_cb0,t0,p0,tpr_hx,Q_hx,pcc,v
pump,210,170,0.154,0.71,1330000.0,0.10998,25.2,345000.0,0.95,159000.0,True,0
P_hpfp,P_rv,p_hpfp
17216.66379323927,76286.77792057168,1889258.8614351866
Q,Q_phc
240673.83674201503,81673.83674201503
qm_cb,qm_phc/qm_t,qm_r,qm_v,qm,m_z
0.10998,0.0006623859554655692,0.2587655466174813,0,0.11064238595546556,0.0662385955465569
number of iterations,19,Execution time: ,7.537528038024902
