architecture,t_cbt,t_hxt,eta_hpfp,eta_r,p_cbt,qm_cb0,t0,p0,tpr_hx,Q_hx,pcc,v
pump,210,160,0.154,0.71,1330000.0,0.10982854725341087,25.2,345000.0,0.95,159000.0,True,0
P_hpfp,P_rv,p_hpfp
17341.883645288042,60493.05177644755,1889258.861438937
Q,Q_phc
258992.78686560842,99992.78686560842
qm_cb,qm_phc/qm_t,qm_r,qm_v,qm,qm_pot
0.10982854725341087,0.0007889758808908318,0.20540280849001835,0,0.1106175231343017,0.000902395341373414
number of iterations,21,Execution time: ,7.718085289001465
