architecture,t_cbt,t_hxt,eta_hpfp,eta_r,p_cbt,qm_cb0,t0,p0,tpr_hx,Q_hx,pcc,v
pump,210,140,0.154,0.71,1330000.0,0.10982854725341087,25.2,345000.0,0.95,159000.0,True,0
P_hpfp,P_rv,p_hpfp
17223.819343357587,38939.06400860714,1889258.8614351866
Q,Q_phc
278371.70108080335,119371.70108080335
qm_cb,qm_phc/qm_t,qm_r,qm_v,qm
0.10982854725341087,0.0009321387432415229,0.1322156463516714,0,0.1107606859966524
number of iterations,19,Execution time: ,6.790527582168579
