architecture,t_cbt,t_hxt,eta_hpfp,eta_r,p_cbt,qm_cb0,t0,p0,tpr_hx,Q_hx,pcc,v
pump,210,120,0.154,0.71,1330000.0,0.10982854725341087,25.2,345000.0,0.95,159000.0,True,0
P_hpfp,P_rv,p_hpfp
17330.82982518386,26202.916324261627,1889258.8614256384
Q,Q_phc
293079.28014756105,134079.28014756105
qm_cb,qm_phc/qm_t,qm_r,qm_v,qm,qm_pot
0.10982854725341087,0.0010208917382724637,0.08896778122667344,0,0.11084943899168334,0.0005993960257274116
number of iterations,18,Execution time: ,6.728845119476318
