architecture,t_cbt,t_hxt,eta_hpfp,eta_r,p_cbt,qm_cb0,t0,p0,tpr_hx,Q_hx,pcc,v
pump,210,110,0.154,0.71,1330000.0,0.10982854725341087,25.2,345000.0,0.95,159000.0,True,0
P_hpfp,P_rv,p_hpfp
17243.031995658894,21434.474587113662,1889258.8614256384
Q,Q_phc
296230.2411212977,137230.2411212977
qm_cb,qm_phc/qm_t,qm_r,qm_v,qm
0.10982854725341087,0.0010556889585003199,0.0727799128021121,0,0.1108842362119112
number of iterations,18,Execution time: ,6.622517108917236
