architecture,t_cbt,t_hxt,eta_hpfp,eta_r,p_cbt,qm_cb0,t0,p0,tpr_hx,Q_hx,pcc,v
pump,210,100,0.154,0.71,1330000.0,0.10982854725341087,25.2,345000.0,0.95,159000.0,True,0
P_hpfp,P_rv,p_hpfp
17246.876331404954,17649.96720092741,1889258.8614256384
Q,Q_phc
300085.5718883236,141085.57188832358
qm_cb,qm_phc/qm_t,qm_r,qm_v,qm
0.10982854725341087,0.0010804106102986488,0.05992995925570799,0,0.11090895786370952
number of iterations,18,Execution time: ,7.156428575515747
