architecture,t_cbt,t_hxt,eta_hpfp,eta_r,p_cbt,qm_cb0,t0,p0,tpr_hx,Q_hx,pcc,v
pump,210,170,0.154,0.71,1330000.0,0.10982854725341087,25.2,345000.0,0.95,159000.0,True,0
P_hpfp,P_rv,p_hpfp
17179.28128867598,76102.60196111402,1889258.8614391992
Q,Q_phc
240387.64800480177,81387.64800480177
qm_cb,qm_phc/qm_t,qm_r,qm_v,qm
0.10982854725341087,0.0006457292421107041,0.25839686720431126,0,0.11047427649552158
number of iterations,22,Execution time: ,7.6429102420806885
