architecture,t_cbt,t_hxt,eta_hpfp,eta_r,p_cbt,qm_cb0,t0,p0,tpr_hx,Q_hx,pcc,v
pump,210,120,0.154,0.71,1330000.0,0.10998,25.2,345000.0,0.95,159000.0,True,0
P_hpfp,P_rv,p_hpfp
17277.46366633527,26123.120294250482,1889258.8612891329
Q,Q_phc
291956.8266138865,132956.82661388651
qm_cb,qm_phc/qm_t,qm_r,qm_v,qm,m_z
0.10998,0.0010531145949262272,0.08861565089355108,0,0.11103311459492622,0.10531145949262291
number of iterations,16,Execution time: ,6.340669870376587
