architecture,t_cbt,t_hxt,eta_hpfp,eta_r,p_cbt,qm_cb0,t0,p0,tpr_hx,Q_hx,pcc,v
pump,210,100,0.154,0.71,1330000.0,0.10982854725341087,25.2,345000.0,0.95,159000.0,True,0
P_hpfp,P_rv,p_hpfp
17311.318749842983,17716.37331941382,1889258.8614256384
Q,Q_phc
301206.37475592695,142206.37475592695
qm_cb,qm_phc/qm_t,qm_r,qm_v,qm,qm_pot
0.10982854725341087,0.0010887786896554424,0.060155118547933255,0,0.11091732594306632,0.0004060398014583828
number of iterations,18,Execution time: ,7.204565048217773
