architecture,t_cbt,t_hxt,eta_hpfp,eta_r,p_cbt,qm_cb0,t0,p0,tpr_hx,Q_hx,pcc,v
pump,210,180,0.154,0.71,1330000.0,0.10982854725341087,25.2,345000.0,0.95,159000.0,True,0
P_hpfp,P_rv,p_hpfp
17372.514895878066,100188.7095081564,1889258.8614393023
Q,Q_phc
219861.44215657923,60861.44215657923
qm_cb,qm_phc/qm_t,qm_r,qm_v,qm,qm_pot
0.10982854725341087,0.00048067427044759265,0.34016622212777836,0,0.11030922152385847,0.0014076763940135293
number of iterations,24,Execution time: ,8.591941356658936
