architecture,t_cbt,t_hxt,eta_hpfp,eta_r,p_cbt,qm_cb0,t0,p0,tpr_hx,Q_hx,pcc,v
pump,220,150,0.154,0.71,1330000.0,0.10967904834270684,25.2,345000.0,0.95,159000.0,True,0
P_hpfp,P_rv,p_hpfp
17330.207235227503,44642.102538852494,1889258.8614351866
Q,Q_phc
292364.193513441,133364.19351344102
qm_cb,qm_phc/qm_t,qm_r,qm_v,qm,qm_pot
0.10967904834270684,0.0010483289537381296,0.1446782204813464,0,0.11072737729644497,0.000717454048596371
number of iterations,19,Execution time: ,7.463954448699951
