architecture,t_cbt,t_hxt,eta_hpfp,eta_r,p_cbt,qm_cb0,t0,p0,tpr_hx,Q_hx,pcc,v
pump,220,120,0.154,0.71,1330000.0,0.10967904834270684,25.2,345000.0,0.95,159000.0,True,0
P_hpfp,P_rv,p_hpfp
17329.98469552793,24980.5610191704,1889258.8614256384
Q,Q_phc
312021.4074936834,153021.4074936834
qm_cb,qm_phc/qm_t,qm_r,qm_v,qm,qm_pot
0.10967904834270684,0.0011664636557679364,0.08095845147131943,0,0.11084551199847477,0.0005978882696168851
number of iterations,18,Execution time: ,6.91433310508728
