architecture,t_cbt,t_hxt,eta_hpfp,eta_r,p_cbt,qm_cb0,t0,p0,tpr_hx,Q_hx,pcc,v
pump,220,190,0.154,0.71,1330000.0,0.10998,25.2,345000.0,0.95,159000.0,True,0
P_hpfp,P_rv,p_hpfp
17197.1725184972,109809.81831194434,1889258.8614380676
Q,Q_phc
224379.89229180603,65379.89229180603
qm_cb,qm_phc/qm_t,qm_r,qm_v,qm,m_z
0.10998,0.0005371258481450952,0.3555233269877307,0,0.11051712584814509,0.05371258481450935
number of iterations,20,Execution time: ,8.065287113189697
