architecture,t_cbt,t_hxt,eta_hpfp,eta_r,p_cbt,qm_cb0,t0,p0,tpr_hx,Q_hx,pcc,v
pump,220,150,0.154,0.71,1330000.0,0.10967904834270684,25.2,345000.0,0.95,159000.0,True,0
P_hpfp,P_rv,p_hpfp
17216.2961389432,44369.43455223638,1889258.8614256384
Q,Q_phc
290421.7260436129,131421.72604361293
qm_cb,qm_phc/qm_t,qm_r,qm_v,qm
0.10967904834270684,0.0010332584166500153,0.14377589686945336,0,0.11071230675935685
number of iterations,18,Execution time: ,6.335805416107178
