architecture,t_cbt,t_hxt,eta_hpfp,eta_r,p_cbt,qm_cb0,t0,p0,tpr_hx,Q_hx,pcc,v
pump,220,160,0.154,0.71,1330000.0,0.10967904834270684,25.2,345000.0,0.95,159000.0,True,0
P_hpfp,P_rv,p_hpfp
17349.768565429084,54874.3942630554,1889258.8614351866
Q,Q_phc
282512.29489981156,123512.29489981156
qm_cb,qm_phc/qm_t,qm_r,qm_v,qm,qm_pot
0.10967904834270684,0.0009658564490287098,0.17782136462551845,0,0.11064490479173554,0.0009257189985783592
number of iterations,19,Execution time: ,7.047455787658691
