architecture,t_cbt,t_hxt,eta_hpfp,eta_r,p_cbt,qm_cb0,t0,p0,tpr_hx,Q_hx,pcc,v
pump,220,170,0.154,0.71,1330000.0,0.10998,25.2,345000.0,0.95,159000.0,True,0
P_hpfp,P_rv,p_hpfp
17250.99663867159,67694.3834919384,1889258.861393996
Q,Q_phc
267541.2820613428,108541.28206134279
qm_cb,qm_phc/qm_t,qm_r,qm_v,qm,m_z
0.10998,0.0008830249914818789,0.2191758510336101,0,0.11086302499148187,0.08830249914818765
number of iterations,17,Execution time: ,6.703721523284912
