architecture,t_cbt,t_hxt,eta_hpfp,eta_r,p_cbt,qm_cb0,t0,p0,tpr_hx,Q_hx,pcc,v
pump,220,140,0.154,0.71,1330000.0,0.10967904834270684,25.2,345000.0,0.95,159000.0,True,0
P_hpfp,P_rv,p_hpfp
17225.287637120702,36421.27883069853,1889258.8614256384
Q,Q_phc
298544.73203991645,139544.73203991645
qm_cb,qm_phc/qm_t,qm_r,qm_v,qm
0.10967904834270684,0.0010910797677942952,0.11802923139540633,0,0.11077012811050113
number of iterations,18,Execution time: ,6.883902549743652
