architecture,t_cbt,t_hxt,eta_hpfp,eta_r,p_cbt,qm_cb0,t0,p0,tpr_hx,Q_hx,pcc,v
pump,220,140,0.154,0.71,1330000.0,0.10967904834270684,25.2,345000.0,0.95,159000.0,True,0
P_hpfp,P_rv,p_hpfp
17324.47865206541,36632.942730161376,1889258.8614256384
Q,Q_phc
300261.95428100403,141261.95428100403
qm_cb,qm_phc/qm_t,qm_r,qm_v,qm,qm_pot
0.10967904834270684,0.001104252681616258,0.11871376379151935,0,0.1107833010243231,0.0006246916991995337
number of iterations,18,Execution time: ,6.046906471252441
