architecture,t_cbt,t_hxt,eta_hpfp,eta_r,p_cbt,qm_cb0,t0,p0,tpr_hx,Q_hx,pcc,v
pump,220,160,0.154,0.71,1330000.0,0.10967904834270684,25.2,345000.0,0.95,159000.0,True,0
P_hpfp,P_rv,p_hpfp
17204.58157994463,54409.89537115762,1889258.8614351866
Q,Q_phc
280153.461817141,121153.46181714098
qm_cb,qm_phc/qm_t,qm_r,qm_v,qm
0.10967904834270684,0.000957925959681763,0.1763199978975011,0,0.1106369743023886
number of iterations,19,Execution time: ,7.077686309814453
