architecture,t_cbt,t_hxt,eta_hpfp,eta_r,p_cbt,qm_cb0,t0,p0,tpr_hx,Q_hx,pcc,v
pump,220,180,0.154,0.71,1330000.0,0.10967904834270684,25.2,345000.0,0.95,159000.0,True,0
P_hpfp,P_rv,p_hpfp
17356.67342934309,85866.87948796777,1889258.861438937
Q,Q_phc
251654.08288537123,92654.08288537123
qm_cb,qm_phc/qm_t,qm_r,qm_v,qm,qm_pot
0.10967904834270684,0.0007406698617528282,0.27823408843114944,0,0.11041971820445967,0.001195308481247749
number of iterations,21,Execution time: ,8.447694778442383
