architecture,t_cbt,t_hxt,eta_hpfp,eta_r,p_cbt,qm_cb0,t0,p0,tpr_hx,Q_hx,pcc,v
pump,220,100,0.154,0.71,1330000.0,0.11,25.2,345000.0,0.95,149000.0,True,0
P_hpfp,P_rv,p_hpfp
17327.791444394723,17123.273965409004,1889366.2728249172
Q,Q_phc
319580.2863172144,170580.28631721443
qm_cb,qm_phc/qm_t,qm_r,qm_v,qm,m_z
0.11,0.0013489270438072135,0.05544981995335242,0,0.11134892704380721,0.13489270438072135
number of iterations,14,Execution time: ,6.049518823623657
