architecture,t_cbt,t_hxt,eta_hpfp,eta_r,p_cbt,qm_cb0,t0,p0,tpr_hx,Q_hx,pcc,v
pump,220,150,0.154,0.71,1330000.0,0.10967904834270684,25.2,345000.0,0.95,159000.0,True,0
P_hpfp,P_rv,p_hpfp
17343.61104330652,44676.7188436283,1889258.8614351866
Q,Q_phc
292590.23004751425,133590.23004751425
qm_cb,qm_phc/qm_t,qm_r,qm_v,qm,qm_pot
0.10967904834270684,0.0010378161881012956,0.14479037392841787,0,0.11071686453080813,0.0008141622711294592
number of iterations,19,Execution time: ,6.893885135650635
