architecture,t_cbt,t_hxt,eta_hpfp,eta_r,p_cbt,qm_cb0,t0,p0,tpr_hx,Q_hx,pcc,v
pump,220,130,0.154,0.71,1330000.0,0.10967904834270684,25.2,345000.0,0.95,159000.0,True,0
P_hpfp,P_rv,p_hpfp
17232.255530070604,30038.692407366947,1889258.8614256384
Q,Q_phc
305062.8173503942,146062.8173503942
qm_cb,qm_phc/qm_t,qm_r,qm_v,qm
0.10967904834270684,0.0011358879829591745,0.09734959709272248,0,0.11081493632566601
number of iterations,18,Execution time: ,6.998051881790161
