architecture,t_cbt,t_hxt,eta_hpfp,eta_r,p_cbt,qm_cb0,t0,p0,tpr_hx,Q_hx,pcc,v
pump,220,130,0.154,0.71,1330000.0,0.10967904834270684,25.2,345000.0,0.95,159000.0,True,0
P_hpfp,P_rv,p_hpfp
17333.911051296658,30217.16981718592,1889258.8614256384
Q,Q_phc
306861.15130915196,147861.15130915196
qm_cb,qm_phc/qm_t,qm_r,qm_v,qm,qm_pot
0.10967904834270684,0.001134032857250411,0.0979271088609652,0,0.11081308119995725,0.000655568163573142
number of iterations,18,Execution time: ,6.822266101837158
