architecture,t_cbt,t_hxt,eta_hpfp,eta_r,p_cbt,qm_cb0,t0,p0,tpr_hx,Q_hx,pcc,v
pump,220,110,0.154,0.71,1330000.0,0.10967904834270684,25.2,345000.0,0.95,159000.0,True,0
P_hpfp,P_rv,p_hpfp
17242.00279831792,20581.71170226469,1889258.8614256384
Q,Q_phc
314709.3451696273,155709.34516962728
qm_cb,qm_phc/qm_t,qm_r,qm_v,qm
0.10967904834270684,0.001198569441476935,0.06670339772199993,0,0.11087761778418377
number of iterations,18,Execution time: ,7.574731826782227
