architecture,t_cbt,t_hxt,eta_hpfp,eta_r,p_cbt,qm_cb0,t0,p0,tpr_hx,Q_hx,pcc,v
pump,220,120,0.154,0.71,1330000.0,0.10967904834270684,25.2,345000.0,0.95,159000.0,True,0
P_hpfp,P_rv,p_hpfp
17237.707736351913,24846.704343562687,1889258.8614256384
Q,Q_phc
310360.8299884736,151360.82998847362
qm_cb,qm_phc/qm_t,qm_r,qm_v,qm
0.10967904834270684,0.0011709493184206415,0.08052522966411124,0,0.11084999766112748
number of iterations,18,Execution time: ,6.968546628952026
