architecture,t_cbt,t_hxt,eta_hpfp,eta_r,p_cbt,qm_cb0,t0,p0,tpr_hx,Q_hx,pcc,v
pump,220,170,0.154,0.71,1330000.0,0.10967904834270684,25.2,345000.0,0.95,159000.0,True,0
P_hpfp,P_rv,p_hpfp
17357.200195331858,68107.1871874531,1889258.8614380676
Q,Q_phc
269424.01877176715,110424.01877176715
qm_cb,qm_phc/qm_t,qm_r,qm_v,qm,qm_pot
0.10967904834270684,0.0008692794895506872,0.22070167607588126,0,0.11054832783225753,0.0010700863115202291
number of iterations,20,Execution time: ,7.2316694259643555
