architecture,t_cbt,t_hxt,eta_hpfp,eta_r,p_cbt,qm_cb0,t0,p0,tpr_hx,Q_hx,pcc,v
pump,220,190,0.154,0.71,1330000.0,0.10967904834270684,25.2,345000.0,0.95,159000.0,True,0
P_hpfp,P_rv,p_hpfp
17371.489632826568,110932.16032602482,1889258.8614392783
Q,Q_phc
226876.92057845776,67876.92057845776
qm_cb,qm_phc/qm_t,qm_r,qm_v,qm,qm_pot
0.10967904834270684,0.0005455309325543558,0.35946080468820735,0,0.11022457927526119,0.0014857255150045599
number of iterations,23,Execution time: ,9.13064956665039
