architecture,t_cbt,t_hxt,eta_hpfp,eta_r,p_cbt,qm_cb0,t0,p0,tpr_hx,Q_hx,pcc,v
pump,220,130,0.154,0.71,1330000.0,0.11,25.2,345000.0,0.95,149000.0,True,0
P_hpfp,P_rv,p_hpfp
17314.21660415444,30170.410551588706,1889366.2728249172
Q,Q_phc
306269.3713347032,157269.37133470317
qm_cb,qm_phc/qm_t,qm_r,qm_v,qm,m_z
0.11,0.0012617701451167554,0.09769877529586848,0,0.11126177014511676,0.12617701451167554
number of iterations,14,Execution time: ,5.404959678649902
