architecture,t_cbt,t_hxt,eta_hpfp,eta_r,p_cbt,qm_cb0,t0,p0,tpr_hx,Q_hx,pcc,v
pump,220,120,0.154,0.71,1330000.0,0.10967904834270684,25.2,345000.0,0.95,159000.0,True,0
P_hpfp,P_rv,p_hpfp
17315.45280961279,24959.527836821777,1889258.8614256384
Q,Q_phc
311759.851034688,152759.851034688
qm_cb,qm_phc/qm_t,qm_r,qm_v,qm,qm_pot
0.10967904834270684,0.001181519043334065,0.08089033617996406,0,0.1108605673860409,0.0004893831296623873
number of iterations,18,Execution time: ,7.044243097305298
