architecture,t_cbt,t_hxt,eta_hpfp,eta_r,p_cbt,qm_cb0,t0,p0,tpr_hx,Q_hx,pcc,v
pump,220,170,0.154,0.71,1330000.0,0.10967904834270684,25.2,345000.0,0.95,159000.0,True,0
P_hpfp,P_rv,p_hpfp
17188.943445030425,67438.10822612482,1889258.8614380676
Q,Q_phc
266821.14700366295,107821.14700366295
qm_cb,qm_phc/qm_t,qm_r,qm_v,qm
0.10967904834270684,0.0008573622851650448,0.21853999813442368,0,0.11053641062787188
number of iterations,20,Execution time: ,7.917195796966553
