architecture,t_cbt,t_hxt,eta_hpfp,eta_r,p_cbt,qm_cb0,t0,p0,tpr_hx,Q_hx,pcc,v
pump,220,130,0.154,0.71,1330000.0,0.10967904834270684,25.2,345000.0,0.95,159000.0,True,0
P_hpfp,P_rv,p_hpfp
17319.617126080982,30192.15644607145,1889258.8614256384
Q,Q_phc
306608.20246506017,147608.20246506017
qm_cb,qm_phc/qm_t,qm_r,qm_v,qm,qm_pot
0.10967904834270684,0.0011476511479438978,0.09784609737242506,0,0.11082669949065073,0.0005500303670520435
number of iterations,18,Execution time: ,6.746402025222778
