architecture,t_cbt,t_hxt,eta_hpfp,eta_r,p_cbt,qm_cb0,t0,p0,tpr_hx,Q_hx,pcc,v
pump,220,150,0.154,0.71,1330000.0,0.10998,25.2,345000.0,0.95,159000.0,True,0
P_hpfp,P_rv,p_hpfp
17279.32638826569,44519.08055536598,1889258.8612891329
Q,Q_phc
291267.11225265317,132267.11225265317
qm_cb,qm_phc/qm_t,qm_r,qm_v,qm,m_z
0.10998,0.001065085322896106,0.14415283096384213,0,0.1110450853228961,0.10650853228961119
number of iterations,16,Execution time: ,6.684134483337402
