architecture,t_cbt,t_hxt,eta_hpfp,eta_r,p_cbt,qm_cb0,t0,p0,tpr_hx,Q_hx,pcc,v
pump,220,180,0.154,0.71,1330000.0,0.10998,25.2,345000.0,0.95,159000.0,True,0
P_hpfp,P_rv,p_hpfp
17228.82021611396,85235.85784242534,1889258.8614256384
Q,Q_phc
249568.8570625672,90568.8570625672
qm_cb,qm_phc/qm_t,qm_r,qm_v,qm,m_z
0.10998,0.0007405088535174936,0.27595280515999265,0,0.11072050885351749,0.07405088535174972
number of iterations,18,Execution time: ,7.489579439163208
