architecture,t_cbt,t_hxt,eta_hpfp,eta_r,p_cbt,qm_cb0,t0,p0,tpr_hx,Q_hx,pcc,v
pump,220,170,0.154,0.71,1330000.0,0.10967904834270684,25.2,345000.0,0.95,159000.0,True,0
P_hpfp,P_rv,p_hpfp
17345.686264828637,68062.02746452621,1889258.8614380676
Q,Q_phc
269245.27655173384,110245.27655173384
qm_cb,qm_phc/qm_t,qm_r,qm_v,qm,qm_pot
0.10967904834270684,0.0008764089174396186,0.22055524564398704,0,0.11055545726014646,0.0009889146044118205
number of iterations,20,Execution time: ,7.526668310165405
