architecture,t_cbt,t_hxt,eta_hpfp,eta_r,p_cbt,qm_cb0,t0,p0,tpr_hx,Q_hx,pcc,v
pump,220,110,0.154,0.71,1330000.0,0.10967904834270684,25.2,345000.0,0.95,159000.0,True,0
P_hpfp,P_rv,p_hpfp
17326.53325664303,20683.21263534453,1889258.8614256384
Q,Q_phc
316251.6385823212,157251.63858232117
qm_cb,qm_phc/qm_t,qm_r,qm_v,qm,qm_pot
0.10967904834270684,0.0011917240288556543,0.06703193974338154,0,0.1108707723715625,0.0005504328345075407
number of iterations,18,Execution time: ,6.7255754470825195
