architecture,t_cbt,t_hxt,eta_hpfp,eta_r,p_cbt,qm_cb0,t0,p0,tpr_hx,Q_hx,pcc,v
pump,220,190,0.154,0.71,1330000.0,0.11,25.2,345000.0,0.95,149000.0,True,0
P_hpfp,P_rv,p_hpfp
17215.241593046605,109928.88702107912,1889366.2728249198
Q,Q_phc
224587.67004306335,75587.67004306335
qm_cb,qm_phc/qm_t,qm_r,qm_v,qm,m_z
0.11,0.0006266707674988662,0.3558578457755704,0,0.11062667076749887,0.06266707674988661
number of iterations,17,Execution time: ,7.060838937759399
