architecture,t_cbt,t_hxt,eta_hpfp,eta_r,p_cbt,qm_cb0,t0,p0,tpr_hx,Q_hx,pcc,v
pump,220,100,0.154,0.71,1330000.0,0.10967904834270684,25.2,345000.0,0.95,159000.0,True,0
P_hpfp,P_rv,p_hpfp
17245.40636020452,17047.534964064682,1889258.8614256384
Q,Q_phc
318309.7081783804,159309.7081783804
qm_cb,qm_phc/qm_t,qm_r,qm_v,qm
0.10967904834270684,0.0012204566223561891,0.05524891276276186,0,0.11089950496506303
number of iterations,18,Execution time: ,7.198833703994751
