architecture,t_cbt,t_hxt,eta_hpfp,eta_r,p_cbt,qm_cb0,t0,p0,tpr_hx,Q_hx,pcc,v
pump,220,110,0.154,0.71,1330000.0,0.10967904834270684,25.2,345000.0,0.95,159000.0,True,0
P_hpfp,P_rv,p_hpfp
17311.85245732843,20665.61024025379,1889258.8614256384
Q,Q_phc
315983.7555395836,156983.75553958362
qm_cb,qm_phc/qm_t,qm_r,qm_v,qm,qm_pot
0.10967904834270684,0.001208129029938462,0.06697494019440509,0,0.11088717737264529,0.0004396204682125485
number of iterations,18,Execution time: ,7.006685733795166
