architecture,t_cbt,t_hxt,eta_hpfp,eta_r,p_cbt,qm_cb0,t0,p0,tpr_hx,Q_hx,pcc,v
pump,220,150,0.154,0.71,1330000.0,0.11,25.2,345000.0,0.95,149000.0,True,0
P_hpfp,P_rv,p_hpfp
17297.722331282806,44559.4919935752,1889366.2728249172
Q,Q_phc
291559.7827803144,142559.7827803144
qm_cb,qm_phc/qm_t,qm_r,qm_v,qm,m_z
0.11,0.0011559280807896908,0.14427543175667581,0,0.1111559280807897,0.11559280807896907
number of iterations,14,Execution time: ,5.730674982070923
