architecture,t_cbt,t_hxt,eta_hpfp,eta_r,p_cbt,qm_cb0,t0,p0,tpr_hx,Q_hx,pcc,v
pump,220,200,0.154,0.71,1330000.0,0.10967904834270684,25.2,345000.0,0.95,159000.0,True,0
P_hpfp,P_rv,p_hpfp
17089.525851406543,146258.67311192147,1889258.8614393023
Q,Q_phc
186067.28988710453,27067.289887104533
qm_cb,qm_phc/qm_t,qm_r,qm_v,qm
0.10967904834270684,0.0002180406193183354,0.4738743957905324,0,0.10989708896202517
number of iterations,24,Execution time: ,8.937424182891846
