architecture,t_cbt,t_hxt,eta_hpfp,eta_r,p_cbt,qm_cb0,t0,p0,tpr_hx,Q_hx,pcc,v
pump,220,200,0.154,0.71,1330000.0,0.10998,25.2,345000.0,0.95,159000.0,True,0
P_hpfp,P_rv,p_hpfp
17148.892023244243,146696.53664565564,1889258.8614391992
Q,Q_phc
186554.94735523075,27554.947355230746
qm_cb,qm_phc/qm_t,qm_r,qm_v,qm,m_z
0.10998,0.00022685265825271583,0.47493332783383746,0,0.11020685265825271,0.022685265825271424
number of iterations,22,Execution time: ,10.009007930755615
