architecture,t_cbt,t_hxt,eta_hpfp,eta_r,p_cbt,qm_cb0,t0,p0,tpr_hx,Q_hx,pcc,v
pump,220,200,0.154,0.71,1330000.0,0.10967904834270684,25.2,345000.0,0.95,159000.0,True,0
P_hpfp,P_rv,p_hpfp
17393.164241526865,148940.96872974015,1889258.8614393023
Q,Q_phc
189289.6004753091,30289.600475309097
qm_cb,qm_phc/qm_t,qm_r,qm_v,qm,qm_pot
0.10967904834270684,0.0002438984870382101,0.4825015584393465,0,0.10992294682974504,0.0019267402009148203
number of iterations,24,Execution time: ,9.297034502029419
