architecture,t_cbt,t_hxt,eta_hpfp,eta_r,p_cbt,qm_cb0,t0,p0,tpr_hx,Q_hx,pcc,v
pump,230,160,0.154,0.71,1330000.0,0.10953148807896115,25.2,345000.0,0.95,159000.0,True,0
P_hpfp,P_rv,p_hpfp
17348.306814072952,50604.57685121199,1889258.8614256384
Q,Q_phc
304323.26491593255,145323.26491593255
qm_cb,qm_phc/qm_t,qm_r,qm_v,qm,qm_pot
0.10953148807896115,0.0011386731532014097,0.15684432536666512,0,0.11067016123216256,0.0008910625208683952
number of iterations,18,Execution time: ,6.46711277961731
