architecture,t_cbt,t_hxt,eta_hpfp,eta_r,p_cbt,qm_cb0,t0,p0,tpr_hx,Q_hx,pcc,v
pump,230,180,0.154,0.71,1330000.0,0.11,25.2,345000.0,0.95,149000.0,True,0
P_hpfp,P_rv,p_hpfp
17283.246996751623,75712.58642149209,1889366.2728249193
Q,Q_phc
277616.46470339625,128616.46470339625
qm_cb,qm_phc/qm_t,qm_r,qm_v,qm,m_z
0.11,0.0010631036281731276,0.23449442892015174,0,0.11106310362817313,0.10631036281731275
number of iterations,15,Execution time: ,6.169870138168335
