architecture,t_cbt,t_hxt,eta_hpfp,eta_r,p_cbt,qm_cb0,t0,p0,tpr_hx,Q_hx,pcc,v
pump,230,150,0.154,0.71,1330000.0,0.11,25.2,345000.0,0.95,149000.0,True,0
P_hpfp,P_rv,p_hpfp
17324.48691510903,41727.0506061382,1889366.2728248988
Q,Q_phc
312445.0863824811,163445.0863824811
qm_cb,qm_phc/qm_t,qm_r,qm_v,qm,m_z
0.11,0.0013279149430080485,0.12922387863747073,0,0.11132791494300805,0.13279149430080484
number of iterations,13,Execution time: ,5.6653900146484375
