architecture,t_cbt,t_hxt,eta_hpfp,eta_r,p_cbt,qm_cb0,t0,p0,tpr_hx,Q_hx,pcc,v
pump,230,180,0.154,0.71,1330000.0,0.10998,25.2,345000.0,0.95,159000.0,True,0
P_hpfp,P_rv,p_hpfp
17264.612776446178,75649.13179160512,1889258.861393996
Q,Q_phc
277324.5346373229,118324.53463732288
qm_cb,qm_phc/qm_t,qm_r,qm_v,qm,m_z
0.10998,0.0009705287023693832,0.23430295196057158,0,0.11095052870236938,0.09705287023693876
number of iterations,17,Execution time: ,7.399064064025879
