architecture,t_cbt,t_hxt,eta_hpfp,eta_r,p_cbt,qm_cb0,t0,p0,tpr_hx,Q_hx,pcc,v
pump,230,160,0.154,0.71,1330000.0,0.10998,25.2,345000.0,0.95,159000.0,True,0
P_hpfp,P_rv,p_hpfp
17295.581440498467,50455.0738276642,1889258.8609416161
Q,Q_phc
303151.7448884215,144151.7448884215
qm_cb,qm_phc/qm_t,qm_r,qm_v,qm,m_z
0.10998,0.001169548022622327,0.15625950267510477,0,0.11114954802262232,0.11695480226223229
number of iterations,15,Execution time: ,6.780437469482422
