architecture,t_cbt,t_hxt,eta_hpfp,eta_r,p_cbt,qm_cb0,t0,p0,tpr_hx,Q_hx,pcc,v
pump,230,150,0.154,0.71,1330000.0,0.10953148807896115,25.2,345000.0,0.95,159000.0,True,0
P_hpfp,P_rv,p_hpfp
17218.481236082695,41487.65457198456,1889258.861393996
Q,Q_phc
310784.09445561934,151784.09445561934
qm_cb,qm_phc/qm_t,qm_r,qm_v,qm
0.10953148807896115,0.0011948703248814974,0.12857834426511172,0,0.11072635840384265
number of iterations,17,Execution time: ,7.208264589309692
