architecture,t_cbt,t_hxt,eta_hpfp,eta_r,p_cbt,qm_cb0,t0,p0,tpr_hx,Q_hx,pcc,v
pump,230,130,0.154,0.71,1330000.0,0.10998,25.2,345000.0,0.95,159000.0,True,0
P_hpfp,P_rv,p_hpfp
17320.287970475118,28785.510722963652,1889258.8609416161
Q,Q_phc
325326.43107884267,166326.43107884267
qm_cb,qm_phc/qm_t,qm_r,qm_v,qm,m_z
0.10998,0.0013283238145527232,0.08915496504101406,0,0.11130832381455272,0.13283238145527276
number of iterations,15,Execution time: ,6.8204896450042725
