architecture,t_cbt,t_hxt,eta_hpfp,eta_r,p_cbt,qm_cb0,t0,p0,tpr_hx,Q_hx,pcc,v
pump,230,150,0.154,0.71,1330000.0,0.10953148807896115,25.2,345000.0,0.95,159000.0,True,0
P_hpfp,P_rv,p_hpfp
17327.038488750735,41729.50724816374,1889258.8614256384
Q,Q_phc
312763.2072823279,153763.20728232787
qm_cb,qm_phc/qm_t,qm_r,qm_v,qm,qm_pot
0.10953148807896115,0.0012101971043324516,0.12934551470572148,0,0.11074168518329361,0.0006827690033725837
number of iterations,18,Execution time: ,6.844600677490234
