architecture,t_cbt,t_hxt,eta_hpfp,eta_r,p_cbt,qm_cb0,t0,p0,tpr_hx,Q_hx,pcc,v
pump,230,100,0.154,0.71,1330000.0,0.10998,25.2,345000.0,0.95,159000.0,True,0
P_hpfp,P_rv,p_hpfp
17332.559602658115,16631.228078787306,1889258.8612891329
Q,Q_phc
337731.6060143433,178731.60601434333
qm_cb,qm_phc/qm_t,qm_r,qm_v,qm,m_z
0.10998,0.0014071870172210066,0.05151251105177545,0,0.111387187017221,0.14071870172210016
number of iterations,16,Execution time: ,7.071591854095459
