architecture,t_cbt,t_hxt,eta_hpfp,eta_r,p_cbt,qm_cb0,t0,p0,tpr_hx,Q_hx,pcc,v
pump,230,120,0.154,0.71,1330000.0,0.10953148807896115,25.2,345000.0,0.95,159000.0,True,0
P_hpfp,P_rv,p_hpfp
17312.966361754385,23968.25476650429,1889258.861393996
Q,Q_phc
330236.559089588,171236.559089588
qm_cb,qm_phc/qm_t,qm_r,qm_v,qm,qm_pot
0.10953148807896115,0.0013252168290076333,0.0742877446841288,0,0.11085670490796878,0.00047725609133575093
number of iterations,17,Execution time: ,6.935314655303955
