architecture,t_cbt,t_hxt,eta_hpfp,eta_r,p_cbt,qm_cb0,t0,p0,tpr_hx,Q_hx,pcc,v
pump,230,130,0.154,0.71,1330000.0,0.11,25.2,345000.0,0.95,149000.0,True,0
P_hpfp,P_rv,p_hpfp
17338.77157318756,28809.500621024836,1889366.2728248988
Q,Q_phc
325654.6639412026,176654.66394120263
qm_cb,qm_phc/qm_t,qm_r,qm_v,qm,m_z
0.11,0.0014195771310816744,0.08922685111489287,0,0.11141957713108168,0.14195771310816743
number of iterations,13,Execution time: ,5.556305408477783
