architecture,t_cbt,t_hxt,eta_hpfp,eta_r,p_cbt,qm_cb0,t0,p0,tpr_hx,Q_hx,pcc,v
pump,230,190,0.154,0.71,1330000.0,0.11,25.2,345000.0,0.95,149000.0,True,0
P_hpfp,P_rv,p_hpfp
17258.95927315438,94684.73772107998,1889366.2728249193
Q,Q_phc
258147.78874416492,109147.78874416492
qm_cb,qm_phc/qm_t,qm_r,qm_v,qm,m_z
0.11,0.0009074899627891338,0.29317491628092196,0,0.11090748996278914,0.09074899627891338
number of iterations,15,Execution time: ,6.45623254776001
