architecture,t_cbt,t_hxt,eta_hpfp,eta_r,p_cbt,qm_cb0,t0,p0,tpr_hx,Q_hx,pcc,v
pump,230,170,0.154,0.71,1330000.0,0.10953148807896115,25.2,345000.0,0.95,159000.0,True,0
P_hpfp,P_rv,p_hpfp
17195.717446171282,61181.61826330672,1889258.8614256384
Q,Q_phc
290624.407893451,131624.407893451
qm_cb,qm_phc/qm_t,qm_r,qm_v,qm
0.10953148807896115,0.0010484839128891421,0.18961025685438887,0,0.1105799719918503
number of iterations,18,Execution time: ,6.778323411941528
