architecture,t_cbt,t_hxt,eta_hpfp,eta_r,p_cbt,qm_cb0,t0,p0,tpr_hx,Q_hx,pcc,v
pump,230,190,0.154,0.71,1330000.0,0.10953148807896115,25.2,345000.0,0.95,159000.0,True,0
P_hpfp,P_rv,p_hpfp
17155.323280419896,94126.13833744697,1889258.8614380676
Q,Q_phc
256853.46629056102,97853.46629056102
qm_cb,qm_phc/qm_t,qm_r,qm_v,qm
0.10953148807896115,0.0007887223890433864,0.2917014042073089,0,0.11032021046800454
number of iterations,20,Execution time: ,8.192325353622437
