architecture,t_cbt,t_hxt,eta_hpfp,eta_r,p_cbt,qm_cb0,t0,p0,tpr_hx,Q_hx,pcc,v
pump,230,140,0.154,0.71,1330000.0,0.10953148807896115,25.2,345000.0,0.95,159000.0,True,0
P_hpfp,P_rv,p_hpfp
17321.68343853495,34618.16357870064,1889258.861393996
Q,Q_phc
319764.99236469856,160764.99236469856
qm_cb,qm_phc/qm_t,qm_r,qm_v,qm,qm_pot
0.10953148807896115,0.001257995685710516,0.10729238205064907,0,0.11078948376467167,0.0006005338725328638
number of iterations,17,Execution time: ,6.777534008026123
