architecture,t_cbt,t_hxt,eta_hpfp,eta_r,p_cbt,qm_cb0,t0,p0,tpr_hx,Q_hx,pcc,v
pump,230,180,0.154,0.71,1330000.0,0.10953148807896115,25.2,345000.0,0.95,159000.0,True,0
P_hpfp,P_rv,p_hpfp
17362.91409957643,76128.05837440827,1889258.8614351866
Q,Q_phc
279098.63285639096,120098.63285639096
qm_cb,qm_phc/qm_t,qm_r,qm_v,qm,qm_pot
0.10953148807896115,0.0009542457978170442,0.2359257684707077,0,0.1104857338767782,0.0011694244961928358
number of iterations,19,Execution time: ,7.769372940063477
