architecture,t_cbt,t_hxt,eta_hpfp,eta_r,p_cbt,qm_cb0,t0,p0,tpr_hx,Q_hx,pcc,v
pump,230,110,0.154,0.71,1330000.0,0.10998,25.2,345000.0,0.95,159000.0,True,0
P_hpfp,P_rv,p_hpfp
17329.339051695344,19988.521779309478,1889258.8609416161
Q,Q_phc
334308.4686747919,175308.46867479192
qm_cb,qm_phc/qm_t,qm_r,qm_v,qm,m_z
0.10998,0.001386490323161016,0.06190485414039857,0,0.11136649032316101,0.13864903231610143
number of iterations,15,Execution time: ,6.781750917434692
