architecture,t_cbt,t_hxt,eta_hpfp,eta_r,p_cbt,qm_cb0,t0,p0,tpr_hx,Q_hx,pcc,v
pump,230,160,0.154,0.71,1330000.0,0.10953148807896115,25.2,345000.0,0.95,159000.0,True,0
P_hpfp,P_rv,p_hpfp
17333.331465880332,50560.782581440944,1889258.8614256384
Q,Q_phc
304060.6795446999,145060.6795446999
qm_cb,qm_phc/qm_t,qm_r,qm_v,qm,qm_pot
0.10953148807896115,0.0011484224254552403,0.1567086240086252,0,0.11067991050441639,0.0007850117369799616
number of iterations,18,Execution time: ,6.177667140960693
