architecture,t_cbt,t_hxt,eta_hpfp,eta_r,p_cbt,qm_cb0,t0,p0,tpr_hx,Q_hx,pcc,v
pump,230,150,0.154,0.71,1330000.0,0.10998,25.2,345000.0,0.95,159000.0,True,0
P_hpfp,P_rv,p_hpfp
17305.88745647842,41684.49040953106,1889258.8609416161
Q,Q_phc
312133.03400250623,153133.03400250623
qm_cb,qm_phc/qm_t,qm_r,qm_v,qm,m_z
0.10998,0.001235779332741993,0.12910410600858235,0,0.11121577933274199,0.12357793327419965
number of iterations,15,Execution time: ,6.811516761779785
