architecture,t_cbt,t_hxt,eta_hpfp,eta_r,p_cbt,qm_cb0,t0,p0,tpr_hx,Q_hx,pcc,v
pump,230,120,0.154,0.71,1330000.0,0.10998,25.2,345000.0,0.95,159000.0,True,0
P_hpfp,P_rv,p_hpfp
17325.326126980057,23984.593721382083,1889258.8609416161
Q,Q_phc
330230.35279871215,171230.35279871215
qm_cb,qm_phc/qm_t,qm_r,qm_v,qm,m_z
0.10998,0.0013607013799047663,0.0742837561058351,0,0.11134070137990476,0.13607013799047613
number of iterations,15,Execution time: ,6.537970304489136
