architecture,t_cbt,t_hxt,eta_hpfp,eta_r,p_cbt,qm_cb0,t0,p0,tpr_hx,Q_hx,pcc,v
pump,230,140,0.154,0.71,1330000.0,0.10953148807896115,25.2,345000.0,0.95,159000.0,True,0
P_hpfp,P_rv,p_hpfp
17337.638542150904,34650.177517064105,1889258.861393996
Q,Q_phc
320059.40281764144,161059.40281764144
qm_cb,qm_phc/qm_t,qm_r,qm_v,qm,qm_pot
0.10953148807896115,0.0012448287712366441,0.107391540107015,0,0.1107763168501978,0.000716302781754583
number of iterations,17,Execution time: ,6.346867322921753
