architecture,t_cbt,t_hxt,eta_hpfp,eta_r,p_cbt,qm_cb0,t0,p0,tpr_hx,Q_hx,pcc,v
pump,230,180,0.154,0.71,1330000.0,0.10953148807896115,25.2,345000.0,0.95,159000.0,True,0
P_hpfp,P_rv,p_hpfp
17178.65380193559,75308.22304918694,1889258.8614351866
Q,Q_phc
276148.6991508622,117148.69915086217
qm_cb,qm_phc/qm_t,qm_r,qm_v,qm
0.10953148807896115,0.0009387532577941338,0.23339376696611064,0,0.11047024133675529
number of iterations,19,Execution time: ,7.561078786849976
