architecture,t_cbt,t_hxt,eta_hpfp,eta_r,p_cbt,qm_cb0,t0,p0,tpr_hx,Q_hx,pcc,v
pump,230,130,0.154,0.71,1330000.0,0.10953148807896115,25.2,345000.0,0.95,159000.0,True,0
P_hpfp,P_rv,p_hpfp
17317.029561084797,28784.40957843969,1889258.861393996
Q,Q_phc
325503.53299935267,166503.53299935267
qm_cb,qm_phc/qm_t,qm_r,qm_v,qm,qm_pot
0.10953148807896115,0.0012955998888417035,0.08921417799201252,0,0.11082708796780286,0.0005330021226309651
number of iterations,17,Execution time: ,6.8140645027160645
