architecture,t_cbt,t_hxt,eta_hpfp,eta_r,p_cbt,qm_cb0,t0,p0,tpr_hx,Q_hx,pcc,v
pump,230,190,0.154,0.71,1330000.0,0.10953148807896115,25.2,345000.0,0.95,159000.0,True,0
P_hpfp,P_rv,p_hpfp
17372.738339274176,95281.8926675264,1889258.861438937
Q,Q_phc
260145.79201922897,101145.79201922897
qm_cb,qm_phc/qm_t,qm_r,qm_v,qm,qm_pot
0.10953148807896115,0.0008093629052442234,0.2953158977334652,0,0.11034085098420537,0.0013774838243379552
number of iterations,21,Execution time: ,7.980631113052368
