architecture,t_cbt,t_hxt,eta_hpfp,eta_r,p_cbt,qm_cb0,t0,p0,tpr_hx,Q_hx,pcc,v
pump,230,170,0.154,0.71,1330000.0,0.10953148807896115,25.2,345000.0,0.95,159000.0,True,0
P_hpfp,P_rv,p_hpfp
17354.941179422607,61720.38846549507,1889258.8614351866
Q,Q_phc
293343.1853283666,134343.18532836658
qm_cb,qm_phc/qm_t,qm_r,qm_v,qm,qm_pot
0.10953148807896115,0.001060045693879191,0.19130462221804204,0,0.11059153377284034,0.0010123533873973526
number of iterations,19,Execution time: ,6.987876653671265
