architecture,t_cbt,t_hxt,eta_hpfp,eta_r,p_cbt,qm_cb0,t0,p0,tpr_hx,Q_hx,pcc,v
pump,230,170,0.154,0.71,1330000.0,0.10998,25.2,345000.0,0.95,159000.0,True,0
P_hpfp,P_rv,p_hpfp
17282.260339169323,61461.024326961124,1889258.8612891329
Q,Q_phc
291873.4452331001,132873.4452331001
qm_cb,qm_phc/qm_t,qm_r,qm_v,qm,m_z
0.10998,0.001083940272510811,0.19035726388270072,0,0.1110639402725108,0.10839402725108056
number of iterations,16,Execution time: ,7.382059335708618
