architecture,t_cbt,t_hxt,eta_hpfp,eta_r,p_cbt,qm_cb0,t0,p0,tpr_hx,Q_hx,pcc,v
pump,230,110,0.154,0.71,1330000.0,0.10953148807896115,25.2,345000.0,0.95,159000.0,True,0
P_hpfp,P_rv,p_hpfp
17325.848248811406,19982.78368170853,1889258.861393996
Q,Q_phc
334485.57983489876,175485.57983489876
qm_cb,qm_phc/qm_t,qm_r,qm_v,qm,qm_pot
0.10953148807896115,0.0013308054344928436,0.06193471005409812,0,0.110862293513454,0.0005545066412694695
number of iterations,17,Execution time: ,6.944599628448486
