architecture,t_cbt,t_hxt,eta_hpfp,eta_r,p_cbt,qm_cb0,t0,p0,tpr_hx,Q_hx,pcc,v
pump,230,120,0.154,0.71,1330000.0,0.10953148807896115,25.2,345000.0,0.95,159000.0,True,0
P_hpfp,P_rv,p_hpfp
17329.334407550836,23991.019293131198,1889258.861393996
Q,Q_phc
330548.66731055256,171548.66731055256
qm_cb,qm_phc/qm_t,qm_r,qm_v,qm,qm_pot
0.10953148807896115,0.0013088682015889017,0.07435824140038157,0,0.11084035628055006,0.0005988622080985869
number of iterations,17,Execution time: ,6.7178144454956055
