architecture,t_cbt,t_hxt,eta_hpfp,eta_r,p_cbt,qm_cb0,t0,p0,tpr_hx,Q_hx,pcc,v
pump,230,200,0.154,0.71,1330000.0,0.11,25.2,345000.0,0.95,149000.0,True,0
P_hpfp,P_rv,p_hpfp
17224.721488689105,120933.1390264482,1889366.2728249198
Q,Q_phc
231199.44929060875,82199.44929060875
qm_cb,qm_phc/qm_t,qm_r,qm_v,qm,m_z
0.11,0.0006874457477842554,0.3745243234165549,0,0.11068744574778426,0.06874457477842554
number of iterations,17,Execution time: ,7.5826804637908936
