architecture,t_cbt,t_hxt,eta_hpfp,eta_r,p_cbt,qm_cb0,t0,p0,tpr_hx,Q_hx,pcc,v
pump,230,200,0.154,0.71,1330000.0,0.10998,25.2,345000.0,0.95,159000.0,True,0
P_hpfp,P_rv,p_hpfp
17206.284605138546,120888.16156779221,1889258.8614351866
Q,Q_phc
230892.98989957033,71892.98989957033
qm_cb,qm_phc/qm_t,qm_r,qm_v,qm,m_z
0.10998,0.0005956844069230777,0.37435177085907584,0,0.11057568440692307,0.05956844069230756
number of iterations,19,Execution time: ,8.416048765182495
