architecture,t_cbt,t_hxt,eta_hpfp,eta_r,p_cbt,qm_cb0,t0,p0,tpr_hx,Q_hx,pcc,v
pump,230,210,0.154,0.71,1330000.0,0.11,25.2,345000.0,0.95,149000.0,True,0
P_hpfp,P_rv,p_hpfp
17172.689888951125,160025.58394323578,1889366.2728249198
Q,Q_phc
191043.29940175646,42043.29940175646
qm_cb,qm_phc/qm_t,qm_r,qm_v,qm,m_z
0.11,0.000353691533285682,0.4955316089941995,0,0.11035369153328568,0.0353691533285682
number of iterations,18,Execution time: ,7.7853734493255615
