architecture,t_cbt,t_hxt,eta_hpfp,eta_r,p_cbt,qm_cb0,t0,p0,tpr_hx,Q_hx,pcc,v
pump,230,210,0.154,0.71,1330000.0,0.10953148807896115,25.2,345000.0,0.95,159000.0,True,0
P_hpfp,P_rv,p_hpfp
17071.928510418034,159210.57356971348,1889258.8614392783
Q,Q_phc
190062.8630694408,31062.86306944079
qm_cb,qm_phc/qm_t,qm_r,qm_v,qm
0.10953148807896115,0.00025243820290456187,0.4933566472985113,0,0.10978392628186572
number of iterations,23,Execution time: ,8.836497783660889
