architecture,t_cbt,t_hxt,eta_hpfp,eta_r,p_cbt,qm_cb0,t0,p0,tpr_hx,Q_hx,pcc,v
pump,230,200,0.154,0.71,1330000.0,0.10953148807896115,25.2,345000.0,0.95,159000.0,True,0
P_hpfp,P_rv,p_hpfp
17385.614100387593,122161.77029162507,1889258.8614391992
Q,Q_phc
233529.33872513263,74529.33872513263
qm_cb,qm_phc/qm_t,qm_r,qm_v,qm,qm_pot
0.10953148807896115,0.0006003045164243482,0.3785825619342055,0,0.1101317925953855,0.0016693419745860648
number of iterations,22,Execution time: ,8.28955078125
