architecture,t_cbt,t_hxt,eta_hpfp,eta_r,p_cbt,qm_cb0,t0,p0,tpr_hx,Q_hx,pcc,v
pump,230,200,0.154,0.71,1330000.0,0.10953148807896115,25.2,345000.0,0.95,159000.0,True,0
P_hpfp,P_rv,p_hpfp
17377.289598428066,122104.21890759403,1889258.8614391992
Q,Q_phc
233416.5796837223,74416.57968372229
qm_cb,qm_phc/qm_t,qm_r,qm_v,qm,qm_pot
0.10953148807896115,0.0006030338634783485,0.3784033352944706,0,0.1101345219424395,0.0016130805084805786
number of iterations,22,Execution time: ,8.649976253509521
