architecture,t_cbt,t_hxt,eta_hpfp,eta_r,p_cbt,qm_cb0,t0,p0,tpr_hx,Q_hx,pcc,v
pump,230,210,0.154,0.71,1330000.0,0.10998,25.2,345000.0,0.95,159000.0,True,0
P_hpfp,P_rv,p_hpfp
17154.725178286197,159906.33672358174,1889258.861438937
Q,Q_phc
190820.6862660862,31820.68626608621
qm_cb,qm_phc/qm_t,qm_r,qm_v,qm,m_z
0.10998,0.0002643392584619486,0.49518121099561385,0,0.11024433925846194,0.026433925846194552
number of iterations,21,Execution time: ,9.68264102935791
