architecture,t_cbt,t_hxt,eta_hpfp,eta_r,p_cbt,qm_cb0,t0,p0,tpr_hx,Q_hx,pcc,v
pump,230,210,0.154,0.71,1330000.0,0.10953148807896115,25.2,345000.0,0.95,159000.0,True,0
P_hpfp,P_rv,p_hpfp
17399.784029667113,162367.16815308772,1889258.8614392783
Q,Q_phc
193613.84249326558,34613.842493265576
qm_cb,qm_phc/qm_t,qm_r,qm_v,qm,qm_pot
0.10953148807896115,0.00028113956290829,0.5030617173502814,0,0.10981262764186944,0.002079629057053652
number of iterations,23,Execution time: ,8.824691772460938
