architecture,t_cbt,t_hxt,eta_hpfp,eta_r,p_cbt,qm_cb0,t0,p0,tpr_hx,Q_hx,pcc,v
pump,240,150,0.154,0.71,1330000.0,0.10938578935600733,25.2,345000.0,0.95,159000.0,True,0
P_hpfp,P_rv,p_hpfp
17341.970721933794,39452.393498954974,1889258.861393996
Q,Q_phc
332732.33098341606,173732.33098341606
qm_cb,qm_phc/qm_t,qm_r,qm_v,qm,qm_pot
0.10938578935600733,0.0013537858434512508,0.11718039834687424,0,0.11073957519945858,0.0007809032479568614
number of iterations,17,Execution time: ,6.797473669052124
