architecture,t_cbt,t_hxt,eta_hpfp,eta_r,p_cbt,qm_cb0,t0,p0,tpr_hx,Q_hx,pcc,v
pump,240,120,0.154,0.71,1330000.0,0.10938578935600733,25.2,345000.0,0.95,159000.0,True,0
P_hpfp,P_rv,p_hpfp
17236.274421366146,23032.328701806473,1889258.861393996
Q,Q_phc
346883.99450504966,187883.99450504966
qm_cb,qm_phc/qm_t,qm_r,qm_v,qm
0.10938578935600733,0.0014549911379040242,0.06841195211030103,0,0.11084078049391136
number of iterations,17,Execution time: ,6.955894708633423
