architecture,t_cbt,t_hxt,eta_hpfp,eta_r,p_cbt,qm_cb0,t0,p0,tpr_hx,Q_hx,pcc,v
pump,240,130,0.154,0.71,1330000.0,0.10938578935600733,25.2,345000.0,0.95,159000.0,True,0
P_hpfp,P_rv,p_hpfp
17314.64913073612,27613.101273592885,1889258.861393996
Q,Q_phc
343985.26084804226,184985.26084804226
qm_cb,qm_phc/qm_t,qm_r,qm_v,qm,qm_pot
0.10938578935600733,0.0014402916577857714,0.08201796495851603,0,0.1108260810137931,0.0005187013163145496
number of iterations,17,Execution time: ,6.625617265701294
