architecture,t_cbt,t_hxt,eta_hpfp,eta_r,p_cbt,qm_cb0,t0,p0,tpr_hx,Q_hx,pcc,v
pump,240,160,0.154,0.71,1330000.0,0.10938578935600733,25.2,345000.0,0.95,159000.0,True,0
P_hpfp,P_rv,p_hpfp
17347.41539007277,47286.87693556779,1889258.861393996
Q,Q_phc
325014.69829829474,166014.69829829474
qm_cb,qm_phc/qm_t,qm_r,qm_v,qm,qm_pot
0.10938578935600733,0.0013029404169207183,0.1404441375720134,0,0.11068872977292805,0.0008667615346508356
number of iterations,17,Execution time: ,6.418878793716431
