architecture,t_cbt,t_hxt,eta_hpfp,eta_r,p_cbt,qm_cb0,t0,p0,tpr_hx,Q_hx,pcc,v
pump,240,180,0.154,0.71,1330000.0,0.10998,25.2,345000.0,0.95,159000.0,True,0
P_hpfp,P_rv,p_hpfp
17296.872775971206,68732.84533910718,1889258.8609416161
Q,Q_phc
302230.3511944994,143230.3511944994
qm_cb,qm_phc/qm_t,qm_r,qm_v,qm,m_z
0.10998,0.0011778467522507025,0.2039995393337883,0,0.1111578467522507,0.1177846752250697
number of iterations,15,Execution time: ,6.403919219970703
