architecture,t_cbt,t_hxt,eta_hpfp,eta_r,p_cbt,qm_cb0,t0,p0,tpr_hx,Q_hx,pcc,v
pump,240,110,0.154,0.71,1330000.0,0.11,25.2,345000.0,0.95,149000.0,True,0
P_hpfp,P_rv,p_hpfp
17370.78540806754,19427.873331858842,1889366.2728248988
Q,Q_phc
353093.59318112384,204093.59318112384
qm_cb,qm_phc/qm_t,qm_r,qm_v,qm,m_z
0.11,0.0016252181533610564,0.057668145695062165,0,0.11162521815336106,0.16252181533610563
number of iterations,13,Execution time: ,5.629424571990967
