architecture,t_cbt,t_hxt,eta_hpfp,eta_r,p_cbt,qm_cb0,t0,p0,tpr_hx,Q_hx,pcc,v
pump,240,130,0.154,0.71,1330000.0,0.10938578935600733,25.2,345000.0,0.95,159000.0,True,0
P_hpfp,P_rv,p_hpfp
17332.74747199021,27642.07718581662,1889258.861393996
Q,Q_phc
344344.70250734186,185344.70250734186
qm_cb,qm_phc/qm_t,qm_r,qm_v,qm,qm_pot
0.10938578935600733,0.0014244332489727896,0.08210396518461405,0,0.11081022260498012,0.0006509441723234755
number of iterations,17,Execution time: ,6.752000331878662
