architecture,t_cbt,t_hxt,eta_hpfp,eta_r,p_cbt,qm_cb0,t0,p0,tpr_hx,Q_hx,pcc,v
pump,240,150,0.154,0.71,1330000.0,0.11,25.2,345000.0,0.95,149000.0,True,0
P_hpfp,P_rv,p_hpfp
17350.437064422113,39451.82516988844,1889366.2728248988
Q,Q_phc
332633.2652876751,183633.26528767508
qm_cb,qm_phc/qm_t,qm_r,qm_v,qm,m_z
0.11,0.001494575789278145,0.11710779961089475,0,0.11149457578927814,0.1494575789278145
number of iterations,13,Execution time: ,5.350464582443237
