architecture,t_cbt,t_hxt,eta_hpfp,eta_r,p_cbt,qm_cb0,t0,p0,tpr_hx,Q_hx,pcc,v
pump,240,120,0.154,0.71,1330000.0,0.10938578935600733,25.2,345000.0,0.95,159000.0,True,0
P_hpfp,P_rv,p_hpfp
17310.633016033837,23132.267640058388,1889258.861393996
Q,Q_phc
348379.9026313005,189379.9026313005
qm_cb,qm_phc/qm_t,qm_r,qm_v,qm,qm_pot
0.10938578935600733,0.0014662528249645662,0.06870840986453129,0,0.1108520421809719,0.00046691384367832496
number of iterations,17,Execution time: ,6.78328275680542
