architecture,t_cbt,t_hxt,eta_hpfp,eta_r,p_cbt,qm_cb0,t0,p0,tpr_hx,Q_hx,pcc,v
pump,240,100,0.154,0.71,1330000.0,0.10938578935600733,25.2,345000.0,0.95,159000.0,True,0
P_hpfp,P_rv,p_hpfp
17322.048832882512,16199.118418551741,1889258.861393996
Q,Q_phc
355558.0524191611,196558.05241916107
qm_cb,qm_phc/qm_t,qm_r,qm_v,qm,qm_pot
0.10938578935600733,0.0014825013127925772,0.04811296239548675,0,0.11086829066879991,0.0005240766986120728
number of iterations,17,Execution time: ,6.9033684730529785
