architecture,t_cbt,t_hxt,eta_hpfp,eta_r,p_cbt,qm_cb0,t0,p0,tpr_hx,Q_hx,pcc,v
pump,240,170,0.154,0.71,1330000.0,0.10938578935600733,25.2,345000.0,0.95,159000.0,True,0
P_hpfp,P_rv,p_hpfp
17200.724642267975,56426.976389939,1889258.861393996
Q,Q_phc
312726.3951921444,153726.39519214438
qm_cb,qm_phc/qm_t,qm_r,qm_v,qm
0.10938578935600733,0.001226382265400644,0.16758165305064793,0,0.11061217162140798
number of iterations,17,Execution time: ,6.929191827774048
