architecture,t_cbt,t_hxt,eta_hpfp,eta_r,p_cbt,qm_cb0,t0,p0,tpr_hx,Q_hx,pcc,v
pump,240,160,0.154,0.71,1330000.0,0.10938578935600733,25.2,345000.0,0.95,159000.0,True,0
P_hpfp,P_rv,p_hpfp
17330.193173735126,47239.78683217034,1889258.861393996
Q,Q_phc
324692.17378606537,165692.17378606537
qm_cb,qm_phc/qm_t,qm_r,qm_v,qm,qm_pot
0.10938578935600733,0.0013133758905767715,0.1403043409581879,0,0.1106991652465841,0.0007455756833880797
number of iterations,17,Execution time: ,6.850289583206177
