architecture,t_cbt,t_hxt,eta_hpfp,eta_r,p_cbt,qm_cb0,t0,p0,tpr_hx,Q_hx,pcc,v
pump,240,110,0.154,0.71,1330000.0,0.10938578935600733,25.2,345000.0,0.95,159000.0,True,0
P_hpfp,P_rv,p_hpfp
17239.631457033032,19288.99934908575,1889258.861393996
Q,Q_phc
350699.3708825747,191699.3708825747
qm_cb,qm_phc/qm_t,qm_r,qm_v,qm
0.10938578935600733,0.001476579124052732,0.05729235108833834,0,0.11086236848006006
number of iterations,17,Execution time: ,6.854768514633179
