architecture,t_cbt,t_hxt,eta_hpfp,eta_r,p_cbt,qm_cb0,t0,p0,tpr_hx,Q_hx,pcc,v
pump,240,110,0.154,0.71,1330000.0,0.10998,25.2,345000.0,0.95,159000.0,True,0
P_hpfp,P_rv,p_hpfp
17352.30486857566,19415.879828757617,1889258.8609416161
Q,Q_phc
352736.15971302905,193736.15971302905
qm_cb,qm_phc/qm_t,qm_r,qm_v,qm,m_z
0.10998,0.0015340794733147145,0.057629764568440635,0,0.11151407947331471,0.1534079473314718
number of iterations,15,Execution time: ,6.675641059875488
