architecture,t_cbt,t_hxt,eta_hpfp,eta_r,p_cbt,qm_cb0,t0,p0,tpr_hx,Q_hx,pcc,v
pump,240,110,0.154,0.71,1330000.0,0.10938578935600733,25.2,345000.0,0.95,159000.0,True,0
P_hpfp,P_rv,p_hpfp
17307.061516003687,19364.86631885943,1889258.861393996
Q,Q_phc
352070.6542005178,193070.6542005178
qm_cb,qm_phc/qm_t,qm_r,qm_v,qm,qm_pot
0.10938578935600733,0.0014868267955473191,0.05751741722035724,0,0.11087261615155465,0.0004233727375534958
number of iterations,17,Execution time: ,6.450368642807007
