architecture,t_cbt,t_hxt,eta_hpfp,eta_r,p_cbt,qm_cb0,t0,p0,tpr_hx,Q_hx,pcc,v
pump,240,130,0.154,0.71,1330000.0,0.11,25.2,345000.0,0.95,149000.0,True,0
P_hpfp,P_rv,p_hpfp
17362.9121297617,27677.52325702844,1889366.2728248988
Q,Q_phc
344675.09854848374,195675.09854848374
qm_cb,qm_phc/qm_t,qm_r,qm_v,qm,m_z
0.11,0.0015746628775229828,0.08215886126264721,0,0.11157466287752299,0.15746628775229826
number of iterations,13,Execution time: ,5.554322242736816
