architecture,t_cbt,t_hxt,eta_hpfp,eta_r,p_cbt,qm_cb0,t0,p0,tpr_hx,Q_hx,pcc,v
pump,240,140,0.154,0.71,1330000.0,0.10998,25.2,345000.0,0.95,159000.0,True,0
P_hpfp,P_rv,p_hpfp
17338.630694548272,33013.028703163174,1889258.8597899457
Q,Q_phc
338845.74402353296,179845.74402353296
qm_cb,qm_phc/qm_t,qm_r,qm_v,qm,m_z
0.10998,0.0014462030674534804,0.09798392537529559,0,0.11142620306745347,0.1446203067453478
number of iterations,14,Execution time: ,5.943731069564819
