architecture,t_cbt,t_hxt,eta_hpfp,eta_r,p_cbt,qm_cb0,t0,p0,tpr_hx,Q_hx,pcc,v
pump,240,160,0.154,0.71,1330000.0,0.10998,25.2,345000.0,0.95,159000.0,True,0
P_hpfp,P_rv,p_hpfp
17322.72495217436,47221.661433965404,1889258.8597899457
Q,Q_phc
324295.9834411334,165295.9834411334
qm_cb,qm_phc/qm_t,qm_r,qm_v,qm,m_z
0.10998,0.0013439852792719031,0.14015332890135293,0,0.1113239852792719,0.13439852792719
number of iterations,14,Execution time: ,5.576544523239136
