architecture,t_cbt,t_hxt,eta_hpfp,eta_r,p_cbt,qm_cb0,t0,p0,tpr_hx,Q_hx,pcc,v
pump,240,100,0.154,0.71,1330000.0,0.10938578935600733,25.2,345000.0,0.95,159000.0,True,0
P_hpfp,P_rv,p_hpfp
17242.30319575392,16124.130609440193,1889258.861393996
Q,Q_phc
353921.57914583414,194921.57914583414
qm_cb,qm_phc/qm_t,qm_r,qm_v,qm
0.10938578935600733,0.0014937601921802962,0.047890499360594384,0,0.11087954954818763
number of iterations,17,Execution time: ,7.253728866577148
