architecture,t_cbt,t_hxt,eta_hpfp,eta_r,p_cbt,qm_cb0,t0,p0,tpr_hx,Q_hx,pcc,v
pump,240,100,0.154,0.71,1330000.0,0.10998,25.2,345000.0,0.95,159000.0,True,0
P_hpfp,P_rv,p_hpfp
17355.1810276886,16223.7671567924,1889258.8612891329
Q,Q_phc
355989.9566098582,196989.9566098582
qm_cb,qm_phc/qm_t,qm_r,qm_v,qm,m_z
0.10998,0.0015525629431217686,0.04815906821500308,0,0.11153256294312176,0.1552562943121768
number of iterations,16,Execution time: ,7.036069869995117
