architecture,t_cbt,t_hxt,eta_hpfp,eta_r,p_cbt,qm_cb0,t0,p0,tpr_hx,Q_hx,pcc,v
pump,240,140,0.154,0.71,1330000.0,0.10938578935600733,25.2,345000.0,0.95,159000.0,True,0
P_hpfp,P_rv,p_hpfp
17226.74423430883,32791.39137467825,1889258.861393996
Q,Q_phc
336920.3997117479,177920.3997117479
qm_cb,qm_phc/qm_t,qm_r,qm_v,qm
0.10938578935600733,0.0013937056567227546,0.09739905304484503,0,0.11077949501273009
number of iterations,17,Execution time: ,7.113449335098267
