architecture,t_cbt,t_hxt,eta_hpfp,eta_r,p_cbt,qm_cb0,t0,p0,tpr_hx,Q_hx,pcc,v
pump,240,180,0.154,0.71,1330000.0,0.10938578935600733,25.2,345000.0,0.95,159000.0,True,0
P_hpfp,P_rv,p_hpfp
17360.693406153172,68992.43057045726,1889258.8614256384
Q,Q_phc
303594.11079453776,144594.11079453776
qm_cb,qm_phc/qm_t,qm_r,qm_v,qm,qm_pot
0.10938578935600733,0.0011515027957100063,0.20490563216094093,0,0.11053729215171734,0.0011035856785333073
number of iterations,18,Execution time: ,7.269413948059082
