architecture,t_cbt,t_hxt,eta_hpfp,eta_r,p_cbt,qm_cb0,t0,p0,tpr_hx,Q_hx,pcc,v
pump,240,220,0.154,0.71,1330000.0,0.10938578935600733,25.2,345000.0,0.95,159000.0,True,0
P_hpfp,P_rv,p_hpfp
17054.190333787777,172357.55049152882,1889258.8614391992
Q,Q_phc
193650.97482478461,34650.974824784615
qm_cb,qm_phc/qm_t,qm_r,qm_v,qm
0.10938578935600733,0.00028406857827226184,0.5117976796063554,0,0.1096698579342796
number of iterations,22,Execution time: ,9.238938093185425
