architecture,t_cbt,t_hxt,eta_hpfp,eta_r,p_cbt,qm_cb0,t0,p0,tpr_hx,Q_hx,pcc,v
pump,240,210,0.154,0.71,1330000.0,0.10938578935600733,25.2,345000.0,0.95,159000.0,True,0
P_hpfp,P_rv,p_hpfp
17107.541365589263,131434.4056762261,1889258.861438937
Q,Q_phc
235719.11287022117,76719.11287022117
qm_cb,qm_phc/qm_t,qm_r,qm_v,qm
0.10938578935600733,0.0006271514197849493,0.3903322287884936,0,0.11001294077579228
number of iterations,21,Execution time: ,8.874965906143188
