architecture,t_cbt,t_hxt,eta_hpfp,eta_r,p_cbt,qm_cb0,t0,p0,tpr_hx,Q_hx,pcc,v
pump,240,200,0.154,0.71,1330000.0,0.10998,25.2,345000.0,0.95,159000.0,True,0
P_hpfp,P_rv,p_hpfp
17251.683503780085,104280.69607427444,1889258.861393996
Q,Q_phc
265713.3331691811,106713.33316918107
qm_cb,qm_phc/qm_t,qm_r,qm_v,qm,m_z
0.10998,0.0008874391099982504,0.3094931287835844,0,0.11086743910999824,0.08874391099982565
number of iterations,17,Execution time: ,7.506967067718506
