architecture,t_cbt,t_hxt,eta_hpfp,eta_r,p_cbt,qm_cb0,t0,p0,tpr_hx,Q_hx,pcc,v
pump,240,210,0.154,0.71,1330000.0,0.10938578935600733,25.2,345000.0,0.95,159000.0,True,0
P_hpfp,P_rv,p_hpfp
17392.743556029087,133673.21785397312,1889258.861438937
Q,Q_phc
239601.1678281666,80601.1678281666
qm_cb,qm_phc/qm_t,qm_r,qm_v,qm,qm_pot
0.10938578935600733,0.0006557851823234598,0.3969453773260997,0,0.11004157453833079,0.001805407203107978
number of iterations,21,Execution time: ,8.357820749282837
