architecture,t_cbt,t_hxt,eta_hpfp,eta_r,p_cbt,qm_cb0,t0,p0,tpr_hx,Q_hx,pcc,v
pump,240,200,0.154,0.71,1330000.0,0.10938578935600733,25.2,345000.0,0.95,159000.0,True,0
P_hpfp,P_rv,p_hpfp
17367.139707568946,104992.60073811213,1889258.8614380676
Q,Q_phc
267732.2879217954,108732.28792179539
qm_cb,qm_phc/qm_t,qm_r,qm_v,qm,qm_pot
0.10938578935600733,0.0008834763044272157,0.3118129490289758,0,0.11026926566043455,0.0014130661993792934
number of iterations,20,Execution time: ,8.140563249588013
