architecture,t_cbt,t_hxt,eta_hpfp,eta_r,p_cbt,qm_cb0,t0,p0,tpr_hx,Q_hx,pcc,v
pump,240,220,0.154,0.71,1330000.0,0.10938578935600733,25.2,345000.0,0.95,159000.0,True,0
P_hpfp,P_rv,p_hpfp
17411.184033124384,176079.50114777955,1889258.8614391992
Q,Q_phc
197590.6448543625,38590.6448543625
qm_cb,qm_phc/qm_t,qm_r,qm_v,qm,qm_pot
0.10938578935600733,0.0003151523629720569,0.5227602320581392,0,0.10970094171897939,0.0022646246320235488
number of iterations,22,Execution time: ,8.768376111984253
