architecture,t_cbt,t_hxt,eta_hpfp,eta_r,p_cbt,qm_cb0,t0,p0,tpr_hx,Q_hx,pcc,v
pump,250,150,0.154,0.71,1330000.0,0.10998,25.2,345000.0,0.95,159000.0,True,0
P_hpfp,P_rv,p_hpfp
17356.701058645118,37585.956248956245,1889258.8597899457
Q,Q_phc
351886.01700055506,192886.01700055506
qm_cb,qm_phc/qm_t,qm_r,qm_v,qm,m_z
0.10998,0.0015623317338302883,0.10710998707414052,0,0.11154233173383028,0.15623317338302936
number of iterations,14,Execution time: ,6.184516668319702
