architecture,t_cbt,t_hxt,eta_hpfp,eta_r,p_cbt,qm_cb0,t0,p0,tpr_hx,Q_hx,pcc,v
pump,250,170,0.154,0.71,1330000.0,0.1092418370649313,25.2,345000.0,0.95,159000.0,True,0
P_hpfp,P_rv,p_hpfp
17352.823591628945,53175.32406069022,1889258.8612891329
Q,Q_phc
336475.3708970152,177475.3708970152
qm_cb,qm_phc/qm_t,qm_r,qm_v,qm,qm_pot
0.1092418370649313,0.001405296494026019,0.15158870443558226,0,0.11064713355895732,0.0009431361290606441
number of iterations,16,Execution time: ,6.55091404914856
