architecture,t_cbt,t_hxt,eta_hpfp,eta_r,p_cbt,qm_cb0,t0,p0,tpr_hx,Q_hx,pcc,v
pump,250,180,0.154,0.71,1330000.0,0.11,25.2,345000.0,0.95,149000.0,True,0
P_hpfp,P_rv,p_hpfp
17346.15138418274,63498.031379953485,1889366.2728248988
Q,Q_phc
325709.1411315187,176709.1411315187
qm_cb,qm_phc/qm_t,qm_r,qm_v,qm,m_z
0.11,0.0014671960505248717,0.18095185685973264,0,0.11146719605052487,0.14671960505248716
number of iterations,13,Execution time: ,5.749888181686401
