architecture,t_cbt,t_hxt,eta_hpfp,eta_r,p_cbt,qm_cb0,t0,p0,tpr_hx,Q_hx,pcc,v
pump,250,120,0.154,0.71,1330000.0,0.11,25.2,345000.0,0.95,149000.0,True,0
P_hpfp,P_rv,p_hpfp
17390.552574861733,22534.735247596815,1889366.2728247393
Q,Q_phc
367668.69640538853,218668.69640538853
qm_cb,qm_phc/qm_t,qm_r,qm_v,qm,m_z
0.11,0.0017522819347999222,0.06420897144992864,0,0.11175228193479993,0.17522819347999222
number of iterations,12,Execution time: ,5.156384706497192
