architecture,t_cbt,t_hxt,eta_hpfp,eta_r,p_cbt,qm_cb0,t0,p0,tpr_hx,Q_hx,pcc,v
pump,250,180,0.154,0.71,1330000.0,0.1092418370649313,25.2,345000.0,0.95,159000.0,True,0
P_hpfp,P_rv,p_hpfp
17359.409156522983,63590.779035689884,1889258.861393996
Q,Q_phc
326207.79205025977,167207.79205025977
qm_cb,qm_phc/qm_t,qm_r,qm_v,qm,qm_pot
0.1092418370649313,0.001334112026277914,0.18129677086255203,0,0.11057594909120921,0.001056670161881804
number of iterations,17,Execution time: ,7.1301047801971436
