architecture,t_cbt,t_hxt,eta_hpfp,eta_r,p_cbt,qm_cb0,t0,p0,tpr_hx,Q_hx,pcc,v
pump,250,160,0.154,0.71,1330000.0,0.1092418370649313,25.2,345000.0,0.95,159000.0,True,0
P_hpfp,P_rv,p_hpfp
17346.933392574498,44639.73795100081,1889258.8612891329
Q,Q_phc
344878.6949490121,185878.69494901208
qm_cb,qm_phc/qm_t,qm_r,qm_v,qm,qm_pot
0.1092418370649313,0.0014608401881875486,0.12726253633574036,0,0.11070267725311886,0.0008497145127539849
number of iterations,16,Execution time: ,6.367209196090698
