architecture,t_cbt,t_hxt,eta_hpfp,eta_r,p_cbt,qm_cb0,t0,p0,tpr_hx,Q_hx,pcc,v
pump,250,170,0.154,0.71,1330000.0,0.1092418370649313,25.2,345000.0,0.95,159000.0,True,0
P_hpfp,P_rv,p_hpfp
17333.900715332507,53117.155502919995,1889258.8612891329
Q,Q_phc
336108.6338559605,177108.6338559605
qm_cb,qm_phc/qm_t,qm_r,qm_v,qm,qm_pot
0.1092418370649313,0.00141425370424698,0.1514229529616975,0,0.11065609076917829,0.0008124921594461946
number of iterations,16,Execution time: ,6.385533332824707
