architecture,t_cbt,t_hxt,eta_hpfp,eta_r,p_cbt,qm_cb0,t0,p0,tpr_hx,Q_hx,pcc,v
pump,250,170,0.154,0.71,1330000.0,0.11,25.2,345000.0,0.95,149000.0,True,0
P_hpfp,P_rv,p_hpfp
17358.363594988627,53162.95168642988,1889366.2728247393
Q,Q_phc
336318.2343476296,187318.2343476296
qm_cb,qm_phc/qm_t,qm_r,qm_v,qm,m_z
0.11,0.0015457108596212195,0.15147467371703002,0,0.11154571085962121,0.15457108596212196
number of iterations,12,Execution time: ,5.131284952163696
