architecture,t_cbt,t_hxt,eta_hpfp,eta_r,p_cbt,qm_cb0,t0,p0,tpr_hx,Q_hx,pcc,v
pump,250,140,0.154,0.71,1330000.0,0.1092418370649313,25.2,345000.0,0.95,159000.0,True,0
P_hpfp,P_rv,p_hpfp
17226.97694643705,31456.805839383345,1889258.8612891329
Q,Q_phc
355368.05316729157,196368.05316729157
qm_cb,qm_phc/qm_t,qm_r,qm_v,qm
0.1092418370649313,0.0015391544671633783,0.08968316006025172,0,0.11078099153209468
number of iterations,16,Execution time: ,6.9800026416778564
