architecture,t_cbt,t_hxt,eta_hpfp,eta_r,p_cbt,qm_cb0,t0,p0,tpr_hx,Q_hx,pcc,v
pump,250,110,0.154,0.71,1330000.0,0.1092418370649313,25.2,345000.0,0.95,159000.0,True,0
P_hpfp,P_rv,p_hpfp
17238.343222815816,18792.620969431013,1889258.8612891329
Q,Q_phc
368287.46321524907,209287.46321524907
qm_cb,qm_phc/qm_t,qm_r,qm_v,qm
0.1092418370649313,0.0016122472315632103,0.053574406304585424,0,0.11085408429649452
number of iterations,16,Execution time: ,7.018430471420288
