architecture,t_cbt,t_hxt,eta_hpfp,eta_r,p_cbt,qm_cb0,t0,p0,tpr_hx,Q_hx,pcc,v
pump,250,150,0.154,0.71,1330000.0,0.11,25.2,345000.0,0.95,149000.0,True,0
P_hpfp,P_rv,p_hpfp
17375.687405738016,37626.295971924585,1889366.2728247393
Q,Q_phc
352243.59596291743,203243.59596291743
qm_cb,qm_phc/qm_t,qm_r,qm_v,qm,m_z
0.11,0.0016568588717942522,0.1072154343553131,0,0.11165685887179426,0.16568588717942523
number of iterations,12,Execution time: ,5.0347936153411865
