architecture,t_cbt,t_hxt,eta_hpfp,eta_r,p_cbt,qm_cb0,t0,p0,tpr_hx,Q_hx,pcc,v
pump,250,170,0.154,0.71,1330000.0,0.10998,25.2,345000.0,0.95,159000.0,True,0
P_hpfp,P_rv,p_hpfp
17339.26967422908,53097.23358785874,1889258.8597899457
Q,Q_phc
335983.5918472121,176983.5918472121
qm_cb,qm_phc/qm_t,qm_r,qm_v,qm,m_z
0.10998,0.0014503094516843812,0.15131038706467723,0,0.11143030945168438,0.14503094516843876
number of iterations,14,Execution time: ,6.018837213516235
