architecture,t_cbt,t_hxt,eta_hpfp,eta_r,p_cbt,qm_cb0,t0,p0,tpr_hx,Q_hx,pcc,v
pump,250,160,0.154,0.71,1330000.0,0.11,25.2,345000.0,0.95,149000.0,True,0
P_hpfp,P_rv,p_hpfp
17368.026586127853,44670.48253264125,1889366.2728247393
Q,Q_phc
345027.51848106453,196027.51848106453
qm_cb,qm_phc/qm_t,qm_r,qm_v,qm,m_z
0.11,0.0016076977653838498,0.12728474548170285,0,0.11160769776538385,0.16076977653838498
number of iterations,12,Execution time: ,4.833094120025635
