architecture,t_cbt,t_hxt,eta_hpfp,eta_r,p_cbt,qm_cb0,t0,p0,tpr_hx,Q_hx,pcc,v
pump,250,130,0.154,0.71,1330000.0,0.1092418370649313,25.2,345000.0,0.95,159000.0,True,0
P_hpfp,P_rv,p_hpfp
17312.462734117842,26647.267670185473,1889258.8612891329
Q,Q_phc
362097.1404175333,203097.1404175333
qm_cb,qm_phc/qm_t,qm_r,qm_v,qm,qm_pot
0.1092418370649313,0.0015819994897290908,0.0759699761882272,0,0.1108238365546604,0.0005068858066230314
number of iterations,16,Execution time: ,6.141326427459717
