architecture,t_cbt,t_hxt,eta_hpfp,eta_r,p_cbt,qm_cb0,t0,p0,tpr_hx,Q_hx,pcc,v
pump,250,170,0.154,0.71,1330000.0,0.1092418370649313,25.2,345000.0,0.95,159000.0,True,0
P_hpfp,P_rv,p_hpfp
17204.50312721697,52716.37049044741,1889258.8612891329
Q,Q_phc
333603.8479180436,174603.8479180436
qm_cb,qm_phc/qm_t,qm_r,qm_v,qm
0.1092418370649313,0.001394632768176085,0.15028354611825961,0,0.11063646983310739
number of iterations,16,Execution time: ,6.389724016189575
