architecture,t_cbt,t_hxt,eta_hpfp,eta_r,p_cbt,qm_cb0,t0,p0,tpr_hx,Q_hx,pcc,v
pump,250,160,0.154,0.71,1330000.0,0.1092418370649313,25.2,345000.0,0.95,159000.0,True,0
P_hpfp,P_rv,p_hpfp
17327.535298522525,44589.64368334627,1889258.8612891329
Q,Q_phc
344493.212793712,185493.21279371198
qm_cb,qm_phc/qm_t,qm_r,qm_v,qm,qm_pot
0.1092418370649313,0.0014717942003770008,0.12711980944348725,0,0.11071363126530831,0.0007140177729465835
number of iterations,16,Execution time: ,6.6412904262542725
