architecture,t_cbt,t_hxt,eta_hpfp,eta_r,p_cbt,qm_cb0,t0,p0,tpr_hx,Q_hx,pcc,v
pump,250,120,0.154,0.71,1330000.0,0.10998,25.2,345000.0,0.95,159000.0,True,0
P_hpfp,P_rv,p_hpfp
17371.842822812087,22505.48050296451,1889258.8609416161
Q,Q_phc
367306.2621191054,208306.26211910538
qm_cb,qm_phc/qm_t,qm_r,qm_v,qm,m_z
0.10998,0.0016596395644938866,0.06413666157301237,0,0.11163963956449388,0.16596395644938927
number of iterations,15,Execution time: ,6.97885274887085
