architecture,t_cbt,t_hxt,eta_hpfp,eta_r,p_cbt,qm_cb0,t0,p0,tpr_hx,Q_hx,pcc,v
pump,250,150,0.154,0.71,1330000.0,0.1092418370649313,25.2,345000.0,0.95,159000.0,True,0
P_hpfp,P_rv,p_hpfp
17341.626569125703,37571.4547730889,1889258.8612891329
Q,Q_phc
351827.8155345124,192827.8155345124
qm_cb,qm_phc/qm_t,qm_r,qm_v,qm,qm_pot
0.1092418370649313,0.0015042937665333163,0.10711432798448156,0,0.11074613083146462,0.0007721345078523062
number of iterations,16,Execution time: ,6.599559307098389
