architecture,t_cbt,t_hxt,eta_hpfp,eta_r,p_cbt,qm_cb0,t0,p0,tpr_hx,Q_hx,pcc,v
pump,250,120,0.154,0.71,1330000.0,0.1092418370649313,25.2,345000.0,0.95,159000.0,True,0
P_hpfp,P_rv,p_hpfp
17235.376489754814,22342.743193238053,1889258.8612891329
Q,Q_phc
364670.7241902702,205670.72419027018
qm_cb,qm_phc/qm_t,qm_r,qm_v,qm
0.1092418370649313,0.0015931691523894398,0.06369716815405599,0,0.11083500621732074
number of iterations,16,Execution time: ,6.603543996810913
