architecture,t_cbt,t_hxt,eta_hpfp,eta_r,p_cbt,qm_cb0,t0,p0,tpr_hx,Q_hx,pcc,v
pump,250,150,0.154,0.71,1330000.0,0.1092418370649313,25.2,345000.0,0.95,159000.0,True,0
P_hpfp,P_rv,p_hpfp
17321.925368520955,37528.608026582086,1889258.8612891329
Q,Q_phc
351428.279721973,192428.279721973
qm_cb,qm_phc/qm_t,qm_r,qm_v,qm,qm_pot
0.1092418370649313,0.0015172406035690001,0.10699226084462872,0,0.11075907766850031,0.0006324957651994733
number of iterations,16,Execution time: ,6.072118282318115
