architecture,t_cbt,t_hxt,eta_hpfp,eta_r,p_cbt,qm_cb0,t0,p0,tpr_hx,Q_hx,pcc,v
pump,250,140,0.154,0.71,1330000.0,0.10998,25.2,345000.0,0.95,159000.0,True,0
P_hpfp,P_rv,p_hpfp
17362.884638276926,31694.25720294812,1889258.8597899457
Q,Q_phc
357916.4711563509,198916.47115635092
qm_cb,qm_phc/qm_t,qm_r,qm_v,qm,m_z
0.10998,0.0016020703274871734,0.0903179619994329,0,0.11158207032748717,0.16020703274871734
number of iterations,14,Execution time: ,5.601895570755005
