architecture,t_cbt,t_hxt,eta_hpfp,eta_r,p_cbt,qm_cb0,t0,p0,tpr_hx,Q_hx,pcc,v
pump,250,180,0.154,0.71,1330000.0,0.1092418370649313,25.2,345000.0,0.95,159000.0,True,0
P_hpfp,P_rv,p_hpfp
17192.76062416047,62974.357020697265,1889258.861393996
Q,Q_phc
323082.18810096034,164082.18810096034
qm_cb,qm_phc/qm_t,qm_r,qm_v,qm
0.1092418370649313,0.001319120589854672,0.1795437792783067,0,0.11056095765478598
number of iterations,17,Execution time: ,7.2438883781433105
