architecture,t_cbt,t_hxt,eta_hpfp,eta_r,p_cbt,qm_cb0,t0,p0,tpr_hx,Q_hx,pcc,v
pump,250,130,0.154,0.71,1330000.0,0.11,25.2,345000.0,0.95,149000.0,True,0
P_hpfp,P_rv,p_hpfp
17386.66535382845,26749.30361864676,1889366.2728247393
Q,Q_phc
363366.90786233713,214366.90786233713
qm_cb,qm_phc/qm_t,qm_r,qm_v,qm,m_z
0.11,0.0017273264187445902,0.07622023068098976,0,0.1117273264187446,0.17273264187445903
number of iterations,12,Execution time: ,5.240997791290283
