architecture,t_cbt,t_hxt,eta_hpfp,eta_r,p_cbt,qm_cb0,t0,p0,tpr_hx,Q_hx,pcc,v
pump,250,120,0.154,0.71,1330000.0,0.1092418370649313,25.2,345000.0,0.95,159000.0,True,0
P_hpfp,P_rv,p_hpfp
17328.41536088052,22464.04432396208,1889258.8612891329
Q,Q_phc
366638.5736004242,207638.57360042422
qm_cb,qm_phc/qm_t,qm_r,qm_v,qm,qm_pot
0.1092418370649313,0.001586147317168201,0.06404255937240098,0,0.11082798438209951,0.0006053240461303019
number of iterations,16,Execution time: ,6.2200093269348145
