architecture,t_cbt,t_hxt,eta_hpfp,eta_r,p_cbt,qm_cb0,t0,p0,tpr_hx,Q_hx,pcc,v
pump,250,110,0.154,0.71,1330000.0,0.1092418370649313,25.2,345000.0,0.95,159000.0,True,0
P_hpfp,P_rv,p_hpfp
17324.76904527007,18887.37854236306,1889258.8612891329
Q,Q_phc
370133.36282722827,211133.36282722827
qm_cb,qm_phc/qm_t,qm_r,qm_v,qm,qm_pot
0.1092418370649313,0.0016024731063322218,0.05384422217935338,0,0.11084431017126353,0.0005655500071647728
number of iterations,16,Execution time: ,6.898385524749756
