architecture,t_cbt,t_hxt,eta_hpfp,eta_r,p_cbt,qm_cb0,t0,p0,tpr_hx,Q_hx,pcc,v
pump,250,120,0.154,0.71,1330000.0,0.1092418370649313,25.2,345000.0,0.95,159000.0,True,0
P_hpfp,P_rv,p_hpfp
17308.450519939914,22438.036800661663,1889258.8612891329
Q,Q_phc
366216.2786266612,207216.27862666122
qm_cb,qm_phc/qm_t,qm_r,qm_v,qm,qm_pot
0.1092418370649313,0.001604785472171953,0.06396848685504408,0,0.11084662253710326,0.00045829860169915724
number of iterations,16,Execution time: ,6.478179931640625
