architecture,t_cbt,t_hxt,eta_hpfp,eta_r,p_cbt,qm_cb0,t0,p0,tpr_hx,Q_hx,pcc,v
pump,250,130,0.154,0.71,1330000.0,0.1092418370649313,25.2,345000.0,0.95,159000.0,True,0
P_hpfp,P_rv,p_hpfp
17231.64954440071,26522.09550592899,1889258.8612891329
Q,Q_phc
360407.68481422454,201407.68481422454
qm_cb,qm_phc/qm_t,qm_r,qm_v,qm
0.1092418370649313,0.00156920239937193,0.07561363094283353,0,0.11081103946430323
number of iterations,16,Execution time: ,6.768244504928589
