architecture,t_cbt,t_hxt,eta_hpfp,eta_r,p_cbt,qm_cb0,t0,p0,tpr_hx,Q_hx,pcc,v
pump,250,140,0.154,0.71,1330000.0,0.1092418370649313,25.2,345000.0,0.95,159000.0,True,0
P_hpfp,P_rv,p_hpfp
17316.932427419448,31622.203902888486,1889258.8612891329
Q,Q_phc
357222.56935549085,198222.56935549085
qm_cb,qm_phc/qm_t,qm_r,qm_v,qm,qm_pot
0.1092418370649313,0.0015533157172571287,0.09015393414042595,0,0.11079515278218843,0.0005643126985253874
number of iterations,16,Execution time: ,6.840110540390015
