architecture,t_cbt,t_hxt,eta_hpfp,eta_r,p_cbt,qm_cb0,t0,p0,tpr_hx,Q_hx,pcc,v
pump,250,190,0.154,0.71,1330000.0,0.1092418370649313,25.2,345000.0,0.95,159000.0,True,0
P_hpfp,P_rv,p_hpfp
17349.789719777214,76546.35009937065,1889258.861393996
Q,Q_phc
313036.22039206896,154036.22039206896
qm_cb,qm_phc/qm_t,qm_r,qm_v,qm,qm_pot
0.1092418370649313,0.0012459680913823007,0.21820780342748816,0,0.11048780515631361,0.0010829546803660006
number of iterations,17,Execution time: ,6.962211608886719
