architecture,t_cbt,t_hxt,eta_hpfp,eta_r,p_cbt,qm_cb0,t0,p0,tpr_hx,Q_hx,pcc,v
pump,250,100,0.154,0.71,1330000.0,0.10998,25.2,345000.0,0.95,159000.0,True,0
P_hpfp,P_rv,p_hpfp
17377.585207202337,15884.65296743566,1889258.8609416161
Q,Q_phc
374055.94465803256,215055.94465803256
qm_cb,qm_phc/qm_t,qm_r,qm_v,qm,m_z
0.10998,0.0016965428297436996,0.04526277738666031,0,0.1116765428297437,0.16965428297436969
number of iterations,15,Execution time: ,7.254189729690552
