architecture,t_cbt,t_hxt,eta_hpfp,eta_r,p_cbt,qm_cb0,t0,p0,tpr_hx,Q_hx,pcc,v
pump,250,150,0.154,0.71,1330000.0,0.1092418370649313,25.2,345000.0,0.95,159000.0,True,0
P_hpfp,P_rv,p_hpfp
17221.122541313947,37308.52625096391,1889258.8612891329
Q,Q_phc
349384.8744363927,190384.87443639268
qm_cb,qm_phc/qm_t,qm_r,qm_v,qm
0.1092418370649313,0.0015015067239531332,0.1063660065420041,0,0.11074334378888444
number of iterations,16,Execution time: ,6.560489892959595
