architecture,t_cbt,t_hxt,eta_hpfp,eta_r,p_cbt,qm_cb0,t0,p0,tpr_hx,Q_hx,pcc,v
pump,250,190,0.154,0.71,1330000.0,0.10998,25.2,345000.0,0.95,159000.0,True,0
P_hpfp,P_rv,p_hpfp
17311.184254802043,76315.94028496841,1889258.8609416161
Q,Q_phc
312134.66740500863,153134.66740500863
qm_cb,qm_phc/qm_t,qm_r,qm_v,qm,m_z
0.10998,0.001269819052173396,0.2174756082398805,0,0.11124981905217339,0.12698190521734012
number of iterations,15,Execution time: ,6.975359201431274
