architecture,t_cbt,t_hxt,eta_hpfp,eta_r,p_cbt,qm_cb0,t0,p0,tpr_hx,Q_hx,pcc,v
pump,250,200,0.154,0.71,1330000.0,0.1092418370649313,25.2,345000.0,0.95,159000.0,True,0
P_hpfp,P_rv,p_hpfp
17375.80896131431,93231.83077328427,1889258.8614256384
Q,Q_phc
296934.99132521095,137934.99132521095
qm_cb,qm_phc/qm_t,qm_r,qm_v,qm,qm_pot
0.1092418370649313,0.001117419536778745,0.2657764358255695,0,0.11035925660171005,0.0013788243648210172
number of iterations,18,Execution time: ,7.173079013824463
