architecture,t_cbt,t_hxt,eta_hpfp,eta_r,p_cbt,qm_cb0,t0,p0,tpr_hx,Q_hx,pcc,v
pump,250,220,0.154,0.71,1330000.0,0.1092418370649313,25.2,345000.0,0.95,159000.0,True,0
P_hpfp,P_rv,p_hpfp
17389.96640481639,145377.25923934046,1889258.8614380676
Q,Q_phc
245107.46256475637,86107.46256475637
qm_cb,qm_phc/qm_t,qm_r,qm_v,qm,qm_pot
0.1092418370649313,0.0007095728525666231,0.41436250480252995,0,0.10995140991749792,0.0018777128831489296
number of iterations,20,Execution time: ,8.314307928085327
