architecture,t_cbt,t_hxt,eta_hpfp,eta_r,p_cbt,qm_cb0,t0,p0,tpr_hx,Q_hx,pcc,v
pump,250,220,0.154,0.71,1330000.0,0.11,25.2,345000.0,0.95,149000.0,True,0
P_hpfp,P_rv,p_hpfp
17241.960341308295,144035.23179034097,1889366.2728249193
Q,Q_phc
242834.1367725354,93834.13677253539
qm_cb,qm_phc/qm_t,qm_r,qm_v,qm,m_z
0.11,0.0007989077961849804,0.4103173184871207,0,0.11079890779618498,0.07989077961849804
number of iterations,15,Execution time: ,7.279864549636841
