architecture,t_cbt,t_hxt,eta_hpfp,eta_r,p_cbt,qm_cb0,t0,p0,tpr_hx,Q_hx,pcc,v
pump,260,110,0.154,0.71,1330000.0,0.10909949597353935,25.2,345000.0,0.95,159000.0,True,0
P_hpfp,P_rv,p_hpfp
17324.334928794502,18448.986673462674,1889258.8612891329
Q,Q_phc
387617.62205691065,228617.62205691065
qm_cb,qm_phc/qm_t,qm_r,qm_v,qm,qm_pot
0.10909949597353935,0.0017355233741382357,0.05057349409810005,0,0.11083501934767759,0.0005720491712649253
number of iterations,16,Execution time: ,6.768076419830322
