architecture,t_cbt,t_hxt,eta_hpfp,eta_r,p_cbt,qm_cb0,t0,p0,tpr_hx,Q_hx,pcc,v
pump,260,100,0.154,0.71,1330000.0,0.10909949597353935,25.2,345000.0,0.95,159000.0,True,0
P_hpfp,P_rv,p_hpfp
17320.895609757205,15523.39528998324,1889258.8612891329
Q,Q_phc
390462.59893925296,231462.59893925296
qm_cb,qm_phc/qm_t,qm_r,qm_v,qm,qm_pot
0.10909949597353935,0.0017461481640301858,0.04255139029701754,0,0.11084564413756953,0.0005393072580766693
number of iterations,16,Execution time: ,6.93215274810791
