architecture,t_cbt,t_hxt,eta_hpfp,eta_r,p_cbt,qm_cb0,t0,p0,tpr_hx,Q_hx,pcc,v
pump,260,180,0.154,0.71,1330000.0,0.10998,25.2,345000.0,0.95,159000.0,True,0
P_hpfp,P_rv,p_hpfp
17355.4863644398,59330.818430177664,1889258.855973307
Q,Q_phc
347189.0294140227,188189.0294140227
qm_cb,qm_phc/qm_t,qm_r,qm_v,qm,m_z
0.10998,0.0015545264439245643,0.1625714559027953,0,0.11153452644392456,0.15545264439245696
number of iterations,13,Execution time: ,5.763741731643677
