architecture,t_cbt,t_hxt,eta_hpfp,eta_r,p_cbt,qm_cb0,t0,p0,tpr_hx,Q_hx,pcc,v
pump,260,100,0.154,0.71,1330000.0,0.10909949597353935,25.2,345000.0,0.95,159000.0,True,0
P_hpfp,P_rv,p_hpfp
17239.09130243763,15449.675642672435,1889258.8612891329
Q,Q_phc
388618.90023894305,229618.90023894305
qm_cb,qm_phc/qm_t,qm_r,qm_v,qm
0.10909949597353935,0.0017593989756023026,0.04234954537033276,0,0.11085889494914165
number of iterations,16,Execution time: ,6.546337842941284
