architecture,t_cbt,t_hxt,eta_hpfp,eta_r,p_cbt,qm_cb0,t0,p0,tpr_hx,Q_hx,pcc,v
pump,260,140,0.154,0.71,1330000.0,0.10909949597353935,25.2,345000.0,0.95,159000.0,True,0
P_hpfp,P_rv,p_hpfp
17226.99871209705,30336.596184759765,1889258.8609416161
Q,Q_phc
373448.54071952915,214448.54071952915
qm_cb,qm_phc/qm_t,qm_r,qm_v,qm
0.10909949597353935,0.0016816356079590034,0.08315488786165731,0,0.11078113158149835
number of iterations,15,Execution time: ,6.146230936050415
