architecture,t_cbt,t_hxt,eta_hpfp,eta_r,p_cbt,qm_cb0,t0,p0,tpr_hx,Q_hx,pcc,v
pump,260,120,0.154,0.71,1330000.0,0.10909949597353935,25.2,345000.0,0.95,159000.0,True,0
P_hpfp,P_rv,p_hpfp
17306.36205879017,21833.16687643577,1889258.8612891329
Q,Q_phc
383812.1741745833,224812.17417458328
qm_cb,qm_phc/qm_t,qm_r,qm_v,qm,qm_pot
0.10909949597353935,0.0017413050462920022,0.059852690959443504,0,0.11084080101983135,0.0004506899160013844
number of iterations,16,Execution time: ,6.542505979537964
