architecture,t_cbt,t_hxt,eta_hpfp,eta_r,p_cbt,qm_cb0,t0,p0,tpr_hx,Q_hx,pcc,v
pump,260,150,0.154,0.71,1330000.0,0.10909949597353935,25.2,345000.0,0.95,159000.0,True,0
P_hpfp,P_rv,p_hpfp
17341.49899430405,36012.12518490667,1889258.8609416161
Q,Q_phc
370456.7938975319,211456.79389753193
qm_cb,qm_phc/qm_t,qm_r,qm_v,qm,qm_pot
0.10909949597353935,0.0016511602125473185,0.09871196336929726,0,0.11075065618608666,0.0007667888439281195
number of iterations,15,Execution time: ,6.157052040100098
