architecture,t_cbt,t_hxt,eta_hpfp,eta_r,p_cbt,qm_cb0,t0,p0,tpr_hx,Q_hx,pcc,v
pump,260,100,0.154,0.71,1330000.0,0.10909949597353935,25.2,345000.0,0.95,159000.0,True,0
P_hpfp,P_rv,p_hpfp
17299.39309748048,15504.011995502507,1889258.8612891329
Q,Q_phc
389977.9829589979,230977.9829589979
qm_cb,qm_phc/qm_t,qm_r,qm_v,qm,qm_pot
0.10909949597353935,0.0017694467521343488,0.04249832311468231,0,0.1108689427256737,0.00037773312471270354
number of iterations,16,Execution time: ,6.784956932067871
