architecture,t_cbt,t_hxt,eta_hpfp,eta_r,p_cbt,qm_cb0,t0,p0,tpr_hx,Q_hx,pcc,v
pump,260,170,0.154,0.71,1330000.0,0.10998,25.2,345000.0,0.95,159000.0,True,0
P_hpfp,P_rv,p_hpfp
17366.047322373164,50163.21539443388,1889258.855973307
Q,Q_phc
356604.00316136784,197604.00316136784
qm_cb,qm_phc/qm_t,qm_r,qm_v,qm,m_z
0.10998,0.0016223961317660685,0.13745578603022407,0,0.11160239613176606,0.16223961317660734
number of iterations,13,Execution time: ,6.233757019042969
