architecture,t_cbt,t_hxt,eta_hpfp,eta_r,p_cbt,qm_cb0,t0,p0,tpr_hx,Q_hx,pcc,v
pump,260,150,0.154,0.71,1330000.0,0.10909949597353935,25.2,345000.0,0.95,159000.0,True,0
P_hpfp,P_rv,p_hpfp
17221.857778504233,35761.909302933236,1889258.8609416161
Q,Q_phc
367902.72880703374,208902.72880703374
qm_cb,qm_phc/qm_t,qm_r,qm_v,qm
0.10909949597353935,0.0016485759641803321,0.09802726763497685,0,0.11074807193771968
number of iterations,15,Execution time: ,6.010431528091431
