architecture,t_cbt,t_hxt,eta_hpfp,eta_r,p_cbt,qm_cb0,t0,p0,tpr_hx,Q_hx,pcc,v
pump,260,100,0.154,0.71,1330000.0,0.10998,25.2,345000.0,0.95,159000.0,True,0
P_hpfp,P_rv,p_hpfp
17399.820593401797,15585.759213267484,1889258.8609416161
Q,Q_phc
391972.5306295665,232972.53062956652
qm_cb,qm_phc/qm_t,qm_r,qm_v,qm,m_z
0.10998,0.001839437888500814,0.0427067707642009,0,0.11181943788850081,0.18394378885008203
number of iterations,15,Execution time: ,6.781231641769409
