architecture,t_cbt,t_hxt,eta_hpfp,eta_r,p_cbt,qm_cb0,t0,p0,tpr_hx,Q_hx,pcc,v
pump,260,190,0.154,0.71,1330000.0,0.11,25.2,345000.0,0.95,149000.0,True,0
P_hpfp,P_rv,p_hpfp
17361.580251265652,70532.7331655442,1889366.2728247393
Q,Q_phc
336100.57118189684,187100.57118189684
qm_cb,qm_phc/qm_t,qm_r,qm_v,qm,m_z
0.11,0.001566508917988313,0.19325516263007145,0,0.11156650891798832,0.1566508917988313
number of iterations,12,Execution time: ,10.778553247451782
