architecture,t_cbt,t_hxt,eta_hpfp,eta_r,p_cbt,qm_cb0,t0,p0,tpr_hx,Q_hx,pcc,v
pump,260,180,0.154,0.71,1330000.0,0.10909949597353935,25.2,345000.0,0.95,159000.0,True,0
P_hpfp,P_rv,p_hpfp
17358.764866857993,59357.06045169356,1889258.8612891329
Q,Q_phc
347516.5546223983,188516.55462239828
qm_cb,qm_phc/qm_t,qm_r,qm_v,qm,qm_pot
0.10909949597353935,0.0015065248499001168,0.1627166419751559,0,0.11060602082343947,0.0010224552407108742
number of iterations,16,Execution time: ,6.550851821899414
