architecture,t_cbt,t_hxt,eta_hpfp,eta_r,p_cbt,qm_cb0,t0,p0,tpr_hx,Q_hx,pcc,v
pump,260,180,0.154,0.71,1330000.0,0.10909949597353935,25.2,345000.0,0.95,159000.0,True,0
P_hpfp,P_rv,p_hpfp
17338.09212236409,59286.185751430705,1889258.8612891329
Q,Q_phc
347102.8790479006,188102.8790479006
qm_cb,qm_phc/qm_t,qm_r,qm_v,qm,qm_pot
0.10909949597353935,0.0015135820825411183,0.16252243087895152,0,0.11061307805608046,0.0008824584250051803
number of iterations,16,Execution time: ,6.34017539024353
