architecture,t_cbt,t_hxt,eta_hpfp,eta_r,p_cbt,qm_cb0,t0,p0,tpr_hx,Q_hx,pcc,v
pump,260,160,0.154,0.71,1330000.0,0.10909949597353935,25.2,345000.0,0.95,159000.0,True,0
P_hpfp,P_rv,p_hpfp
17325.23375409036,42424.69232478135,1889258.8609416161
Q,Q_phc
363662.9843627267,204662.98436272668
qm_cb,qm_phc/qm_t,qm_r,qm_v,qm,qm_pot
0.10909949597353935,0.001625190169171012,0.11628851318732202,0,0.11072468614271036,0.0006881625065633084
number of iterations,15,Execution time: ,6.011748790740967
