architecture,t_cbt,t_hxt,eta_hpfp,eta_r,p_cbt,qm_cb0,t0,p0,tpr_hx,Q_hx,pcc,v
pump,260,140,0.154,0.71,1330000.0,0.10998,25.2,345000.0,0.95,159000.0,True,0
P_hpfp,P_rv,p_hpfp
17386.740170524994,30606.76094631694,1889258.855973307
Q,Q_phc
376645.14892296935,217645.14892296935
qm_cb,qm_phc/qm_t,qm_r,qm_v,qm,m_z
0.10998,0.001755378116305495,0.0838612111294322,0,0.11173537811630549,0.17553781163054896
number of iterations,13,Execution time: ,5.900868654251099
