architecture,t_cbt,t_hxt,eta_hpfp,eta_r,p_cbt,qm_cb0,t0,p0,tpr_hx,Q_hx,pcc,v
pump,260,110,0.154,0.71,1330000.0,0.10909949597353935,25.2,345000.0,0.95,159000.0,True,0
P_hpfp,P_rv,p_hpfp
17302.704119373604,18425.834977856564,1889258.8612891329
Q,Q_phc
387133.7673097449,228133.7673097449
qm_cb,qm_phc/qm_t,qm_r,qm_v,qm,qm_pot
0.10909949597353935,0.0017570588506790898,0.05051009695899707,0,0.11085655482421844,0.00041141311295982017
number of iterations,16,Execution time: ,6.595824718475342
