architecture,t_cbt,t_hxt,eta_hpfp,eta_r,p_cbt,qm_cb0,t0,p0,tpr_hx,Q_hx,pcc,v
pump,260,150,0.154,0.71,1330000.0,0.10909949597353935,25.2,345000.0,0.95,159000.0,True,0
P_hpfp,P_rv,p_hpfp
17319.790892501565,35966.84962463047,1889258.8609416161
Q,Q_phc
369993.2513517213,210993.2513517213
qm_cb,qm_phc/qm_t,qm_r,qm_v,qm,qm_pot
0.10909949597353935,0.0016646508423029057,0.09858796341984968,0,0.11076414681584226,0.0006137005905611146
number of iterations,15,Execution time: ,5.996744155883789
