architecture,t_cbt,t_hxt,eta_hpfp,eta_r,p_cbt,qm_cb0,t0,p0,tpr_hx,Q_hx,pcc,v
pump,260,190,0.154,0.71,1330000.0,0.10909949597353935,25.2,345000.0,0.95,159000.0,True,0
P_hpfp,P_rv,p_hpfp
17345.890465328284,70515.84886400444,1889258.8612891329
Q,Q_phc
336056.0019813253,177056.00198132527
qm_cb,qm_phc/qm_t,qm_r,qm_v,qm,qm_pot
0.10909949597353935,0.0014342006797758205,0.19329101303689883,0,0.11053369665331517,0.001011988392348404
number of iterations,16,Execution time: ,6.690547704696655
