architecture,t_cbt,t_hxt,eta_hpfp,eta_r,p_cbt,qm_cb0,t0,p0,tpr_hx,Q_hx,pcc,v
pump,260,170,0.154,0.71,1330000.0,0.10909949597353935,25.2,345000.0,0.95,159000.0,True,0
P_hpfp,P_rv,p_hpfp
17352.46036055516,50134.33810542762,1889258.8612891329
Q,Q_phc
356591.5050914386,197591.5050914386
qm_cb,qm_phc/qm_t,qm_r,qm_v,qm,qm_pot
0.10909949597353935,0.0015667537668460282,0.13744026826573666,0,0.11066624974038539,0.0009216841287228507
number of iterations,16,Execution time: ,6.532833099365234
