architecture,t_cbt,t_hxt,eta_hpfp,eta_r,p_cbt,qm_cb0,t0,p0,tpr_hx,Q_hx,pcc,v
pump,260,130,0.154,0.71,1330000.0,0.11,25.2,345000.0,0.95,149000.0,True,0
P_hpfp,P_rv,p_hpfp
17410.148620515552,25950.231669327724,1889366.2728247393
Q,Q_phc
381820.614087883,232820.61408788298
qm_cb,qm_phc/qm_t,qm_r,qm_v,qm,m_z
0.11,0.0018781972924511135,0.07110953823216526,0,0.11187819729245112,0.18781972924511134
number of iterations,12,Execution time: ,10.025000810623169
