architecture,t_cbt,t_hxt,eta_hpfp,eta_r,p_cbt,qm_cb0,t0,p0,tpr_hx,Q_hx,pcc,v
pump,260,210,0.154,0.71,1330000.0,0.10909949597353935,25.2,345000.0,0.95,159000.0,True,0
P_hpfp,P_rv,p_hpfp
17382.91834279062,102205.87260726001,1889258.8614256384
Q,Q_phc
305233.87778869295,146233.87778869295
qm_cb,qm_phc/qm_t,qm_r,qm_v,qm,qm_pot
0.10909949597353935,0.0011966538936016337,0.2801769761939321,0,0.11029614986714098,0.0014876491804757346
number of iterations,18,Execution time: ,7.399277925491333
