architecture,t_cbt,t_hxt,eta_hpfp,eta_r,p_cbt,qm_cb0,t0,p0,tpr_hx,Q_hx,pcc,v
pump,260,230,0.154,0.71,1330000.0,0.10909949597353935,25.2,345000.0,0.95,159000.0,True,0
P_hpfp,P_rv,p_hpfp
17077.83344194948,154409.1195966445,1889258.8614351866
Q,Q_phc
245879.7189935807,86879.7189935807
qm_cb,qm_phc/qm_t,qm_r,qm_v,qm
0.10909949597353935,0.0007224029710973384,0.42319631923644907,0,0.10982189894463669
number of iterations,19,Execution time: ,8.726387739181519
