architecture,t_cbt,t_hxt,eta_hpfp,eta_r,p_cbt,qm_cb0,t0,p0,tpr_hx,Q_hx,pcc,v
pump,260,220,0.154,0.71,1330000.0,0.10909949597353935,25.2,345000.0,0.95,159000.0,True,0
P_hpfp,P_rv,p_hpfp
17118.08329296607,123509.33870076777,1889258.8614256384
Q,Q_phc
277722.9196924763,118722.91969247628
qm_cb,qm_phc/qm_t,qm_r,qm_v,qm
0.10909949597353935,0.0009812364539300428,0.3385288606323235,0,0.1100807324274694
number of iterations,18,Execution time: ,7.787292242050171
