architecture,t_cbt,t_hxt,eta_hpfp,eta_r,p_cbt,qm_cb0,t0,p0,tpr_hx,Q_hx,pcc,v
pump,260,200,0.154,0.71,1330000.0,0.10909949597353935,25.2,345000.0,0.95,159000.0,True,0
P_hpfp,P_rv,p_hpfp
17354.93880924956,84416.40248350613,1889258.861393996
Q,Q_phc
322367.5331957984,163367.5331957984
qm_cb,qm_phc/qm_t,qm_r,qm_v,qm,qm_pot
0.10909949597353935,0.0013322386704344752,0.23140720421400984,0,0.11043173464397382,0.0011721372842167193
number of iterations,17,Execution time: ,6.602406978607178
