architecture,t_cbt,t_hxt,eta_hpfp,eta_r,p_cbt,qm_cb0,t0,p0,tpr_hx,Q_hx,pcc,v
pump,260,210,0.154,0.71,1330000.0,0.10909949597353935,25.2,345000.0,0.95,159000.0,True,0
P_hpfp,P_rv,p_hpfp
17365.770981749683,102105.19742092668,1889258.8614256384
Q,Q_phc
304932.6344729258,145932.6344729258
qm_cb,qm_phc/qm_t,qm_r,qm_v,qm,qm_pot
0.10909949597353935,0.0011980499190090744,0.27990075468793296,0,0.11029754589254842,0.0013759841471262478
number of iterations,18,Execution time: ,7.568772554397583
