architecture,t_cbt,t_hxt,eta_hpfp,eta_r,p_cbt,qm_cb0,t0,p0,tpr_hx,Q_hx,pcc,v
pump,260,200,0.154,0.71,1330000.0,0.10909949597353935,25.2,345000.0,0.95,159000.0,True,0
P_hpfp,P_rv,p_hpfp
17373.711734606448,84507.77403902615,1889258.861393996
Q,Q_phc
322716.18188724236,163716.18188724236
qm_cb,qm_phc/qm_t,qm_r,qm_v,qm,qm_pot
0.10909949597353935,0.0013291445873414873,0.2316577385142859,0,0.11042864056088084,0.0012959538417750807
number of iterations,17,Execution time: ,7.167993545532227
