architecture,t_cbt,t_hxt,eta_hpfp,eta_r,p_cbt,qm_cb0,t0,p0,tpr_hx,Q_hx,pcc,v
pump,260,230,0.154,0.71,1330000.0,0.10909949597353935,25.2,345000.0,0.95,159000.0,True,0
P_hpfp,P_rv,p_hpfp
17407.90509758949,157349.88233999896,1889258.8614380676
Q,Q_phc
250675.5347859424,91675.53478594241
qm_cb,qm_phc/qm_t,qm_r,qm_v,qm,qm_pot
0.10909949597353935,0.0007617506281497135,0.43129762564418533,0,0.10986124660168907,0.0020832339995600128
number of iterations,20,Execution time: ,8.664551019668579
