architecture,t_cbt,t_hxt,eta_hpfp,eta_r,p_cbt,qm_cb0,t0,p0,tpr_hx,Q_hx,pcc,v
pump,260,210,0.154,0.71,1330000.0,0.10998,25.2,345000.0,0.95,159000.0,True,0
P_hpfp,P_rv,p_hpfp
17302.875442950914,101705.24404574919,1889258.8609416161
Q,Q_phc
303582.28676746006,144582.28676746006
qm_cb,qm_phc/qm_t,qm_r,qm_v,qm,m_z
0.10998,0.00121642271594527,0.278679513431524,0,0.11119642271594526,0.12164227159452717
number of iterations,15,Execution time: ,7.152026414871216
