architecture,t_cbt,t_hxt,eta_hpfp,eta_r,p_cbt,qm_cb0,t0,p0,tpr_hx,Q_hx,pcc,v
pump,260,220,0.154,0.71,1330000.0,0.10909949597353935,25.2,345000.0,0.95,159000.0,True,0
P_hpfp,P_rv,p_hpfp
17393.98078902498,125457.90040031423,1889258.8614351866
Q,Q_phc
282241.1436363102,123241.14363631018
qm_cb,qm_phc/qm_t,qm_r,qm_v,qm,qm_pot
0.10909949597353935,0.0010164260341838222,0.34390780267319543,0,0.11011592200772317,0.00173901597082607
number of iterations,19,Execution time: ,7.76022744178772
