architecture,t_cbt,t_hxt,eta_hpfp,eta_r,p_cbt,qm_cb0,t0,p0,tpr_hx,Q_hx,pcc,v
pump,260,220,0.154,0.71,1330000.0,0.10998,25.2,345000.0,0.95,159000.0,True,0
P_hpfp,P_rv,p_hpfp
17272.994286059864,124551.8271012017,1889258.8612891329
Q,Q_phc
280035.7931255825,121035.79312558251
qm_cb,qm_phc/qm_t,qm_r,qm_v,qm,m_z
0.10998,0.0010243922533909738,0.3412655156287594,0,0.11100439225339097,0.10243922533909788
number of iterations,16,Execution time: ,7.814659118652344
