architecture,t_cbt,t_hxt,eta_hpfp,eta_r,p_cbt,qm_cb0,t0,p0,tpr_hx,Q_hx,pcc,v
pump,260,210,0.154,0.71,1330000.0,0.11,25.2,345000.0,0.95,149000.0,True,0
P_hpfp,P_rv,p_hpfp
17322.184760493812,101816.09284196865,1889366.2728248988
Q,Q_phc
303894.5121679932,154894.51216799318
qm_cb,qm_phc/qm_t,qm_r,qm_v,qm,m_z
0.11,0.0013137039981844466,0.2789548065187943,0,0.11131370399818445,0.13137039981844464
number of iterations,13,Execution time: ,6.6177895069122314
