architecture,t_cbt,t_hxt,eta_hpfp,eta_r,p_cbt,qm_cb0,t0,p0,tpr_hx,Q_hx,pcc,v
pump,260,220,0.154,0.71,1330000.0,0.10909949597353935,25.2,345000.0,0.95,159000.0,True,0
P_hpfp,P_rv,p_hpfp
17379.203983546755,125351.89659188694,1889258.8614351866
Q,Q_phc
282000.7926027689,123000.79260276892
qm_cb,qm_phc/qm_t,qm_r,qm_v,qm,qm_pot
0.10909949597353935,0.0010164578792353977,0.34361660891606194,0,0.11011595385277474,0.001643959376676767
number of iterations,19,Execution time: ,8.230005979537964
