architecture,t_cbt,t_hxt,eta_hpfp,eta_r,p_cbt,qm_cb0,t0,p0,tpr_hx,Q_hx,pcc,v
pump,260,200,0.154,0.71,1330000.0,0.10909949597353935,25.2,345000.0,0.95,159000.0,True,0
P_hpfp,P_rv,p_hpfp
17168.35073499006,83497.43629411631,1889258.861393996
Q,Q_phc
318913.0451176544,159913.04511765437
qm_cb,qm_phc/qm_t,qm_r,qm_v,qm
0.10909949597353935,0.0013044897567300318,0.22889678880301065,0,0.11040398573026938
number of iterations,17,Execution time: ,7.388660907745361
