architecture,t_cbt,t_hxt,eta_hpfp,eta_r,p_cbt,qm_cb0,t0,p0,tpr_hx,Q_hx,pcc,v
pump,270,140,0.154,0.71,1330000.0,0.10895862351703661,25.2,345000.0,0.95,159000.0,True,0
P_hpfp,P_rv,p_hpfp
17312.943856695107,29514.989247327834,1889258.8609416161
Q,Q_phc
393195.92373295716,234195.92373295716
qm_cb,qm_phc/qm_t,qm_r,qm_v,qm,qm_pot
0.10895862351703661,0.0018366248061157556,0.07791303469435489,0,0.11079524832315236,0.000538568060360994
number of iterations,15,Execution time: ,5.420076131820679
