architecture,t_cbt,t_hxt,eta_hpfp,eta_r,p_cbt,qm_cb0,t0,p0,tpr_hx,Q_hx,pcc,v
pump,270,150,0.154,0.71,1330000.0,0.10998,25.2,345000.0,0.95,159000.0,True,0
P_hpfp,P_rv,p_hpfp
17405.455259944327,34807.84656314326,1889258.855973307
Q,Q_phc
389872.9946978443,230872.99469784432
qm_cb,qm_phc/qm_t,qm_r,qm_v,qm,m_z
0.10998,0.0018756500920893704,0.0918012584611681,0,0.11185565009208936,0.187565009208937
number of iterations,13,Execution time: ,5.6444480419158936
