architecture,t_cbt,t_hxt,eta_hpfp,eta_r,p_cbt,qm_cb0,t0,p0,tpr_hx,Q_hx,pcc,v
pump,270,120,0.154,0.71,1330000.0,0.10895862351703661,25.2,345000.0,0.95,159000.0,True,0
P_hpfp,P_rv,p_hpfp
17304.36527573561,21310.394698465596,1889258.8612891329
Q,Q_phc
401191.0642784437,242191.0642784437
qm_cb,qm_phc/qm_t,qm_r,qm_v,qm,qm_pot
0.10895862351703661,0.0018759711681044637,0.05625929817475313,0,0.11083459468514108,0.0004440555992328161
number of iterations,16,Execution time: ,7.218173980712891
