architecture,t_cbt,t_hxt,eta_hpfp,eta_r,p_cbt,qm_cb0,t0,p0,tpr_hx,Q_hx,pcc,v
pump,270,190,0.154,0.71,1330000.0,0.10998,25.2,345000.0,0.95,159000.0,True,0
P_hpfp,P_rv,p_hpfp
17371.43347646973,65893.58658006745,1889258.8433249607
Q,Q_phc
357957.15903130954,198957.15903130954
qm_cb,qm_phc/qm_t,qm_r,qm_v,qm,m_z
0.10998,0.0016570131019942314,0.1737596685854283,0,0.11163701310199423,0.16570131019942336
number of iterations,12,Execution time: ,5.469094753265381
