architecture,t_cbt,t_hxt,eta_hpfp,eta_r,p_cbt,qm_cb0,t0,p0,tpr_hx,Q_hx,pcc,v
pump,270,130,0.154,0.71,1330000.0,0.10895862351703661,25.2,345000.0,0.95,159000.0,True,0
P_hpfp,P_rv,p_hpfp
17308.471442506747,25112.914176919112,1889258.8609416161
Q,Q_phc
397488.80083562364,238488.80083562364
qm_cb,qm_phc/qm_t,qm_r,qm_v,qm,qm_pot
0.10895862351703661,0.0018585432537672896,0.06629036966941848,0,0.1108171667708039,0.0004878889961349853
number of iterations,15,Execution time: ,6.419829607009888
