architecture,t_cbt,t_hxt,eta_hpfp,eta_r,p_cbt,qm_cb0,t0,p0,tpr_hx,Q_hx,pcc,v
pump,270,120,0.154,0.71,1330000.0,0.10998,25.2,345000.0,0.95,159000.0,True,0
P_hpfp,P_rv,p_hpfp
17417.376274144037,21456.164412264294,1889258.8597899457
Q,Q_phc
403515.53759642463,244515.53759642463
qm_cb,qm_phc/qm_t,qm_r,qm_v,qm,m_z
0.10998,0.0019522592317075954,0.056585907960085564,0,0.11193225923170759,0.19522592317075904
number of iterations,14,Execution time: ,6.783935070037842
