architecture,t_cbt,t_hxt,eta_hpfp,eta_r,p_cbt,qm_cb0,t0,p0,tpr_hx,Q_hx,pcc,v
pump,270,110,0.154,0.71,1330000.0,0.11,25.2,345000.0,0.95,149000.0,True,0
P_hpfp,P_rv,p_hpfp
17438.807503165717,18187.51170946456,1889366.2728247393
Q,Q_phc
407276.51357038436,258276.51357038436
qm_cb,qm_phc/qm_t,qm_r,qm_v,qm,m_z
0.11,0.0020623147042825676,0.04796393529783949,0,0.11206231470428257,0.20623147042825676
number of iterations,12,Execution time: ,6.41559910774231
