architecture,t_cbt,t_hxt,eta_hpfp,eta_r,p_cbt,qm_cb0,t0,p0,tpr_hx,Q_hx,pcc,v
pump,270,110,0.154,0.71,1330000.0,0.10895862351703661,25.2,345000.0,0.95,159000.0,True,0
P_hpfp,P_rv,p_hpfp
17300.636730989856,18043.647189029525,1889258.8612891329
Q,Q_phc
404366.77605384146,245366.77605384146
qm_cb,qm_phc/qm_t,qm_r,qm_v,qm,qm_pot
0.10895862351703661,0.0018896004896577323,0.04763316741881912,0,0.11084822400669435,0.0004064492395032715
number of iterations,16,Execution time: ,6.767860651016235
