architecture,t_cbt,t_hxt,eta_hpfp,eta_r,p_cbt,qm_cb0,t0,p0,tpr_hx,Q_hx,pcc,v
pump,270,130,0.154,0.71,1330000.0,0.10895862351703661,25.2,345000.0,0.95,159000.0,True,0
P_hpfp,P_rv,p_hpfp
17230.50089552405,24999.144511719034,1889258.8609416161
Q,Q_phc
395698.85029162985,236698.85029162985
qm_cb,qm_phc/qm_t,qm_r,qm_v,qm
0.10895862351703661,0.001845029447874652,0.06599044112861555,0,0.11080365296491126
number of iterations,15,Execution time: ,6.685924053192139
