architecture,t_cbt,t_hxt,eta_hpfp,eta_r,p_cbt,qm_cb0,t0,p0,tpr_hx,Q_hx,pcc,v
pump,270,180,0.154,0.71,1330000.0,0.10895862351703661,25.2,345000.0,0.95,159000.0,True,0
P_hpfp,P_rv,p_hpfp
17201.10283070341,55440.45042125532,1889258.8609416161
Q,Q_phc
364539.76449884276,205539.76449884276
qm_cb,qm_phc/qm_t,qm_r,qm_v,qm
0.10895862351703661,0.0016559802152390363,0.14635299598632837,0,0.11061460373227565
number of iterations,15,Execution time: ,6.8231635093688965
