architecture,t_cbt,t_hxt,eta_hpfp,eta_r,p_cbt,qm_cb0,t0,p0,tpr_hx,Q_hx,pcc,v
pump,270,120,0.154,0.71,1330000.0,0.11,25.2,345000.0,0.95,149000.0,True,0
P_hpfp,P_rv,p_hpfp
17436.405309699796,21472.18029263039,1889366.2728247393
Q,Q_phc
403933.23737306107,254933.23737306107
qm_cb,qm_phc/qm_t,qm_r,qm_v,qm,m_z
0.11,0.002046887532323572,0.05662973057943411,0,0.11204688753232357,0.20468875323235722
number of iterations,12,Execution time: ,9.713898658752441
