architecture,t_cbt,t_hxt,eta_hpfp,eta_r,p_cbt,qm_cb0,t0,p0,tpr_hx,Q_hx,pcc,v
pump,270,130,0.154,0.71,1330000.0,0.11,25.2,345000.0,0.95,149000.0,True,0
P_hpfp,P_rv,p_hpfp
17433.37094846302,25280.755529701502,1889366.2728247393
Q,Q_phc
400050.6311825708,251050.63118257083
qm_cb,qm_phc/qm_t,qm_r,qm_v,qm,m_z
0.11,0.0020273996834578797,0.06667753862917443,0,0.11202739968345787,0.20273996834578797
number of iterations,12,Execution time: ,11.27830719947815
