architecture,t_cbt,t_hxt,eta_hpfp,eta_r,p_cbt,qm_cb0,t0,p0,tpr_hx,Q_hx,pcc,v
pump,270,100,0.154,0.71,1330000.0,0.10998,25.2,345000.0,0.95,159000.0,True,0
P_hpfp,P_rv,p_hpfp
17421.894083357678,15334.891402372523,1889258.8609416161
Q,Q_phc
409747.0408804079,250747.0408804079
qm_cb,qm_phc/qm_t,qm_r,qm_v,qm,m_z
0.10998,0.0019812925257859937,0.040442220479149436,0,0.11196129252578599,0.19812925257859962
number of iterations,15,Execution time: ,7.1352927684783936
