architecture,t_cbt,t_hxt,eta_hpfp,eta_r,p_cbt,qm_cb0,t0,p0,tpr_hx,Q_hx,pcc,v
pump,270,180,0.154,0.71,1330000.0,0.11,25.2,345000.0,0.95,149000.0,True,0
P_hpfp,P_rv,p_hpfp
17402.478593218533,56089.85490866822,1889366.2728233607
Q,Q_phc
368487.83429585584,219487.83429585584
qm_cb,qm_phc/qm_t,qm_r,qm_v,qm,m_z
0.11,0.0018291842460054389,0.14791246461635468,0,0.11182918424600544,0.1829184246005439
number of iterations,11,Execution time: ,6.0324273109436035
