architecture,t_cbt,t_hxt,eta_hpfp,eta_r,p_cbt,qm_cb0,t0,p0,tpr_hx,Q_hx,pcc,v
pump,270,160,0.154,0.71,1330000.0,0.10895862351703661,25.2,345000.0,0.95,159000.0,True,0
P_hpfp,P_rv,p_hpfp
17323.17669832178,40601.83425547695,1889258.8609416161
Q,Q_phc
382358.92264864896,223358.92264864896
qm_cb,qm_phc/qm_t,qm_r,qm_v,qm,qm_pot
0.10895862351703661,0.0017747891208107975,0.10718314588029956,0,0.1107334126378474,0.0006662077660668441
number of iterations,15,Execution time: ,6.287197828292847
