architecture,t_cbt,t_hxt,eta_hpfp,eta_r,p_cbt,qm_cb0,t0,p0,tpr_hx,Q_hx,pcc,v
pump,270,160,0.154,0.71,1330000.0,0.10895862351703661,25.2,345000.0,0.95,159000.0,True,0
P_hpfp,P_rv,p_hpfp
17346.77729924023,40657.353033820335,1889258.8609416161
Q,Q_phc
382879.6335192722,223879.6335192722
qm_cb,qm_phc/qm_t,qm_r,qm_v,qm,qm_pot
0.10895862351703661,0.001763177895042664,0.10732959337511039,0,0.11072180141207928,0.0008295866513933272
number of iterations,15,Execution time: ,6.077811241149902
