architecture,t_cbt,t_hxt,eta_hpfp,eta_r,p_cbt,qm_cb0,t0,p0,tpr_hx,Q_hx,pcc,v
pump,270,100,0.154,0.71,1330000.0,0.10895862351703661,25.2,345000.0,0.95,159000.0,True,0
P_hpfp,P_rv,p_hpfp
17320.38670232476,15245.711245058295,1889258.8612891329
Q,Q_phc
407646.92510247073,248646.92510247073
qm_cb,qm_phc/qm_t,qm_r,qm_v,qm,qm_pot
0.10895862351703661,0.0018756835280847304,0.040244590943327,0,0.11083430704512134,0.0005473717351298519
number of iterations,16,Execution time: ,6.753517389297485
