architecture,t_cbt,t_hxt,eta_hpfp,eta_r,p_cbt,qm_cb0,t0,p0,tpr_hx,Q_hx,pcc,v
pump,270,150,0.154,0.71,1330000.0,0.10895862351703661,25.2,345000.0,0.95,159000.0,True,0
P_hpfp,P_rv,p_hpfp
17317.830760858993,34632.891229854424,1889258.8609416161
Q,Q_phc
388197.3398593473,229197.33985934732
qm_cb,qm_phc/qm_t,qm_r,qm_v,qm,qm_pot
0.10895862351703661,0.001809131028739924,0.09142515302202169,0,0.11076775454577653,0.0005974879022680405
number of iterations,15,Execution time: ,5.358484268188477
