architecture,t_cbt,t_hxt,eta_hpfp,eta_r,p_cbt,qm_cb0,t0,p0,tpr_hx,Q_hx,pcc,v
pump,270,170,0.154,0.71,1330000.0,0.10998,25.2,345000.0,0.95,159000.0,True,0
P_hpfp,P_rv,p_hpfp
17392.035118484462,47788.06816446498,1889258.8433249607
Q,Q_phc
376565.34300646937,217565.34300646937
qm_cb,qm_phc/qm_t,qm_r,qm_v,qm,m_z
0.10998,0.0017894089565238247,0.12602239902548087,0,0.11176940895652382,0.178940895652382
number of iterations,12,Execution time: ,5.373495817184448
