architecture,t_cbt,t_hxt,eta_hpfp,eta_r,p_cbt,qm_cb0,t0,p0,tpr_hx,Q_hx,pcc,v
pump,270,160,0.154,0.71,1330000.0,0.10998,25.2,345000.0,0.95,159000.0,True,0
P_hpfp,P_rv,p_hpfp
17399.43534492878,40796.99420953538,1889258.8433249607
Q,Q_phc
383736.97727614606,224736.97727614606
qm_cb,qm_phc/qm_t,qm_r,qm_v,qm,m_z
0.10998,0.0018369662970070672,0.107583181102376,0,0.11181696629700706,0.18369662970070666
number of iterations,12,Execution time: ,5.774521112442017
