architecture,t_cbt,t_hxt,eta_hpfp,eta_r,p_cbt,qm_cb0,t0,p0,tpr_hx,Q_hx,pcc,v
pump,270,160,0.154,0.71,1330000.0,0.11,25.2,345000.0,0.95,149000.0,True,0
P_hpfp,P_rv,p_hpfp
17418.896554592633,40825.716935825716,1889366.2728233607
Q,Q_phc
384152.53015844524,235152.53015844524
qm_cb,qm_phc/qm_t,qm_r,qm_v,qm,m_z
0.11,0.0019345361036629386,0.10766324043144351,0,0.11193453610366294,0.19345361036629385
number of iterations,11,Execution time: ,8.377531051635742
