architecture,t_cbt,t_hxt,eta_hpfp,eta_r,p_cbt,qm_cb0,t0,p0,tpr_hx,Q_hx,pcc,v
pump,270,170,0.154,0.71,1330000.0,0.10895862351703661,25.2,345000.0,0.95,159000.0,True,0
P_hpfp,P_rv,p_hpfp
17352.44623940993,47666.05659510105,1889258.8609416161
Q,Q_phc
376009.34217110777,217009.34217110777
qm_cb,qm_phc/qm_t,qm_r,qm_v,qm,qm_pot
0.10895862351703661,0.001722679773075296,0.12583072603458303,0,0.11068130329011192,0.0009065398528183624
number of iterations,15,Execution time: ,6.212737798690796
