architecture,t_cbt,t_hxt,eta_hpfp,eta_r,p_cbt,qm_cb0,t0,p0,tpr_hx,Q_hx,pcc,v
pump,270,170,0.154,0.71,1330000.0,0.10895862351703661,25.2,345000.0,0.95,159000.0,True,0
P_hpfp,P_rv,p_hpfp
17209.780073336995,47271.316605849264,1889258.8609416161
Q,Q_phc
372920.7609059695,213920.76090596948
qm_cb,qm_phc/qm_t,qm_r,qm_v,qm
0.10895862351703661,0.0017117806929670965,0.12479071133922402,0,0.11067040421000371
number of iterations,15,Execution time: ,6.5458290576934814
