architecture,t_cbt,t_hxt,eta_hpfp,eta_r,p_cbt,qm_cb0,t0,p0,tpr_hx,Q_hx,pcc,v
pump,270,120,0.154,0.71,1330000.0,0.10895862351703661,25.2,345000.0,0.95,159000.0,True,0
P_hpfp,P_rv,p_hpfp
17233.385323869938,21233.3659968676,1889258.8609416161
Q,Q_phc
399535.0546883885,240535.05468838848
qm_cb,qm_phc/qm_t,qm_r,qm_v,qm
0.10895862351703661,0.0018635782526585654,0.05604741916315042,0,0.11082220176969518
number of iterations,15,Execution time: ,6.562702894210815
