architecture,t_cbt,t_hxt,eta_hpfp,eta_r,p_cbt,qm_cb0,t0,p0,tpr_hx,Q_hx,pcc,v
pump,270,150,0.154,0.71,1330000.0,0.10895862351703661,25.2,345000.0,0.95,159000.0,True,0
P_hpfp,P_rv,p_hpfp
17222.365399434533,34440.737351919655,1889258.8609416161
Q,Q_phc
386058.6220831169,227058.6220831169
qm_cb,qm_phc/qm_t,qm_r,qm_v,qm
0.10895862351703661,0.0017927127630106565,0.09091873794560626,0,0.11075133628004727
number of iterations,15,Execution time: ,6.64094352722168
