architecture,t_cbt,t_hxt,eta_hpfp,eta_r,p_cbt,qm_cb0,t0,p0,tpr_hx,Q_hx,pcc,v
pump,270,240,0.154,0.71,1330000.0,0.10998,25.2,345000.0,0.95,159000.0,True,0
P_hpfp,P_rv,p_hpfp
17238.905220229964,167816.96567733304,1889258.8612891329
Q,Q_phc
252800.16703774504,93800.16703774504
qm_cb,qm_phc/qm_t,qm_r,qm_v,qm,m_z
0.10998,0.0008053198695143898,0.442455518587814,0,0.11078531986951438,0.0805319869514387
number of iterations,16,Execution time: ,7.469740152359009
