architecture,t_cbt,t_hxt,eta_hpfp,eta_r,p_cbt,qm_cb0,t0,p0,tpr_hx,Q_hx,pcc,v
pump,270,230,0.154,0.71,1330000.0,0.10895862351703661,25.2,345000.0,0.95,159000.0,True,0
P_hpfp,P_rv,p_hpfp
17385.775839554324,135911.7560957911,1889258.8614256384
Q,Q_phc
288577.41402963153,129577.41402963153
qm_cb,qm_phc/qm_t,qm_r,qm_v,qm,qm_pot
0.10895862351703661,0.0010799802533452531,0.358744362007754,0,0.11003860377038187,0.001763570893901406
number of iterations,18,Execution time: ,7.213213682174683
