architecture,t_cbt,t_hxt,eta_hpfp,eta_r,p_cbt,qm_cb0,t0,p0,tpr_hx,Q_hx,pcc,v
pump,270,240,0.154,0.71,1330000.0,0.10895862351703661,25.2,345000.0,0.95,159000.0,True,0
P_hpfp,P_rv,p_hpfp
17415.94284710471,169521.13387780255,1889258.8614351866
Q,Q_phc
255704.5905413309,96704.5905413309
qm_cb,qm_phc/qm_t,qm_r,qm_v,qm,qm_pot
0.10895862351703661,0.000812026280103574,0.44742573127648233,0,0.10977064979714019,0.002225518913705814
number of iterations,19,Execution time: ,8.18810749053955
