architecture,t_cbt,t_hxt,eta_hpfp,eta_r,p_cbt,qm_cb0,t0,p0,tpr_hx,Q_hx,pcc,v
pump,270,230,0.154,0.71,1330000.0,0.10895862351703661,25.2,345000.0,0.95,159000.0,True,0
P_hpfp,P_rv,p_hpfp
17105.451874419585,133770.36545056055,1889258.861393996
Q,Q_phc
283874.4459348589,124874.44593485887
qm_cb,qm_phc/qm_t,qm_r,qm_v,qm
0.10895862351703661,0.0010408804425569018,0.3530465097696133,0,0.10999950395959351
number of iterations,17,Execution time: ,7.614096641540527
