architecture,t_cbt,t_hxt,eta_hpfp,eta_r,p_cbt,qm_cb0,t0,p0,tpr_hx,Q_hx,pcc,v
pump,270,210,0.154,0.71,1330000.0,0.10895862351703661,25.2,345000.0,0.95,159000.0,True,0
P_hpfp,P_rv,p_hpfp
17159.031383032936,91506.6058582397,1889258.8612891329
Q,Q_phc
327446.396950111,168446.39695011103
qm_cb,qm_phc/qm_t,qm_r,qm_v,qm
0.10895862351703661,0.0013854325673867546,0.24154807559822755,0,0.11034405608442337
number of iterations,16,Execution time: ,6.844003438949585
