architecture,t_cbt,t_hxt,eta_hpfp,eta_r,p_cbt,qm_cb0,t0,p0,tpr_hx,Q_hx,pcc,v
pump,270,250,0.154,0.71,1330000.0,0.11,25.2,345000.0,0.95,149000.0,True,0
P_hpfp,P_rv,p_hpfp
17193.327742493093,214670.6976993828,1889366.2728249193
Q,Q_phc
204804.22499480823,55804.22499480823
qm_cb,qm_phc/qm_t,qm_r,qm_v,qm,m_z
0.11,0.00048718081855258567,0.5660282290190658,0,0.11048718081855259,0.04871808185525857
number of iterations,15,Execution time: ,7.577144622802734
