architecture,t_cbt,t_hxt,eta_hpfp,eta_r,p_cbt,qm_cb0,t0,p0,tpr_hx,Q_hx,pcc,v
pump,270,220,0.154,0.71,1330000.0,0.10895862351703661,25.2,345000.0,0.95,159000.0,True,0
P_hpfp,P_rv,p_hpfp
17371.860625217527,111362.54645741354,1889258.861393996
Q,Q_phc
312786.87137133646,153786.87137133646
qm_cb,qm_phc/qm_t,qm_r,qm_v,qm,qm_pot
0.10895862351703661,0.0012731461439323645,0.29395362195701563,0,0.11023176966096898,0.0014809208693980684
number of iterations,17,Execution time: ,7.099154949188232
