architecture,t_cbt,t_hxt,eta_hpfp,eta_r,p_cbt,qm_cb0,t0,p0,tpr_hx,Q_hx,pcc,v
pump,270,250,0.154,0.71,1330000.0,0.10895862351703661,25.2,345000.0,0.95,159000.0,True,0
P_hpfp,P_rv,p_hpfp
17428.334625976415,217799.7004383797,1889258.8614380676
Q,Q_phc
207728.58027339433,48728.58027339433
qm_cb,qm_phc/qm_t,qm_r,qm_v,qm,qm_pot
0.10895862351703661,0.0004103070398453136,0.5747870770210604,0,0.10936893055688193,0.0027069255850414374
number of iterations,20,Execution time: ,8.064824342727661
