architecture,t_cbt,t_hxt,eta_hpfp,eta_r,p_cbt,qm_cb0,t0,p0,tpr_hx,Q_hx,pcc,v
pump,270,200,0.154,0.71,1330000.0,0.10998,25.2,345000.0,0.95,159000.0,True,0
P_hpfp,P_rv,p_hpfp
17357.12132153909,77779.18888648448,1889258.855973307
Q,Q_phc
345722.33834238857,186722.33834238857
qm_cb,qm_phc/qm_t,qm_r,qm_v,qm,m_z
0.10998,0.001565033447992109,0.20512333696907217,0,0.1115450334479921,0.15650334479921116
number of iterations,13,Execution time: ,5.8027849197387695
