architecture,t_cbt,t_hxt,eta_hpfp,eta_r,p_cbt,qm_cb0,t0,p0,tpr_hx,Q_hx,pcc,v
pump,270,240,0.154,0.71,1330000.0,0.10895862351703661,25.2,345000.0,0.95,159000.0,True,0
P_hpfp,P_rv,p_hpfp
17403.714305940066,169404.29437541924,1889258.8614351866
Q,Q_phc
255522.85934208895,96522.85934208895
qm_cb,qm_phc/qm_t,qm_r,qm_v,qm,qm_pot
0.10895862351703661,0.0008095729255699091,0.44711532428133816,0,0.10976819644260652,0.0021493345641894457
number of iterations,19,Execution time: ,8.03175139427185
