architecture,t_cbt,t_hxt,eta_hpfp,eta_r,p_cbt,qm_cb0,t0,p0,tpr_hx,Q_hx,pcc,v
pump,280,160,0.154,0.71,1330000.0,0.11,25.2,345000.0,0.95,149000.0,True,0
P_hpfp,P_rv,p_hpfp
17443.67355797152,39332.80464022853,1889366.2728233607
Q,Q_phc
403158.6738205674,254158.67382056738
qm_cb,qm_phc/qm_t,qm_r,qm_v,qm,m_z
0.11,0.002093688446449451,0.10005119083507186,0,0.11209368844644946,0.2093688446449451
number of iterations,11,Execution time: ,4.845081090927124
