architecture,t_cbt,t_hxt,eta_hpfp,eta_r,p_cbt,qm_cb0,t0,p0,tpr_hx,Q_hx,pcc,v
pump,280,110,0.154,0.71,1330000.0,0.1088190785213669,25.2,345000.0,0.95,159000.0,True,0
P_hpfp,P_rv,p_hpfp
17234.30493691225,17642.20065108352,1889258.8612891329
Q,Q_phc
419866.52684226993,260866.52684226993
qm_cb,qm_phc/qm_t,qm_r,qm_v,qm
0.1088190785213669,0.002009036894001351,0.04491358362278792,0,0.11082811541536824
number of iterations,16,Execution time: ,7.0856335163116455
