architecture,t_cbt,t_hxt,eta_hpfp,eta_r,p_cbt,qm_cb0,t0,p0,tpr_hx,Q_hx,pcc,v
pump,280,120,0.154,0.71,1330000.0,0.1088190785213669,25.2,345000.0,0.95,159000.0,True,0
P_hpfp,P_rv,p_hpfp
17232.321613969136,20778.602449465925,1889258.8609416161
Q,Q_phc
416679.77689668216,257679.77689668216
qm_cb,qm_phc/qm_t,qm_r,qm_v,qm
0.1088190785213669,0.001996282881735423,0.05289301536395641,0,0.11081536140310232
number of iterations,15,Execution time: ,6.561083555221558
