architecture,t_cbt,t_hxt,eta_hpfp,eta_r,p_cbt,qm_cb0,t0,p0,tpr_hx,Q_hx,pcc,v
pump,280,160,0.154,0.71,1330000.0,0.10998,25.2,345000.0,0.95,159000.0,True,0
P_hpfp,P_rv,p_hpfp
17424.034793090737,39304.17850123754,1889258.8433249607
Q,Q_phc
402720.86596581165,243720.86596581165
qm_cb,qm_phc/qm_t,qm_r,qm_v,qm,m_z
0.10998,0.0019950539367218773,0.09997234349280432,0,0.11197505393672187,0.19950539367218803
number of iterations,12,Execution time: ,5.653141021728516
