architecture,t_cbt,t_hxt,eta_hpfp,eta_r,p_cbt,qm_cb0,t0,p0,tpr_hx,Q_hx,pcc,v
pump,280,140,0.154,0.71,1330000.0,0.1088190785213669,25.2,345000.0,0.95,159000.0,True,0
P_hpfp,P_rv,p_hpfp
17336.678451310203,28715.858275927174,1889258.8609416161
Q,Q_phc
411391.71564536786,252391.71564536786
qm_cb,qm_phc/qm_t,qm_r,qm_v,qm,qm_pot
0.1088190785213669,0.001958166037845814,0.07310358105068009,0,0.1107772445592127,0.0007092011530090911
number of iterations,15,Execution time: ,6.064117431640625
