architecture,t_cbt,t_hxt,eta_hpfp,eta_r,p_cbt,qm_cb0,t0,p0,tpr_hx,Q_hx,pcc,v
pump,280,170,0.154,0.71,1330000.0,0.11,25.2,345000.0,0.95,149000.0,True,0
P_hpfp,P_rv,p_hpfp
17437.258821671523,45800.49290440535,1889366.2728233607
Q,Q_phc
396528.2637455352,247528.26374553522
qm_cb,qm_phc/qm_t,qm_r,qm_v,qm,m_z
0.11,0.0020525012862337875,0.11650509825730002,0,0.11205250128623379,0.20525012862337874
number of iterations,11,Execution time: ,4.920182228088379
