architecture,t_cbt,t_hxt,eta_hpfp,eta_r,p_cbt,qm_cb0,t0,p0,tpr_hx,Q_hx,pcc,v
pump,280,110,0.154,0.71,1330000.0,0.10998,25.2,345000.0,0.95,159000.0,True,0
P_hpfp,P_rv,p_hpfp
17442.106182387164,17860.829359246454,1889258.8597899457
Q,Q_phc
424622.64655919455,265622.64655919455
qm_cb,qm_phc/qm_t,qm_r,qm_v,qm,m_z
0.10998,0.002111185263773366,0.04542787087875448,0,0.11209118526377336,0.2111185263773372
number of iterations,14,Execution time: ,6.226243495941162
