architecture,t_cbt,t_hxt,eta_hpfp,eta_r,p_cbt,qm_cb0,t0,p0,tpr_hx,Q_hx,pcc,v
pump,280,170,0.154,0.71,1330000.0,0.10998,25.2,345000.0,0.95,159000.0,True,0
P_hpfp,P_rv,p_hpfp
17417.52368955144,45762.72098456796,1889258.8433249607
Q,Q_phc
396097.1452751565,237097.14527515648
qm_cb,qm_phc/qm_t,qm_r,qm_v,qm,m_z
0.10998,0.001953210518784637,0.11640497763761537,0,0.11193321051878463,0.19532105187846405
number of iterations,12,Execution time: ,5.26123833656311
