architecture,t_cbt,t_hxt,eta_hpfp,eta_r,p_cbt,qm_cb0,t0,p0,tpr_hx,Q_hx,pcc,v
pump,280,100,0.154,0.71,1330000.0,0.1088190785213669,25.2,345000.0,0.95,159000.0,True,0
P_hpfp,P_rv,p_hpfp
17235.83887024445,14928.089739161114,1889258.8612891329
Q,Q_phc
422619.5780667078,263619.5780667078
qm_cb,qm_phc/qm_t,qm_r,qm_v,qm
0.1088190785213669,0.0020189011119667866,0.03800175376107425,0,0.11083797963333368
number of iterations,16,Execution time: ,7.1085240840911865
