architecture,t_cbt,t_hxt,eta_hpfp,eta_r,p_cbt,qm_cb0,t0,p0,tpr_hx,Q_hx,pcc,v
pump,280,140,0.154,0.71,1330000.0,0.1088190785213669,25.2,345000.0,0.95,159000.0,True,0
P_hpfp,P_rv,p_hpfp
17311.135817644423,28673.380485078964,1889258.8609416161
Q,Q_phc
410785.7701199633,251785.77011996327
qm_cb,qm_phc/qm_t,qm_r,qm_v,qm,qm_pot
0.1088190785213669,0.001974951497847492,0.07299554139635633,0,0.11079403001921438,0.000528159463100124
number of iterations,15,Execution time: ,6.167907238006592
