architecture,t_cbt,t_hxt,eta_hpfp,eta_r,p_cbt,qm_cb0,t0,p0,tpr_hx,Q_hx,pcc,v
pump,280,120,0.154,0.71,1330000.0,0.10998,25.2,345000.0,0.95,159000.0,True,0
P_hpfp,P_rv,p_hpfp
17439.899422503535,21023.64404555511,1889258.8597899457
Q,Q_phc
421403.84925395134,262403.84925395134
qm_cb,qm_phc/qm_t,qm_r,qm_v,qm,m_z
0.10998,0.002097003585920826,0.0534766599017048,0,0.11207700358592082,0.2097003585920832
number of iterations,14,Execution time: ,6.666798114776611
