architecture,t_cbt,t_hxt,eta_hpfp,eta_r,p_cbt,qm_cb0,t0,p0,tpr_hx,Q_hx,pcc,v
pump,280,100,0.154,0.71,1330000.0,0.11,25.2,345000.0,0.95,149000.0,True,0
P_hpfp,P_rv,p_hpfp
17462.792015218718,15123.0690376455,1889366.2728247393
Q,Q_phc
427853.38492576627,278853.38492576627
qm_cb,qm_phc/qm_t,qm_r,qm_v,qm,m_z
0.11,0.0022164205103981467,0.0384635779665683,0,0.11221642051039815,0.22164205103981466
number of iterations,12,Execution time: ,6.508368015289307
