architecture,t_cbt,t_hxt,eta_hpfp,eta_r,p_cbt,qm_cb0,t0,p0,tpr_hx,Q_hx,pcc,v
pump,280,120,0.154,0.71,1330000.0,0.1088190785213669,25.2,345000.0,0.95,159000.0,True,0
P_hpfp,P_rv,p_hpfp
17302.461592502204,20863.598138535046,1889258.8609416161
Q,Q_phc
418375.34926012537,259375.34926012537
qm_cb,qm_phc/qm_t,qm_r,qm_v,qm,qm_pot
0.1088190785213669,0.0020089606040750597,0.05310914086750353,0,0.11082803912544195,0.00043836928363355325
number of iterations,15,Execution time: ,6.480279445648193
