architecture,t_cbt,t_hxt,eta_hpfp,eta_r,p_cbt,qm_cb0,t0,p0,tpr_hx,Q_hx,pcc,v
pump,280,150,0.154,0.71,1330000.0,0.10998,25.2,345000.0,0.95,159000.0,True,0
P_hpfp,P_rv,p_hpfp
17429.32901059037,33727.02602336979,1889258.8433249607
Q,Q_phc
408432.32583880814,249432.32583880814
qm_cb,qm_phc/qm_t,qm_r,qm_v,qm,m_z
0.10998,0.0020290770718403295,0.0857809614877897,0,0.11200907707184032,0.20290770718403286
number of iterations,12,Execution time: ,5.570515871047974
