architecture,t_cbt,t_hxt,eta_hpfp,eta_r,p_cbt,qm_cb0,t0,p0,tpr_hx,Q_hx,pcc,v
pump,280,110,0.154,0.71,1330000.0,0.1088190785213669,25.2,345000.0,0.95,159000.0,True,0
P_hpfp,P_rv,p_hpfp
17323.63071146272,17734.04494380983,1889258.8612891329
Q,Q_phc
422042.2997292903,263042.2997292903
qm_cb,qm_phc/qm_t,qm_r,qm_v,qm,qm_pot
0.1088190785213669,0.001996990140337381,0.045147169195244335,0,0.11081606866170428,0.0005864712684724197
number of iterations,16,Execution time: ,7.07486891746521
