architecture,t_cbt,t_hxt,eta_hpfp,eta_r,p_cbt,qm_cb0,t0,p0,tpr_hx,Q_hx,pcc,v
pump,280,160,0.154,0.71,1330000.0,0.1088190785213669,25.2,345000.0,0.95,159000.0,True,0
P_hpfp,P_rv,p_hpfp
17347.008736554184,39140.208836032136,1889258.8597899457
Q,Q_phc
401229.61002271384,242229.61002271384
qm_cb,qm_phc/qm_t,qm_r,qm_v,qm,qm_pot
0.1088190785213669,0.0019091679020336932,0.09963015953600624,0,0.11072824642340058,0.000824630209331983
number of iterations,14,Execution time: ,5.893214464187622
