architecture,t_cbt,t_hxt,eta_hpfp,eta_r,p_cbt,qm_cb0,t0,p0,tpr_hx,Q_hx,pcc,v
pump,280,180,0.154,0.71,1330000.0,0.11,25.2,345000.0,0.95,149000.0,True,0
P_hpfp,P_rv,p_hpfp
17429.332825367754,53334.849911471785,1889366.2728233607
Q,Q_phc
388792.8489847179,239792.84898471792
qm_cb,qm_phc/qm_t,qm_r,qm_v,qm,m_z
0.11,0.002001619715699043,0.13567035391700902,0,0.11200161971569904,0.2001619715699043
number of iterations,11,Execution time: ,4.913663387298584
