architecture,t_cbt,t_hxt,eta_hpfp,eta_r,p_cbt,qm_cb0,t0,p0,tpr_hx,Q_hx,pcc,v
pump,280,170,0.154,0.71,1330000.0,0.1088190785213669,25.2,345000.0,0.95,159000.0,True,0
P_hpfp,P_rv,p_hpfp
17211.6285866097,45235.21092755945,1889258.8597899457
Q,Q_phc
391697.85794082686,232697.85794082686
qm_cb,qm_phc/qm_t,qm_r,qm_v,qm
0.1088190785213669,0.0018632131364786642,0.11514760905196207,0,0.11068229165784556
number of iterations,14,Execution time: ,5.99994158744812
