architecture,t_cbt,t_hxt,eta_hpfp,eta_r,p_cbt,qm_cb0,t0,p0,tpr_hx,Q_hx,pcc,v
pump,280,190,0.154,0.71,1330000.0,0.1088190785213669,25.2,345000.0,0.95,159000.0,True,0
P_hpfp,P_rv,p_hpfp
17194.731156116497,61426.09876534664,1889258.8597899457
Q,Q_phc
375078.01324261044,216078.01324261044
qm_cb,qm_phc/qm_t,qm_r,qm_v,qm
0.1088190785213669,0.001754551348856076,0.15635588354531532,0,0.11057362987022297
number of iterations,14,Execution time: ,6.647062540054321
