architecture,t_cbt,t_hxt,eta_hpfp,eta_r,p_cbt,qm_cb0,t0,p0,tpr_hx,Q_hx,pcc,v
pump,280,110,0.154,0.71,1330000.0,0.1088190785213669,25.2,345000.0,0.95,159000.0,True,0
P_hpfp,P_rv,p_hpfp
17298.632239851206,17708.338988368403,1889258.8612891329
Q,Q_phc
421433.39642465016,262433.39642465016
qm_cb,qm_phc/qm_t,qm_r,qm_v,qm,qm_pot
0.1088190785213669,0.002020661092767972,0.04508179354229283,0,0.11083973961413486,0.0004020434124643121
number of iterations,16,Execution time: ,6.698982238769531
