architecture,t_cbt,t_hxt,eta_hpfp,eta_r,p_cbt,qm_cb0,t0,p0,tpr_hx,Q_hx,pcc,v
pump,280,150,0.154,0.71,1330000.0,0.1088190785213669,25.2,345000.0,0.95,159000.0,True,0
P_hpfp,P_rv,p_hpfp
17316.031857142974,33494.59161075608,1889258.8609416161
Q,Q_phc
406088.849473087,247088.849473087
qm_cb,qm_phc/qm_t,qm_r,qm_v,qm,qm_pot
0.1088190785213669,0.0019510091269796517,0.08527167247525942,0,0.11077008764834655,0.0005835866448152684
number of iterations,15,Execution time: ,6.007021903991699
