architecture,t_cbt,t_hxt,eta_hpfp,eta_r,p_cbt,qm_cb0,t0,p0,tpr_hx,Q_hx,pcc,v
pump,280,120,0.154,0.71,1330000.0,0.11,25.2,345000.0,0.95,149000.0,True,0
P_hpfp,P_rv,p_hpfp
17459.059583763476,21052.39481139859,1889366.2728233607
Q,Q_phc
421829.3790351537,272829.3790351537
qm_cb,qm_phc/qm_t,qm_r,qm_v,qm,m_z
0.11,0.002192487113241546,0.05353902481522047,0,0.11219248711324155,0.21924871132415458
number of iterations,11,Execution time: ,6.056262969970703
