architecture,t_cbt,t_hxt,eta_hpfp,eta_r,p_cbt,qm_cb0,t0,p0,tpr_hx,Q_hx,pcc,v
pump,280,180,0.154,0.71,1330000.0,0.1088190785213669,25.2,345000.0,0.95,159000.0,True,0
P_hpfp,P_rv,p_hpfp
17358.743201833408,53156.05226361623,1889258.8597899457
Q,Q_phc
387511.65682092565,228511.65682092565
qm_cb,qm_phc/qm_t,qm_r,qm_v,qm,qm_pot
0.1088190785213669,0.001830687301694434,0.13530646306722727,0,0.11064976582306132,0.0009785712753644339
number of iterations,14,Execution time: ,5.817350625991821
