architecture,t_cbt,t_hxt,eta_hpfp,eta_r,p_cbt,qm_cb0,t0,p0,tpr_hx,Q_hx,pcc,v
pump,280,130,0.154,0.71,1330000.0,0.1088190785213669,25.2,345000.0,0.95,159000.0,True,0
P_hpfp,P_rv,p_hpfp
17229.80638515428,24382.34539472264,1889258.8609416161
Q,Q_phc
413012.18254790135,254012.18254790135
qm_cb,qm_phc/qm_t,qm_r,qm_v,qm
0.1088190785213669,0.0019801082770377065,0.062069543783090764,0,0.1107991867984046
number of iterations,15,Execution time: ,6.479640245437622
