architecture,t_cbt,t_hxt,eta_hpfp,eta_r,p_cbt,qm_cb0,t0,p0,tpr_hx,Q_hx,pcc,v
pump,280,140,0.154,0.71,1330000.0,0.11,25.2,345000.0,0.95,149000.0,True,0
P_hpfp,P_rv,p_hpfp
17453.045927752737,28905.78499211608,1889366.2728233607
Q,Q_phc
413823.4411969544,264823.4411969544
qm_cb,qm_phc/qm_t,qm_r,qm_v,qm,m_z
0.11,0.0021538724911550075,0.07352177289597016,0,0.11215387249115501,0.21538724911550075
number of iterations,11,Execution time: ,5.392974138259888
