architecture,t_cbt,t_hxt,eta_hpfp,eta_r,p_cbt,qm_cb0,t0,p0,tpr_hx,Q_hx,pcc,v
pump,280,160,0.154,0.71,1330000.0,0.1088190785213669,25.2,345000.0,0.95,159000.0,True,0
P_hpfp,P_rv,p_hpfp
17321.362632458662,39082.09701798201,1889258.8597899457
Q,Q_phc
400636.671830558,241636.67183055799
qm_cb,qm_phc/qm_t,qm_r,qm_v,qm,qm_pot
0.1088190785213669,0.0019209448712619779,0.0994823734857171,0,0.11074002339262887,0.0006479316256786474
number of iterations,14,Execution time: ,5.848825454711914
