architecture,t_cbt,t_hxt,eta_hpfp,eta_r,p_cbt,qm_cb0,t0,p0,tpr_hx,Q_hx,pcc,v
pump,280,130,0.154,0.71,1330000.0,0.10998,25.2,345000.0,0.95,159000.0,True,0
P_hpfp,P_rv,p_hpfp
17437.109660092196,24679.656947819843,1889258.855973307
Q,Q_phc
417677.06745785923,258677.06745785923
qm_cb,qm_phc/qm_t,qm_r,qm_v,qm,m_z
0.10998,0.002079076170519112,0.06277123430254007,0,0.1120590761705191,0.20790761705191071
number of iterations,13,Execution time: ,6.328482627868652
