architecture,t_cbt,t_hxt,eta_hpfp,eta_r,p_cbt,qm_cb0,t0,p0,tpr_hx,Q_hx,pcc,v
pump,280,170,0.154,0.71,1330000.0,0.1088190785213669,25.2,345000.0,0.95,159000.0,True,0
P_hpfp,P_rv,p_hpfp
17352.680563109105,45608.68149104853,1889258.8597899457
Q,Q_phc
394905.1219168794,235905.12191687938
qm_cb,qm_phc/qm_t,qm_r,qm_v,qm,qm_pot
0.1088190785213669,0.001874461461725104,0.11609637192517268,0,0.110693539983092,0.0008958102905761361
number of iterations,14,Execution time: ,5.95286226272583
