architecture,t_cbt,t_hxt,eta_hpfp,eta_r,p_cbt,qm_cb0,t0,p0,tpr_hx,Q_hx,pcc,v
pump,280,140,0.154,0.71,1330000.0,0.1088190785213669,25.2,345000.0,0.95,159000.0,True,0
P_hpfp,P_rv,p_hpfp
17226.63588857423,28532.68398142639,1889258.8609416161
Q,Q_phc
408781.3579810319,249781.35798103188
qm_cb,qm_phc/qm_t,qm_r,qm_v,qm
0.1088190785213669,0.0019597198620454614,0.0726378322565061,0,0.11077879838341236
number of iterations,15,Execution time: ,6.391989707946777
