architecture,t_cbt,t_hxt,eta_hpfp,eta_r,p_cbt,qm_cb0,t0,p0,tpr_hx,Q_hx,pcc,v
pump,280,190,0.154,0.71,1330000.0,0.1088190785213669,25.2,345000.0,0.95,159000.0,True,0
P_hpfp,P_rv,p_hpfp
17365.222584388834,62008.297371659784,1889258.8609416161
Q,Q_phc
378823.8956970806,219823.8956970806
qm_cb,qm_phc/qm_t,qm_r,qm_v,qm,qm_pot
0.1088190785213669,0.001775784234924425,0.15786187457071094,0,0.11059486275629132,0.0010751408359367571
number of iterations,15,Execution time: ,6.399625539779663
