architecture,t_cbt,t_hxt,eta_hpfp,eta_r,p_cbt,qm_cb0,t0,p0,tpr_hx,Q_hx,pcc,v
pump,280,230,0.154,0.71,1330000.0,0.11,25.2,345000.0,0.95,149000.0,True,0
P_hpfp,P_rv,p_hpfp
17346.785509526624,120550.19068337684,1889366.2728247393
Q,Q_phc
319483.54080568,170483.54080567998
qm_cb,qm_phc/qm_t,qm_r,qm_v,qm,m_z
0.11,0.001472061969023078,0.30657524725026547,0,0.11147206196902308,0.1472061969023078
number of iterations,12,Execution time: ,5.757514953613281
