architecture,t_cbt,t_hxt,eta_hpfp,eta_r,p_cbt,qm_cb0,t0,p0,tpr_hx,Q_hx,pcc,v
pump,280,250,0.154,0.71,1330000.0,0.1088190785213669,25.2,345000.0,0.95,159000.0,True,0
P_hpfp,P_rv,p_hpfp
17048.202507686037,177834.6663461265,1889258.8614256384
Q,Q_phc
254949.6791929805,95949.67919298049
qm_cb,qm_phc/qm_t,qm_r,qm_v,qm
0.1088190785213669,0.0008122736866831015,0.45265052154598073,0,0.10963135220805
number of iterations,18,Execution time: ,7.9580559730529785
