architecture,t_cbt,t_hxt,eta_hpfp,eta_r,p_cbt,qm_cb0,t0,p0,tpr_hx,Q_hx,pcc,v
pump,280,210,0.154,0.71,1330000.0,0.1088190785213669,25.2,345000.0,0.95,159000.0,True,0
P_hpfp,P_rv,p_hpfp
17168.448573792597,84320.37915847803,1889258.8609416161
Q,Q_phc
351516.52414599224,192516.52414599224
qm_cb,qm_phc/qm_t,qm_r,qm_v,qm
0.1088190785213669,0.001585536483795627,0.2146440128684233,0,0.11040461500516252
number of iterations,15,Execution time: ,6.308675765991211
