architecture,t_cbt,t_hxt,eta_hpfp,eta_r,p_cbt,qm_cb0,t0,p0,tpr_hx,Q_hx,pcc,v
pump,280,240,0.154,0.71,1330000.0,0.11,25.2,345000.0,0.95,149000.0,True,0
P_hpfp,P_rv,p_hpfp
17312.915701553058,145870.38040536846,1889366.2728248988
Q,Q_phc
293304.1799141226,144304.17991412262
qm_cb,qm_phc/qm_t,qm_r,qm_v,qm,m_z
0.11,0.0012545450924893275,0.3709919191416409,0,0.11125454509248933,0.12545450924893276
number of iterations,13,Execution time: ,6.125377178192139
