architecture,t_cbt,t_hxt,eta_hpfp,eta_r,p_cbt,qm_cb0,t0,p0,tpr_hx,Q_hx,pcc,v
pump,280,220,0.154,0.71,1330000.0,0.10998,25.2,345000.0,0.95,159000.0,True,0
P_hpfp,P_rv,p_hpfp
17352.369121828433,100863.94849566912,1889258.855973307
Q,Q_phc
339343.01900296233,180343.01900296233
qm_cb,qm_phc/qm_t,qm_r,qm_v,qm,m_z
0.10998,0.0015344935752875932,0.25654292131265494,0,0.11151449357528759,0.15344935752875907
number of iterations,13,Execution time: ,6.054799318313599
