architecture,t_cbt,t_hxt,eta_hpfp,eta_r,p_cbt,qm_cb0,t0,p0,tpr_hx,Q_hx,pcc,v
pump,280,220,0.154,0.71,1330000.0,0.1088190785213669,25.2,345000.0,0.95,159000.0,True,0
P_hpfp,P_rv,p_hpfp
17388.609404162133,101078.58813230449,1889258.8612891329
Q,Q_phc
340347.3005903623,181347.30059036228
qm_cb,qm_phc/qm_t,qm_r,qm_v,qm,qm_pot
0.1088190785213669,0.0015021924381193729,0.25730874600160514,0,0.11032127095948627,0.0014991254540468464
number of iterations,16,Execution time: ,6.734451532363892
