architecture,t_cbt,t_hxt,eta_hpfp,eta_r,p_cbt,qm_cb0,t0,p0,tpr_hx,Q_hx,pcc,v
pump,280,200,0.154,0.71,1330000.0,0.1088190785213669,25.2,345000.0,0.95,159000.0,True,0
P_hpfp,P_rv,p_hpfp
17372.276898722474,72582.85439780106,1889258.8609416161
Q,Q_phc
368428.418947232,209428.418947232
qm_cb,qm_phc/qm_t,qm_r,qm_v,qm,qm_pot
0.1088190785213669,0.0017059691485050783,0.18477361784987553,0,0.11052504766987198,0.0011903198849054146
number of iterations,15,Execution time: ,6.708393812179565
