architecture,t_cbt,t_hxt,eta_hpfp,eta_r,p_cbt,qm_cb0,t0,p0,tpr_hx,Q_hx,pcc,v
pump,280,220,0.154,0.71,1330000.0,0.1088190785213669,25.2,345000.0,0.95,159000.0,True,0
P_hpfp,P_rv,p_hpfp
17149.68729430289,99731.78475678673,1889258.8609416161
Q,Q_phc
335628.8461623438,176628.8461623438
qm_cb,qm_phc/qm_t,qm_r,qm_v,qm
0.1088190785213669,0.001464888899934902,0.2538423317038251,0,0.1102839674213018
number of iterations,15,Execution time: ,7.0995283126831055
