architecture,t_cbt,t_hxt,eta_hpfp,eta_r,p_cbt,qm_cb0,t0,p0,tpr_hx,Q_hx,pcc,v
pump,280,260,0.154,0.71,1330000.0,0.11,25.2,345000.0,0.95,149000.0,True,0
P_hpfp,P_rv,p_hpfp
17197.795340695237,228618.15705407673,1889366.2728249172
Q,Q_phc
207636.15951584285,58636.15951584285
qm_cb,qm_phc/qm_t,qm_r,qm_v,qm,m_z
0.11,0.0005168178013216301,0.5812916352450764,0,0.11051681780132164,0.051681780132163006
number of iterations,14,Execution time: ,6.711767196655273
