architecture,t_cbt,t_hxt,eta_hpfp,eta_r,p_cbt,qm_cb0,t0,p0,tpr_hx,Q_hx,pcc,v
pump,280,240,0.154,0.71,1330000.0,0.10998,25.2,345000.0,0.95,159000.0,True,0
P_hpfp,P_rv,p_hpfp
17293.25325638698,145734.09053642882,1889258.8609416161
Q,Q_phc
292973.17974932527,133973.17974932527
qm_cb,qm_phc/qm_t,qm_r,qm_v,qm,m_z
0.10998,0.00115458601555736,0.3706572574711249,0,0.11113458601555735,0.11545860155573533
number of iterations,15,Execution time: ,7.004913568496704
