architecture,t_cbt,t_hxt,eta_hpfp,eta_r,p_cbt,qm_cb0,t0,p0,tpr_hx,Q_hx,pcc,v
pump,280,230,0.154,0.71,1330000.0,0.10998,25.2,345000.0,0.95,159000.0,True,0
P_hpfp,P_rv,p_hpfp
17327.017038281527,120406.26125621346,1889258.8597899457
Q,Q_phc
319157.55324107624,160157.55324107624
qm_cb,qm_phc/qm_t,qm_r,qm_v,qm,m_z
0.10998,0.0013715682451118927,0.30624983959982693,0,0.11135156824511189,0.13715682451118902
number of iterations,14,Execution time: ,6.4246580600738525
