architecture,t_cbt,t_hxt,eta_hpfp,eta_r,p_cbt,qm_cb0,t0,p0,tpr_hx,Q_hx,pcc,v
pump,280,210,0.154,0.71,1330000.0,0.1088190785213669,25.2,345000.0,0.95,159000.0,True,0
P_hpfp,P_rv,p_hpfp
17356.603406161055,85256.3202816575,1889258.8609416161
Q,Q_phc
355357.06699739967,196357.06699739967
qm_cb,qm_phc/qm_t,qm_r,qm_v,qm,qm_pot
0.1088190785213669,0.0016166103585517613,0.2170173430821935,0,0.11043568887991866,0.001178887627572651
number of iterations,15,Execution time: ,6.101377487182617
