architecture,t_cbt,t_hxt,eta_hpfp,eta_r,p_cbt,qm_cb0,t0,p0,tpr_hx,Q_hx,pcc,v
pump,280,260,0.154,0.71,1330000.0,0.1088190785213669,25.2,345000.0,0.95,159000.0,True,0
P_hpfp,P_rv,p_hpfp
16982.76378707244,225970.04780364656,1889258.8614256384
Q,Q_phc
205153.07545346886,46153.07545346886
qm_cb,qm_phc/qm_t,qm_r,qm_v,qm
0.1088190785213669,0.00039145891607024474,0.5749940562818836,0,0.10921053743743714
number of iterations,18,Execution time: ,7.50564432144165
