architecture,t_cbt,t_hxt,eta_hpfp,eta_r,p_cbt,qm_cb0,t0,p0,tpr_hx,Q_hx,pcc,v
pump,280,250,0.154,0.71,1330000.0,0.1088190785213669,25.2,345000.0,0.95,159000.0,True,0
P_hpfp,P_rv,p_hpfp
17411.004158551877,181713.732872587,1889258.8614256384
Q,Q_phc
260280.6672138949,101280.66721389489
qm_cb,qm_phc/qm_t,qm_r,qm_v,qm,qm_pot
0.1088190785213669,0.0008568734501650213,0.4624491978533287,0,0.10967595197153192,0.0022884576688076866
number of iterations,18,Execution time: ,7.950665712356567
