architecture,t_cbt,t_hxt,eta_hpfp,eta_r,p_cbt,qm_cb0,t0,p0,tpr_hx,Q_hx,pcc,v
pump,280,200,0.154,0.71,1330000.0,0.1088190785213669,25.2,345000.0,0.95,159000.0,True,0
P_hpfp,P_rv,p_hpfp
17183.129565554344,71785.47501374497,1889258.8609416161
Q,Q_phc
364424.118808414,205424.11880841397
qm_cb,qm_phc/qm_t,qm_r,qm_v,qm
0.1088190785213669,0.0016799450866686744,0.18274915418293158,0,0.11049902360803557
number of iterations,15,Execution time: ,6.632551670074463
