architecture,t_cbt,t_hxt,eta_hpfp,eta_r,p_cbt,qm_cb0,t0,p0,tpr_hx,Q_hx,pcc,v
pump,280,230,0.154,0.71,1330000.0,0.1088190785213669,25.2,345000.0,0.95,159000.0,True,0
P_hpfp,P_rv,p_hpfp
17125.412748439663,119048.30495806434,1889258.8612891329
Q,Q_phc
315696.09389035666,156696.09389035666
qm_cb,qm_phc/qm_t,qm_r,qm_v,qm
0.1088190785213669,0.0013087872421558566,0.3030233368451324,0,0.11012786576352275
number of iterations,16,Execution time: ,6.9093897342681885
