architecture,t_cbt,t_hxt,eta_hpfp,eta_r,p_cbt,qm_cb0,t0,p0,tpr_hx,Q_hx,pcc,v
pump,280,250,0.154,0.71,1330000.0,0.11,25.2,345000.0,0.95,149000.0,True,0
P_hpfp,P_rv,p_hpfp
17265.708519927768,180152.31279229088,1889366.2728248988
Q,Q_phc
257824.74887407903,108824.74887407903
qm_cb,qm_phc/qm_t,qm_r,qm_v,qm,m_z
0.11,0.0009526229306437254,0.4580123563656215,0,0.11095262293064373,0.09526229306437253
number of iterations,13,Execution time: ,6.310187816619873
