architecture,t_cbt,t_hxt,eta_hpfp,eta_r,p_cbt,qm_cb0,t0,p0,tpr_hx,Q_hx,pcc,v
pump,280,220,0.154,0.71,1330000.0,0.11,25.2,345000.0,0.95,149000.0,True,0
P_hpfp,P_rv,p_hpfp
17372.34270421356,100937.92129733945,1889366.2728247393
Q,Q_phc
339744.11634263553,190744.11634263553
qm_cb,qm_phc/qm_t,qm_r,qm_v,qm,m_z
0.11,0.0016357951121417002,0.2567477301744498,0,0.1116357951121417,0.16357951121417003
number of iterations,12,Execution time: ,5.834616661071777
