architecture,t_cbt,t_hxt,eta_hpfp,eta_r,p_cbt,qm_cb0,t0,p0,tpr_hx,Q_hx,pcc,v
pump,290,160,0.154,0.71,1330000.0,0.11,25.2,345000.0,0.95,149000.0,True,0
P_hpfp,P_rv,p_hpfp
17468.078839127294,38080.174239922766,1889366.2728114282
Q,Q_phc
421860.02799576044,272860.02799576044
qm_cb,qm_phc/qm_t,qm_r,qm_v,qm,m_z
0.11,0.0022505646198902507,0.09352754646449474,0,0.11225056461989025,0.22505646198902507
number of iterations,10,Execution time: ,4.636157035827637
