architecture,t_cbt,t_hxt,eta_hpfp,eta_r,p_cbt,qm_cb0,t0,p0,tpr_hx,Q_hx,pcc,v
pump,290,180,0.154,0.71,1330000.0,0.10868072680881756,25.2,345000.0,0.95,159000.0,True,0
P_hpfp,P_rv,p_hpfp
17331.542376580845,50709.63576127218,1889258.8597899457
Q,Q_phc
405977.7101540344,246977.71015403437
qm_cb,qm_phc/qm_t,qm_r,qm_v,qm,qm_pot
0.10868072680881756,0.001992122367125185,0.12465027512342441,0,0.11067284917594275,0.0007805684104340346
number of iterations,14,Execution time: ,6.0167622566223145
