architecture,t_cbt,t_hxt,eta_hpfp,eta_r,p_cbt,qm_cb0,t0,p0,tpr_hx,Q_hx,pcc,v
pump,290,150,0.154,0.71,1330000.0,0.10868072680881756,25.2,345000.0,0.95,159000.0,True,0
P_hpfp,P_rv,p_hpfp
17314.38609241175,32525.5730950938,1889258.8597899457
Q,Q_phc
423709.7035402425,264709.7035402425
qm_cb,qm_phc/qm_t,qm_r,qm_v,qm,qm_pot
0.10868072680881756,0.0020906038138900824,0.07994706065609758,0,0.11077133062270764,0.0005717605736582586
number of iterations,14,Execution time: ,5.695112228393555
