architecture,t_cbt,t_hxt,eta_hpfp,eta_r,p_cbt,qm_cb0,t0,p0,tpr_hx,Q_hx,pcc,v
pump,290,100,0.154,0.71,1330000.0,0.10868072680881756,25.2,345000.0,0.95,159000.0,True,0
P_hpfp,P_rv,p_hpfp
17293.093498288603,14761.714373750165,1889258.8612891329
Q,Q_phc
440912.4994232772,281912.4994232772
qm_cb,qm_phc/qm_t,qm_r,qm_v,qm,qm_pot
0.10868072680881756,0.00215776967081257,0.03628558372739779,0,0.11083849647963014,0.00036766873172188526
number of iterations,16,Execution time: ,6.8520050048828125
