architecture,t_cbt,t_hxt,eta_hpfp,eta_r,p_cbt,qm_cb0,t0,p0,tpr_hx,Q_hx,pcc,v
pump,290,110,0.154,0.71,1330000.0,0.11,25.2,345000.0,0.95,149000.0,True,0
P_hpfp,P_rv,p_hpfp
17483.408365047013,17594.99195878096,1889366.2728247393
Q,Q_phc
442748.8416492246,293748.8416492246
qm_cb,qm_phc/qm_t,qm_r,qm_v,qm,m_z
0.11,0.0023488965051956085,0.043220893410797455,0,0.11234889650519561,0.23488965051956084
number of iterations,12,Execution time: ,5.805050849914551
