architecture,t_cbt,t_hxt,eta_hpfp,eta_r,p_cbt,qm_cb0,t0,p0,tpr_hx,Q_hx,pcc,v
pump,290,190,0.154,0.71,1330000.0,0.11,25.2,345000.0,0.95,149000.0,True,0
P_hpfp,P_rv,p_hpfp
17446.94056481965,59124.69601543174,1889366.2728114282
Q,Q_phc
400258.9285765674,251258.92857656738
qm_cb,qm_phc/qm_t,qm_r,qm_v,qm,m_z
0.11,0.0021149016876990576,0.14522079021169101,0,0.11211490168769905,0.21149016876990576
number of iterations,10,Execution time: ,4.819623231887817
