architecture,t_cbt,t_hxt,eta_hpfp,eta_r,p_cbt,qm_cb0,t0,p0,tpr_hx,Q_hx,pcc,v
pump,290,180,0.154,0.71,1330000.0,0.10868072680881756,25.2,345000.0,0.95,159000.0,True,0
P_hpfp,P_rv,p_hpfp
17359.132908689113,50790.62717804119,1889258.8597899457
Q,Q_phc
406623.73117546254,247623.73117546254
qm_cb,qm_phc/qm_t,qm_r,qm_v,qm,qm_pot
0.10868072680881756,0.00198572888020555,0.12484920877819398,0,0.11066645568902311,0.0009643874853179808
number of iterations,14,Execution time: ,5.922804832458496
