architecture,t_cbt,t_hxt,eta_hpfp,eta_r,p_cbt,qm_cb0,t0,p0,tpr_hx,Q_hx,pcc,v
pump,290,160,0.154,0.71,1330000.0,0.10868072680881756,25.2,345000.0,0.95,159000.0,True,0
P_hpfp,P_rv,p_hpfp
17218.49519652349,37539.25355739143,1889258.8597899457
Q,Q_phc
416169.29130825406,257169.29130825406
qm_cb,qm_phc/qm_t,qm_r,qm_v,qm
0.10868072680881756,0.0020457217466367528,0.09227456465220076,0,0.11072644855545431
number of iterations,14,Execution time: ,5.527286767959595
