architecture,t_cbt,t_hxt,eta_hpfp,eta_r,p_cbt,qm_cb0,t0,p0,tpr_hx,Q_hx,pcc,v
pump,290,100,0.154,0.71,1330000.0,0.10868072680881756,25.2,345000.0,0.95,159000.0,True,0
P_hpfp,P_rv,p_hpfp
17234.2028978506,14711.22556923033,1889258.8612891329
Q,Q_phc
439411.21681932814,280411.21681932814
qm_cb,qm_phc/qm_t,qm_r,qm_v,qm
0.10868072680881756,0.002146732427090986,0.036161593663494904,0,0.11082745923590855
number of iterations,16,Execution time: ,7.034111499786377
