architecture,t_cbt,t_hxt,eta_hpfp,eta_r,p_cbt,qm_cb0,t0,p0,tpr_hx,Q_hx,pcc,v
pump,290,150,0.154,0.71,1330000.0,0.10868072680881756,25.2,345000.0,0.95,159000.0,True,0
P_hpfp,P_rv,p_hpfp
17341.945684633927,32577.567257866765,1889258.8597899457
Q,Q_phc
424383.90654751833,265383.90654751833
qm_cb,qm_phc/qm_t,qm_r,qm_v,qm,qm_pot
0.10868072680881756,0.002076016037112224,0.08007473436821828,0,0.11075674284592979,0.0007635749742245988
number of iterations,14,Execution time: ,6.058552265167236
