architecture,t_cbt,t_hxt,eta_hpfp,eta_r,p_cbt,qm_cb0,t0,p0,tpr_hx,Q_hx,pcc,v
pump,290,140,0.154,0.71,1330000.0,0.10998,25.2,345000.0,0.95,159000.0,True,0
P_hpfp,P_rv,p_hpfp
17456.793759917964,28176.687405836445,1889258.855973307
Q,Q_phc
431499.3238676027,272499.3238676027
qm_cb,qm_phc/qm_t,qm_r,qm_v,qm,m_z
0.10998,0.002205575463390591,0.06921554049260069,0,0.11218557546339059,0.2205575463390588
number of iterations,13,Execution time: ,6.5394370555877686
