architecture,t_cbt,t_hxt,eta_hpfp,eta_r,p_cbt,qm_cb0,t0,p0,tpr_hx,Q_hx,pcc,v
pump,290,180,0.154,0.71,1330000.0,0.10998,25.2,345000.0,0.95,159000.0,True,0
P_hpfp,P_rv,p_hpfp
17435.524394286098,50990.368841334785,1889258.8433249607
Q,Q_phc
408125.5858074419,249125.5858074419
qm_cb,qm_phc/qm_t,qm_r,qm_v,qm,m_z
0.10998,0.0020688915253653517,0.1252664565621486,0,0.11204889152536535,0.20688915253653462
number of iterations,12,Execution time: ,6.3536598682403564
