architecture,t_cbt,t_hxt,eta_hpfp,eta_r,p_cbt,qm_cb0,t0,p0,tpr_hx,Q_hx,pcc,v
pump,290,160,0.154,0.71,1330000.0,0.10998,25.2,345000.0,0.95,159000.0,True,0
P_hpfp,P_rv,p_hpfp
17448.30282783556,38030.532903060506,1889258.8433249607
Q,Q_phc
421421.9061889315,262421.9061889315
qm_cb,qm_phc/qm_t,qm_r,qm_v,qm,m_z
0.10998,0.0021510117577294013,0.09342079202065517,0,0.1121310117577294,0.2151011757729396
number of iterations,12,Execution time: ,5.822272300720215
