architecture,t_cbt,t_hxt,eta_hpfp,eta_r,p_cbt,qm_cb0,t0,p0,tpr_hx,Q_hx,pcc,v
pump,290,180,0.154,0.71,1330000.0,0.10868072680881756,25.2,345000.0,0.95,159000.0,True,0
P_hpfp,P_rv,p_hpfp
17206.58535274861,50341.32427983326,1889258.8597899457
Q,Q_phc
403053.3953747816,244053.39537478163
qm_cb,qm_phc/qm_t,qm_r,qm_v,qm
0.10868072680881756,0.0019691334798346005,0.12374692485626544,0,0.11064986028865216
number of iterations,14,Execution time: ,5.895249366760254
