architecture,t_cbt,t_hxt,eta_hpfp,eta_r,p_cbt,qm_cb0,t0,p0,tpr_hx,Q_hx,pcc,v
pump,290,190,0.154,0.71,1330000.0,0.10998,25.2,345000.0,0.95,159000.0,True,0
P_hpfp,P_rv,p_hpfp
17426.900592472335,59037.67467873416,1889258.8433249607
Q,Q_phc
399851.1961776144,240851.1961776144
qm_cb,qm_phc/qm_t,qm_r,qm_v,qm,m_z
0.10998,0.0020134709132796497,0.14503756214850383,0,0.11199347091327964,0.2013470913279643
number of iterations,12,Execution time: ,6.201944351196289
