architecture,t_cbt,t_hxt,eta_hpfp,eta_r,p_cbt,qm_cb0,t0,p0,tpr_hx,Q_hx,pcc,v
pump,290,110,0.154,0.71,1330000.0,0.10868072680881756,25.2,345000.0,0.95,159000.0,True,0
P_hpfp,P_rv,p_hpfp
17232.907964601323,17355.462707861592,1889258.8609416161
Q,Q_phc
436732.8584470618,277732.8584470618
qm_cb,qm_phc/qm_t,qm_r,qm_v,qm
0.10868072680881756,0.0021384052212884974,0.04265762213901114,0,0.11081913203010606
number of iterations,15,Execution time: ,6.603126525878906
