architecture,t_cbt,t_hxt,eta_hpfp,eta_r,p_cbt,qm_cb0,t0,p0,tpr_hx,Q_hx,pcc,v
pump,290,100,0.154,0.71,1330000.0,0.10998,25.2,345000.0,0.95,159000.0,True,0
P_hpfp,P_rv,p_hpfp
17465.71105635006,14906.381038834626,1889258.8609416161
Q,Q_phc
445004.43733069295,286004.43733069295
qm_cb,qm_phc/qm_t,qm_r,qm_v,qm,m_z
0.10998,0.002262881020545629,0.036615960849954485,0,0.11224288102054562,0.22628810205456293
number of iterations,15,Execution time: ,7.5086750984191895
