architecture,t_cbt,t_hxt,eta_hpfp,eta_r,p_cbt,qm_cb0,t0,p0,tpr_hx,Q_hx,pcc,v
pump,290,160,0.154,0.71,1330000.0,0.10868072680881756,25.2,345000.0,0.95,159000.0,True,0
P_hpfp,P_rv,p_hpfp
17319.69038891542,37761.25798198524,1889258.8597899457
Q,Q_phc
418613.78723479493,259613.78723479493
qm_cb,qm_phc/qm_t,qm_r,qm_v,qm,qm_pot
0.10868072680881756,0.0020645952854234243,0.09281932930859893,0,0.11074532209424098,0.0006318792788408818
number of iterations,14,Execution time: ,5.699111461639404
