architecture,t_cbt,t_hxt,eta_hpfp,eta_r,p_cbt,qm_cb0,t0,p0,tpr_hx,Q_hx,pcc,v
pump,290,120,0.154,0.71,1330000.0,0.10998,25.2,345000.0,0.95,159000.0,True,0
P_hpfp,P_rv,p_hpfp
17462.291540303344,20644.86326449509,1889258.8597899457
Q,Q_phc
439175.91285222623,280175.91285222623
qm_cb,qm_phc/qm_t,qm_r,qm_v,qm,m_z
0.10998,0.0022409058760743394,0.05071316860330586,0,0.11222090587607433,0.22409058760743358
number of iterations,14,Execution time: ,6.6935718059539795
