architecture,t_cbt,t_hxt,eta_hpfp,eta_r,p_cbt,qm_cb0,t0,p0,tpr_hx,Q_hx,pcc,v
pump,290,180,0.154,0.71,1330000.0,0.11,25.2,345000.0,0.95,149000.0,True,0
P_hpfp,P_rv,p_hpfp
17455.49195957884,51062.63634316891,1889366.2728114282
Q,Q_phc
408546.1492565839,259546.14925658389
qm_cb,qm_phc/qm_t,qm_r,qm_v,qm,m_z
0.11,0.002169771642885829,0.12542030809713253,0,0.11216977164288583,0.21697716428858288
number of iterations,10,Execution time: ,4.622004747390747
