architecture,t_cbt,t_hxt,eta_hpfp,eta_r,p_cbt,qm_cb0,t0,p0,tpr_hx,Q_hx,pcc,v
pump,290,170,0.154,0.71,1330000.0,0.10998,25.2,345000.0,0.95,159000.0,True,0
P_hpfp,P_rv,p_hpfp
17442.55945077716,44052.49452002287,1889258.8433249607
Q,Q_phc
415248.7087397999,256248.7087397999
qm_cb,qm_phc/qm_t,qm_r,qm_v,qm,m_z
0.10998,0.0021141021117415393,0.10821903166786177,0,0.11209410211174153,0.2114102111741544
number of iterations,12,Execution time: ,5.866238355636597
