architecture,t_cbt,t_hxt,eta_hpfp,eta_r,p_cbt,qm_cb0,t0,p0,tpr_hx,Q_hx,pcc,v
pump,290,120,0.154,0.71,1330000.0,0.10868072680881756,25.2,345000.0,0.95,159000.0,True,0
P_hpfp,P_rv,p_hpfp
17327.53346294026,20492.435317195945,1889258.8609416161
Q,Q_phc
436089.2742877464,277089.2742877464
qm_cb,qm_phc/qm_t,qm_r,qm_v,qm,qm_pot
0.10868072680881756,0.002118283115757301,0.050370775983981875,0,0.11079900992457486,0.0006286273917764275
number of iterations,15,Execution time: ,6.537638902664185
