architecture,t_cbt,t_hxt,eta_hpfp,eta_r,p_cbt,qm_cb0,t0,p0,tpr_hx,Q_hx,pcc,v
pump,290,170,0.154,0.71,1330000.0,0.10868072680881756,25.2,345000.0,0.95,159000.0,True,0
P_hpfp,P_rv,p_hpfp
17353.076177156032,43843.563156978795,1889258.8597899457
Q,Q_phc
413411.1998997727,254411.1998997727
qm_cb,qm_phc/qm_t,qm_r,qm_v,qm,qm_pot
0.10868072680881756,0.0020231084139179937,0.10777197767302606,0,0.11070383522273555,0.0008880591140411891
number of iterations,14,Execution time: ,6.083523988723755
