architecture,t_cbt,t_hxt,eta_hpfp,eta_r,p_cbt,qm_cb0,t0,p0,tpr_hx,Q_hx,pcc,v
pump,290,220,0.154,0.71,1330000.0,0.10998,25.2,345000.0,0.95,159000.0,True,0
P_hpfp,P_rv,p_hpfp
17386.678612976364,93042.7929146375,1889258.8433249607
Q,Q_phc
364786.944181432,205786.94418143202
qm_cb,qm_phc/qm_t,qm_r,qm_v,qm,m_z
0.10998,0.001754985529326611,0.22854426363559682,0,0.1117349855293266,0.1754985529326609
number of iterations,12,Execution time: ,6.243084669113159
