architecture,t_cbt,t_hxt,eta_hpfp,eta_r,p_cbt,qm_cb0,t0,p0,tpr_hx,Q_hx,pcc,v
pump,290,250,0.154,0.71,1330000.0,0.11,25.2,345000.0,0.95,149000.0,True,0
P_hpfp,P_rv,p_hpfp
17322.904851786807,156762.55475638495,1889366.2728247393
Q,Q_phc
299355.1690989324,150355.1690989324
qm_cb,qm_phc/qm_t,qm_r,qm_v,qm,m_z
0.11,0.001319405778854262,0.3849395159441876,0,0.11131940577885427,0.13194057788542618
number of iterations,12,Execution time: ,6.06054162979126
