architecture,t_cbt,t_hxt,eta_hpfp,eta_r,p_cbt,qm_cb0,t0,p0,tpr_hx,Q_hx,pcc,v
pump,290,270,0.154,0.71,1330000.0,0.10868072680881756,25.2,345000.0,0.95,159000.0,True,0
P_hpfp,P_rv,p_hpfp
17451.11840209792,246334.46498623196,1889258.8614256384
Q,Q_phc
213503.71585474667,54503.71585474667
qm_cb,qm_phc/qm_t,qm_r,qm_v,qm,qm_pot
0.10868072680881756,0.0004697022097690652,0.6052020620289197,0,0.10915042901858663,0.0030719420555623688
number of iterations,18,Execution time: ,8.09671139717102
