architecture,t_cbt,t_hxt,eta_hpfp,eta_r,p_cbt,qm_cb0,t0,p0,tpr_hx,Q_hx,pcc,v
pump,290,210,0.154,0.71,1330000.0,0.11,25.2,345000.0,0.95,149000.0,True,0
P_hpfp,P_rv,p_hpfp
17423.24147210267,79748.1236102452,1889366.2728114282
Q,Q_phc
379011.4961557261,230011.49615572608
qm_cb,qm_phc/qm_t,qm_r,qm_v,qm,m_z
0.11,0.001962959871441659,0.19584912647421868,0,0.11196295987144166,0.1962959871441659
number of iterations,10,Execution time: ,4.870959997177124
