architecture,t_cbt,t_hxt,eta_hpfp,eta_r,p_cbt,qm_cb0,t0,p0,tpr_hx,Q_hx,pcc,v
pump,290,220,0.154,0.71,1330000.0,0.10868072680881756,25.2,345000.0,0.95,159000.0,True,0
P_hpfp,P_rv,p_hpfp
17160.320807065204,91887.45405483482,1889258.8597899457
Q,Q_phc
360288.1916063032,201288.1916063032
qm_cb,qm_phc/qm_t,qm_r,qm_v,qm
0.10868072680881756,0.0016716214859531925,0.22583076445871544,0,0.11035234829477075
number of iterations,14,Execution time: ,5.88523006439209
