architecture,t_cbt,t_hxt,eta_hpfp,eta_r,p_cbt,qm_cb0,t0,p0,tpr_hx,Q_hx,pcc,v
pump,290,240,0.154,0.71,1330000.0,0.10868072680881756,25.2,345000.0,0.95,159000.0,True,0
P_hpfp,P_rv,p_hpfp
17114.777707750534,128353.86832440949,1889258.8612891329
Q,Q_phc
322621.7120170669,163621.7120170669
qm_cb,qm_phc/qm_t,qm_r,qm_v,qm
0.10868072680881756,0.001378748525195178,0.31549760596979415,0,0.11005947533401274
number of iterations,16,Execution time: ,7.240353345870972
