architecture,t_cbt,t_hxt,eta_hpfp,eta_r,p_cbt,qm_cb0,t0,p0,tpr_hx,Q_hx,pcc,v
pump,290,270,0.154,0.71,1330000.0,0.10868072680881756,25.2,345000.0,0.95,159000.0,True,0
P_hpfp,P_rv,p_hpfp
16965.42651758519,239267.3822476342,1889258.8614256384
Q,Q_phc
207772.78373392366,48772.78373392366
qm_cb,qm_phc/qm_t,qm_r,qm_v,qm
0.10868072680881756,0.00041832038226512214,0.5880214027914821,0,0.10909904719108268
number of iterations,18,Execution time: ,8.029792308807373
