architecture,t_cbt,t_hxt,eta_hpfp,eta_r,p_cbt,qm_cb0,t0,p0,tpr_hx,Q_hx,pcc,v
pump,290,230,0.154,0.71,1330000.0,0.10868072680881756,25.2,345000.0,0.95,159000.0,True,0
P_hpfp,P_rv,p_hpfp
17396.742816428377,109707.30059584674,1889258.8609416161
Q,Q_phc
348698.08027793735,189698.08027793735
qm_cb,qm_phc/qm_t,qm_r,qm_v,qm,qm_pot
0.10868072680881756,0.0015875805764309645,0.2696339205225488,0,0.11026830738524852,0.0016043923951786212
number of iterations,15,Execution time: ,6.642080545425415
