architecture,t_cbt,t_hxt,eta_hpfp,eta_r,p_cbt,qm_cb0,t0,p0,tpr_hx,Q_hx,pcc,v
pump,290,240,0.154,0.71,1330000.0,0.11,25.2,345000.0,0.95,149000.0,True,0
P_hpfp,P_rv,p_hpfp
17359.019596959086,130131.875499422,1889366.2728247393
Q,Q_phc
326936.761352678,177936.761352678
qm_cb,qm_phc/qm_t,qm_r,qm_v,qm,m_z
0.11,0.0015505245904696978,0.3196358234692635,0,0.1115505245904697,0.1550524590469698
number of iterations,12,Execution time: ,5.739675521850586
