architecture,t_cbt,t_hxt,eta_hpfp,eta_r,p_cbt,qm_cb0,t0,p0,tpr_hx,Q_hx,pcc,v
pump,290,240,0.154,0.71,1330000.0,0.10868072680881756,25.2,345000.0,0.95,159000.0,True,0
P_hpfp,P_rv,p_hpfp
17406.783361024984,130575.5268449019,1889258.8612891329
Q,Q_phc
328094.4227251506,169094.4227251506
qm_cb,qm_phc/qm_t,qm_r,qm_v,qm,qm_pot
0.10868072680881756,0.0014273803812854396,0.3209337931189671,0,0.110108107190103,0.0018291599296246935
number of iterations,16,Execution time: ,7.054561138153076
