architecture,t_cbt,t_hxt,eta_hpfp,eta_r,p_cbt,qm_cb0,t0,p0,tpr_hx,Q_hx,pcc,v
pump,290,260,0.154,0.71,1330000.0,0.10868072680881756,25.2,345000.0,0.95,159000.0,True,0
P_hpfp,P_rv,p_hpfp
17033.283473541487,189747.14951612742,1889258.861393996
Q,Q_phc
259081.05199477816,100081.05199477816
qm_cb,qm_phc/qm_t,qm_r,qm_v,qm
0.10868072680881756,0.000854686031966076,0.4663036052170236,0,0.10953541284078364
number of iterations,17,Execution time: ,7.729457139968872
