architecture,t_cbt,t_hxt,eta_hpfp,eta_r,p_cbt,qm_cb0,t0,p0,tpr_hx,Q_hx,pcc,v
pump,290,200,0.154,0.71,1330000.0,0.10868072680881756,25.2,345000.0,0.95,159000.0,True,0
P_hpfp,P_rv,p_hpfp
17372.426825277915,68327.57695905842,1889258.8597899457
Q,Q_phc
389437.0770202958,230437.07702029578
qm_cb,qm_phc/qm_t,qm_r,qm_v,qm,qm_pot
0.10868072680881756,0.0018795791531506926,0.16794904321306067,0,0.11056030596196825,0.0011560259937366953
number of iterations,14,Execution time: ,6.12737512588501
