architecture,t_cbt,t_hxt,eta_hpfp,eta_r,p_cbt,qm_cb0,t0,p0,tpr_hx,Q_hx,pcc,v
pump,290,230,0.154,0.71,1330000.0,0.10998,25.2,345000.0,0.95,159000.0,True,0
P_hpfp,P_rv,p_hpfp
17365.749330281753,109499.55473056865,1889258.8433249607
Q,Q_phc
347779.06802060636,188779.06802060636
qm_cb,qm_phc/qm_t,qm_r,qm_v,qm,m_z
0.10998,0.0016204841014762078,0.26892331898775834,0,0.1116004841014762,0.16204841014762064
number of iterations,12,Execution time: ,5.849040985107422
