architecture,t_cbt,t_hxt,eta_hpfp,eta_r,p_cbt,qm_cb0,t0,p0,tpr_hx,Q_hx,pcc,v
pump,290,210,0.154,0.71,1330000.0,0.10868072680881756,25.2,345000.0,0.95,159000.0,True,0
P_hpfp,P_rv,p_hpfp
17175.990687240916,78624.18149967254,1889258.8597899457
Q,Q_phc
373964.3665929263,214964.36659292632
qm_cb,qm_phc/qm_t,qm_r,qm_v,qm
0.10868072680881756,0.0017723893034275323,0.19325274822993266,0,0.11045311611224509
number of iterations,14,Execution time: ,6.101451396942139
