architecture,t_cbt,t_hxt,eta_hpfp,eta_r,p_cbt,qm_cb0,t0,p0,tpr_hx,Q_hx,pcc,v
pump,290,230,0.154,0.71,1330000.0,0.10868072680881756,25.2,345000.0,0.95,159000.0,True,0
P_hpfp,P_rv,p_hpfp
17140.494280334722,108069.42878890011,1889258.8609416161
Q,Q_phc
343583.78537035186,184583.78537035186
qm_cb,qm_phc/qm_t,qm_r,qm_v,qm
0.10868072680881756,0.0015441233798740434,0.2656254127577161,0,0.1102248501886916
number of iterations,15,Execution time: ,6.2005836963653564
