architecture,t_cbt,t_hxt,eta_hpfp,eta_r,p_cbt,qm_cb0,t0,p0,tpr_hx,Q_hx,pcc,v
pump,300,120,0.154,0.71,1330000.0,0.10998,25.2,345000.0,0.95,159000.0,True,0
P_hpfp,P_rv,p_hpfp
17484.571195704535,20320.29148156021,1889258.855973307
Q,Q_phc
456845.2824338026,297845.2824338026
qm_cb,qm_phc/qm_t,qm_r,qm_v,qm,m_z
0.10998,0.0023840863435368037,0.04825469757826946,0,0.1123640863435368,0.23840863435368093
number of iterations,13,Execution time: ,6.329009771347046
