architecture,t_cbt,t_hxt,eta_hpfp,eta_r,p_cbt,qm_cb0,t0,p0,tpr_hx,Q_hx,pcc,v
pump,300,150,0.154,0.71,1330000.0,0.11,25.2,345000.0,0.95,149000.0,True,0
P_hpfp,P_rv,p_hpfp
17496.268620992978,31993.92382775133,1889366.2728114282
Q,Q_phc
445456.6992260509,296456.6992260509
qm_cb,qm_phc/qm_t,qm_r,qm_v,qm,m_z
0.11,0.002431640474869161,0.07597665631038455,0,0.11243164047486916,0.24316404748691609
number of iterations,10,Execution time: ,4.613525629043579
