architecture,t_cbt,t_hxt,eta_hpfp,eta_r,p_cbt,qm_cb0,t0,p0,tpr_hx,Q_hx,pcc,v
pump,300,170,0.154,0.71,1330000.0,0.10854344449863279,25.2,345000.0,0.95,159000.0,True,0
P_hpfp,P_rv,p_hpfp
17353.658338978363,42350.41235037163,1889258.855973307
Q,Q_phc
431563.2086242734,272563.2086242734
qm_cb,qm_phc/qm_t,qm_r,qm_v,qm,qm_pot
0.10854344449863279,0.0021688552023613585,0.10063004749337169,0,0.11071229970099415,0.000883339229134475
number of iterations,13,Execution time: ,5.822398900985718
