architecture,t_cbt,t_hxt,eta_hpfp,eta_r,p_cbt,qm_cb0,t0,p0,tpr_hx,Q_hx,pcc,v
pump,300,140,0.154,0.71,1330000.0,0.10854344449863279,25.2,345000.0,0.95,159000.0,True,0
P_hpfp,P_rv,p_hpfp
17307.82655028035,27308.610440042565,1889258.8597899457
Q,Q_phc
445353.3794761947,286353.3794761947
qm_cb,qm_phc/qm_t,qm_r,qm_v,qm,qm_pot
0.10854344449863279,0.002246293655451205,0.06489242188136159,0,0.110789738154084,0.0005111707960362407
number of iterations,14,Execution time: ,5.8088059425354
