architecture,t_cbt,t_hxt,eta_hpfp,eta_r,p_cbt,qm_cb0,t0,p0,tpr_hx,Q_hx,pcc,v
pump,300,180,0.154,0.71,1330000.0,0.10854344449863279,25.2,345000.0,0.95,159000.0,True,0
P_hpfp,P_rv,p_hpfp
17359.76306502973,48806.9978045864,1889258.855973307
Q,Q_phc
425273.3380362586,266273.3380362586
qm_cb,qm_phc/qm_t,qm_r,qm_v,qm,qm_pot
0.10854344449863279,0.0021369929632972023,0.11597394291779278,0,0.11068043746192999,0.0009544589429562958
number of iterations,13,Execution time: ,5.756924867630005
