architecture,t_cbt,t_hxt,eta_hpfp,eta_r,p_cbt,qm_cb0,t0,p0,tpr_hx,Q_hx,pcc,v
pump,300,190,0.154,0.71,1330000.0,0.10998,25.2,345000.0,0.95,159000.0,True,0
P_hpfp,P_rv,p_hpfp
17453.489459239096,56451.655286556,1889258.8433249607
Q,Q_phc
419865.6906786876,260865.6906786876
qm_cb,qm_phc/qm_t,qm_r,qm_v,qm,m_z
0.10998,0.002184343493923546,0.1340962782969266,0,0.11216434349392354,0.21843434939235393
number of iterations,12,Execution time: ,6.077903985977173
