architecture,t_cbt,t_hxt,eta_hpfp,eta_r,p_cbt,qm_cb0,t0,p0,tpr_hx,Q_hx,pcc,v
pump,300,160,0.154,0.71,1330000.0,0.11,25.2,345000.0,0.95,149000.0,True,0
P_hpfp,P_rv,p_hpfp
17492.262094390462,36976.49743423888,1889366.2728114282
Q,Q_phc
440364.79267183086,291364.79267183086
qm_cb,qm_phc/qm_t,qm_r,qm_v,qm,m_z
0.11,0.0024059114389901838,0.0878148264782297,0,0.11240591143899019,0.24059114389901837
number of iterations,10,Execution time: ,4.765158176422119
