architecture,t_cbt,t_hxt,eta_hpfp,eta_r,p_cbt,qm_cb0,t0,p0,tpr_hx,Q_hx,pcc,v
pump,300,130,0.154,0.71,1330000.0,0.10998,25.2,345000.0,0.95,159000.0,True,0
P_hpfp,P_rv,p_hpfp
17482.459935938354,23708.48467312062,1889258.855973307
Q,Q_phc
453399.4715593868,294399.4715593868
qm_cb,qm_phc/qm_t,qm_r,qm_v,qm,m_z
0.10998,0.0023705183942856756,0.05630605101073671,0,0.11235051839428567,0.23705183942856758
number of iterations,13,Execution time: ,6.353056907653809
