architecture,t_cbt,t_hxt,eta_hpfp,eta_r,p_cbt,qm_cb0,t0,p0,tpr_hx,Q_hx,pcc,v
pump,300,100,0.154,0.71,1330000.0,0.11,25.2,345000.0,0.95,149000.0,True,0
P_hpfp,P_rv,p_hpfp
17506.695343659572,14743.403396731677,1889366.2728247393
Q,Q_phc
462991.7514449525,313991.7514449525
qm_cb,qm_phc/qm_t,qm_r,qm_v,qm,m_z
0.11,0.002498525815329519,0.03501354647633765,0,0.11249852581532951,0.2498525815329519
number of iterations,12,Execution time: ,5.95104455947876
