architecture,t_cbt,t_hxt,eta_hpfp,eta_r,p_cbt,qm_cb0,t0,p0,tpr_hx,Q_hx,pcc,v
pump,300,170,0.154,0.71,1330000.0,0.11,25.2,345000.0,0.95,149000.0,True,0
P_hpfp,P_rv,p_hpfp
17487.309273495917,42643.439479210516,1889366.2728114282
Q,Q_phc
434562.69452739594,285562.69452739594
qm_cb,qm_phc/qm_t,qm_r,qm_v,qm,m_z
0.11,0.0023741061007417803,0.10127804423438012,0,0.11237410610074178,0.23741061007417802
number of iterations,10,Execution time: ,4.925716161727905
