architecture,t_cbt,t_hxt,eta_hpfp,eta_r,p_cbt,qm_cb0,t0,p0,tpr_hx,Q_hx,pcc,v
pump,300,180,0.154,0.71,1330000.0,0.10854344449863279,25.2,345000.0,0.95,159000.0,True,0
P_hpfp,P_rv,p_hpfp
17329.963369485606,48722.891551024906,1889258.855973307
Q,Q_phc
424543.6399989094,265543.6399989094
qm_cb,qm_phc/qm_t,qm_r,qm_v,qm,qm_pot
0.10854344449863279,0.002142945965504863,0.11577427692531912,0,0.11068639046413765,0.0007568739517345303
number of iterations,13,Execution time: ,5.357508659362793
