architecture,t_cbt,t_hxt,eta_hpfp,eta_r,p_cbt,qm_cb0,t0,p0,tpr_hx,Q_hx,pcc,v
pump,300,110,0.154,0.71,1330000.0,0.10854344449863279,25.2,345000.0,0.95,159000.0,True,0
P_hpfp,P_rv,p_hpfp
17294.791546670873,17154.75198109205,1889258.8609416161
Q,Q_phc
455151.261901898,296151.261901898
qm_cb,qm_phc/qm_t,qm_r,qm_v,qm,qm_pot
0.10854344449863279,0.0022789784750708317,0.04076342025134634,0,0.11082242297370362,0.0003946619071893273
number of iterations,15,Execution time: ,6.704349994659424
