architecture,t_cbt,t_hxt,eta_hpfp,eta_r,p_cbt,qm_cb0,t0,p0,tpr_hx,Q_hx,pcc,v
pump,300,130,0.154,0.71,1330000.0,0.10854344449863279,25.2,345000.0,0.95,159000.0,True,0
P_hpfp,P_rv,p_hpfp
17228.232668112614,23375.421181311445,1889258.8597899457
Q,Q_phc
447112.9276586607,288112.9276586607
qm_cb,qm_phc/qm_t,qm_r,qm_v,qm
0.10854344449863279,0.00224562251648755,0.05554302167164459,0,0.11078906701512034
number of iterations,14,Execution time: ,5.841275691986084
