architecture,t_cbt,t_hxt,eta_hpfp,eta_r,p_cbt,qm_cb0,t0,p0,tpr_hx,Q_hx,pcc,v
pump,300,190,0.154,0.71,1330000.0,0.10854344449863279,25.2,345000.0,0.95,159000.0,True,0
P_hpfp,P_rv,p_hpfp
17366.18467041088,56225.373946526015,1889258.855973307
Q,Q_phc
418030.3304649803,259030.33046498027
qm_cb,qm_phc/qm_t,qm_r,qm_v,qm,qm_pot
0.10854344449863279,0.0020968870184748384,0.13360131677048362,0,0.11064033151710763,0.001035860108732564
number of iterations,13,Execution time: ,5.626256227493286
