architecture,t_cbt,t_hxt,eta_hpfp,eta_r,p_cbt,qm_cb0,t0,p0,tpr_hx,Q_hx,pcc,v
pump,300,110,0.154,0.71,1330000.0,0.11,25.2,345000.0,0.95,149000.0,True,0
P_hpfp,P_rv,p_hpfp
17505.55038158455,17360.386387267696,1889366.2728233607
Q,Q_phc
460343.5239187355,311343.5239187355
qm_cb,qm_phc/qm_t,qm_r,qm_v,qm,m_z
0.11,0.0024911934871235135,0.041222312779057205,0,0.11249119348712351,0.24911934871235134
number of iterations,11,Execution time: ,5.267444849014282
