architecture,t_cbt,t_hxt,eta_hpfp,eta_r,p_cbt,qm_cb0,t0,p0,tpr_hx,Q_hx,pcc,v
pump,300,150,0.154,0.71,1330000.0,0.10854344449863279,25.2,345000.0,0.95,159000.0,True,0
P_hpfp,P_rv,p_hpfp
17342.290356088273,31719.126937252982,1889258.8597899457
Q,Q_phc
441884.04013868916,282884.04013868916
qm_cb,qm_phc/qm_t,qm_r,qm_v,qm,qm_pot
0.10854344449863279,0.0022136594315515096,0.0753765785881578,0,0.1107571039301843,0.000765430358112204
number of iterations,14,Execution time: ,5.979592800140381
