architecture,t_cbt,t_hxt,eta_hpfp,eta_r,p_cbt,qm_cb0,t0,p0,tpr_hx,Q_hx,pcc,v
pump,300,160,0.154,0.71,1330000.0,0.10854344449863279,25.2,345000.0,0.95,159000.0,True,0
P_hpfp,P_rv,p_hpfp
17219.077868792825,36407.20005024522,1889258.8597899457
Q,Q_phc
433831.13902384415,274831.13902384415
qm_cb,qm_phc/qm_t,qm_r,qm_v,qm
0.10854344449863279,0.002186751029499376,0.0865214233259595,0,0.11073019552813217
number of iterations,14,Execution time: ,5.860723257064819
