architecture,t_cbt,t_hxt,eta_hpfp,eta_r,p_cbt,qm_cb0,t0,p0,tpr_hx,Q_hx,pcc,v
pump,300,120,0.154,0.71,1330000.0,0.10854344449863279,25.2,345000.0,0.95,159000.0,True,0
P_hpfp,P_rv,p_hpfp
17327.4366558251,20135.843797496804,1889258.8609416161
Q,Q_phc
453061.68018758384,294061.68018758384
qm_cb,qm_phc/qm_t,qm_r,qm_v,qm,qm_pot
0.10854344449863279,0.002247890391524796,0.04785009846869614,0,0.11079133489015759,0.0006356798916511471
number of iterations,15,Execution time: ,6.811688184738159
