architecture,t_cbt,t_hxt,eta_hpfp,eta_r,p_cbt,qm_cb0,t0,p0,tpr_hx,Q_hx,pcc,v
pump,300,120,0.154,0.71,1330000.0,0.10854344449863279,25.2,345000.0,0.95,159000.0,True,0
P_hpfp,P_rv,p_hpfp
17230.09280416384,20022.242156915643,1889258.8609416161
Q,Q_phc
450516.90422181593,291516.90422181593
qm_cb,qm_phc/qm_t,qm_r,qm_v,qm
0.10854344449863279,0.0022575841657007517,0.04758040246282784,0,0.11080102866433354
number of iterations,15,Execution time: ,6.877668619155884
