architecture,t_cbt,t_hxt,eta_hpfp,eta_r,p_cbt,qm_cb0,t0,p0,tpr_hx,Q_hx,pcc,v
pump,300,170,0.154,0.71,1330000.0,0.10998,25.2,345000.0,0.95,159000.0,True,0
P_hpfp,P_rv,p_hpfp
17467.244551384865,42589.193239917346,1889258.8433249607
Q,Q_phc
434103.5383466188,275103.5383466188
qm_cb,qm_phc/qm_t,qm_r,qm_v,qm,m_z
0.10998,0.0022727401944132447,0.10116124707119827,0,0.11225274019441324,0.2272740194413238
number of iterations,12,Execution time: ,5.953270435333252
