architecture,t_cbt,t_hxt,eta_hpfp,eta_r,p_cbt,qm_cb0,t0,p0,tpr_hx,Q_hx,pcc,v
pump,300,180,0.154,0.71,1330000.0,0.10998,25.2,345000.0,0.95,159000.0,True,0
P_hpfp,P_rv,p_hpfp
17461.050208542947,49045.441448343394,1889258.8433249607
Q,Q_phc
427478.2423985215,268478.2423985215
qm_cb,qm_phc/qm_t,qm_r,qm_v,qm,m_z
0.10998,0.002232932429905035,0.1165009848241155,0,0.11221293242990503,0.2232932429905039
number of iterations,12,Execution time: ,5.773539066314697
