architecture,t_cbt,t_hxt,eta_hpfp,eta_r,p_cbt,qm_cb0,t0,p0,tpr_hx,Q_hx,pcc,v
pump,300,130,0.154,0.71,1330000.0,0.10854344449863279,25.2,345000.0,0.95,159000.0,True,0
P_hpfp,P_rv,p_hpfp
17332.103072032154,23517.035955945536,1889258.8597899457
Q,Q_phc
449807.9250760535,290807.9250760535
qm_cb,qm_phc/qm_t,qm_r,qm_v,qm,qm_pot
0.10854344449863279,0.0022398025794360763,0.0558791512277711,0,0.11078324707806887,0.0006737761553366384
number of iterations,14,Execution time: ,5.773526906967163
