architecture,t_cbt,t_hxt,eta_hpfp,eta_r,p_cbt,qm_cb0,t0,p0,tpr_hx,Q_hx,pcc,v
pump,300,190,0.154,0.71,1330000.0,0.10854344449863279,25.2,345000.0,0.95,159000.0,True,0
P_hpfp,P_rv,p_hpfp
17336.48395539043,56128.87318455088,1889258.855973307
Q,Q_phc
417315.7300097981,258315.73000979808
qm_cb,qm_phc/qm_t,qm_r,qm_v,qm,qm_pot
0.10854344449863279,0.0020999215723366046,0.1333722032844055,0,0.11064336607096939,0.0008418300768773204
number of iterations,13,Execution time: ,5.468108415603638
