architecture,t_cbt,t_hxt,eta_hpfp,eta_r,p_cbt,qm_cb0,t0,p0,tpr_hx,Q_hx,pcc,v
pump,300,110,0.154,0.71,1330000.0,0.10998,25.2,345000.0,0.95,159000.0,True,0
P_hpfp,P_rv,p_hpfp
17486.223623908114,17338.942571582764,1889258.8597899457
Q,Q_phc
459871.723185856,300871.723185856
qm_cb,qm_phc/qm_t,qm_r,qm_v,qm,m_z
0.10998,0.0023947047114351444,0.04117777950138055,0,0.11237470471143514,0.23947047114351416
number of iterations,14,Execution time: ,6.807994604110718
