architecture,t_cbt,t_hxt,eta_hpfp,eta_r,p_cbt,qm_cb0,t0,p0,tpr_hx,Q_hx,pcc,v
pump,300,140,0.154,0.71,1330000.0,0.10854344449863279,25.2,345000.0,0.95,159000.0,True,0
P_hpfp,P_rv,p_hpfp
17225.853005449688,27178.6347699045,1889258.8597899457
Q,Q_phc
443244.72751116485,284244.72751116485
qm_cb,qm_phc/qm_t,qm_r,qm_v,qm
0.10854344449863279,0.002230319692842486,0.06458393985691836,0,0.11077376419147528
number of iterations,14,Execution time: ,5.8387227058410645
