architecture,t_cbt,t_hxt,eta_hpfp,eta_r,p_cbt,qm_cb0,t0,p0,tpr_hx,Q_hx,pcc,v
pump,300,230,0.154,0.71,1330000.0,0.10854344449863279,25.2,345000.0,0.95,159000.0,True,0
P_hpfp,P_rv,p_hpfp
17152.36500300175,99564.2524193903,1889258.8597899457
Q,Q_phc
368852.2151559166,209852.21515591658
qm_cb,qm_phc/qm_t,qm_r,qm_v,qm
0.10854344449863279,0.001757742651142702,0.2365864728886217,0,0.11030118714977549
number of iterations,14,Execution time: ,5.655782222747803
