architecture,t_cbt,t_hxt,eta_hpfp,eta_r,p_cbt,qm_cb0,t0,p0,tpr_hx,Q_hx,pcc,v
pump,300,220,0.154,0.71,1330000.0,0.10854344449863279,25.2,345000.0,0.95,159000.0,True,0
P_hpfp,P_rv,p_hpfp
17168.99432272449,85602.36324039834,1889258.8597899457
Q,Q_phc
383268.2368817232,224268.23688172322
qm_cb,qm_phc/qm_t,qm_r,qm_v,qm
0.10854344449863279,0.0018646803070630907,0.20342700787535997,0,0.11040812480569588
number of iterations,14,Execution time: ,6.108097553253174
