architecture,t_cbt,t_hxt,eta_hpfp,eta_r,p_cbt,qm_cb0,t0,p0,tpr_hx,Q_hx,pcc,v
pump,300,200,0.154,0.71,1330000.0,0.11,25.2,345000.0,0.95,149000.0,True,0
P_hpfp,P_rv,p_hpfp
17464.586358055643,65101.60295301448,1889366.2728114282
Q,Q_phc
411484.45197447104,262484.45197447104
qm_cb,qm_phc/qm_t,qm_r,qm_v,qm,m_z
0.11,0.0022282343162009937,0.154620208388661,0,0.11222823431620099,0.22282343162009938
number of iterations,10,Execution time: ,4.753634929656982
