architecture,t_cbt,t_hxt,eta_hpfp,eta_r,p_cbt,qm_cb0,t0,p0,tpr_hx,Q_hx,pcc,v
pump,300,250,0.154,0.71,1330000.0,0.10854344449863279,25.2,345000.0,0.95,159000.0,True,0
P_hpfp,P_rv,p_hpfp
17104.043484280483,137864.7649643226,1889258.8609416161
Q,Q_phc
329232.0819414079,170232.08194140787
qm_cb,qm_phc/qm_t,qm_r,qm_v,qm
0.10854344449863279,0.0014470026752667342,0.32757324136728116,0,0.10999044717389952
number of iterations,15,Execution time: ,7.261775255203247
