architecture,t_cbt,t_hxt,eta_hpfp,eta_r,p_cbt,qm_cb0,t0,p0,tpr_hx,Q_hx,pcc,v
pump,300,280,0.154,0.71,1330000.0,0.11,25.2,345000.0,0.95,149000.0,True,0
P_hpfp,P_rv,p_hpfp
17206.98717532561,256432.9564550828,1889366.2728248988
Q,Q_phc
213123.548709823,64123.54870982299
qm_cb,qm_phc/qm_t,qm_r,qm_v,qm,m_z
0.11,0.0005762572766756531,0.6088378963336347,0,0.11057625727667565,0.05762572766756531
number of iterations,13,Execution time: ,6.516157627105713
