architecture,t_cbt,t_hxt,eta_hpfp,eta_r,p_cbt,qm_cb0,t0,p0,tpr_hx,Q_hx,pcc,v
pump,300,260,0.154,0.71,1330000.0,0.10854344449863279,25.2,345000.0,0.95,159000.0,True,0
P_hpfp,P_rv,p_hpfp
17427.34418293552,168715.26187480142,1889258.8612891329
Q,Q_phc
307210.65114410693,148210.65114410693
qm_cb,qm_phc/qm_t,qm_r,qm_v,qm,qm_pot
0.10854344449863279,0.0012753959391174183,0.40083337719391887,0,0.10981884043775021,0.002250646527922981
number of iterations,16,Execution time: ,7.605650901794434
