architecture,t_cbt,t_hxt,eta_hpfp,eta_r,p_cbt,qm_cb0,t0,p0,tpr_hx,Q_hx,pcc,v
pump,300,270,0.154,0.71,1330000.0,0.10998,25.2,345000.0,0.95,159000.0,True,0
P_hpfp,P_rv,p_hpfp
17261.59992466022,204410.56729866142,1889258.8609416161
Q,Q_phc
266669.96720116155,107669.96720116155
qm_cb,qm_phc/qm_t,qm_r,qm_v,qm,m_z
0.10998,0.0009511668054577455,0.4854002833188693,0,0.11093116680545774,0.09511668054577521
number of iterations,15,Execution time: ,7.330014705657959
