architecture,t_cbt,t_hxt,eta_hpfp,eta_r,p_cbt,qm_cb0,t0,p0,tpr_hx,Q_hx,pcc,v
pump,300,210,0.154,0.71,1330000.0,0.10854344449863279,25.2,345000.0,0.95,159000.0,True,0
P_hpfp,P_rv,p_hpfp
17380.113861239963,74819.80849380823,1889258.8597899457
Q,Q_phc
399816.2862671133,240816.2862671133
qm_cb,qm_phc/qm_t,qm_r,qm_v,qm,qm_pot
0.10854344449863279,0.0019837753070852085,0.17780668984906062,0,0.110527219805718,0.0012385449362020714
number of iterations,14,Execution time: ,5.926151275634766
