architecture,t_cbt,t_hxt,eta_hpfp,eta_r,p_cbt,qm_cb0,t0,p0,tpr_hx,Q_hx,pcc,v
pump,300,260,0.154,0.71,1330000.0,0.10854344449863279,25.2,345000.0,0.95,159000.0,True,0
P_hpfp,P_rv,p_hpfp
17068.023354749894,165170.76755565897,1889258.8612891329
Q,Q_phc
300942.39996250893,141942.39996250893
qm_cb,qm_phc/qm_t,qm_r,qm_v,qm
0.10854344449863279,0.0012153690535735978,0.3924642152889829,0,0.10975881355220639
number of iterations,16,Execution time: ,7.327620267868042
