architecture,t_cbt,t_hxt,eta_hpfp,eta_r,p_cbt,qm_cb0,t0,p0,tpr_hx,Q_hx,pcc,v
pump,300,240,0.154,0.71,1330000.0,0.11,25.2,345000.0,0.95,149000.0,True,0
P_hpfp,P_rv,p_hpfp
17399.69519517236,118341.51658538624,1889366.2728233607
Q,Q_phc
356473.7421002445,207473.7421002445
qm_cb,qm_phc/qm_t,qm_r,qm_v,qm,m_z
0.11,0.0018117926507117423,0.2810440017096824,0,0.11181179265071174,0.18117926507117424
number of iterations,11,Execution time: ,5.4196319580078125
