architecture,t_cbt,t_hxt,eta_hpfp,eta_r,p_cbt,qm_cb0,t0,p0,tpr_hx,Q_hx,pcc,v
pump,300,210,0.154,0.71,1330000.0,0.10854344449863279,25.2,345000.0,0.95,159000.0,True,0
P_hpfp,P_rv,p_hpfp
17182.192703044882,73998.34027881878,1889258.855973307
Q,Q_phc
395232.7002963127,236232.7002963127
qm_cb,qm_phc/qm_t,qm_r,qm_v,qm
0.10854344449863279,0.0019495556205438858,0.1758267759121877,0,0.11049300011917668
number of iterations,13,Execution time: ,5.957622289657593
