architecture,t_cbt,t_hxt,eta_hpfp,eta_r,p_cbt,qm_cb0,t0,p0,tpr_hx,Q_hx,pcc,v
pump,300,210,0.154,0.71,1330000.0,0.10854344449863279,25.2,345000.0,0.95,159000.0,True,0
P_hpfp,P_rv,p_hpfp
17351.126296836832,74694.74874613505,1889258.8597899457
Q,Q_phc
399149.7203399043,240149.7203399043
qm_cb,qm_phc/qm_t,qm_r,qm_v,qm,qm_pot
0.10854344449863279,0.0019812934175540793,0.1775096262013521,0,0.11052473791618687,0.0010546173850708484
number of iterations,14,Execution time: ,5.889631748199463
