architecture,t_cbt,t_hxt,eta_hpfp,eta_r,p_cbt,qm_cb0,t0,p0,tpr_hx,Q_hx,pcc,v
pump,300,220,0.154,0.71,1330000.0,0.11,25.2,345000.0,0.95,149000.0,True,0
P_hpfp,P_rv,p_hpfp
17439.2975691139,86927.68699700655,1889366.2728114282
Q,Q_phc
388968.2694701693,239968.26947016933
qm_cb,qm_phc/qm_t,qm_r,qm_v,qm,m_z
0.11,0.0020660414342056352,0.20643420774220517,0,0.11206604143420563,0.20660414342056352
number of iterations,10,Execution time: ,4.876446485519409
