architecture,t_cbt,t_hxt,eta_hpfp,eta_r,p_cbt,qm_cb0,t0,p0,tpr_hx,Q_hx,pcc,v
pump,300,210,0.154,0.71,1330000.0,0.10998,25.2,345000.0,0.95,159000.0,True,0
P_hpfp,P_rv,p_hpfp
17432.91141661579,74998.66920096205,1889258.8433249607
Q,Q_phc
400757.0882824835,241757.0882824835
qm_cb,qm_phc/qm_t,qm_r,qm_v,qm,m_z
0.10998,0.0020520993001980764,0.17815123385392395,0,0.11203209930019807,0.2052099300198079
number of iterations,12,Execution time: ,6.125468492507935
