architecture,t_cbt,t_hxt,eta_hpfp,eta_r,p_cbt,qm_cb0,t0,p0,tpr_hx,Q_hx,pcc,v
pump,300,230,0.154,0.71,1330000.0,0.10854344449863279,25.2,345000.0,0.95,159000.0,True,0
P_hpfp,P_rv,p_hpfp
17396.141878198443,100996.62322179887,1889258.8597899457
Q,Q_phc
374077.1830199951,215077.1830199951
qm_cb,qm_phc/qm_t,qm_r,qm_v,qm,qm_pot
0.10854344449863279,0.0018030642312765837,0.2399765674377029,0,0.11034650872990938,0.0015223268887013298
number of iterations,14,Execution time: ,6.069608688354492
