architecture,t_cbt,t_hxt,eta_hpfp,eta_r,p_cbt,qm_cb0,t0,p0,tpr_hx,Q_hx,pcc,v
pump,300,240,0.154,0.71,1330000.0,0.10854344449863279,25.2,345000.0,0.95,159000.0,True,0
P_hpfp,P_rv,p_hpfp
17405.250669015208,118445.73721090256,1889258.8609416161
Q,Q_phc
356876.82114044274,197876.82114044274
qm_cb,qm_phc/qm_t,qm_r,qm_v,qm,qm_pot
0.10854344449863279,0.0016736133514372992,0.28145721786091576,0,0.11021705785007009,0.001710353116713374
number of iterations,15,Execution time: ,7.060166358947754
