architecture,t_cbt,t_hxt,eta_hpfp,eta_r,p_cbt,qm_cb0,t0,p0,tpr_hx,Q_hx,pcc,v
pump,300,280,0.154,0.71,1330000.0,0.10998,25.2,345000.0,0.95,159000.0,True,0
P_hpfp,P_rv,p_hpfp
17187.593721385867,256316.65930029223,1889258.8609416161
Q,Q_phc
212744.19672552226,53744.196725522255
qm_cb,qm_phc/qm_t,qm_r,qm_v,qm,m_z
0.10998,0.00047556810569081287,0.6084776066534471,0,0.11045556810569081,0.047556810569081
number of iterations,15,Execution time: ,7.690189361572266
