architecture,t_cbt,t_hxt,eta_hpfp,eta_r,p_cbt,qm_cb0,t0,p0,tpr_hx,Q_hx,pcc,v
pump,300,280,0.154,0.71,1330000.0,0.10854344449863279,25.2,345000.0,0.95,159000.0,True,0
P_hpfp,P_rv,p_hpfp
17459.440868530866,260407.04810675004,1889258.8614256384
Q,Q_phc
216395.3978906503,57395.39789065029
qm_cb,qm_phc/qm_t,qm_r,qm_v,qm,qm_pot
0.10854344449863279,0.0005010423016593296,0.6186465863617844,0,0.10904448680029212,0.0032314033031116407
number of iterations,18,Execution time: ,7.92219614982605
