architecture,t_cbt,t_hxt,eta_hpfp,eta_r,p_cbt,qm_cb0,t0,p0,tpr_hx,Q_hx,pcc,v
pump,300,260,0.154,0.71,1330000.0,0.10854344449863279,25.2,345000.0,0.95,159000.0,True,0
P_hpfp,P_rv,p_hpfp
17407.205308219014,168522.11694952485,1889258.8612891329
Q,Q_phc
306853.8205690424,147853.8205690424
qm_cb,qm_phc/qm_t,qm_r,qm_v,qm,qm_pot
0.10854344449863279,0.0012653041239097935,0.4003726730550857,0,0.10980874862254258,0.0021312319000458967
number of iterations,16,Execution time: ,7.140316963195801
