architecture,t_cbt,t_hxt,eta_hpfp,eta_r,p_cbt,qm_cb0,t0,p0,tpr_hx,Q_hx,pcc,v
pump,300,250,0.154,0.71,1330000.0,0.10854344449863279,25.2,345000.0,0.95,159000.0,True,0
P_hpfp,P_rv,p_hpfp
17415.536957004064,140419.13724210125,1889258.8609416161
Q,Q_phc
335184.3308654883,176184.33086548827
qm_cb,qm_phc/qm_t,qm_r,qm_v,qm,qm_pot
0.10854344449863279,0.0015030493770310709,0.3336085101946793,0,0.11004649387566386,0.0019470648074004727
number of iterations,15,Execution time: ,6.997814416885376
