architecture,t_cbt,t_hxt,eta_hpfp,eta_r,p_cbt,qm_cb0,t0,p0,tpr_hx,Q_hx,pcc,v
pump,300,270,0.154,0.71,1330000.0,0.10854344449863279,25.2,345000.0,0.95,159000.0,True,0
P_hpfp,P_rv,p_hpfp
17441.50948668463,206709.91717338676,1889258.861393996
Q,Q_phc
269602.838105371,110602.83810537099
qm_cb,qm_phc/qm_t,qm_r,qm_v,qm,qm_pot
0.10854344449863279,0.0009596357349583289,0.4910841514693435,0,0.10950308023359112,0.0026574990908854196
number of iterations,17,Execution time: ,7.681352615356445
