architecture,t_cbt,t_hxt,eta_hpfp,eta_r,p_cbt,qm_cb0,t0,p0,tpr_hx,Q_hx,pcc,v
pump,300,280,0.154,0.71,1330000.0,0.10854344449863279,25.2,345000.0,0.95,159000.0,True,0
P_hpfp,P_rv,p_hpfp
17451.28498802406,260292.63003169393,1889258.8614256384
Q,Q_phc
216287.08582192982,57287.085821929824
qm_cb,qm_phc/qm_t,qm_r,qm_v,qm,qm_pot
0.10854344449863279,0.0004958523156961747,0.6183679199511922,0,0.10903929681432896,0.0031841455188183565
number of iterations,18,Execution time: ,7.808061599731445
