architecture,t_cbt,t_hxt,eta_hpfp,eta_r,p_cbt,qm_cb0,t0,p0,tpr_hx,Q_hx,pcc,v
pump,300,220,0.154,0.71,1330000.0,0.10854344449863279,25.2,345000.0,0.95,159000.0,True,0
P_hpfp,P_rv,p_hpfp
17359.546471465135,86562.52251252212,1889258.8597899457
Q,Q_phc
387511.8943652688,228511.89436526882
qm_cb,qm_phc/qm_t,qm_r,qm_v,qm,qm_pot
0.10854344449863279,0.00189926277030034,0.20570073665714847,0,0.11044270726893313,0.0011907953908578228
number of iterations,14,Execution time: ,6.038365602493286
