architecture,t_cbt,t_hxt,eta_hpfp,eta_r,p_cbt,qm_cb0,t0,p0,tpr_hx,Q_hx,pcc,v
pump,300,230,0.154,0.71,1330000.0,0.10998,25.2,345000.0,0.95,159000.0,True,0
P_hpfp,P_rv,p_hpfp
17401.39407837583,100947.34404395217,1889258.8433249607
Q,Q_phc
373948.28429813136,214948.28429813136
qm_cb,qm_phc/qm_t,qm_r,qm_v,qm,m_z
0.10998,0.0018495540406603256,0.2397605862976319,0,0.11182955404066032,0.18495540406603198
number of iterations,12,Execution time: ,6.055919647216797
