architecture,t_cbt,t_hxt,eta_hpfp,eta_r,p_cbt,qm_cb0,t0,p0,tpr_hx,Q_hx,pcc,v
pump,310,130,0.154,0.71,1330000.0,0.10840711966136722,25.2,345000.0,0.95,159000.0,True,0
P_hpfp,P_rv,p_hpfp
17332.20695610327,23089.911974919363,1889258.8597899457
Q,Q_phc
466785.830626782,307785.830626782
qm_cb,qm_phc/qm_t,qm_r,qm_v,qm,qm_pot
0.10840711966136722,0.002370509501012125,0.05309919291573977,0,0.11077762916237935,0.0006800621151336781
number of iterations,14,Execution time: ,6.101752758026123
