architecture,t_cbt,t_hxt,eta_hpfp,eta_r,p_cbt,qm_cb0,t0,p0,tpr_hx,Q_hx,pcc,v
pump,310,180,0.154,0.71,1330000.0,0.11,25.2,345000.0,0.95,149000.0,True,0
P_hpfp,P_rv,p_hpfp
17506.518791962248,47460.95483329414,1889366.2727081615
Q,Q_phc
446971.6854155059,297971.6854155059
qm_cb,qm_phc/qm_t,qm_r,qm_v,qm,m_z
0.11,0.0024976430117162685,0.10909022712069515,0,0.11249764301171628,0.24976430117162685
number of iterations,9,Execution time: ,4.323146820068359
