architecture,t_cbt,t_hxt,eta_hpfp,eta_r,p_cbt,qm_cb0,t0,p0,tpr_hx,Q_hx,pcc,v
pump,310,150,0.154,0.71,1330000.0,0.10998,25.2,345000.0,0.95,159000.0,True,0
P_hpfp,P_rv,p_hpfp
17499.73945251404,31234.292171321566,1889258.8433249607
Q,Q_phc
463042.23540949484,304042.23540949484
qm_cb,qm_phc/qm_t,qm_r,qm_v,qm,m_z
0.10998,0.0024815677334888014,0.07180401541333707,0,0.1124615677334888,0.24815677334888056
number of iterations,12,Execution time: ,5.604211330413818
