architecture,t_cbt,t_hxt,eta_hpfp,eta_r,p_cbt,qm_cb0,t0,p0,tpr_hx,Q_hx,pcc,v
pump,310,170,0.154,0.71,1330000.0,0.11,25.2,345000.0,0.95,149000.0,True,0
P_hpfp,P_rv,p_hpfp
17511.86161100597,41396.87535558774,1889366.2727081615
Q,Q_phc
453186.6609198611,304186.6609198611
qm_cb,qm_phc/qm_t,qm_r,qm_v,qm,m_z
0.11,0.0025319412304859196,0.09514643373005262,0,0.11253194123048592,0.25319412304859196
number of iterations,9,Execution time: ,4.2630767822265625
