architecture,t_cbt,t_hxt,eta_hpfp,eta_r,p_cbt,qm_cb0,t0,p0,tpr_hx,Q_hx,pcc,v
pump,310,140,0.154,0.71,1330000.0,0.10998,25.2,345000.0,0.95,159000.0,True,0
P_hpfp,P_rv,p_hpfp
17502.65266590548,27035.233749572555,1889258.8433249607
Q,Q_phc
467323.5769419799,308323.5769419799
qm_cb,qm_phc/qm_t,qm_r,qm_v,qm,m_z
0.10998,0.0025002894148048183,0.06214512434427406,0,0.11248028941480481,0.2500289414804811
number of iterations,12,Execution time: ,5.865018606185913
