architecture,t_cbt,t_hxt,eta_hpfp,eta_r,p_cbt,qm_cb0,t0,p0,tpr_hx,Q_hx,pcc,v
pump,310,160,0.154,0.71,1330000.0,0.11,25.2,345000.0,0.95,149000.0,True,0
P_hpfp,P_rv,p_hpfp
17516.23594834258,36014.89937920573,1889366.2728114282
Q,Q_phc
458692.18001942505,309692.18001942505
qm_cb,qm_phc/qm_t,qm_r,qm_v,qm,m_z
0.11,0.0025599267817334936,0.08279394307876456,0,0.11255992678173349,0.25599267817334936
number of iterations,10,Execution time: ,4.839653015136719
