architecture,t_cbt,t_hxt,eta_hpfp,eta_r,p_cbt,qm_cb0,t0,p0,tpr_hx,Q_hx,pcc,v
pump,310,180,0.154,0.71,1330000.0,0.10998,25.2,345000.0,0.95,159000.0,True,0
P_hpfp,P_rv,p_hpfp
17486.201506449463,47377.24762351997,1889258.8433249607
Q,Q_phc
446516.90346594737,287516.90346594737
qm_cb,qm_phc/qm_t,qm_r,qm_v,qm,m_z
0.10998,0.0023945665159881002,0.10893314993284288,0,0.1123745665159881,0.23945665159881016
number of iterations,12,Execution time: ,5.608213901519775
