architecture,t_cbt,t_hxt,eta_hpfp,eta_r,p_cbt,qm_cb0,t0,p0,tpr_hx,Q_hx,pcc,v
pump,310,180,0.154,0.71,1330000.0,0.10840711966136722,25.2,345000.0,0.95,159000.0,True,0
P_hpfp,P_rv,p_hpfp
17328.546620208526,46992.93666815877,1889258.855973307
Q,Q_phc
442779.35467458353,283779.35467458353
qm_cb,qm_phc/qm_t,qm_r,qm_v,qm,qm_pot
0.10840711966136722,0.0022909998829673474,0.10807607169248554,0,0.11069811954433458,0.0007360342253735006
number of iterations,13,Execution time: ,5.82640266418457
