architecture,t_cbt,t_hxt,eta_hpfp,eta_r,p_cbt,qm_cb0,t0,p0,tpr_hx,Q_hx,pcc,v
pump,310,120,0.154,0.71,1330000.0,0.10998,25.2,345000.0,0.95,159000.0,True,0
P_hpfp,P_rv,p_hpfp
17506.7809529491,20022.47484296564,1889258.855973307
Q,Q_phc
474452.92466787726,315452.92466787726
qm_cb,qm_phc/qm_t,qm_r,qm_v,qm,m_z
0.10998,0.002526816700075943,0.04602350294663722,0,0.11250681670007594,0.2526816700075938
number of iterations,13,Execution time: ,6.484224319458008
