architecture,t_cbt,t_hxt,eta_hpfp,eta_r,p_cbt,qm_cb0,t0,p0,tpr_hx,Q_hx,pcc,v
pump,310,110,0.154,0.71,1330000.0,0.10998,25.2,345000.0,0.95,159000.0,True,0
P_hpfp,P_rv,p_hpfp
17508.168214856458,17120.741642191355,1889258.8597899457
Q,Q_phc
477393.8366304759,318393.8366304759
qm_cb,qm_phc/qm_t,qm_r,qm_v,qm,m_z
0.10998,0.0025357309833662356,0.03935605778781781,0,0.11251573098336623,0.25357309833662356
number of iterations,14,Execution time: ,6.792068004608154
