architecture,t_cbt,t_hxt,eta_hpfp,eta_r,p_cbt,qm_cb0,t0,p0,tpr_hx,Q_hx,pcc,v
pump,310,130,0.154,0.71,1330000.0,0.10840711966136722,25.2,345000.0,0.95,159000.0,True,0
P_hpfp,P_rv,p_hpfp
17301.512320453705,23048.82704369241,1889258.8597899457
Q,Q_phc
465959.36548369913,306959.36548369913
qm_cb,qm_phc/qm_t,qm_r,qm_v,qm,qm_pot
0.10840711966136722,0.002391477911735745,0.053004816175812215,0,0.11079859757310297,0.0004617066530801382
number of iterations,14,Execution time: ,5.712859392166138
