architecture,t_cbt,t_hxt,eta_hpfp,eta_r,p_cbt,qm_cb0,t0,p0,tpr_hx,Q_hx,pcc,v
pump,310,120,0.154,0.71,1330000.0,0.10840711966136722,25.2,345000.0,0.95,159000.0,True,0
P_hpfp,P_rv,p_hpfp
17327.376405141476,19817.893013240264,1889258.8609416161
Q,Q_phc
469921.31814679847,310921.31814679847
qm_cb,qm_phc/qm_t,qm_r,qm_v,qm,qm_pot
0.10840711966136722,0.0023764375352547766,0.04557880839255603,0,0.110783557196622,0.0006430701329658457
number of iterations,15,Execution time: ,6.545231103897095
