architecture,t_cbt,t_hxt,eta_hpfp,eta_r,p_cbt,qm_cb0,t0,p0,tpr_hx,Q_hx,pcc,v
pump,310,130,0.154,0.71,1330000.0,0.10840711966136722,25.2,345000.0,0.95,159000.0,True,0
P_hpfp,P_rv,p_hpfp
17227.386944975824,22949.64894590433,1889258.8597899457
Q,Q_phc
463963.47147383104,304963.47147383104
qm_cb,qm_phc/qm_t,qm_r,qm_v,qm
0.10840711966136722,0.0023765087879360075,0.05277696535436716,0,0.11078362844930323
number of iterations,14,Execution time: ,6.24091362953186
