architecture,t_cbt,t_hxt,eta_hpfp,eta_r,p_cbt,qm_cb0,t0,p0,tpr_hx,Q_hx,pcc,v
pump,310,140,0.154,0.71,1330000.0,0.10840711966136722,25.2,345000.0,0.95,159000.0,True,0
P_hpfp,P_rv,p_hpfp
17225.364197235547,26612.173321217226,1889258.8597899457
Q,Q_phc
460243.7763611808,301243.7763611808
qm_cb,qm_phc/qm_t,qm_r,qm_v,qm
0.10840711966136722,0.0023635011661288785,0.061203505992821476,0,0.1107706208274961
number of iterations,14,Execution time: ,6.029641389846802
