architecture,t_cbt,t_hxt,eta_hpfp,eta_r,p_cbt,qm_cb0,t0,p0,tpr_hx,Q_hx,pcc,v
pump,310,190,0.154,0.71,1330000.0,0.10840711966136722,25.2,345000.0,0.95,159000.0,True,0
P_hpfp,P_rv,p_hpfp
17366.98843780977,53958.14225167013,1889258.855973307
Q,Q_phc
436900.66474080266,277900.66474080266
qm_cb,qm_phc/qm_t,qm_r,qm_v,qm,qm_pot
0.10840711966136722,0.002251486951526503,0.12409631649084893,0,0.11065860661289373,0.0010227537753295004
number of iterations,13,Execution time: ,5.697161912918091
