architecture,t_cbt,t_hxt,eta_hpfp,eta_r,p_cbt,qm_cb0,t0,p0,tpr_hx,Q_hx,pcc,v
pump,310,100,0.154,0.71,1330000.0,0.10840711966136722,25.2,345000.0,0.95,159000.0,True,0
P_hpfp,P_rv,p_hpfp
17230.918182627553,14350.39596013942,1889258.8609416161
Q,Q_phc
472662.5297716073,313662.5297716073
qm_cb,qm_phc/qm_t,qm_r,qm_v,qm
0.10840711966136722,0.0023992167389057656,0.032999478378991955,0,0.11080633640027299
number of iterations,15,Execution time: ,6.647290229797363
