architecture,t_cbt,t_hxt,eta_hpfp,eta_r,p_cbt,qm_cb0,t0,p0,tpr_hx,Q_hx,pcc,v
pump,310,150,0.154,0.71,1330000.0,0.11,25.2,345000.0,0.95,149000.0,True,0
P_hpfp,P_rv,p_hpfp
17519.72998574243,31269.08274103113,1889366.2728114282
Q,Q_phc
463536.67796347424,314536.67796347424
qm_cb,qm_phc/qm_t,qm_r,qm_v,qm,m_z
0.11,0.002582369400262286,0.0718788324585447,0,0.11258236940026228,0.2582369400262286
number of iterations,10,Execution time: ,4.6854822635650635
