architecture,t_cbt,t_hxt,eta_hpfp,eta_r,p_cbt,qm_cb0,t0,p0,tpr_hx,Q_hx,pcc,v
pump,310,190,0.154,0.71,1330000.0,0.11,25.2,345000.0,0.95,149000.0,True,0
P_hpfp,P_rv,p_hpfp
17499.973318050575,54352.417981305276,1889366.2727081615
Q,Q_phc
439895.35993213917,290895.35993213917
qm_cb,qm_phc/qm_t,qm_r,qm_v,qm,m_z
0.11,0.002455631825852559,0.12493414219346753,0,0.11245563182585255,0.2455631825852559
number of iterations,9,Execution time: ,4.411251544952393
