architecture,t_cbt,t_hxt,eta_hpfp,eta_r,p_cbt,qm_cb0,t0,p0,tpr_hx,Q_hx,pcc,v
pump,310,100,0.154,0.71,1330000.0,0.10840711966136722,25.2,345000.0,0.95,159000.0,True,0
P_hpfp,P_rv,p_hpfp
17318.70624807124,14423.86608495264,1889258.8609416161
Q,Q_phc
475070.29263408587,316070.29263408587
qm_cb,qm_phc/qm_t,qm_r,qm_v,qm,qm_pot
0.10840711966136722,0.0023819681296236932,0.03316825613869823,0,0.11078908779099092,0.000581784625783502
number of iterations,15,Execution time: ,6.618670225143433
