architecture,t_cbt,t_hxt,eta_hpfp,eta_r,p_cbt,qm_cb0,t0,p0,tpr_hx,Q_hx,pcc,v
pump,310,170,0.154,0.71,1330000.0,0.10840711966136722,25.2,345000.0,0.95,159000.0,True,0
P_hpfp,P_rv,p_hpfp
17215.427366642845,40705.07719443543,1889258.855973307
Q,Q_phc
445870.02299153473,286870.02299153473
qm_cb,qm_phc/qm_t,qm_r,qm_v,qm
0.10840711966136722,0.0022996015906331935,0.09361347210839388,0,0.11070672125200041
number of iterations,13,Execution time: ,5.355316638946533
