architecture,t_cbt,t_hxt,eta_hpfp,eta_r,p_cbt,qm_cb0,t0,p0,tpr_hx,Q_hx,pcc,v
pump,310,110,0.154,0.71,1330000.0,0.10840711966136722,25.2,345000.0,0.95,159000.0,True,0
P_hpfp,P_rv,p_hpfp
17322.882474177557,16946.869515091934,1889258.8609416161
Q,Q_phc
472665.32563549344,313665.32563549344
qm_cb,qm_phc/qm_t,qm_r,qm_v,qm,qm_pot
0.10840711966136722,0.002380092159295568,0.03897327552868131,0,0.11078721182066278,0.0006105165250827556
number of iterations,15,Execution time: ,6.748930931091309
