architecture,t_cbt,t_hxt,eta_hpfp,eta_r,p_cbt,qm_cb0,t0,p0,tpr_hx,Q_hx,pcc,v
pump,310,140,0.154,0.71,1330000.0,0.10840711966136722,25.2,345000.0,0.95,159000.0,True,0
P_hpfp,P_rv,p_hpfp
17306.27362004349,26737.73006905356,1889258.8597899457
Q,Q_phc
462405.03534788423,303405.03534788423
qm_cb,qm_phc/qm_t,qm_r,qm_v,qm,qm_pot
0.10840711966136722,0.0023798463492929393,0.06149194078233556,0,0.11078696601066015,0.0005039565586515488
number of iterations,14,Execution time: ,5.9305665493011475
