architecture,t_cbt,t_hxt,eta_hpfp,eta_r,p_cbt,qm_cb0,t0,p0,tpr_hx,Q_hx,pcc,v
pump,310,190,0.154,0.71,1330000.0,0.10840711966136722,25.2,345000.0,0.95,159000.0,True,0
P_hpfp,P_rv,p_hpfp
17204.256343472476,53449.36603830251,1889258.855973307
Q,Q_phc
432809.9974771489,273809.9974771489
qm_cb,qm_phc/qm_t,qm_r,qm_v,qm
0.10840711966136722,0.002227764434233684,0.12292854349680257,0,0.1106348840956009
number of iterations,13,Execution time: ,6.208969354629517
