architecture,t_cbt,t_hxt,eta_hpfp,eta_r,p_cbt,qm_cb0,t0,p0,tpr_hx,Q_hx,pcc,v
pump,310,160,0.154,0.71,1330000.0,0.10840711966136722,25.2,345000.0,0.95,159000.0,True,0
P_hpfp,P_rv,p_hpfp
17219.491759285786,35433.63182254097,1889258.855973307
Q,Q_phc
451256.34394655103,292256.34394655103
qm_cb,qm_phc/qm_t,qm_r,qm_v,qm
0.10840711966136722,0.00232573835586114,0.08148655998029943,0,0.11073285801722836
number of iterations,13,Execution time: ,6.122243642807007
