architecture,t_cbt,t_hxt,eta_hpfp,eta_r,p_cbt,qm_cb0,t0,p0,tpr_hx,Q_hx,pcc,v
pump,310,150,0.154,0.71,1330000.0,0.10840711966136722,25.2,345000.0,0.95,159000.0,True,0
P_hpfp,P_rv,p_hpfp
17311.35017650399,30908.435859140358,1889258.8597899457
Q,Q_phc
458377.8128356192,299377.8128356192
qm_cb,qm_phc/qm_t,qm_r,qm_v,qm,qm_pot
0.10840711966136722,0.0023647269988415305,0.0710874885869482,0,0.11077184666020876,0.0005517215649135837
number of iterations,14,Execution time: ,5.138240575790405
