architecture,t_cbt,t_hxt,eta_hpfp,eta_r,p_cbt,qm_cb0,t0,p0,tpr_hx,Q_hx,pcc,v
pump,310,160,0.154,0.71,1330000.0,0.10998,25.2,345000.0,0.95,159000.0,True,0
P_hpfp,P_rv,p_hpfp
17496.116925661845,35972.87985949781,1889258.8433249607
Q,Q_phc
458201.33019833884,299201.33019833884
qm_cb,qm_phc/qm_t,qm_r,qm_v,qm,m_z
0.10998,0.002458287669802134,0.08270352789119167,0,0.11243828766980213,0.245828766980214
number of iterations,12,Execution time: ,5.977647304534912
