architecture,t_cbt,t_hxt,eta_hpfp,eta_r,p_cbt,qm_cb0,t0,p0,tpr_hx,Q_hx,pcc,v
pump,310,230,0.154,0.71,1330000.0,0.11,25.2,345000.0,0.95,149000.0,True,0
P_hpfp,P_rv,p_hpfp
17455.35762122718,94286.58193335407,1889366.2728114282
Q,Q_phc
398701.1246790941,249701.12467909412
qm_cb,qm_phc/qm_t,qm_r,qm_v,qm,m_z
0.11,0.0021691493422915198,0.21675327291356047,0,0.11216914934229152,0.21691493422915198
number of iterations,10,Execution time: ,5.04176139831543
