architecture,t_cbt,t_hxt,eta_hpfp,eta_r,p_cbt,qm_cb0,t0,p0,tpr_hx,Q_hx,pcc,v
pump,310,270,0.154,0.71,1330000.0,0.10998,25.2,345000.0,0.95,159000.0,True,0
P_hpfp,P_rv,p_hpfp
17322.701450818724,178603.020463841,1889258.855973307
Q,Q_phc
310673.0916621705,151673.09166217048
qm_cb,qm_phc/qm_t,qm_r,qm_v,qm,m_z
0.10998,0.001343835153663514,0.4104650729020714,0,0.11132383515366351,0.13438351536635174
number of iterations,13,Execution time: ,6.540777683258057
