architecture,t_cbt,t_hxt,eta_hpfp,eta_r,p_cbt,qm_cb0,t0,p0,tpr_hx,Q_hx,pcc,v
pump,310,230,0.154,0.71,1330000.0,0.10840711966136722,25.2,345000.0,0.95,159000.0,True,0
P_hpfp,P_rv,p_hpfp
17365.994733597527,93901.28356248379,1889258.855973307
Q,Q_phc
396929.4374745068,237929.4374745068
qm_cb,qm_phc/qm_t,qm_r,qm_v,qm,qm_pot
0.10840711966136722,0.0019942669027861733,0.21592640835807342,0,0.1104013865641534,0.0012735836408412087
number of iterations,13,Execution time: ,5.723170757293701
