architecture,t_cbt,t_hxt,eta_hpfp,eta_r,p_cbt,qm_cb0,t0,p0,tpr_hx,Q_hx,pcc,v
pump,310,270,0.154,0.71,1330000.0,0.10840711966136722,25.2,345000.0,0.95,159000.0,True,0
P_hpfp,P_rv,p_hpfp
17436.439710393366,179800.5009852406,1889258.8612891329
Q,Q_phc
313021.2640084438,154021.2640084438
qm_cb,qm_phc/qm_t,qm_r,qm_v,qm,qm_pot
0.10840711966136722,0.0013403964142759683,0.4134575947762168,0,0.10974751607564319,0.002380461219088914
number of iterations,16,Execution time: ,7.059909343719482
