architecture,t_cbt,t_hxt,eta_hpfp,eta_r,p_cbt,qm_cb0,t0,p0,tpr_hx,Q_hx,pcc,v
pump,310,240,0.154,0.71,1330000.0,0.10840711966136722,25.2,345000.0,0.95,159000.0,True,0
P_hpfp,P_rv,p_hpfp
17375.687564960666,108856.71316175177,1889258.8597899457
Q,Q_phc
382247.96096648485,223247.96096648485
qm_cb,qm_phc/qm_t,qm_r,qm_v,qm,qm_pot
0.10840711966136722,0.0018855003247388402,0.2503432808860518,0,0.11029261998610607,0.0014446807081915558
number of iterations,14,Execution time: ,6.284978151321411
