architecture,t_cbt,t_hxt,eta_hpfp,eta_r,p_cbt,qm_cb0,t0,p0,tpr_hx,Q_hx,pcc,v
pump,310,230,0.154,0.71,1330000.0,0.10840711966136722,25.2,345000.0,0.95,159000.0,True,0
P_hpfp,P_rv,p_hpfp
17396.333123539895,94065.59645380481,1889258.855973307
Q,Q_phc
397622.605772081,238622.605772081
qm_cb,qm_phc/qm_t,qm_r,qm_v,qm,qm_pot
0.10840711966136722,0.0020033972287131444,0.21630420697358732,0,0.11041051689008037,0.0014595494694884855
number of iterations,13,Execution time: ,5.72596001625061
