architecture,t_cbt,t_hxt,eta_hpfp,eta_r,p_cbt,qm_cb0,t0,p0,tpr_hx,Q_hx,pcc,v
pump,310,250,0.154,0.71,1330000.0,0.10840711966136722,25.2,345000.0,0.95,159000.0,True,0
P_hpfp,P_rv,p_hpfp
17386.750102190585,127213.50533909068,1889258.8597899457
Q,Q_phc
364203.8392213818,205203.83922138182
qm_cb,qm_phc/qm_t,qm_r,qm_v,qm,qm_pot
0.10840711966136722,0.001746071779755808,0.2925161510892488,0,0.11015319144112302,0.0016552487717852958
number of iterations,14,Execution time: ,5.578557968139648
