architecture,t_cbt,t_hxt,eta_hpfp,eta_r,p_cbt,qm_cb0,t0,p0,tpr_hx,Q_hx,pcc,v
pump,310,210,0.154,0.71,1330000.0,0.10840711966136722,25.2,345000.0,0.95,159000.0,True,0
P_hpfp,P_rv,p_hpfp
17349.231899706927,70796.5401240607,1889258.855973307
Q,Q_phc
419560.3978690349,260560.3978690349
qm_cb,qm_phc/qm_t,qm_r,qm_v,qm,qm_pot
0.10840711966136722,0.00215132811351204,0.1628183412424425,0,0.11055844777487926,0.001008726187861368
number of iterations,13,Execution time: ,5.6642091274261475
