architecture,t_cbt,t_hxt,eta_hpfp,eta_r,p_cbt,qm_cb0,t0,p0,tpr_hx,Q_hx,pcc,v
pump,310,280,0.154,0.71,1330000.0,0.10840711966136722,25.2,345000.0,0.95,159000.0,True,0
P_hpfp,P_rv,p_hpfp
17433.92485300411,219005.43991078396,1889258.861393996
Q,Q_phc
273745.24529507436,114745.24529507436
qm_cb,qm_phc/qm_t,qm_r,qm_v,qm,qm_pot
0.10840711966136722,0.0009981794276121333,0.5036016914782458,0,0.10940529908897935,0.0027065059646566806
number of iterations,17,Execution time: ,7.367027759552002
