architecture,t_cbt,t_hxt,eta_hpfp,eta_r,p_cbt,qm_cb0,t0,p0,tpr_hx,Q_hx,pcc,v
pump,310,260,0.154,0.71,1330000.0,0.10840711966136722,25.2,345000.0,0.95,159000.0,True,0
P_hpfp,P_rv,p_hpfp
17399.522193606917,150097.5448819999,1889258.8609416161
Q,Q_phc
341680.78753364336,182680.78753364336
qm_cb,qm_phc/qm_t,qm_r,qm_v,qm,qm_pot
0.10840711966136722,0.0015662076772360173,0.34515160517333093,0,0.10997332733860324,0.0019172456972920277
number of iterations,15,Execution time: ,6.773406982421875
