architecture,t_cbt,t_hxt,eta_hpfp,eta_r,p_cbt,qm_cb0,t0,p0,tpr_hx,Q_hx,pcc,v
pump,310,220,0.154,0.71,1330000.0,0.10840711966136722,25.2,345000.0,0.95,159000.0,True,0
P_hpfp,P_rv,p_hpfp
17357.226742288087,81386.22514369294,1889258.855973307
Q,Q_phc
409196.67827256944,250196.67827256944
qm_cb,qm_phc/qm_t,qm_r,qm_v,qm,qm_pot
0.10840711966136722,0.0020813751843882693,0.18716363236555747,0,0.11048849484575549,0.0011300913061940516
number of iterations,13,Execution time: ,5.575596809387207
