architecture,t_cbt,t_hxt,eta_hpfp,eta_r,p_cbt,qm_cb0,t0,p0,tpr_hx,Q_hx,pcc,v
pump,310,200,0.154,0.71,1330000.0,0.11,25.2,345000.0,0.95,149000.0,True,0
P_hpfp,P_rv,p_hpfp
17491.9684251289,62231.7142555305,1889366.2727081615
Q,Q_phc
431789.9832824147,282789.9832824147
qm_cb,qm_phc/qm_t,qm_r,qm_v,qm,m_z
0.11,0.0024042687804061505,0.14304573132954512,0,0.11240426878040616,0.24042687804061505
number of iterations,9,Execution time: ,4.329182386398315
