architecture,t_cbt,t_hxt,eta_hpfp,eta_r,p_cbt,qm_cb0,t0,p0,tpr_hx,Q_hx,pcc,v
pump,310,210,0.154,0.71,1330000.0,0.10840711966136722,25.2,345000.0,0.95,159000.0,True,0
P_hpfp,P_rv,p_hpfp
17380.85270558812,70925.91474934595,1889258.855973307
Q,Q_phc
420324.750507205,261324.75050720503
qm_cb,qm_phc/qm_t,qm_r,qm_v,qm,qm_pot
0.10840711966136722,0.0021551264660156946,0.16311569341344162,0,0.11056224612738291,0.0012082707828140163
number of iterations,13,Execution time: ,5.503907918930054
