architecture,t_cbt,t_hxt,eta_hpfp,eta_r,p_cbt,qm_cb0,t0,p0,tpr_hx,Q_hx,pcc,v
pump,310,280,0.154,0.71,1330000.0,0.10840711966136722,25.2,345000.0,0.95,159000.0,True,0
P_hpfp,P_rv,p_hpfp
17450.45800487819,219209.23887896584,1889258.861393996
Q,Q_phc
274008.7376559108,115008.73765591078
qm_cb,qm_phc/qm_t,qm_r,qm_v,qm,qm_pot
0.10840711966136722,0.0010095589195495054,0.5040739403351965,0,0.10941667858091672,0.0028014457046454193
number of iterations,17,Execution time: ,8.10966420173645
