architecture,t_cbt,t_hxt,eta_hpfp,eta_r,p_cbt,qm_cb0,t0,p0,tpr_hx,Q_hx,pcc,v
pump,310,270,0.154,0.71,1330000.0,0.10840711966136722,25.2,345000.0,0.95,159000.0,True,0
P_hpfp,P_rv,p_hpfp
17055.477682316283,175920.3424482727,1889258.8609416161
Q,Q_phc
306133.95075775194,147133.95075775194
qm_cb,qm_phc/qm_t,qm_r,qm_v,qm
0.10840711966136722,0.001271016901283506,0.40448855729329036,0,0.10967813656265073
number of iterations,15,Execution time: ,6.7687437534332275
