architecture,t_cbt,t_hxt,eta_hpfp,eta_r,p_cbt,qm_cb0,t0,p0,tpr_hx,Q_hx,pcc,v
pump,310,240,0.154,0.71,1330000.0,0.10998,25.2,345000.0,0.95,159000.0,True,0
P_hpfp,P_rv,p_hpfp
17416.098157213244,109020.41284802248,1889258.8433249607
Q,Q_phc
382893.6836168438,223893.68361684377
qm_cb,qm_phc/qm_t,qm_r,qm_v,qm,m_z
0.10998,0.0019440493765834344,0.25064628458385374,0,0.11192404937658343,0.1944049376583441
number of iterations,12,Execution time: ,5.837528705596924
