architecture,t_cbt,t_hxt,eta_hpfp,eta_r,p_cbt,qm_cb0,t0,p0,tpr_hx,Q_hx,pcc,v
pump,310,280,0.154,0.71,1330000.0,0.11,25.2,345000.0,0.95,149000.0,True,0
P_hpfp,P_rv,p_hpfp
17288.769072853527,217076.76563560104,1889366.2728247393
Q,Q_phc
271206.01834815345,122206.01834815345
qm_cb,qm_phc/qm_t,qm_r,qm_v,qm,m_z
0.11,0.001100973408692791,0.4988709541932553,0,0.1111009734086928,0.11009734086927911
number of iterations,12,Execution time: ,5.970447540283203
