architecture,t_cbt,t_hxt,eta_hpfp,eta_r,p_cbt,qm_cb0,t0,p0,tpr_hx,Q_hx,pcc,v
pump,310,260,0.154,0.71,1330000.0,0.10840711966136722,25.2,345000.0,0.95,159000.0,True,0
P_hpfp,P_rv,p_hpfp
17424.59973121721,150312.96587448783,1889258.8609416161
Q,Q_phc
342174.15552339616,183174.15552339616
qm_cb,qm_phc/qm_t,qm_r,qm_v,qm,qm_pot
0.10840711966136722,0.0015799252754995583,0.34564800053396555,0,0.10998704493686678,0.0020647934500147343
number of iterations,15,Execution time: ,6.731072425842285
