architecture,t_cbt,t_hxt,eta_hpfp,eta_r,p_cbt,qm_cb0,t0,p0,tpr_hx,Q_hx,pcc,v
pump,310,240,0.154,0.71,1330000.0,0.10840711966136722,25.2,345000.0,0.95,159000.0,True,0
P_hpfp,P_rv,p_hpfp
17144.366484428276,107453.11288682204,1889258.855973307
Q,Q_phc
377113.52970199,218113.52970199002
qm_cb,qm_phc/qm_t,qm_r,qm_v,qm
0.10840711966136722,0.0018426325528216186,0.2470737205390831,0,0.11024975221418884
number of iterations,13,Execution time: ,5.9595112800598145
