architecture,t_cbt,t_hxt,eta_hpfp,eta_r,p_cbt,qm_cb0,t0,p0,tpr_hx,Q_hx,pcc,v
pump,310,200,0.154,0.71,1330000.0,0.10840711966136722,25.2,345000.0,0.95,159000.0,True,0
P_hpfp,P_rv,p_hpfp
17196.715948948557,61199.31267830374,1889258.855973307
Q,Q_phc
424846.9298879676,265846.9298879676
qm_cb,qm_phc/qm_t,qm_r,qm_v,qm
0.10840711966136722,0.0021792746502212884,0.1407528701469149,0,0.11058639431158851
number of iterations,13,Execution time: ,5.985841512680054
