architecture,t_cbt,t_hxt,eta_hpfp,eta_r,p_cbt,qm_cb0,t0,p0,tpr_hx,Q_hx,pcc,v
pump,320,190,0.154,0.71,1330000.0,0.10827165283985414,25.2,345000.0,0.95,159000.0,True,0
P_hpfp,P_rv,p_hpfp
17368.006916837032,52028.47541103512,1889258.8433249607
Q,Q_phc
455377.59630374674,296377.59630374674
qm_cb,qm_phc/qm_t,qm_r,qm_v,qm,qm_pot
0.10827165283985414,0.002402809583010047,0.11592119839664997,0,0.11067446242286419,0.0010134504628861193
number of iterations,12,Execution time: ,4.906272649765015
