architecture,t_cbt,t_hxt,eta_hpfp,eta_r,p_cbt,qm_cb0,t0,p0,tpr_hx,Q_hx,pcc,v
pump,320,100,0.154,0.71,1330000.0,0.10827165283985414,25.2,345000.0,0.95,159000.0,True,0
P_hpfp,P_rv,p_hpfp
17287.169640811226,14239.525396752351,1889258.8609416161
Q,Q_phc
490804.8669513353,331804.8669513353
qm_cb,qm_phc/qm_t,qm_r,qm_v,qm,qm_pot
0.10827165283985414,0.00253615045158281,0.03172576039965241,0,0.11080780329143695,0.00036026763351099507
number of iterations,15,Execution time: ,6.977057933807373
