architecture,t_cbt,t_hxt,eta_hpfp,eta_r,p_cbt,qm_cb0,t0,p0,tpr_hx,Q_hx,pcc,v
pump,320,110,0.154,0.71,1330000.0,0.10827165283985414,25.2,345000.0,0.95,159000.0,True,0
P_hpfp,P_rv,p_hpfp
17291.093704865,16702.171645669725,1889258.8609416161
Q,Q_phc
488456.8621727541,329456.8621727541
qm_cb,qm_phc/qm_t,qm_r,qm_v,qm,qm_pot
0.10827165283985414,0.0025332099679013205,0.03721567724759659,0,0.11080486280775546,0.0003884424753961722
number of iterations,15,Execution time: ,6.325281858444214
