architecture,t_cbt,t_hxt,eta_hpfp,eta_r,p_cbt,qm_cb0,t0,p0,tpr_hx,Q_hx,pcc,v
pump,320,170,0.154,0.71,1330000.0,0.10998,25.2,345000.0,0.95,159000.0,True,0
P_hpfp,P_rv,p_hpfp
17515.85553245993,40216.623315503166,1889258.8433249607
Q,Q_phc
471163.3046080658,312163.3046080658
qm_cb,qm_phc/qm_t,qm_r,qm_v,qm,m_z
0.10998,0.0025851372535579953,0.08959505877263814,0,0.11256513725355799,0.258513725355799
number of iterations,12,Execution time: ,5.71554160118103
