architecture,t_cbt,t_hxt,eta_hpfp,eta_r,p_cbt,qm_cb0,t0,p0,tpr_hx,Q_hx,pcc,v
pump,320,120,0.154,0.71,1330000.0,0.10827165283985414,25.2,345000.0,0.95,159000.0,True,0
P_hpfp,P_rv,p_hpfp
17327.369383130772,19540.09914544126,1889258.8597899457
Q,Q_phc
486678.729328251,327678.729328251
qm_cb,qm_phc/qm_t,qm_r,qm_v,qm,qm_pot
0.10827165283985414,0.0025040529360654123,0.04353509874927061,0,0.11077570577591955,0.000650876669563788
number of iterations,14,Execution time: ,5.893483877182007
