architecture,t_cbt,t_hxt,eta_hpfp,eta_r,p_cbt,qm_cb0,t0,p0,tpr_hx,Q_hx,pcc,v
pump,320,130,0.154,0.71,1330000.0,0.11,25.2,345000.0,0.95,149000.0,True,0
P_hpfp,P_rv,p_hpfp
17547.282846310147,22979.663056668564,1889366.2728114282
Q,Q_phc
489281.1902202348,340281.1902202348
qm_cb,qm_phc/qm_t,qm_r,qm_v,qm,m_z
0.11,0.002759383341155145,0.0511754829182005,0,0.11275938334115515,0.2759383341155145
number of iterations,10,Execution time: ,4.62907338142395
