architecture,t_cbt,t_hxt,eta_hpfp,eta_r,p_cbt,qm_cb0,t0,p0,tpr_hx,Q_hx,pcc,v
pump,320,170,0.154,0.71,1330000.0,0.10827165283985414,25.2,345000.0,0.95,159000.0,True,0
P_hpfp,P_rv,p_hpfp
17216.29200721637,39561.139905266275,1889258.855973307
Q,Q_phc
463412.56895956805,304412.56895956805
qm_cb,qm_phc/qm_t,qm_r,qm_v,qm
0.10827165283985414,0.0024406286297881385,0.0881553636430544,0,0.11071228146964228
number of iterations,13,Execution time: ,5.760065793991089
