architecture,t_cbt,t_hxt,eta_hpfp,eta_r,p_cbt,qm_cb0,t0,p0,tpr_hx,Q_hx,pcc,v
pump,320,160,0.154,0.71,1330000.0,0.10827165283985414,25.2,345000.0,0.95,159000.0,True,0
P_hpfp,P_rv,p_hpfp
17349.038974884657,34817.12949913496,1889258.855973307
Q,Q_phc
472034.7800049946,313034.7800049946
qm_cb,qm_phc/qm_t,qm_r,qm_v,qm,qm_pot
0.10827165283985414,0.002471546266344659,0.07757964054422099,0,0.1107431991061988,0.0008227342207988716
number of iterations,13,Execution time: ,5.283241033554077
