architecture,t_cbt,t_hxt,eta_hpfp,eta_r,p_cbt,qm_cb0,t0,p0,tpr_hx,Q_hx,pcc,v
pump,320,160,0.154,0.71,1330000.0,0.10827165283985414,25.2,345000.0,0.95,159000.0,True,0
P_hpfp,P_rv,p_hpfp
17219.80978827135,34556.54424237917,1889258.855973307
Q,Q_phc
468519.9365424167,309519.9365424167
qm_cb,qm_phc/qm_t,qm_r,qm_v,qm
0.10827165283985414,0.0024632503166266417,0.07699978340627452,0,0.11073490315648078
number of iterations,13,Execution time: ,5.894229888916016
