architecture,t_cbt,t_hxt,eta_hpfp,eta_r,p_cbt,qm_cb0,t0,p0,tpr_hx,Q_hx,pcc,v
pump,320,130,0.154,0.71,1330000.0,0.10827165283985414,25.2,345000.0,0.95,159000.0,True,0
P_hpfp,P_rv,p_hpfp
17299.911489609964,22663.170098282248,1889258.8597899457
Q,Q_phc
482753.47644097323,323753.47644097323
qm_cb,qm_phc/qm_t,qm_r,qm_v,qm,qm_pot
0.10827165283985414,0.002521668309145023,0.05049716565467586,0,0.11079332114899916,0.0004566886634130266
number of iterations,14,Execution time: ,5.933929443359375
