architecture,t_cbt,t_hxt,eta_hpfp,eta_r,p_cbt,qm_cb0,t0,p0,tpr_hx,Q_hx,pcc,v
pump,320,110,0.154,0.71,1330000.0,0.10827165283985414,25.2,345000.0,0.95,159000.0,True,0
P_hpfp,P_rv,p_hpfp
17228.668651741857,16641.645505809905,1889258.8609416161
Q,Q_phc
486693.6413559435,327693.6413559435
qm_cb,qm_phc/qm_t,qm_r,qm_v,qm
0.10827165283985414,0.0025202175712346897,0.037080923085607294,0,0.11079187041108883
number of iterations,15,Execution time: ,7.098151922225952
