architecture,t_cbt,t_hxt,eta_hpfp,eta_r,p_cbt,qm_cb0,t0,p0,tpr_hx,Q_hx,pcc,v
pump,320,120,0.154,0.71,1330000.0,0.10827165283985414,25.2,345000.0,0.95,159000.0,True,0
P_hpfp,P_rv,p_hpfp
17295.354552895617,19503.809282383267,1889258.8597899457
Q,Q_phc
485779.70642125845,326779.70642125845
qm_cb,qm_phc/qm_t,qm_r,qm_v,qm,qm_pot
0.10827165283985414,0.002528506796586045,0.04345434217010875,0,0.11080015963644019,0.00042054602291375005
number of iterations,14,Execution time: ,5.901322841644287
