architecture,t_cbt,t_hxt,eta_hpfp,eta_r,p_cbt,qm_cb0,t0,p0,tpr_hx,Q_hx,pcc,v
pump,320,160,0.154,0.71,1330000.0,0.10827165283985414,25.2,345000.0,0.95,159000.0,True,0
P_hpfp,P_rv,p_hpfp
17315.446802349205,34749.44535984215,1889258.855973307
Q,Q_phc
471121.0693351205,312121.0693351205
qm_cb,qm_phc/qm_t,qm_r,qm_v,qm,qm_pot
0.10827165283985414,0.0024832424283531534,0.0774289851682005,0,0.1107548952682073,0.0005950179041970973
number of iterations,13,Execution time: ,5.798696994781494
