architecture,t_cbt,t_hxt,eta_hpfp,eta_r,p_cbt,qm_cb0,t0,p0,tpr_hx,Q_hx,pcc,v
pump,320,130,0.154,0.71,1330000.0,0.10827165283985414,25.2,345000.0,0.95,159000.0,True,0
P_hpfp,P_rv,p_hpfp
17332.348748382017,22705.854738562826,1889258.8597899457
Q,Q_phc
483658.4458139137,324658.4458139137
qm_cb,qm_phc/qm_t,qm_r,qm_v,qm,qm_pot
0.10827165283985414,0.0025002069739760535,0.05059217014396792,0,0.1107718598138302,0.0006867432829375974
number of iterations,14,Execution time: ,5.945096492767334
