architecture,t_cbt,t_hxt,eta_hpfp,eta_r,p_cbt,qm_cb0,t0,p0,tpr_hx,Q_hx,pcc,v
pump,320,100,0.154,0.71,1330000.0,0.10827165283985414,25.2,345000.0,0.95,159000.0,True,0
P_hpfp,P_rv,p_hpfp
17318.342907450715,14265.34906772013,1889258.8609416161
Q,Q_phc
491689.7697806894,332689.7697806894
qm_cb,qm_phc/qm_t,qm_r,qm_v,qm,qm_pot
0.10827165283985414,0.0025062151752577467,0.03178322157058195,0,0.11077786801511189,0.0005906678782922043
number of iterations,15,Execution time: ,6.3389692306518555
