architecture,t_cbt,t_hxt,eta_hpfp,eta_r,p_cbt,qm_cb0,t0,p0,tpr_hx,Q_hx,pcc,v
pump,320,170,0.154,0.71,1330000.0,0.11,25.2,345000.0,0.95,149000.0,True,0
P_hpfp,P_rv,p_hpfp
17536.24286265624,40282.220617143954,1889366.2727081615
Q,Q_phc
471656.3408178095,322656.3408178095
qm_cb,qm_phc/qm_t,qm_r,qm_v,qm,m_z
0.11,0.0026885509406341136,0.08971763477367001,0,0.11268855094063411,0.26885509406341135
number of iterations,9,Execution time: ,4.205678462982178
