architecture,t_cbt,t_hxt,eta_hpfp,eta_r,p_cbt,qm_cb0,t0,p0,tpr_hx,Q_hx,pcc,v
pump,320,110,0.154,0.71,1330000.0,0.10998,25.2,345000.0,0.95,159000.0,True,0
P_hpfp,P_rv,p_hpfp
17530.062021971105,16925.26899404223,1889258.8597899457
Q,Q_phc
494869.4024943186,335869.4024943186
qm_cb,qm_phc/qm_t,qm_r,qm_v,qm,m_z
0.10998,0.0026764308944753346,0.0376984830835783,0,0.11265643089447533,0.2676430894475337
number of iterations,14,Execution time: ,7.108615398406982
