architecture,t_cbt,t_hxt,eta_hpfp,eta_r,p_cbt,qm_cb0,t0,p0,tpr_hx,Q_hx,pcc,v
pump,320,120,0.154,0.71,1330000.0,0.10827165283985414,25.2,345000.0,0.95,159000.0,True,0
P_hpfp,P_rv,p_hpfp
17227.765362532267,19427.284603961256,1889258.8597899457
Q,Q_phc
483881.6139488202,324881.6139488202
qm_cb,qm_phc/qm_t,qm_r,qm_v,qm
0.10827165283985414,0.002514409087614161,0.043283986672921625,0,0.1107860619274683
number of iterations,14,Execution time: ,6.460505485534668
