architecture,t_cbt,t_hxt,eta_hpfp,eta_r,p_cbt,qm_cb0,t0,p0,tpr_hx,Q_hx,pcc,v
pump,320,130,0.154,0.71,1330000.0,0.10998,25.2,345000.0,0.95,159000.0,True,0
P_hpfp,P_rv,p_hpfp
17527.4102606693,22958.49545303915,1889258.8433249607
Q,Q_phc
488758.77574605163,329758.77574605163
qm_cb,qm_phc/qm_t,qm_r,qm_v,qm,m_z
0.10998,0.002659393379066982,0.05113023604896743,0,0.11263939337906698,0.2659393379066988
number of iterations,12,Execution time: ,6.107987642288208
