architecture,t_cbt,t_hxt,eta_hpfp,eta_r,p_cbt,qm_cb0,t0,p0,tpr_hx,Q_hx,pcc,v
pump,320,160,0.154,0.71,1330000.0,0.10998,25.2,345000.0,0.95,159000.0,True,0
P_hpfp,P_rv,p_hpfp
17519.76427142824,35130.08216311005,1889258.8433249607
Q,Q_phc
476363.96240455797,317363.96240455797
qm_cb,qm_phc/qm_t,qm_r,qm_v,qm,m_z
0.10998,0.0026102566511027464,0.07825888590436064,0,0.11259025665110274,0.26102566511027414
number of iterations,12,Execution time: ,5.930285453796387
