architecture,t_cbt,t_hxt,eta_hpfp,eta_r,p_cbt,qm_cb0,t0,p0,tpr_hx,Q_hx,pcc,v
pump,320,120,0.154,0.71,1330000.0,0.10998,25.2,345000.0,0.95,159000.0,True,0
P_hpfp,P_rv,p_hpfp
17528.930672829585,19756.206131757026,1889258.855973307
Q,Q_phc
492005.43963092804,333005.43963092804
qm_cb,qm_phc/qm_t,qm_r,qm_v,qm,m_z
0.10998,0.0026691612282476046,0.044001528436113616,0,0.1126491612282476,0.26691612282476035
number of iterations,13,Execution time: ,5.98736310005188
