architecture,t_cbt,t_hxt,eta_hpfp,eta_r,p_cbt,qm_cb0,t0,p0,tpr_hx,Q_hx,pcc,v
pump,320,170,0.154,0.71,1330000.0,0.10827165283985414,25.2,345000.0,0.95,159000.0,True,0
P_hpfp,P_rv,p_hpfp
17321.21416302973,39803.515908900554,1889258.855973307
Q,Q_phc
466235.4921405328,307235.4921405328
qm_cb,qm_phc/qm_t,qm_r,qm_v,qm,qm_pot
0.10827165283985414,0.0024625225564488427,0.08869458202518032,0,0.11073417539630298,0.0006528257657063387
number of iterations,13,Execution time: ,5.161006212234497
