architecture,t_cbt,t_hxt,eta_hpfp,eta_r,p_cbt,qm_cb0,t0,p0,tpr_hx,Q_hx,pcc,v
pump,320,180,0.154,0.71,1330000.0,0.10827165283985414,25.2,345000.0,0.95,159000.0,True,0
P_hpfp,P_rv,p_hpfp
17361.45498612471,45599.67624657996,1889258.8433249607
Q,Q_phc
461614.98090688774,302614.98090688774
qm_cb,qm_phc/qm_t,qm_r,qm_v,qm,qm_pot
0.10827165283985414,0.002431581458947137,0.10159481969328124,0,0.11070323429880127,0.0009425452857512959
number of iterations,12,Execution time: ,5.448436498641968
