architecture,t_cbt,t_hxt,eta_hpfp,eta_r,p_cbt,qm_cb0,t0,p0,tpr_hx,Q_hx,pcc,v
pump,320,100,0.154,0.71,1330000.0,0.11,25.2,345000.0,0.95,149000.0,True,0
P_hpfp,P_rv,p_hpfp
17550.34538196946,14441.778921237854,1889366.2728247393
Q,Q_phc
497908.47944791213,348908.47944791213
qm_cb,qm_phc/qm_t,qm_r,qm_v,qm,m_z
0.11,0.0027790079691753433,0.03216725196038329,0,0.11277900796917534,0.27790079691753433
number of iterations,12,Execution time: ,5.8078014850616455
