architecture,t_cbt,t_hxt,eta_hpfp,eta_r,p_cbt,qm_cb0,t0,p0,tpr_hx,Q_hx,pcc,v
pump,320,270,0.154,0.71,1330000.0,0.10827165283985414,25.2,345000.0,0.95,159000.0,True,0
P_hpfp,P_rv,p_hpfp
17082.944450961295,157148.10970679257,1889258.8597899457
Q,Q_phc
341929.84815482295,182929.84815482295
qm_cb,qm_phc/qm_t,qm_r,qm_v,qm
0.10827165283985414,0.001583113696710589,0.3501045166819375,0,0.10985476653656473
number of iterations,14,Execution time: ,6.245830535888672
