architecture,t_cbt,t_hxt,eta_hpfp,eta_r,p_cbt,qm_cb0,t0,p0,tpr_hx,Q_hx,pcc,v
pump,320,230,0.154,0.71,1330000.0,0.10827165283985414,25.2,345000.0,0.95,159000.0,True,0
P_hpfp,P_rv,p_hpfp
17397.04631324368,88363.52774831073,1889258.855973307
Q,Q_phc
419890.9154150438,260890.91541504383
qm_cb,qm_phc/qm_t,qm_r,qm_v,qm,qm_pot
0.10827165283985414,0.002193268592442595,0.1968990805336173,0,0.11046492143229673,0.001409731214446706
number of iterations,13,Execution time: ,5.431496858596802
