architecture,t_cbt,t_hxt,eta_hpfp,eta_r,p_cbt,qm_cb0,t0,p0,tpr_hx,Q_hx,pcc,v
pump,320,200,0.154,0.71,1330000.0,0.11,25.2,345000.0,0.95,149000.0,True,0
P_hpfp,P_rv,p_hpfp
17518.855353750656,59756.11049468615,1889366.2727081615
Q,Q_phc
451674.85439488536,302674.85439488536
qm_cb,qm_phc/qm_t,qm_r,qm_v,qm,m_z
0.11,0.002576905410103109,0.1331065124948416,0,0.11257690541010311,0.2576905410103109
number of iterations,9,Execution time: ,4.591587543487549
