architecture,t_cbt,t_hxt,eta_hpfp,eta_r,p_cbt,qm_cb0,t0,p0,tpr_hx,Q_hx,pcc,v
pump,320,250,0.154,0.71,1330000.0,0.10827165283985414,25.2,345000.0,0.95,159000.0,True,0
P_hpfp,P_rv,p_hpfp
17136.62440493078,115396.59503582699,1889258.855973307
Q,Q_phc
385249.6260412098,226249.6260412098
qm_cb,qm_phc/qm_t,qm_r,qm_v,qm
0.10827165283985414,0.0019283126209427431,0.25710589603845857,0,0.11019996546079688
number of iterations,13,Execution time: ,6.30669903755188
