architecture,t_cbt,t_hxt,eta_hpfp,eta_r,p_cbt,qm_cb0,t0,p0,tpr_hx,Q_hx,pcc,v
pump,320,260,0.154,0.71,1330000.0,0.10827165283985414,25.2,345000.0,0.95,159000.0,True,0
P_hpfp,P_rv,p_hpfp
17394.13664848521,136209.18140037236,1889258.8597899457
Q,Q_phc
371960.2516977599,212960.2516977599
qm_cb,qm_phc/qm_t,qm_r,qm_v,qm,qm_pot
0.10827165283985414,0.0018283858875078928,0.3034789093502731,0,0.11010003872736203,0.0017559019220803425
number of iterations,14,Execution time: ,5.698170185089111
