architecture,t_cbt,t_hxt,eta_hpfp,eta_r,p_cbt,qm_cb0,t0,p0,tpr_hx,Q_hx,pcc,v
pump,320,230,0.154,0.71,1330000.0,0.10827165283985414,25.2,345000.0,0.95,159000.0,True,0
P_hpfp,P_rv,p_hpfp
17363.692920873986,88193.81291136125,1889258.855973307
Q,Q_phc
419086.21140173345,260086.21140173345
qm_cb,qm_phc/qm_t,qm_r,qm_v,qm,qm_pot
0.10827165283985414,0.002182066228948296,0.196521046555571,0,0.11045371906880244,0.0012064489396429788
number of iterations,13,Execution time: ,5.725648403167725
