architecture,t_cbt,t_hxt,eta_hpfp,eta_r,p_cbt,qm_cb0,t0,p0,tpr_hx,Q_hx,pcc,v
pump,320,230,0.154,0.71,1330000.0,0.10827165283985414,25.2,345000.0,0.95,159000.0,True,0
P_hpfp,P_rv,p_hpfp
17170.043883553204,87246.76936521922,1889258.8433249607
Q,Q_phc
414375.81518582173,255375.81518582173
qm_cb,qm_phc/qm_t,qm_r,qm_v,qm
0.10827165283985414,0.0021432251995909674,0.19437732777418787,0,0.11041487803944511
number of iterations,12,Execution time: ,5.129772424697876
