architecture,t_cbt,t_hxt,eta_hpfp,eta_r,p_cbt,qm_cb0,t0,p0,tpr_hx,Q_hx,pcc,v
pump,320,210,0.154,0.71,1330000.0,0.10827165283985414,25.2,345000.0,0.95,159000.0,True,0
P_hpfp,P_rv,p_hpfp
17381.904365377577,67648.04959607472,1889258.8433249607
Q,Q_phc
440164.03587748687,281164.03587748687
qm_cb,qm_phc/qm_t,qm_r,qm_v,qm,qm_pot
0.10827165283985414,0.0023209677340114794,0.150721575757004,0,0.11059262057386562,0.001184662210766176
number of iterations,12,Execution time: ,5.408440351486206
