architecture,t_cbt,t_hxt,eta_hpfp,eta_r,p_cbt,qm_cb0,t0,p0,tpr_hx,Q_hx,pcc,v
pump,320,250,0.154,0.71,1330000.0,0.11,25.2,345000.0,0.95,149000.0,True,0
P_hpfp,P_rv,p_hpfp
17451.807647991074,117407.8810926541,1889366.2728114282
Q,Q_phc
392065.7482598345,243065.74825983448
qm_cb,qm_phc/qm_t,qm_r,qm_v,qm,m_z
0.11,0.0021465272788313196,0.26152027678446055,0,0.11214652727883131,0.21465272788313197
number of iterations,10,Execution time: ,4.9760191440582275
