architecture,t_cbt,t_hxt,eta_hpfp,eta_r,p_cbt,qm_cb0,t0,p0,tpr_hx,Q_hx,pcc,v
pump,320,270,0.154,0.71,1330000.0,0.11,25.2,345000.0,0.95,149000.0,True,0
P_hpfp,P_rv,p_hpfp
17394.864194046142,159974.12113913914,1889366.2728114282
Q,Q_phc
347837.1481453064,198837.1481453064
qm_cb,qm_phc/qm_t,qm_r,qm_v,qm,m_z
0.11,0.0017822173244529276,0.3561801510985105,0,0.11178221732445293,0.17822173244529277
number of iterations,10,Execution time: ,4.9406116008758545
