architecture,t_cbt,t_hxt,eta_hpfp,eta_r,p_cbt,qm_cb0,t0,p0,tpr_hx,Q_hx,pcc,v
pump,320,230,0.154,0.71,1330000.0,0.10998,25.2,345000.0,0.95,159000.0,True,0
P_hpfp,P_rv,p_hpfp
17466.216049144987,88621.75315904379,1889258.8433249607
Q,Q_phc
421308.93722356023,262308.93722356023
qm_cb,qm_phc/qm_t,qm_r,qm_v,qm,m_z
0.10998,0.0022661305546167188,0.19744681028729769,0,0.11224613055461671,0.22661305546167188
number of iterations,12,Execution time: ,6.058403730392456
