architecture,t_cbt,t_hxt,eta_hpfp,eta_r,p_cbt,qm_cb0,t0,p0,tpr_hx,Q_hx,pcc,v
pump,320,220,0.154,0.71,1330000.0,0.10827165283985414,25.2,345000.0,0.95,159000.0,True,0
P_hpfp,P_rv,p_hpfp
17182.114380942716,76312.78783382276,1889258.8433249607
Q,Q_phc
425662.43612445606,266662.43612445606
qm_cb,qm_phc/qm_t,qm_r,qm_v,qm
0.10827165283985414,0.002220846579371785,0.17002734960855534,0,0.11049249941922593
number of iterations,12,Execution time: ,5.497762203216553
