architecture,t_cbt,t_hxt,eta_hpfp,eta_r,p_cbt,qm_cb0,t0,p0,tpr_hx,Q_hx,pcc,v
pump,320,240,0.154,0.71,1330000.0,0.10827165283985414,25.2,345000.0,0.95,159000.0,True,0
P_hpfp,P_rv,p_hpfp
17372.77587613836,101334.72233947503,1889258.855973307
Q,Q_phc
406210.6603733761,247210.6603733761
qm_cb,qm_phc/qm_t,qm_r,qm_v,qm,qm_pot
0.10827165283985414,0.002090026558730061,0.22578595377090588,0,0.1103616793985842,0.0013568980919601392
number of iterations,13,Execution time: ,5.709991455078125
