architecture,t_cbt,t_hxt,eta_hpfp,eta_r,p_cbt,qm_cb0,t0,p0,tpr_hx,Q_hx,pcc,v
pump,320,280,0.154,0.71,1330000.0,0.10827165283985414,25.2,345000.0,0.95,159000.0,True,0
P_hpfp,P_rv,p_hpfp
17445.926645767195,191118.70336117732,1889258.8609416161
Q,Q_phc
318563.77241901273,159563.77241901273
qm_cb,qm_phc/qm_t,qm_r,qm_v,qm,qm_pot
0.10827165283985414,0.001403950679397502,0.42573755675088476,0,0.10967560351925164,0.0025133812020827857
number of iterations,15,Execution time: ,6.6541595458984375
