architecture,t_cbt,t_hxt,eta_hpfp,eta_r,p_cbt,qm_cb0,t0,p0,tpr_hx,Q_hx,pcc,v
pump,320,220,0.154,0.71,1330000.0,0.10998,25.2,345000.0,0.95,159000.0,True,0
P_hpfp,P_rv,p_hpfp
17479.024741996287,77526.34972942795,1889258.8433249607
Q,Q_phc
432778.2937504117,273778.2937504117
qm_cb,qm_phc/qm_t,qm_r,qm_v,qm,m_z
0.10998,0.0023484452475058953,0.17272925971463257,0,0.11232844524750589,0.2348445247505897
number of iterations,12,Execution time: ,5.587371587753296
