architecture,t_cbt,t_hxt,eta_hpfp,eta_r,p_cbt,qm_cb0,t0,p0,tpr_hx,Q_hx,pcc,v
pump,320,210,0.154,0.71,1330000.0,0.10998,25.2,345000.0,0.95,159000.0,True,0
P_hpfp,P_rv,p_hpfp
17489.505850693997,67972.63597928657,1889258.8433249607
Q,Q_phc
442638.0061770357,283638.0061770357
qm_cb,qm_phc/qm_t,qm_r,qm_v,qm,m_z
0.10998,0.0024158017883805644,0.15144402960910142,0,0.11239580178838056,0.24158017883805674
number of iterations,12,Execution time: ,6.143500804901123
