architecture,t_cbt,t_hxt,eta_hpfp,eta_r,p_cbt,qm_cb0,t0,p0,tpr_hx,Q_hx,pcc,v
pump,320,210,0.154,0.71,1330000.0,0.10827165283985414,25.2,345000.0,0.95,159000.0,True,0
P_hpfp,P_rv,p_hpfp
17347.718610019132,67514.57906524923,1889258.8433249607
Q,Q_phc
439298.77005830454,280298.77005830454
qm_cb,qm_phc/qm_t,qm_r,qm_v,qm,qm_pot
0.10827165283985414,0.0023157524187043723,0.15042443518910026,0,0.11058740525855851,0.0009700402307123383
number of iterations,12,Execution time: ,4.79209566116333
