architecture,t_cbt,t_hxt,eta_hpfp,eta_r,p_cbt,qm_cb0,t0,p0,tpr_hx,Q_hx,pcc,v
pump,320,240,0.154,0.71,1330000.0,0.10827165283985414,25.2,345000.0,0.95,159000.0,True,0
P_hpfp,P_rv,p_hpfp
17405.283401129527,101524.5728822982,1889258.855973307
Q,Q_phc
406970.51667822787,247970.51667822787
qm_cb,qm_phc/qm_t,qm_r,qm_v,qm,qm_pot
0.10827165283985414,0.002103795082283362,0.22620893453418184,0,0.1103754479221375,0.0015521747132728376
number of iterations,13,Execution time: ,6.033790111541748
