architecture,t_cbt,t_hxt,eta_hpfp,eta_r,p_cbt,qm_cb0,t0,p0,tpr_hx,Q_hx,pcc,v
pump,320,230,0.154,0.71,1330000.0,0.11,25.2,345000.0,0.95,149000.0,True,0
P_hpfp,P_rv,p_hpfp
17487.120058998473,88777.31672912462,1889366.2727081615
Q,Q_phc
421727.1942290439,272727.1942290439
qm_cb,qm_phc/qm_t,qm_r,qm_v,qm,m_z
0.11,0.0023733253259109587,0.19773240850589274,0,0.11237332532591096,0.23733253259109588
number of iterations,9,Execution time: ,4.546161651611328
