architecture,t_cbt,t_hxt,eta_hpfp,eta_r,p_cbt,qm_cb0,t0,p0,tpr_hx,Q_hx,pcc,v
pump,320,260,0.154,0.71,1330000.0,0.10998,25.2,345000.0,0.95,159000.0,True,0
P_hpfp,P_rv,p_hpfp
17406.075499512986,136182.77429017707,1889258.8433249607
Q,Q_phc
371992.0972071261,212992.0972071261
qm_cb,qm_phc/qm_t,qm_r,qm_v,qm,m_z
0.10998,0.0018796390577392186,0.30335115347167035,0,0.11185963905773921,0.1879639057739215
number of iterations,12,Execution time: ,6.258817195892334
