architecture,t_cbt,t_hxt,eta_hpfp,eta_r,p_cbt,qm_cb0,t0,p0,tpr_hx,Q_hx,pcc,v
pump,320,250,0.154,0.71,1330000.0,0.10998,25.2,345000.0,0.95,159000.0,True,0
P_hpfp,P_rv,p_hpfp
17430.829524792778,117245.2867101328,1889258.8433249607
Q,Q_phc
391652.284951027,232652.28495102702
qm_cb,qm_phc/qm_t,qm_r,qm_v,qm,m_z
0.10998,0.0020387200828158453,0.26119496701777706,0,0.11201872008281584,0.20387200828158417
number of iterations,12,Execution time: ,6.159523010253906
