architecture,t_cbt,t_hxt,eta_hpfp,eta_r,p_cbt,qm_cb0,t0,p0,tpr_hx,Q_hx,pcc,v
pump,330,180,0.154,0.71,1330000.0,0.10813695682332779,25.2,345000.0,0.95,159000.0,True,0
P_hpfp,P_rv,p_hpfp
17326.20058900376,44184.52260314242,1889258.8433249607
Q,Q_phc
478425.4541943306,319425.4541943306
qm_cb,qm_phc/qm_t,qm_r,qm_v,qm,qm_pot
0.10813695682332779,0.0025799669521880627,0.09547888146519183,0,0.11071692377551585,0.0007021464316546341
number of iterations,12,Execution time: ,4.663529634475708
