architecture,t_cbt,t_hxt,eta_hpfp,eta_r,p_cbt,qm_cb0,t0,p0,tpr_hx,Q_hx,pcc,v
pump,330,130,0.154,0.71,1330000.0,0.11,25.2,345000.0,0.95,149000.0,True,0
P_hpfp,P_rv,p_hpfp
17569.80116317853,22668.343193812703,1889366.2728114282
Q,Q_phc
506894.0767561278,357894.0767561278
qm_cb,qm_phc/qm_t,qm_r,qm_v,qm,m_z
0.11,0.0029040690611684124,0.04893332428591796,0,0.11290406906116841,0.2904069061168412
number of iterations,10,Execution time: ,5.010963201522827
