architecture,t_cbt,t_hxt,eta_hpfp,eta_r,p_cbt,qm_cb0,t0,p0,tpr_hx,Q_hx,pcc,v
pump,330,180,0.154,0.71,1330000.0,0.11,25.2,345000.0,0.95,149000.0,True,0
P_hpfp,P_rv,p_hpfp
17556.319080922065,44780.560076977585,1889366.271814466
Q,Q_phc
484375.50633682276,335375.50633682276
qm_cb,qm_phc/qm_t,qm_r,qm_v,qm,m_z
0.11,0.0028176582321063734,0.0966573915663572,0,0.11281765823210638,0.2817658232106373
number of iterations,8,Execution time: ,4.063101768493652
