architecture,t_cbt,t_hxt,eta_hpfp,eta_r,p_cbt,qm_cb0,t0,p0,tpr_hx,Q_hx,pcc,v
pump,330,100,0.154,0.71,1330000.0,0.10998,25.2,345000.0,0.95,159000.0,True,0
P_hpfp,P_rv,p_hpfp
17552.503827915752,14313.956692712241,1889258.8597899457
Q,Q_phc
514764.85677976743,355764.85677976743
qm_cb,qm_phc/qm_t,qm_r,qm_v,qm,m_z
0.10998,0.0028206525040384844,0.030899577175559,0,0.11280065250403848,0.2820652504038489
number of iterations,14,Execution time: ,6.62403678894043
