architecture,t_cbt,t_hxt,eta_hpfp,eta_r,p_cbt,qm_cb0,t0,p0,tpr_hx,Q_hx,pcc,v
pump,330,140,0.154,0.71,1330000.0,0.10813695682332779,25.2,345000.0,0.95,159000.0,True,0
P_hpfp,P_rv,p_hpfp
17224.232323182998,25661.120837050174,1889258.855973307
Q,Q_phc
493873.1740068439,334873.1740068439
qm_cb,qm_phc/qm_t,qm_r,qm_v,qm
0.10813695682332779,0.0026263861928941395,0.05544820398702012,0,0.11076334301622193
number of iterations,13,Execution time: ,5.752097845077515
