architecture,t_cbt,t_hxt,eta_hpfp,eta_r,p_cbt,qm_cb0,t0,p0,tpr_hx,Q_hx,pcc,v
pump,330,150,0.154,0.71,1330000.0,0.10813695682332779,25.2,345000.0,0.95,159000.0,True,0
P_hpfp,P_rv,p_hpfp
17308.642967566986,29644.325975817734,1889258.855973307
Q,Q_phc
492436.04603334586,333436.04603334586
qm_cb,qm_phc/qm_t,qm_r,qm_v,qm,qm_pot
0.10813695682332779,0.002633280776964473,0.0640595583111688,0,0.11077023760029225,0.0005359223602610452
number of iterations,13,Execution time: ,5.129585027694702
