architecture,t_cbt,t_hxt,eta_hpfp,eta_r,p_cbt,qm_cb0,t0,p0,tpr_hx,Q_hx,pcc,v
pump,330,190,0.154,0.71,1330000.0,0.10813695682332779,25.2,345000.0,0.95,159000.0,True,0
P_hpfp,P_rv,p_hpfp
17208.564829846448,49855.45380602429,1889258.8433249607
Q,Q_phc
469206.2770244261,310206.2770244261
qm_cb,qm_phc/qm_t,qm_r,qm_v,qm
0.10813695682332779,0.0025256366917316003,0.10773867741608188,0,0.11066259351505939
number of iterations,12,Execution time: ,5.460212469100952
