architecture,t_cbt,t_hxt,eta_hpfp,eta_r,p_cbt,qm_cb0,t0,p0,tpr_hx,Q_hx,pcc,v
pump,330,120,0.154,0.71,1330000.0,0.10998,25.2,345000.0,0.95,159000.0,True,0
P_hpfp,P_rv,p_hpfp
17551.02455812951,19527.504877305113,1889258.855973307
Q,Q_phc
509506.7239419917,350506.7239419917
qm_cb,qm_phc/qm_t,qm_r,qm_v,qm,m_z
0.10998,0.002811146937117287,0.042156433556218904,0,0.11279114693711728,0.28111469371172876
number of iterations,13,Execution time: ,6.414784908294678
