architecture,t_cbt,t_hxt,eta_hpfp,eta_r,p_cbt,qm_cb0,t0,p0,tpr_hx,Q_hx,pcc,v
pump,330,170,0.154,0.71,1330000.0,0.10813695682332779,25.2,345000.0,0.95,159000.0,True,0
P_hpfp,P_rv,p_hpfp
17356.005596399693,38880.059230998406,1889258.8433249607
Q,Q_phc
484628.92564061185,325628.92564061185
qm_cb,qm_phc/qm_t,qm_r,qm_v,qm,qm_pot
0.10813695682332779,0.00259426477526405,0.08401194989875277,0,0.11073122159859183,0.0008795147614962073
number of iterations,12,Execution time: ,5.168993711471558
