architecture,t_cbt,t_hxt,eta_hpfp,eta_r,p_cbt,qm_cb0,t0,p0,tpr_hx,Q_hx,pcc,v
pump,330,180,0.154,0.71,1330000.0,0.10998,25.2,345000.0,0.95,159000.0,True,0
P_hpfp,P_rv,p_hpfp
17535.66491711789,44687.40498055667,1889258.8433249607
Q,Q_phc
483883.85841239884,324883.85841239884
qm_cb,qm_phc/qm_t,qm_r,qm_v,qm,m_z
0.10998,0.002712441689176323,0.09650169961270941,0,0.11269244168917632,0.2712441689176326
number of iterations,12,Execution time: ,5.503757953643799
