architecture,t_cbt,t_hxt,eta_hpfp,eta_r,p_cbt,qm_cb0,t0,p0,tpr_hx,Q_hx,pcc,v
pump,330,170,0.154,0.71,1330000.0,0.10998,25.2,345000.0,0.95,159000.0,True,0
P_hpfp,P_rv,p_hpfp
17539.862263317995,39262.320776899025,1889258.8433249607
Q,Q_phc
489435.4617183759,330435.4617183759
qm_cb,qm_phc/qm_t,qm_r,qm_v,qm,m_z
0.10998,0.0027394158127205526,0.08478298039789813,0,0.11271941581272055,0.2739415812720546
number of iterations,12,Execution time: ,6.054382085800171
