architecture,t_cbt,t_hxt,eta_hpfp,eta_r,p_cbt,qm_cb0,t0,p0,tpr_hx,Q_hx,pcc,v
pump,330,140,0.154,0.71,1330000.0,0.11,25.2,345000.0,0.95,149000.0,True,0
P_hpfp,P_rv,p_hpfp
17568.293096115216,26163.814502040223,1889366.2728114282
Q,Q_phc
503353.1515673425,354353.1515673425
qm_cb,qm_phc/qm_t,qm_r,qm_v,qm,m_z
0.11,0.0028943847268920247,0.056484981536502006,0,0.11289438472689202,0.2894384726892025
number of iterations,10,Execution time: ,4.960385084152222
