architecture,t_cbt,t_hxt,eta_hpfp,eta_r,p_cbt,qm_cb0,t0,p0,tpr_hx,Q_hx,pcc,v
pump,330,120,0.154,0.71,1330000.0,0.10813695682332779,25.2,345000.0,0.95,159000.0,True,0
P_hpfp,P_rv,p_hpfp
17327.36585646996,19279.309630929925,1889258.8597899457
Q,Q_phc
503365.7962617195,344365.7962617195
qm_cb,qm_phc/qm_t,qm_r,qm_v,qm,qm_pot
0.10813695682332779,0.002630865173822844,0.04165911895958207,0,0.11076782199715063,0.0006587377695432799
number of iterations,14,Execution time: ,6.1295552253723145
