architecture,t_cbt,t_hxt,eta_hpfp,eta_r,p_cbt,qm_cb0,t0,p0,tpr_hx,Q_hx,pcc,v
pump,330,110,0.154,0.71,1330000.0,0.11,25.2,345000.0,0.95,149000.0,True,0
P_hpfp,P_rv,p_hpfp
17571.6434395255,16777.311940080006,1889366.2728233607
Q,Q_phc
512840.6350857655,363840.6350857655
qm_cb,qm_phc/qm_t,qm_r,qm_v,qm,m_z
0.11,0.002915875775326646,0.036217785032493365,0,0.11291587577532665,0.29158757753266457
number of iterations,11,Execution time: ,5.567887783050537
