architecture,t_cbt,t_hxt,eta_hpfp,eta_r,p_cbt,qm_cb0,t0,p0,tpr_hx,Q_hx,pcc,v
pump,330,110,0.154,0.71,1330000.0,0.10813695682332779,25.2,345000.0,0.95,159000.0,True,0
P_hpfp,P_rv,p_hpfp
17227.24042961865,16447.144294938822,1889258.8609416161
Q,Q_phc
503177.87836806773,344177.87836806773
qm_cb,qm_phc/qm_t,qm_r,qm_v,qm
0.10813695682332779,0.00264572916361365,0.035542381484627676,0,0.11078268598694144
number of iterations,15,Execution time: ,6.972581148147583
