architecture,t_cbt,t_hxt,eta_hpfp,eta_r,p_cbt,qm_cb0,t0,p0,tpr_hx,Q_hx,pcc,v
pump,330,160,0.154,0.71,1330000.0,0.10998,25.2,345000.0,0.95,159000.0,True,0
P_hpfp,P_rv,p_hpfp
17543.266141312142,34401.47873826625,1889258.8433249607
Q,Q_phc
494398.9056315487,335398.9056315487
qm_cb,qm_phc/qm_t,qm_r,qm_v,qm,m_z
0.10998,0.0027612907358663674,0.07428248209920581,0,0.11274129073586636,0.2761290735866364
number of iterations,12,Execution time: ,5.862158298492432
