architecture,t_cbt,t_hxt,eta_hpfp,eta_r,p_cbt,qm_cb0,t0,p0,tpr_hx,Q_hx,pcc,v
pump,330,120,0.154,0.71,1330000.0,0.10813695682332779,25.2,345000.0,0.95,159000.0,True,0
P_hpfp,P_rv,p_hpfp
17293.674692263125,19241.63738662128,1889258.8597899457
Q,Q_phc
502387.2423681148,343387.2423681148
qm_cb,qm_phc/qm_t,qm_r,qm_v,qm,qm_pot
0.10813695682332779,0.0026559461213863413,0.041577811617560315,0,0.11079290294471413,0.00041700008643212274
number of iterations,14,Execution time: ,6.282403230667114
