architecture,t_cbt,t_hxt,eta_hpfp,eta_r,p_cbt,qm_cb0,t0,p0,tpr_hx,Q_hx,pcc,v
pump,330,100,0.154,0.71,1330000.0,0.10813695682332779,25.2,345000.0,0.95,159000.0,True,0
P_hpfp,P_rv,p_hpfp
17317.997866624355,14121.05530113645,1889258.8609416161
Q,Q_phc
508241.4827203859,349241.4827203859
qm_cb,qm_phc/qm_t,qm_r,qm_v,qm,qm_pot
0.10813695682332779,0.002629728506639576,0.030512969108982595,0,0.11076668532996736,0.0005996317199907643
number of iterations,15,Execution time: ,6.4149250984191895
