architecture,t_cbt,t_hxt,eta_hpfp,eta_r,p_cbt,qm_cb0,t0,p0,tpr_hx,Q_hx,pcc,v
pump,330,140,0.154,0.71,1330000.0,0.10813695682332779,25.2,345000.0,0.95,159000.0,True,0
P_hpfp,P_rv,p_hpfp
17303.364807197333,25779.51258106642,1889258.855973307
Q,Q_phc
496141.65434573,337141.65434573
qm_cb,qm_phc/qm_t,qm_r,qm_v,qm,qm_pot
0.10813695682332779,0.002643490908786489,0.05570376874198163,0,0.11078044773211428,0.0004917701242831419
number of iterations,13,Execution time: ,5.686710834503174
