architecture,t_cbt,t_hxt,eta_hpfp,eta_r,p_cbt,qm_cb0,t0,p0,tpr_hx,Q_hx,pcc,v
pump,330,150,0.154,0.71,1330000.0,0.11,25.2,345000.0,0.95,149000.0,True,0
P_hpfp,P_rv,p_hpfp
17566.272988299537,30091.701929826566,1889366.2727081615
Q,Q_phc
499364.3774139417,350364.3774139417
qm_cb,qm_phc/qm_t,qm_r,qm_v,qm,m_z
0.11,0.0028814597517950076,0.06495383023590048,0,0.112881459751795,0.28814597517950075
number of iterations,9,Execution time: ,4.367420673370361
