architecture,t_cbt,t_hxt,eta_hpfp,eta_r,p_cbt,qm_cb0,t0,p0,tpr_hx,Q_hx,pcc,v
pump,330,130,0.154,0.71,1330000.0,0.10813695682332779,25.2,345000.0,0.95,159000.0,True,0
P_hpfp,P_rv,p_hpfp
17332.523831836734,22359.348906576826,1889258.8597899457
Q,Q_phc
500441.33692846476,341441.33692846476
qm_cb,qm_phc/qm_t,qm_r,qm_v,qm,qm_pot
0.10813695682332779,0.002629007804523249,0.04831818335514408,0,0.11076596462785103,0.000693764372714977
number of iterations,14,Execution time: ,5.692556142807007
