architecture,t_cbt,t_hxt,eta_hpfp,eta_r,p_cbt,qm_cb0,t0,p0,tpr_hx,Q_hx,pcc,v
pump,330,110,0.154,0.71,1330000.0,0.10813695682332779,25.2,345000.0,0.95,159000.0,True,0
P_hpfp,P_rv,p_hpfp
17322.505644851764,16538.451165931125,1889258.8609416161
Q,Q_phc
505960.0549099726,346960.0549099726
qm_cb,qm_phc/qm_t,qm_r,qm_v,qm,qm_pot
0.10813695682332779,0.0026309730088949143,0.03573952108557952,0,0.1107679298322227,0.0006273752487497912
number of iterations,15,Execution time: ,6.737795829772949
