architecture,t_cbt,t_hxt,eta_hpfp,eta_r,p_cbt,qm_cb0,t0,p0,tpr_hx,Q_hx,pcc,v
pump,330,140,0.154,0.71,1330000.0,0.10998,25.2,345000.0,0.95,159000.0,True,0
P_hpfp,P_rv,p_hpfp
17548.13665275891,26138.27901331485,1889258.8433249607
Q,Q_phc
502808.9154376094,343808.9154376094
qm_cb,qm_phc/qm_t,qm_r,qm_v,qm,m_z
0.10998,0.002792590936332412,0.05643079771538881,0,0.1127725909363324,0.27925909363324086
number of iterations,12,Execution time: ,5.257427453994751
