architecture,t_cbt,t_hxt,eta_hpfp,eta_r,p_cbt,qm_cb0,t0,p0,tpr_hx,Q_hx,pcc,v
pump,330,170,0.154,0.71,1330000.0,0.10813695682332779,25.2,345000.0,0.95,159000.0,True,0
P_hpfp,P_rv,p_hpfp
17216.993408699596,38566.96311744321,1889258.8433249607
Q,Q_phc
480748.9988340342,321748.9988340342
qm_cb,qm_phc/qm_t,qm_r,qm_v,qm
0.10813695682332779,0.0025798380969480478,0.08333648459144043,0,0.11071679492027584
number of iterations,12,Execution time: ,5.296018600463867
