architecture,t_cbt,t_hxt,eta_hpfp,eta_r,p_cbt,qm_cb0,t0,p0,tpr_hx,Q_hx,pcc,v
pump,330,250,0.154,0.71,1330000.0,0.10813695682332779,25.2,345000.0,0.95,159000.0,True,0
P_hpfp,P_rv,p_hpfp
17148.487470537868,107496.46527072052,1889258.8433249607
Q,Q_phc
409753.1529045043,250753.15290450433
qm_cb,qm_phc/qm_t,qm_r,qm_v,qm
0.10813695682332779,0.002139299047752563,0.23226837405373235,0,0.11027625587108035
number of iterations,12,Execution time: ,5.612962484359741
