architecture,t_cbt,t_hxt,eta_hpfp,eta_r,p_cbt,qm_cb0,t0,p0,tpr_hx,Q_hx,pcc,v
pump,330,220,0.154,0.71,1330000.0,0.10813695682332779,25.2,345000.0,0.95,159000.0,True,0
P_hpfp,P_rv,p_hpfp
17187.372419850744,72718.50231880324,1889258.8433249607
Q,Q_phc
445704.0021077254,286704.0021077254
qm_cb,qm_phc/qm_t,qm_r,qm_v,qm
0.10813695682332779,0.0023893553064942147,0.15714951272910097,0,0.110526312129822
number of iterations,12,Execution time: ,5.771596431732178
