architecture,t_cbt,t_hxt,eta_hpfp,eta_r,p_cbt,qm_cb0,t0,p0,tpr_hx,Q_hx,pcc,v
pump,330,260,0.154,0.71,1330000.0,0.10813695682332779,25.2,345000.0,0.95,159000.0,True,0
P_hpfp,P_rv,p_hpfp
17390.300827313637,125365.24957407746,1889258.855973307
Q,Q_phc
399178.1673932546,240178.16739325458
qm_cb,qm_phc/qm_t,qm_r,qm_v,qm,qm_pot
0.10813695682332779,0.002064455956219832,0.27089139465062356,0,0.11020141277954762,0.0016298618775204975
number of iterations,13,Execution time: ,6.056502103805542
