architecture,t_cbt,t_hxt,eta_hpfp,eta_r,p_cbt,qm_cb0,t0,p0,tpr_hx,Q_hx,pcc,v
pump,330,230,0.154,0.71,1330000.0,0.10813695682332779,25.2,345000.0,0.95,159000.0,True,0
P_hpfp,P_rv,p_hpfp
17361.991546923255,83491.23632415809,1889258.8433249607
Q,Q_phc
440198.3027000006,281198.3027000006
qm_cb,qm_phc/qm_t,qm_r,qm_v,qm,qm_pot
0.10813695682332779,0.0023609295836096783,0.18041801405325872,0,0.11049788640693746,0.0011513436227935875
number of iterations,12,Execution time: ,5.171176195144653
