architecture,t_cbt,t_hxt,eta_hpfp,eta_r,p_cbt,qm_cb0,t0,p0,tpr_hx,Q_hx,pcc,v
pump,330,210,0.154,0.71,1330000.0,0.10998,25.2,345000.0,0.95,159000.0,True,0
P_hpfp,P_rv,p_hpfp
17516.7471218462,65270.34621431964,1889258.8433249607
Q,Q_phc
462730.68485527515,303730.68485527515
qm_cb,qm_phc/qm_t,qm_r,qm_v,qm,m_z
0.10998,0.0025908670268741663,0.14095800924523672,0,0.11257086702687416,0.2590867026874162
number of iterations,12,Execution time: ,5.926270961761475
