architecture,t_cbt,t_hxt,eta_hpfp,eta_r,p_cbt,qm_cb0,t0,p0,tpr_hx,Q_hx,pcc,v
pump,330,250,0.154,0.71,1330000.0,0.10813695682332779,25.2,345000.0,0.95,159000.0,True,0
P_hpfp,P_rv,p_hpfp
17414.715207603887,109125.05102928172,1889258.855973307
Q,Q_phc
416154.77657221677,257154.77657221677
qm_cb,qm_phc/qm_t,qm_r,qm_v,qm,qm_pot
0.10813695682332779,0.0022050396455456592,0.23582455913720013,0,0.11034199646887345,0.0016462789954223896
number of iterations,13,Execution time: ,5.5376832485198975
