architecture,t_cbt,t_hxt,eta_hpfp,eta_r,p_cbt,qm_cb0,t0,p0,tpr_hx,Q_hx,pcc,v
pump,330,240,0.154,0.71,1330000.0,0.10998,25.2,345000.0,0.95,159000.0,True,0
P_hpfp,P_rv,p_hpfp
17482.91786985305,95712.04417680012,1889258.8433249607
Q,Q_phc
431269.28387325275,272269.28387325275
qm_cb,qm_phc/qm_t,qm_r,qm_v,qm,m_z
0.10998,0.002373464320695323,0.20669652042554928,0,0.11235346432069532,0.23734643206953185
number of iterations,12,Execution time: ,6.027395486831665
