architecture,t_cbt,t_hxt,eta_hpfp,eta_r,p_cbt,qm_cb0,t0,p0,tpr_hx,Q_hx,pcc,v
pump,330,270,0.154,0.71,1330000.0,0.10813695682332779,25.2,345000.0,0.95,159000.0,True,0
P_hpfp,P_rv,p_hpfp
17104.2462103027,142890.46434973902,1889258.855973307
Q,Q_phc
373024.6909367755,214024.69093677553
qm_cb,qm_phc/qm_t,qm_r,qm_v,qm
0.10813695682332779,0.0018547951734061013,0.30874218414790994,0,0.10999175199673389
number of iterations,13,Execution time: ,6.38612174987793
