architecture,t_cbt,t_hxt,eta_hpfp,eta_r,p_cbt,qm_cb0,t0,p0,tpr_hx,Q_hx,pcc,v
pump,330,280,0.154,0.71,1330000.0,0.11,25.2,345000.0,0.95,149000.0,True,0
P_hpfp,P_rv,p_hpfp
17406.98944765336,170143.78230474298,1889366.2728114282
Q,Q_phc
354511.41272734234,205511.41272734234
qm_cb,qm_phc/qm_t,qm_r,qm_v,qm,m_z
0.11,0.0018598308637159538,0.367245779512315,0,0.11185983086371595,0.18598308637159539
number of iterations,10,Execution time: ,5.792613744735718
