architecture,t_cbt,t_hxt,eta_hpfp,eta_r,p_cbt,qm_cb0,t0,p0,tpr_hx,Q_hx,pcc,v
pump,330,210,0.154,0.71,1330000.0,0.11,25.2,345000.0,0.95,149000.0,True,0
P_hpfp,P_rv,p_hpfp
17537.735085228876,65396.68508436817,1889366.271814466
Q,Q_phc
463199.2505859698,314199.2505859698
qm_cb,qm_phc/qm_t,qm_r,qm_v,qm,m_z
0.11,0.00269839109621457,0.14117492812989324,0,0.11269839109621457,0.26983910962145696
number of iterations,8,Execution time: ,4.203632354736328
