architecture,t_cbt,t_hxt,eta_hpfp,eta_r,p_cbt,qm_cb0,t0,p0,tpr_hx,Q_hx,pcc,v
pump,330,250,0.154,0.71,1330000.0,0.10998,25.2,345000.0,0.95,159000.0,True,0
P_hpfp,P_rv,p_hpfp
17466.247806879735,109379.42854980042,1889258.8433249607
Q,Q_phc
417099.41976604855,258099.41976604855
qm_cb,qm_phc/qm_t,qm_r,qm_v,qm,m_z
0.10998,0.0022663346447774624,0.2362054251644089,0,0.11224633464477746,0.22663346447774568
number of iterations,12,Execution time: ,6.1114935874938965
