architecture,t_cbt,t_hxt,eta_hpfp,eta_r,p_cbt,qm_cb0,t0,p0,tpr_hx,Q_hx,pcc,v
pump,330,200,0.154,0.71,1330000.0,0.10998,25.2,345000.0,0.95,159000.0,True,0
P_hpfp,P_rv,p_hpfp
17524.301369488374,57572.70523671963,1889258.8433249607
Q,Q_phc
470656.03081236006,311656.03081236006
qm_cb,qm_phc/qm_t,qm_r,qm_v,qm,m_z
0.10998,0.002639414180115554,0.12433293344644439,0,0.11261941418011555,0.2639414180115549
number of iterations,12,Execution time: ,5.679495573043823
