architecture,t_cbt,t_hxt,eta_hpfp,eta_r,p_cbt,qm_cb0,t0,p0,tpr_hx,Q_hx,pcc,v
pump,330,220,0.154,0.71,1330000.0,0.11,25.2,345000.0,0.95,149000.0,True,0
P_hpfp,P_rv,p_hpfp
17528.653299564703,74171.56521752808,1889366.271814466
Q,Q_phc
454150.6409793413,305150.6409793413
qm_cb,qm_phc/qm_t,qm_r,qm_v,qm,m_z
0.11,0.002640151121055714,0.16011436224821146,0,0.11264015112105571,0.2640151121055714
number of iterations,8,Execution time: ,4.302161693572998
