architecture,t_cbt,t_hxt,eta_hpfp,eta_r,p_cbt,qm_cb0,t0,p0,tpr_hx,Q_hx,pcc,v
pump,330,280,0.154,0.71,1330000.0,0.10813695682332779,25.2,345000.0,0.95,159000.0,True,0
P_hpfp,P_rv,p_hpfp
17415.228456385947,170287.856266899,1889258.8597899457
Q,Q_phc
355007.4480585344,196007.4480585344
qm_cb,qm_phc/qm_t,qm_r,qm_v,qm,qm_pot
0.10813695682332779,0.0017111973516660641,0.3679197273996218,0,0.10984815417499386,0.002143420916123411
number of iterations,14,Execution time: ,6.328044414520264
