architecture,t_cbt,t_hxt,eta_hpfp,eta_r,p_cbt,qm_cb0,t0,p0,tpr_hx,Q_hx,pcc,v
pump,330,230,0.154,0.71,1330000.0,0.11,25.2,345000.0,0.95,149000.0,True,0
P_hpfp,P_rv,p_hpfp
17517.571597303002,84243.90065752655,1889366.271814466
Q,Q_phc
443744.2975989003,294744.2975989003
qm_cb,qm_phc/qm_t,qm_r,qm_v,qm,m_z
0.11,0.002569138087933853,0.18184653516577856,0,0.11256913808793385,0.25691380879338527
number of iterations,8,Execution time: ,4.440741777420044
