architecture,t_cbt,t_hxt,eta_hpfp,eta_r,p_cbt,qm_cb0,t0,p0,tpr_hx,Q_hx,pcc,v
pump,330,270,0.154,0.71,1330000.0,0.11,25.2,345000.0,0.95,149000.0,True,0
P_hpfp,P_rv,p_hpfp
17440.656506064446,145612.19700412318,1889366.2728114282
Q,Q_phc
380057.7396724,231057.7396724
qm_cb,qm_phc/qm_t,qm_r,qm_v,qm,m_z
0.11,0.0020752186816488582,0.31436525471587573,0,0.11207521868164885,0.20752186816488583
number of iterations,10,Execution time: ,5.732754707336426
