architecture,t_cbt,t_hxt,eta_hpfp,eta_r,p_cbt,qm_cb0,t0,p0,tpr_hx,Q_hx,pcc,v
pump,330,220,0.154,0.71,1330000.0,0.10813695682332779,25.2,345000.0,0.95,159000.0,True,0
P_hpfp,P_rv,p_hpfp
17390.548253670182,73584.59045789157,1889258.8433249607
Q,Q_phc
450966.3041631712,291966.3041631712
qm_cb,qm_phc/qm_t,qm_r,qm_v,qm,qm_pot
0.10813695682332779,0.0024345280149865,0.15901609888784288,0,0.11057148483831429,0.0012613839353858606
number of iterations,12,Execution time: ,5.256489515304565
