architecture,t_cbt,t_hxt,eta_hpfp,eta_r,p_cbt,qm_cb0,t0,p0,tpr_hx,Q_hx,pcc,v
pump,330,280,0.154,0.71,1330000.0,0.10998,25.2,345000.0,0.95,159000.0,True,0
P_hpfp,P_rv,p_hpfp
17386.03359754128,169910.34786076072,1889258.8433249607
Q,Q_phc
354150.6322891251,195150.63228912512
qm_cb,qm_phc/qm_t,qm_r,qm_v,qm,m_z
0.10998,0.001750840356351993,0.3668100328110823,0,0.11173084035635199,0.17508403563519984
number of iterations,12,Execution time: ,6.253552675247192
