architecture,t_cbt,t_hxt,eta_hpfp,eta_r,p_cbt,qm_cb0,t0,p0,tpr_hx,Q_hx,pcc,v
pump,330,280,0.154,0.71,1330000.0,0.10813695682332779,25.2,345000.0,0.95,159000.0,True,0
P_hpfp,P_rv,p_hpfp
17072.659876770624,166878.46315997984,1889258.8597899457
Q,Q_phc
348083.94965432456,189083.94965432456
qm_cb,qm_phc/qm_t,qm_r,qm_v,qm
0.10813695682332779,0.0016516730176639183,0.36060168779015234,0,0.1097886298409917
number of iterations,14,Execution time: ,6.812988042831421
