architecture,t_cbt,t_hxt,eta_hpfp,eta_r,p_cbt,qm_cb0,t0,p0,tpr_hx,Q_hx,pcc,v
pump,330,200,0.154,0.71,1330000.0,0.10813695682332779,25.2,345000.0,0.95,159000.0,True,0
P_hpfp,P_rv,p_hpfp
17376.02056917716,57124.02947672328,1889258.8433249607
Q,Q_phc
466988.6667743726,307988.6667743726
qm_cb,qm_phc/qm_t,qm_r,qm_v,qm,qm_pot
0.10813695682332779,0.0025212436454539232,0.12344631544453823,0,0.1106582004687817,0.0010812455669003227
number of iterations,12,Execution time: ,5.5854222774505615
