architecture,t_cbt,t_hxt,eta_hpfp,eta_r,p_cbt,qm_cb0,t0,p0,tpr_hx,Q_hx,pcc,v
pump,330,250,0.154,0.71,1330000.0,0.11,25.2,345000.0,0.95,149000.0,True,0
P_hpfp,P_rv,p_hpfp
17487.454424669628,109566.78582791783,1889366.2727081615
Q,Q_phc
417513.66336898925,268513.66336898925
qm_cb,qm_phc/qm_t,qm_r,qm_v,qm,m_z
0.11,0.002375648625256495,0.23654232861785146,0,0.1123756486252565,0.2375648625256495
number of iterations,9,Execution time: ,4.845595836639404
