architecture,t_cbt,t_hxt,eta_hpfp,eta_r,p_cbt,qm_cb0,t0,p0,tpr_hx,Q_hx,pcc,v
pump,340,120,0.154,0.71,1330000.0,0.10800295595780073,25.2,345000.0,0.95,159000.0,True,0
P_hpfp,P_rv,p_hpfp
17292.025796844347,19002.871033181626,1889258.8597899457
Q,Q_phc
518924.5757675053,359924.5757675053
qm_cb,qm_phc/qm_t,qm_r,qm_v,qm,qm_pot
0.10800295595780073,0.0027826105406721525,0.03986072242047039,0,0.11078556649847288,0.00041373303151507994
number of iterations,14,Execution time: ,5.883177995681763
