architecture,t_cbt,t_hxt,eta_hpfp,eta_r,p_cbt,qm_cb0,t0,p0,tpr_hx,Q_hx,pcc,v
pump,340,130,0.154,0.71,1330000.0,0.10800295595780073,25.2,345000.0,0.95,159000.0,True,0
P_hpfp,P_rv,p_hpfp
17332.72775711115,22044.936660583964,1889258.8597899457
Q,Q_phc
517148.68345162435,358148.68345162435
qm_cb,qm_phc/qm_t,qm_r,qm_v,qm,qm_pot
0.10800295595780073,0.0027570141398400305,0.04624519216247682,0,0.11075997009764076,0.0007010702789281704
number of iterations,14,Execution time: ,6.0327935218811035
