architecture,t_cbt,t_hxt,eta_hpfp,eta_r,p_cbt,qm_cb0,t0,p0,tpr_hx,Q_hx,pcc,v
pump,340,190,0.154,0.71,1330000.0,0.10800295595780073,25.2,345000.0,0.95,159000.0,True,0
P_hpfp,P_rv,p_hpfp
17370.365478997875,48825.94453275106,1889258.8433249607
Q,Q_phc
491538.5447771727,332538.5447771727
qm_cb,qm_phc/qm_t,qm_r,qm_v,qm,qm_pot
0.10800295595780073,0.0026986510427821036,0.10242944534270783,0,0.11070160700058283,0.0010014730189910098
number of iterations,12,Execution time: ,5.185821533203125
