architecture,t_cbt,t_hxt,eta_hpfp,eta_r,p_cbt,qm_cb0,t0,p0,tpr_hx,Q_hx,pcc,v
pump,340,170,0.154,0.71,1330000.0,0.10800295595780073,25.2,345000.0,0.95,159000.0,True,0
P_hpfp,P_rv,p_hpfp
17356.937945007754,37969.53371111833,1889258.8433249607
Q,Q_phc
501977.2463366695,342977.2463366695
qm_cb,qm_phc/qm_t,qm_r,qm_v,qm,qm_pot
0.10800295595780073,0.002733019103153279,0.07964708577326557,0,0.110735975060954,0.0008807569249197086
number of iterations,12,Execution time: ,5.332996129989624
