architecture,t_cbt,t_hxt,eta_hpfp,eta_r,p_cbt,qm_cb0,t0,p0,tpr_hx,Q_hx,pcc,v
pump,340,150,0.154,0.71,1330000.0,0.10998,25.2,345000.0,0.95,159000.0,True,0
P_hpfp,P_rv,p_hpfp
17569.017946602526,29531.270770733092,1889258.8433249607
Q,Q_phc
516644.6747025989,357644.6747025989
qm_cb,qm_phc/qm_t,qm_r,qm_v,qm,m_z
0.10998,0.002926783965224583,0.061903692154510595,0,0.11290678396522458,0.29267839652245764
number of iterations,12,Execution time: ,5.850315570831299
