architecture,t_cbt,t_hxt,eta_hpfp,eta_r,p_cbt,qm_cb0,t0,p0,tpr_hx,Q_hx,pcc,v
pump,340,110,0.154,0.71,1330000.0,0.10800295595780073,25.2,345000.0,0.95,159000.0,True,0
P_hpfp,P_rv,p_hpfp
17225.807223869328,16269.485917559281,1889258.8609416161
Q,Q_phc
519598.0049434929,360598.0049434929
qm_cb,qm_phc/qm_t,qm_r,qm_v,qm
0.10800295595780073,0.0027705135569418837,0.03412971405388526,0,0.11077346951474261
number of iterations,15,Execution time: ,6.517728090286255
