architecture,t_cbt,t_hxt,eta_hpfp,eta_r,p_cbt,qm_cb0,t0,p0,tpr_hx,Q_hx,pcc,v
pump,340,190,0.154,0.71,1330000.0,0.10800295595780073,25.2,345000.0,0.95,159000.0,True,0
P_hpfp,P_rv,p_hpfp
17210.355167797374,48373.95074991998,1889258.8433249607
Q,Q_phc
487012.87184362276,328012.87184362276
qm_cb,qm_phc/qm_t,qm_r,qm_v,qm
0.10800295595780073,0.002671150628969013,0.10148283415720918,0,0.11067410658676974
number of iterations,12,Execution time: ,5.531645774841309
