architecture,t_cbt,t_hxt,eta_hpfp,eta_r,p_cbt,qm_cb0,t0,p0,tpr_hx,Q_hx,pcc,v
pump,340,170,0.154,0.71,1330000.0,0.11,25.2,345000.0,0.95,149000.0,True,0
P_hpfp,P_rv,p_hpfp
17584.47363926698,38470.93867206651,1889366.271814466
Q,Q_phc
508146.5086046005,359146.5086046005
qm_cb,qm_phc/qm_t,qm_r,qm_v,qm,m_z
0.11,0.0029984884762775193,0.08061795170323631,0,0.11299848847627753,0.29984884762775194
number of iterations,8,Execution time: ,4.4375715255737305
