architecture,t_cbt,t_hxt,eta_hpfp,eta_r,p_cbt,qm_cb0,t0,p0,tpr_hx,Q_hx,pcc,v
pump,340,100,0.154,0.71,1330000.0,0.10800295595780073,25.2,345000.0,0.95,159000.0,True,0
P_hpfp,P_rv,p_hpfp
17283.346144292995,13961.16859223799,1889258.8609416161
Q,Q_phc
523696.26665363007,364696.26665363007
qm_cb,qm_phc/qm_t,qm_r,qm_v,qm,qm_pot
0.10800295595780073,0.0027843815254425335,0.029284856210621702,0,0.11078733748324326,0.00035614580006344007
number of iterations,15,Execution time: ,6.4337897300720215
