architecture,t_cbt,t_hxt,eta_hpfp,eta_r,p_cbt,qm_cb0,t0,p0,tpr_hx,Q_hx,pcc,v
pump,340,130,0.154,0.71,1330000.0,0.11,25.2,345000.0,0.95,149000.0,True,0
P_hpfp,P_rv,p_hpfp
17592.298897403805,22374.969486674716,1889366.2728114282
Q,Q_phc
524485.7246261715,375485.7246261715
qm_cb,qm_phc/qm_t,qm_r,qm_v,qm,m_z
0.11,0.003048625109313524,0.04689360339880235,0,0.11304862510931353,0.3048625109313524
number of iterations,10,Execution time: ,5.529413223266602
