architecture,t_cbt,t_hxt,eta_hpfp,eta_r,p_cbt,qm_cb0,t0,p0,tpr_hx,Q_hx,pcc,v
pump,340,160,0.154,0.71,1330000.0,0.10800295595780073,25.2,345000.0,0.95,159000.0,True,0
P_hpfp,P_rv,p_hpfp
17350.537247800683,33344.102813141326,1889258.8433249607
Q,Q_phc
506403.5617075892,347403.5617075892
qm_cb,qm_phc/qm_t,qm_r,qm_v,qm,qm_pot
0.10800295595780073,0.0027436588658993656,0.06993966504607414,0,0.11074661482370009,0.0008289563936701126
number of iterations,12,Execution time: ,5.352022171020508
