architecture,t_cbt,t_hxt,eta_hpfp,eta_r,p_cbt,qm_cb0,t0,p0,tpr_hx,Q_hx,pcc,v
pump,340,180,0.154,0.71,1330000.0,0.10800295595780073,25.2,345000.0,0.95,159000.0,True,0
P_hpfp,P_rv,p_hpfp
17214.373516607495,42735.53679003829,1889258.8433249607
Q,Q_phc
492776.2902546357,333776.2902546357
qm_cb,qm_phc/qm_t,qm_r,qm_v,qm
0.10800295595780073,0.002696991302225199,0.08965050748581062,0,0.11069994726002592
number of iterations,12,Execution time: ,5.452533721923828
