architecture,t_cbt,t_hxt,eta_hpfp,eta_r,p_cbt,qm_cb0,t0,p0,tpr_hx,Q_hx,pcc,v
pump,340,170,0.154,0.71,1330000.0,0.10800295595780073,25.2,345000.0,0.95,159000.0,True,0
P_hpfp,P_rv,p_hpfp
17217.600571654206,37663.250581895554,1889258.8433249607
Q,Q_phc
497948.9650213495,338948.9650213495
qm_cb,qm_phc/qm_t,qm_r,qm_v,qm
0.10800295595780073,0.00271774342678735,0.07900554420980223,0,0.11072069938458808
number of iterations,12,Execution time: ,5.509610414505005
