architecture,t_cbt,t_hxt,eta_hpfp,eta_r,p_cbt,qm_cb0,t0,p0,tpr_hx,Q_hx,pcc,v
pump,340,130,0.154,0.71,1330000.0,0.10998,25.2,345000.0,0.95,159000.0,True,0
P_hpfp,P_rv,p_hpfp
17572.143697221196,22355.55127100217,1889258.8433249607
Q,Q_phc
523917.5658145767,364917.5658145767
qm_cb,qm_phc/qm_t,qm_r,qm_v,qm,m_z
0.10998,0.002946871510863383,0.04685257689308557,0,0.11292687151086338,0.29468715108633825
number of iterations,12,Execution time: ,5.47581934928894
