architecture,t_cbt,t_hxt,eta_hpfp,eta_r,p_cbt,qm_cb0,t0,p0,tpr_hx,Q_hx,pcc,v
pump,340,110,0.154,0.71,1330000.0,0.10800295595780073,25.2,345000.0,0.95,159000.0,True,0
P_hpfp,P_rv,p_hpfp
17287.515883679735,16327.963830876852,1889258.8609416161
Q,Q_phc
521459.1853815807,362459.1853815807
qm_cb,qm_phc/qm_t,qm_r,qm_v,qm,qm_pot
0.10800295595780073,0.0027841822528795242,0.03425229690446331,0,0.11078713821068024,0.00038315928764919867
number of iterations,15,Execution time: ,6.736083984375
