architecture,t_cbt,t_hxt,eta_hpfp,eta_r,p_cbt,qm_cb0,t0,p0,tpr_hx,Q_hx,pcc,v
pump,340,120,0.154,0.71,1330000.0,0.10998,25.2,345000.0,0.95,159000.0,True,0
P_hpfp,P_rv,p_hpfp
17573.105944407165,19309.790474066343,1889258.855973307
Q,Q_phc
526993.2252274137,367993.2252274137
qm_cb,qm_phc/qm_t,qm_r,qm_v,qm,m_z
0.10998,0.002953052321385277,0.04047146140473138,0,0.11293305232138527,0.2953052321385282
number of iterations,13,Execution time: ,6.2001893520355225
