architecture,t_cbt,t_hxt,eta_hpfp,eta_r,p_cbt,qm_cb0,t0,p0,tpr_hx,Q_hx,pcc,v
pump,340,170,0.154,0.71,1330000.0,0.10800295595780073,25.2,345000.0,0.95,159000.0,True,0
P_hpfp,P_rv,p_hpfp
17318.99533512102,37886.19334503523,1889258.8433249607
Q,Q_phc
500880.2523546167,341880.2523546167
qm_cb,qm_phc/qm_t,qm_r,qm_v,qm,qm_pot
0.10800295595780073,0.0027404141723977745,0.07947246865432324,0,0.1107433701301985,0.0006293654703686522
number of iterations,12,Execution time: ,5.373446464538574
