architecture,t_cbt,t_hxt,eta_hpfp,eta_r,p_cbt,qm_cb0,t0,p0,tpr_hx,Q_hx,pcc,v
pump,340,100,0.154,0.71,1330000.0,0.10800295595780073,25.2,345000.0,0.95,159000.0,True,0
P_hpfp,P_rv,p_hpfp
17225.993849140537,13914.66798121713,1889258.8609416161
Q,Q_phc
521958.6284954741,362958.6284954741
qm_cb,qm_phc/qm_t,qm_r,qm_v,qm
0.10800295595780073,0.0027717136823422472,0.029187389669410955,0,0.11077466964014297
number of iterations,15,Execution time: ,6.905970573425293
