architecture,t_cbt,t_hxt,eta_hpfp,eta_r,p_cbt,qm_cb0,t0,p0,tpr_hx,Q_hx,pcc,v
pump,340,160,0.154,0.71,1330000.0,0.10800295595780073,25.2,345000.0,0.95,159000.0,True,0
P_hpfp,P_rv,p_hpfp
17313.065382344947,33271.757857773904,1889258.8433249607
Q,Q_phc
505310.2164266192,346310.2164266192
qm_cb,qm_phc/qm_t,qm_r,qm_v,qm,qm_pot
0.10800295595780073,0.002754927854611821,0.06978810897562132,0,0.11075788381241254,0.0005767182215201624
number of iterations,12,Execution time: ,5.200250864028931
