architecture,t_cbt,t_hxt,eta_hpfp,eta_r,p_cbt,qm_cb0,t0,p0,tpr_hx,Q_hx,pcc,v
pump,340,100,0.154,0.71,1330000.0,0.10800295595780073,25.2,345000.0,0.95,159000.0,True,0
P_hpfp,P_rv,p_hpfp
17317.668902688467,13989.04146369364,1889258.8609416161
Q,Q_phc
524736.1202568632,365736.1202568632
qm_cb,qm_phc/qm_t,qm_r,qm_v,qm,qm_pot
0.10800295595780073,0.002752585369231209,0.029343249678085447,0,0.11075554132703193,0.0006086602646460597
number of iterations,15,Execution time: ,6.949169635772705
