architecture,t_cbt,t_hxt,eta_hpfp,eta_r,p_cbt,qm_cb0,t0,p0,tpr_hx,Q_hx,pcc,v
pump,340,230,0.154,0.71,1330000.0,0.10800295595780073,25.2,345000.0,0.95,159000.0,True,0
P_hpfp,P_rv,p_hpfp
17182.982335843575,78664.62060949276,1889258.8433249607
Q,Q_phc
455870.67664466857,296870.67664466857
qm_cb,qm_phc/qm_t,qm_r,qm_v,qm
0.10800295595780073,0.0024951249925600077,0.16503478519606243,0,0.11049808095036073
number of iterations,12,Execution time: ,5.745699405670166
