architecture,t_cbt,t_hxt,eta_hpfp,eta_r,p_cbt,qm_cb0,t0,p0,tpr_hx,Q_hx,pcc,v
pump,340,260,0.154,0.71,1330000.0,0.10998,25.2,345000.0,0.95,159000.0,True,0
P_hpfp,P_rv,p_hpfp
17482.225997410387,117171.61981016064,1889258.8433249607
Q,Q_phc
426306.1853884238,267306.1853884238
qm_cb,qm_phc/qm_t,qm_r,qm_v,qm,m_z
0.10998,0.0023690180225213048,0.24565969745924585,0,0.1123490180225213,0.23690180225213062
number of iterations,12,Execution time: ,6.400481939315796
