architecture,t_cbt,t_hxt,eta_hpfp,eta_r,p_cbt,qm_cb0,t0,p0,tpr_hx,Q_hx,pcc,v
pump,340,220,0.154,0.71,1330000.0,0.10998,25.2,345000.0,0.95,159000.0,True,0
P_hpfp,P_rv,p_hpfp
17535.557985378287,70999.21323062717,1889258.8433249607
Q,Q_phc
474136.5474120732,315136.5474120732
qm_cb,qm_phc/qm_t,qm_r,qm_v,qm,m_z
0.10998,0.002711754495455021,0.14886180506670313,0,0.11269175449545502,0.271175449545502
number of iterations,12,Execution time: ,6.326297760009766
