architecture,t_cbt,t_hxt,eta_hpfp,eta_r,p_cbt,qm_cb0,t0,p0,tpr_hx,Q_hx,pcc,v
pump,340,200,0.154,0.71,1330000.0,0.11,25.2,345000.0,0.95,149000.0,True,0
P_hpfp,P_rv,p_hpfp
17571.298417719845,55820.6118734497,1889366.271814466
Q,Q_phc
490387.280581325,341387.280581325
qm_cb,qm_phc/qm_t,qm_r,qm_v,qm,m_z
0.11,0.0029138739617251244,0.11700320054633266,0,0.11291387396172513,0.2913873961725124
number of iterations,8,Execution time: ,4.531601905822754
