architecture,t_cbt,t_hxt,eta_hpfp,eta_r,p_cbt,qm_cb0,t0,p0,tpr_hx,Q_hx,pcc,v
pump,340,250,0.154,0.71,1330000.0,0.11,25.2,345000.0,0.95,149000.0,True,0
P_hpfp,P_rv,p_hpfp
17521.234112962607,103097.02600139071,1889366.271814466
Q,Q_phc
441554.60591198393,292554.60591198393
qm_cb,qm_phc/qm_t,qm_r,qm_v,qm,m_z
0.11,0.0025928337075266936,0.21606529030845653,0,0.1125928337075267,0.25928337075266933
number of iterations,8,Execution time: ,4.756749153137207
