architecture,t_cbt,t_hxt,eta_hpfp,eta_r,p_cbt,qm_cb0,t0,p0,tpr_hx,Q_hx,pcc,v
pump,340,270,0.154,0.71,1330000.0,0.11,25.2,345000.0,0.95,149000.0,True,0
P_hpfp,P_rv,p_hpfp
17481.869158895282,134383.08087314057,1889366.2727081615
Q,Q_phc
409044.8795114228,260044.87951142283
qm_cb,qm_phc/qm_t,qm_r,qm_v,qm,m_z
0.11,0.002340076953726642,0.2816514684372699,0,0.11234007695372664,0.2340076953726642
number of iterations,9,Execution time: ,5.406611919403076
