architecture,t_cbt,t_hxt,eta_hpfp,eta_r,p_cbt,qm_cb0,t0,p0,tpr_hx,Q_hx,pcc,v
pump,340,240,0.154,0.71,1330000.0,0.10998,25.2,345000.0,0.95,159000.0,True,0
P_hpfp,P_rv,p_hpfp
17514.12124153515,90711.01532521691,1889258.8433249607
Q,Q_phc
453758.331641319,294758.331641319
qm_cb,qm_phc/qm_t,qm_r,qm_v,qm,m_z
0.10998,0.0025739918832605874,0.1901899234599218,0,0.11255399188326058,0.2573991883260584
number of iterations,12,Execution time: ,6.068063020706177
