architecture,t_cbt,t_hxt,eta_hpfp,eta_r,p_cbt,qm_cb0,t0,p0,tpr_hx,Q_hx,pcc,v
pump,340,200,0.154,0.71,1330000.0,0.10800295595780073,25.2,345000.0,0.95,159000.0,True,0
P_hpfp,P_rv,p_hpfp
17338.383957025617,55086.73183817146,1889258.8433249607
Q,Q_phc
484282.86310359463,325282.86310359463
qm_cb,qm_phc/qm_t,qm_r,qm_v,qm,qm_pot
0.10800295595780073,0.0026688453318797823,0.11556669554683628,0,0.1106718012896805,0.0008256161310070758
number of iterations,12,Execution time: ,5.067577362060547
