architecture,t_cbt,t_hxt,eta_hpfp,eta_r,p_cbt,qm_cb0,t0,p0,tpr_hx,Q_hx,pcc,v
pump,340,240,0.154,0.71,1330000.0,0.10800295595780073,25.2,345000.0,0.95,159000.0,True,0
P_hpfp,P_rv,p_hpfp
17407.697523170053,90227.91290275028,1889258.8433249607
Q,Q_phc
451297.9170253881,292297.9170253881
qm_cb,qm_phc/qm_t,qm_r,qm_v,qm,qm_pot
0.10800295595780073,0.002485762855015429,0.18928165987694714,0,0.11048871881281616,0.0014544312457272848
number of iterations,12,Execution time: ,5.564722537994385
