architecture,t_cbt,t_hxt,eta_hpfp,eta_r,p_cbt,qm_cb0,t0,p0,tpr_hx,Q_hx,pcc,v
pump,340,230,0.154,0.71,1330000.0,0.10800295595780073,25.2,345000.0,0.95,159000.0,True,0
P_hpfp,P_rv,p_hpfp
17360.66107730993,79484.15882819302,1889258.8433249607
Q,Q_phc
460578.44195390976,301578.44195390976
qm_cb,qm_phc/qm_t,qm_r,qm_v,qm,qm_pot
0.10800295595780073,0.002533676920413408,0.16674913047737444,0,0.11053663287821414,0.0011040413411132516
number of iterations,12,Execution time: ,5.3930983543396
