architecture,t_cbt,t_hxt,eta_hpfp,eta_r,p_cbt,qm_cb0,t0,p0,tpr_hx,Q_hx,pcc,v
pump,340,230,0.154,0.71,1330000.0,0.11,25.2,345000.0,0.95,149000.0,True,0
P_hpfp,P_rv,p_hpfp
17547.27883798428,80325.37456820348,1889366.271814466
Q,Q_phc
465135.8636716624,316135.8636716624
qm_cb,qm_phc/qm_t,qm_r,qm_v,qm,m_z
0.11,0.0027597219528823517,0.16836764899109863,0,0.11275972195288235,0.2759721952882352
number of iterations,8,Execution time: ,4.5616631507873535
