architecture,t_cbt,t_hxt,eta_hpfp,eta_r,p_cbt,qm_cb0,t0,p0,tpr_hx,Q_hx,pcc,v
pump,340,270,0.154,0.71,1330000.0,0.10800295595780073,25.2,345000.0,0.95,159000.0,True,0
P_hpfp,P_rv,p_hpfp
17398.11793969816,133775.87314219048,1889258.855973307
Q,Q_phc
407451.93617136916,248451.93617136916
qm_cb,qm_phc/qm_t,qm_r,qm_v,qm,qm_pot
0.10800295595780073,0.0021549238405846457,0.280623544088598,0,0.11015787979838537,0.0017236641237621541
number of iterations,13,Execution time: ,6.073107719421387
