architecture,t_cbt,t_hxt,eta_hpfp,eta_r,p_cbt,qm_cb0,t0,p0,tpr_hx,Q_hx,pcc,v
pump,340,220,0.154,0.71,1330000.0,0.11,25.2,345000.0,0.95,149000.0,True,0
P_hpfp,P_rv,p_hpfp
17556.89007176007,71118.6267460832,1889366.271814466
Q,Q_phc
474641.37892802485,325641.37892802485
qm_cb,qm_phc/qm_t,qm_r,qm_v,qm,m_z
0.11,0.0028213820577319515,0.1490730992648532,0,0.11282138205773196,0.28213820577319515
number of iterations,8,Execution time: ,4.599183082580566
