architecture,t_cbt,t_hxt,eta_hpfp,eta_r,p_cbt,qm_cb0,t0,p0,tpr_hx,Q_hx,pcc,v
pump,340,200,0.154,0.71,1330000.0,0.10998,25.2,345000.0,0.95,159000.0,True,0
P_hpfp,P_rv,p_hpfp
17550.186085070378,55725.82142156922,1889258.8433249607
Q,Q_phc
489864.6895210106,330864.6895210106
qm_cb,qm_phc/qm_t,qm_r,qm_v,qm,m_z
0.10998,0.002805761553605693,0.11683668807292408,0,0.11278576155360569,0.28057615536056935
number of iterations,12,Execution time: ,6.535540580749512
