architecture,t_cbt,t_hxt,eta_hpfp,eta_r,p_cbt,qm_cb0,t0,p0,tpr_hx,Q_hx,pcc,v
pump,340,270,0.154,0.71,1330000.0,0.10998,25.2,345000.0,0.95,159000.0,True,0
P_hpfp,P_rv,p_hpfp
17460.429089123565,134153.2411472462,1889258.8433249607
Q,Q_phc
408646.9537814794,249646.9537814794
qm_cb,qm_phc/qm_t,qm_r,qm_v,qm,m_z
0.10998,0.002228940823981812,0.2812510760140041,0,0.1122089408239818,0.22289408239818054
number of iterations,12,Execution time: ,6.2518298625946045
