architecture,t_cbt,t_hxt,eta_hpfp,eta_r,p_cbt,qm_cb0,t0,p0,tpr_hx,Q_hx,pcc,v
pump,340,210,0.154,0.71,1330000.0,0.11,25.2,345000.0,0.95,149000.0,True,0
P_hpfp,P_rv,p_hpfp
17564.796609061694,63012.057441637015,1889366.271814466
Q,Q_phc
482993.7247808778,333993.7247808778
qm_cb,qm_phc/qm_t,qm_r,qm_v,qm,m_z
0.11,0.002872129303336033,0.13208040092622858,0,0.11287212930333604,0.2872129303336033
number of iterations,8,Execution time: ,4.571653604507446
