architecture,t_cbt,t_hxt,eta_hpfp,eta_r,p_cbt,qm_cb0,t0,p0,tpr_hx,Q_hx,pcc,v
pump,340,280,0.154,0.71,1330000.0,0.10800295595780073,25.2,345000.0,0.95,159000.0,True,0
P_hpfp,P_rv,p_hpfp
17095.56555975605,151818.65279589588,1889258.855973307
Q,Q_phc
379997.2326322052,220997.23263220518
qm_cb,qm_phc/qm_t,qm_r,qm_v,qm
0.10800295595780073,0.0019329736454550828,0.31846004049617244,0,0.10993592960325581
number of iterations,13,Execution time: ,6.232627630233765
