architecture,t_cbt,t_hxt,eta_hpfp,eta_r,p_cbt,qm_cb0,t0,p0,tpr_hx,Q_hx,pcc,v
pump,340,240,0.154,0.71,1330000.0,0.10800295595780073,25.2,345000.0,0.95,159000.0,True,0
P_hpfp,P_rv,p_hpfp
17172.019229209345,88997.14577959673,1889258.8433249607
Q,Q_phc
445197.106634442,286197.106634442
qm_cb,qm_phc/qm_t,qm_r,qm_v,qm
0.10800295595780073,0.0024246248767675477,0.18670720633790788,0,0.11042758083456827
number of iterations,12,Execution time: ,5.656586170196533
