architecture,t_cbt,t_hxt,eta_hpfp,eta_r,p_cbt,qm_cb0,t0,p0,tpr_hx,Q_hx,pcc,v
pump,340,210,0.154,0.71,1330000.0,0.10800295595780073,25.2,345000.0,0.95,159000.0,True,0
P_hpfp,P_rv,p_hpfp
17199.349897591732,61706.515073171264,1889258.8433249607
Q,Q_phc
473337.9510384897,314337.9510384897
qm_cb,qm_phc/qm_t,qm_r,qm_v,qm
0.10800295595780073,0.002600379373182582,0.12945838297629614,0,0.11060333533098331
number of iterations,12,Execution time: ,5.301359176635742
