architecture,t_cbt,t_hxt,eta_hpfp,eta_r,p_cbt,qm_cb0,t0,p0,tpr_hx,Q_hx,pcc,v
pump,340,210,0.154,0.71,1330000.0,0.10800295595780073,25.2,345000.0,0.95,159000.0,True,0
P_hpfp,P_rv,p_hpfp
17384.601565441415,62374.739056679304,1889258.8433249607
Q,Q_phc
478432.612298383,319432.612298383
qm_cb,qm_phc/qm_t,qm_r,qm_v,qm,qm_pot
0.10800295595780073,0.0026409022512424545,0.1308575065083486,0,0.11064385820904318,0.0011507693778568147
number of iterations,12,Execution time: ,5.338463306427002
