architecture,t_cbt,t_hxt,eta_hpfp,eta_r,p_cbt,qm_cb0,t0,p0,tpr_hx,Q_hx,pcc,v
pump,340,200,0.154,0.71,1330000.0,0.10800295595780073,25.2,345000.0,0.95,159000.0,True,0
P_hpfp,P_rv,p_hpfp
17205.405209108354,54661.80801925539,1889258.8433249607
Q,Q_phc
480571.02921903774,321571.02921903774
qm_cb,qm_phc/qm_t,qm_r,qm_v,qm
0.10800295595780073,0.0026393190804502448,0.11467710771431947,0,0.11064227503825097
number of iterations,12,Execution time: ,5.791370391845703
