architecture,t_cbt,t_hxt,eta_hpfp,eta_r,p_cbt,qm_cb0,t0,p0,tpr_hx,Q_hx,pcc,v
pump,350,140,0.154,0.71,1330000.0,0.1078695851944048,25.2,345000.0,0.95,159000.0,True,0
P_hpfp,P_rv,p_hpfp
17338.824576154864,25039.648906156515,1889258.855973307
Q,Q_phc
530699.0425363239,371699.0425363239
qm_cb,qm_phc/qm_t,qm_r,qm_v,qm,qm_pot
0.1078695851944048,0.0028845555247515387,0.05103121185320037,0,0.11075414071915635,0.0007461071869189822
number of iterations,13,Execution time: ,5.485275030136108
