architecture,t_cbt,t_hxt,eta_hpfp,eta_r,p_cbt,qm_cb0,t0,p0,tpr_hx,Q_hx,pcc,v
pump,350,180,0.154,0.71,1330000.0,0.1078695851944048,25.2,345000.0,0.95,159000.0,True,0
P_hpfp,P_rv,p_hpfp
17324.26595834552,41966.864732821654,1889258.8433249607
Q,Q_phc
513305.21371143084,354305.21371143084
qm_cb,qm_phc/qm_t,qm_r,qm_v,qm,qm_pot
0.1078695851944048,0.0028619964884731984,0.08553808349771408,0,0.110731581682878,0.0006750475538657427
number of iterations,12,Execution time: ,4.999741554260254
