architecture,t_cbt,t_hxt,eta_hpfp,eta_r,p_cbt,qm_cb0,t0,p0,tpr_hx,Q_hx,pcc,v
pump,350,160,0.154,0.71,1330000.0,0.10998,25.2,345000.0,0.95,159000.0,True,0
P_hpfp,P_rv,p_hpfp
17590.069366479423,33132.514098313506,1889258.8433249607
Q,Q_phc
530279.4328721265,371279.43287212646
qm_cb,qm_phc/qm_t,qm_r,qm_v,qm,m_z
0.10998,0.0030620703041324276,0.06749019639275823,0,0.11304207030413242,0.30620703041324293
number of iterations,12,Execution time: ,5.668974161148071
