architecture,t_cbt,t_hxt,eta_hpfp,eta_r,p_cbt,qm_cb0,t0,p0,tpr_hx,Q_hx,pcc,v
pump,350,160,0.154,0.71,1330000.0,0.1078695851944048,25.2,345000.0,0.95,159000.0,True,0
P_hpfp,P_rv,p_hpfp
17351.34453769167,32708.438317966815,1889258.8433249607
Q,Q_phc
523431.55447665456,364431.55447665456
qm_cb,qm_phc/qm_t,qm_r,qm_v,qm,qm_pot
0.1078695851944048,0.0028781591724302523,0.06665892014951999,0,0.11074774436683506,0.0008330182650394154
number of iterations,12,Execution time: ,5.2344725131988525
