architecture,t_cbt,t_hxt,eta_hpfp,eta_r,p_cbt,qm_cb0,t0,p0,tpr_hx,Q_hx,pcc,v
pump,350,140,0.154,0.71,1330000.0,0.10998,25.2,345000.0,0.95,159000.0,True,0
P_hpfp,P_rv,p_hpfp
17593.44209783562,25398.80675305136,1889258.8433249607
Q,Q_phc
538121.1691910336,379121.1691910336
qm_cb,qm_phc/qm_t,qm_r,qm_v,qm,m_z
0.10998,0.003083745064313359,0.05172884513120781,0,0.11306374506431335,0.3083745064313353
number of iterations,12,Execution time: ,5.82715106010437
