architecture,t_cbt,t_hxt,eta_hpfp,eta_r,p_cbt,qm_cb0,t0,p0,tpr_hx,Q_hx,pcc,v
pump,350,130,0.154,0.71,1330000.0,0.1078695851944048,25.2,345000.0,0.95,159000.0,True,0
P_hpfp,P_rv,p_hpfp
17332.986894977807,21768.715632889656,1889258.855973307
Q,Q_phc
533782.8682415922,374782.8682415922
qm_cb,qm_phc/qm_t,qm_r,qm_v,qm,qm_pot
0.1078695851944048,0.002884322388234787,0.04436103139743537,0,0.11075390758263959,0.0007088001259685079
number of iterations,13,Execution time: ,5.310100078582764
