architecture,t_cbt,t_hxt,eta_hpfp,eta_r,p_cbt,qm_cb0,t0,p0,tpr_hx,Q_hx,pcc,v
pump,350,160,0.154,0.71,1330000.0,0.1078695851944048,25.2,345000.0,0.95,159000.0,True,0
P_hpfp,P_rv,p_hpfp
17311.950571455603,32633.85607964667,1889258.8433249607
Q,Q_phc
522243.4933474196,363243.4933474196
qm_cb,qm_phc/qm_t,qm_r,qm_v,qm,qm_pot
0.1078695851944048,0.002889147983293706,0.06650710797326194,0,0.1107587331776985,0.0005686998758158274
number of iterations,12,Execution time: ,5.00977349281311
