architecture,t_cbt,t_hxt,eta_hpfp,eta_r,p_cbt,qm_cb0,t0,p0,tpr_hx,Q_hx,pcc,v
pump,350,130,0.154,0.71,1330000.0,0.1078695851944048,25.2,345000.0,0.95,159000.0,True,0
P_hpfp,P_rv,p_hpfp
17223.730668389202,21630.952187720428,1889258.855973307
Q,Q_phc
530418.7845961693,371418.78459616925
qm_cb,qm_phc/qm_t,qm_r,qm_v,qm
0.1078695851944048,0.00289053184570634,0.04408054128992904,0,0.11076011704011114
number of iterations,13,Execution time: ,5.579774379730225
