architecture,t_cbt,t_hxt,eta_hpfp,eta_r,p_cbt,qm_cb0,t0,p0,tpr_hx,Q_hx,pcc,v
pump,350,190,0.154,0.71,1330000.0,0.11,25.2,345000.0,0.95,149000.0,True,0
P_hpfp,P_rv,p_hpfp
17601.691615576467,48147.96040989562,1889366.2640801906
Q,Q_phc
515596.11296838,366596.11296838
qm_cb,qm_phc/qm_t,qm_r,qm_v,qm,m_z
0.11,0.003109255807144728,0.09803434864476165,0,0.11310925580714473,0.3109255807144728
number of iterations,7,Execution time: ,3.9922187328338623
