architecture,t_cbt,t_hxt,eta_hpfp,eta_r,p_cbt,qm_cb0,t0,p0,tpr_hx,Q_hx,pcc,v
pump,350,160,0.154,0.71,1330000.0,0.11,25.2,345000.0,0.95,149000.0,True,0
P_hpfp,P_rv,p_hpfp
17610.810852026974,33178.53577661999,1889366.2727081615
Q,Q_phc
530857.5790837829,381857.57908378285
qm_cb,qm_phc/qm_t,qm_r,qm_v,qm,m_z
0.11,0.003167612517533186,0.06757426180321063,0,0.11316761251753318,0.3167612517533186
number of iterations,9,Execution time: ,6.765575408935547
