architecture,t_cbt,t_hxt,eta_hpfp,eta_r,p_cbt,qm_cb0,t0,p0,tpr_hx,Q_hx,pcc,v
pump,350,130,0.154,0.71,1330000.0,0.1078695851944048,25.2,345000.0,0.95,159000.0,True,0
P_hpfp,P_rv,p_hpfp
17295.369402036744,21721.233886422528,1889258.855973307
Q,Q_phc
532624.6456330384,373624.64563303837
qm_cb,qm_phc/qm_t,qm_r,qm_v,qm,qm_pot
0.1078695851944048,0.0029069716003522414,0.044264390962465726,0,0.11077655679475704,0.00044424525466916365
number of iterations,13,Execution time: ,5.531412124633789
