architecture,t_cbt,t_hxt,eta_hpfp,eta_r,p_cbt,qm_cb0,t0,p0,tpr_hx,Q_hx,pcc,v
pump,350,190,0.154,0.71,1330000.0,0.1078695851944048,25.2,345000.0,0.95,159000.0,True,0
P_hpfp,P_rv,p_hpfp
17371.704925464368,47499.77945047133,1889258.8433249607
Q,Q_phc
509292.7982711915,350292.7982711915
qm_cb,qm_phc/qm_t,qm_r,qm_v,qm,qm_pot
0.1078695851944048,0.002843692596991211,0.09681903495993462,0,0.11071327779139602,0.000998415765757645
number of iterations,12,Execution time: ,5.447282314300537
