architecture,t_cbt,t_hxt,eta_hpfp,eta_r,p_cbt,qm_cb0,t0,p0,tpr_hx,Q_hx,pcc,v
pump,350,170,0.154,0.71,1330000.0,0.1078695851944048,25.2,345000.0,0.95,159000.0,True,0
P_hpfp,P_rv,p_hpfp
17218.108608833114,36852.79745734934,1889258.8433249607
Q,Q_phc
515016.7580605281,356016.7580605281
qm_cb,qm_phc/qm_t,qm_r,qm_v,qm
0.1078695851944048,0.00285438120939005,0.0751110562884464,0,0.11072396640379485
number of iterations,12,Execution time: ,5.4025468826293945
