architecture,t_cbt,t_hxt,eta_hpfp,eta_r,p_cbt,qm_cb0,t0,p0,tpr_hx,Q_hx,pcc,v
pump,350,100,0.154,0.71,1330000.0,0.11,25.2,345000.0,0.95,149000.0,True,0
P_hpfp,P_rv,p_hpfp
17615.61101084647,14105.061301759346,1889366.2728233607
Q,Q_phc
550084.7918724965,401084.7918724965
qm_cb,qm_phc/qm_t,qm_r,qm_v,qm,m_z
0.11,0.003198389891236159,0.028721265396924746,0,0.11319838989123616,0.3198389891236159
number of iterations,11,Execution time: ,11.418464660644531
