architecture,t_cbt,t_hxt,eta_hpfp,eta_r,p_cbt,qm_cb0,t0,p0,tpr_hx,Q_hx,pcc,v
pump,350,160,0.154,0.71,1330000.0,0.1078695851944048,25.2,345000.0,0.95,159000.0,True,0
P_hpfp,P_rv,p_hpfp
17220.22337017723,32460.18668770333,1889258.8433249607
Q,Q_phc
519477.15051453456,360477.15051453456
qm_cb,qm_phc/qm_t,qm_r,qm_v,qm
0.1078695851944048,0.002867980540729967,0.06615361423669004,0,0.11073756573513477
number of iterations,12,Execution time: ,5.529189109802246
