architecture,t_cbt,t_hxt,eta_hpfp,eta_r,p_cbt,qm_cb0,t0,p0,tpr_hx,Q_hx,pcc,v
pump,350,170,0.154,0.71,1330000.0,0.11,25.2,345000.0,0.95,149000.0,True,0
P_hpfp,P_rv,p_hpfp
17608.4579447394,37687.01008838985,1889366.271814466
Q,Q_phc
526273.7491409223,377273.74914092233
qm_cb,qm_phc/qm_t,qm_r,qm_v,qm,m_z
0.11,0.0031525609744744343,0.07674485262494034,0,0.11315256097447443,0.31525609744744343
number of iterations,8,Execution time: ,5.1395792961120605
