architecture,t_cbt,t_hxt,eta_hpfp,eta_r,p_cbt,qm_cb0,t0,p0,tpr_hx,Q_hx,pcc,v
pump,350,130,0.154,0.71,1330000.0,0.11,25.2,345000.0,0.95,149000.0,True,0
P_hpfp,P_rv,p_hpfp
17614.772614069363,22109.432039396972,1889366.2728114282
Q,Q_phc
542053.5691412201,393053.56914122007
qm_cb,qm_phc/qm_t,qm_r,qm_v,qm,m_z
0.11,0.0031930291694843515,0.04502571649513757,0,0.11319302916948436,0.31930291694843516
number of iterations,10,Execution time: ,8.931666851043701
