architecture,t_cbt,t_hxt,eta_hpfp,eta_r,p_cbt,qm_cb0,t0,p0,tpr_hx,Q_hx,pcc,v
pump,350,100,0.154,0.71,1330000.0,0.1078695851944048,25.2,345000.0,0.95,159000.0,True,0
P_hpfp,P_rv,p_hpfp
17317.354159876995,13867.704079731884,1889258.8609416161
Q,Q_phc
541182.8181300634,382182.81813006336
qm_cb,qm_phc/qm_t,qm_r,qm_v,qm,qm_pot
0.1078695851944048,0.00287485177518071,0.028262141072921937,0,0.11074443696958551,0.0006177406151604135
number of iterations,15,Execution time: ,6.449488401412964
