architecture,t_cbt,t_hxt,eta_hpfp,eta_r,p_cbt,qm_cb0,t0,p0,tpr_hx,Q_hx,pcc,v
pump,350,140,0.154,0.71,1330000.0,0.11,25.2,345000.0,0.95,149000.0,True,0
P_hpfp,P_rv,p_hpfp
17613.878896634582,25437.208964485937,1889366.2727081615
Q,Q_phc
538697.1687172733,389697.1687172733
qm_cb,qm_phc/qm_t,qm_r,qm_v,qm,m_z
0.11,0.003187315761255979,0.05179487960588879,0,0.11318731576125599,0.3187315761255979
number of iterations,9,Execution time: ,6.2699010372161865
