architecture,t_cbt,t_hxt,eta_hpfp,eta_r,p_cbt,qm_cb0,t0,p0,tpr_hx,Q_hx,pcc,v
pump,350,190,0.154,0.71,1330000.0,0.10998,25.2,345000.0,0.95,159000.0,True,0
P_hpfp,P_rv,p_hpfp
17580.565879650814,48041.85893064198,1889258.8433249607
Q,Q_phc
515065.6902625318,356065.6902625318
qm_cb,qm_phc/qm_t,qm_r,qm_v,qm,m_z
0.10998,0.0030009964218280505,0.09787108050720873,0,0.11298099642182804,0.3000996421828055
number of iterations,12,Execution time: ,5.841773986816406
