architecture,t_cbt,t_hxt,eta_hpfp,eta_r,p_cbt,qm_cb0,t0,p0,tpr_hx,Q_hx,pcc,v
pump,350,150,0.154,0.71,1330000.0,0.1078695851944048,25.2,345000.0,0.95,159000.0,True,0
P_hpfp,P_rv,p_hpfp
17344.942612592935,28672.530959756412,1889258.855973307
Q,Q_phc
527262.2539116271,368262.2539116271
qm_cb,qm_phc/qm_t,qm_r,qm_v,qm,qm_pot
0.1078695851944048,0.002882664729800834,0.05843943466839356,0,0.11075224992420564,0.0007873410513232798
number of iterations,13,Execution time: ,5.609945058822632
