architecture,t_cbt,t_hxt,eta_hpfp,eta_r,p_cbt,qm_cb0,t0,p0,tpr_hx,Q_hx,pcc,v
pump,350,120,0.154,0.71,1330000.0,0.1078695851944048,25.2,345000.0,0.95,159000.0,True,0
P_hpfp,P_rv,p_hpfp
17290.40421302302,18784.347100251744,1889258.8597899457
Q,Q_phc
535402.385077433,376402.38507743296
qm_cb,qm_phc/qm_t,qm_r,qm_v,qm,qm_pot
0.1078695851944048,0.002908579235634705,0.03828293011583959,0,0.1107781644300395,0.00041070723064155334
number of iterations,14,Execution time: ,5.7846832275390625
