architecture,t_cbt,t_hxt,eta_hpfp,eta_r,p_cbt,qm_cb0,t0,p0,tpr_hx,Q_hx,pcc,v
pump,350,110,0.154,0.71,1330000.0,0.1078695851944048,25.2,345000.0,0.95,159000.0,True,0
P_hpfp,P_rv,p_hpfp
17224.36978678533,16114.170392735758,1889258.8597899457
Q,Q_phc
535956.0466105766,376956.04661057657
qm_cb,qm_phc/qm_t,qm_r,qm_v,qm
0.1078695851944048,0.002894640908331525,0.032838156556451524,0,0.11076422610273633
number of iterations,14,Execution time: ,6.458271741867065
