architecture,t_cbt,t_hxt,eta_hpfp,eta_r,p_cbt,qm_cb0,t0,p0,tpr_hx,Q_hx,pcc,v
pump,350,110,0.154,0.71,1330000.0,0.11,25.2,345000.0,0.95,149000.0,True,0
P_hpfp,P_rv,p_hpfp
17615.57795099042,16469.96178327902,1889366.2728233607
Q,Q_phc
547718.8325554179,398718.8325554179
qm_cb,qm_phc/qm_t,qm_r,qm_v,qm,m_z
0.11,0.0031981840959811963,0.033541115189243076,0,0.1131981840959812,0.31981840959811964
number of iterations,11,Execution time: ,8.686787843704224
