architecture,t_cbt,t_hxt,eta_hpfp,eta_r,p_cbt,qm_cb0,t0,p0,tpr_hx,Q_hx,pcc,v
pump,350,100,0.154,0.71,1330000.0,0.1078695851944048,25.2,345000.0,0.95,159000.0,True,0
P_hpfp,P_rv,p_hpfp
17281.466320697313,13838.817225509863,1889258.8609416161
Q,Q_phc
540061.4389740299,381061.43897402985
qm_cb,qm_phc/qm_t,qm_r,qm_v,qm,qm_pot
0.1078695851944048,0.0029075225808638245,0.02820334158993826,0,0.11077710777526863,0.00035428698417018566
number of iterations,15,Execution time: ,6.64968204498291
