architecture,t_cbt,t_hxt,eta_hpfp,eta_r,p_cbt,qm_cb0,t0,p0,tpr_hx,Q_hx,pcc,v
pump,350,180,0.154,0.71,1330000.0,0.1078695851944048,25.2,345000.0,0.95,159000.0,True,0
P_hpfp,P_rv,p_hpfp
17215.384478280117,41701.88187765258,1889258.8433249607
Q,Q_phc
510080.36064019636,351080.36064019636
qm_cb,qm_phc/qm_t,qm_r,qm_v,qm
0.1078695851944048,0.0028368632260457605,0.08499883700457418,0,0.11070644842045056
number of iterations,12,Execution time: ,5.536245822906494
