architecture,t_cbt,t_hxt,eta_hpfp,eta_r,p_cbt,qm_cb0,t0,p0,tpr_hx,Q_hx,pcc,v
pump,350,180,0.154,0.71,1330000.0,0.10998,25.2,345000.0,0.95,159000.0,True,0
P_hpfp,P_rv,p_hpfp
17584.45084117293,42569.77376401221,1889258.8433249607
Q,Q_phc
520662.2111939943,361662.2111939943
qm_cb,qm_phc/qm_t,qm_r,qm_v,qm,m_z
0.10998,0.0030259630143048694,0.0867211535215297,0,0.11300596301430486,0.302596301430487
number of iterations,12,Execution time: ,6.046015024185181
