architecture,t_cbt,t_hxt,eta_hpfp,eta_r,p_cbt,qm_cb0,t0,p0,tpr_hx,Q_hx,pcc,v
pump,350,110,0.154,0.71,1330000.0,0.10998,25.2,345000.0,0.95,159000.0,True,0
P_hpfp,P_rv,p_hpfp
17595.57626349899,16459.99077321458,1889258.855973307
Q,Q_phc
547128.3270821983,388128.32708219835
qm_cb,qm_phc/qm_t,qm_r,qm_v,qm,m_z
0.10998,0.003097457171029022,0.03351762321945215,0,0.11307745717102902,0.3097457171029026
number of iterations,13,Execution time: ,6.51456356048584
