architecture,t_cbt,t_hxt,eta_hpfp,eta_r,p_cbt,qm_cb0,t0,p0,tpr_hx,Q_hx,pcc,v
pump,350,120,0.154,0.71,1330000.0,0.10998,25.2,345000.0,0.95,159000.0,True,0
P_hpfp,P_rv,p_hpfp
17595.17222190529,19112.318471896633,1889258.855973307
Q,Q_phc
544463.0578851121,385463.0578851121
qm_cb,qm_phc/qm_t,qm_r,qm_v,qm,m_z
0.10998,0.003094860609522715,0.03892300174441029,0,0.11307486060952271,0.3094860609522718
number of iterations,13,Execution time: ,6.3308024406433105
