architecture,t_cbt,t_hxt,eta_hpfp,eta_r,p_cbt,qm_cb0,t0,p0,tpr_hx,Q_hx,pcc,v
pump,350,110,0.154,0.71,1330000.0,0.1078695851944048,25.2,345000.0,0.95,159000.0,True,0
P_hpfp,P_rv,p_hpfp
17322.23025633061,16206.106813353954,1889258.8597899457
Q,Q_phc
539000.703942106,380000.703942106
qm_cb,qm_phc/qm_t,qm_r,qm_v,qm,qm_pot
0.1078695851944048,0.0028791104182619154,0.03302534442933856,0,0.11074869561266672,0.0006448388078432732
number of iterations,14,Execution time: ,6.074493408203125
