architecture,t_cbt,t_hxt,eta_hpfp,eta_r,p_cbt,qm_cb0,t0,p0,tpr_hx,Q_hx,pcc,v
pump,350,120,0.154,0.71,1330000.0,0.1078695851944048,25.2,345000.0,0.95,159000.0,True,0
P_hpfp,P_rv,p_hpfp
17327.42624689418,18824.75201154213,1889258.8597899457
Q,Q_phc
536548.5990396434,377548.5990396434
qm_cb,qm_phc/qm_t,qm_r,qm_v,qm,qm_pot
0.1078695851944048,0.002882367864638564,0.03836518335836328,0,0.11075195305904337,0.0006749950584979421
number of iterations,14,Execution time: ,5.945347547531128
