architecture,t_cbt,t_hxt,eta_hpfp,eta_r,p_cbt,qm_cb0,t0,p0,tpr_hx,Q_hx,pcc,v
pump,350,150,0.154,0.71,1330000.0,0.10998,25.2,345000.0,0.95,159000.0,True,0
P_hpfp,P_rv,p_hpfp
17591.9960072081,29070.46515576978,1889258.8433249607
Q,Q_phc
534403.1923390259,375403.1923390259
qm_cb,qm_phc/qm_t,qm_r,qm_v,qm,m_z
0.10998,0.0030744518048624464,0.059211918517860895,0,0.11305445180486244,0.30744518048624453
number of iterations,12,Execution time: ,5.788228273391724
