architecture,t_cbt,t_hxt,eta_hpfp,eta_r,p_cbt,qm_cb0,t0,p0,tpr_hx,Q_hx,pcc,v
pump,350,180,0.154,0.71,1330000.0,0.1078695851944048,25.2,345000.0,0.95,159000.0,True,0
P_hpfp,P_rv,p_hpfp
17364.72429580109,42065.19636543262,1889258.8433249607
Q,Q_phc
514503.6403474453,355503.6403474453
qm_cb,qm_phc/qm_t,qm_r,qm_v,qm,qm_pot
0.1078695851944048,0.0028593008242487217,0.08573830019504568,0,0.11072888601865352,0.0009379174160207402
number of iterations,12,Execution time: ,5.532376289367676
