architecture,t_cbt,t_hxt,eta_hpfp,eta_r,p_cbt,qm_cb0,t0,p0,tpr_hx,Q_hx,pcc,v
pump,350,200,0.154,0.71,1330000.0,0.1078695851944048,25.2,345000.0,0.95,159000.0,True,0
P_hpfp,P_rv,p_hpfp
17207.68622262182,52999.339491365405,1889258.8433249607
Q,Q_phc
498536.1608886028,339536.1608886028
qm_cb,qm_phc/qm_t,qm_r,qm_v,qm
0.1078695851944048,0.002787358287945907,0.10803345720952466,0,0.11065694348235071
number of iterations,12,Execution time: ,5.325023651123047
