architecture,t_cbt,t_hxt,eta_hpfp,eta_r,p_cbt,qm_cb0,t0,p0,tpr_hx,Q_hx,pcc,v
pump,350,260,0.154,0.71,1330000.0,0.1078695851944048,25.2,345000.0,0.95,159000.0,True,0
P_hpfp,P_rv,p_hpfp
17426.20381032943,109722.70906341131,1889258.8433249607
Q,Q_phc
448816.65026185184,289816.65026185184
qm_cb,qm_phc/qm_t,qm_r,qm_v,qm,qm_pot
0.1078695851944048,0.002515054434491443,0.2236361120810773,0,0.11038463962889625,0.0016775182466058107
number of iterations,12,Execution time: ,5.558765172958374
