architecture,t_cbt,t_hxt,eta_hpfp,eta_r,p_cbt,qm_cb0,t0,p0,tpr_hx,Q_hx,pcc,v
pump,350,200,0.154,0.71,1330000.0,0.10998,25.2,345000.0,0.95,159000.0,True,0
P_hpfp,P_rv,p_hpfp
17575.804528259232,54104.48476451305,1889258.8433249607
Q,Q_phc
508850.5577954093,349850.5577954093
qm_cb,qm_phc/qm_t,qm_r,qm_v,qm,m_z
0.10998,0.0029703977352887323,0.11022373270356463,0,0.11295039773528873,0.2970397735288731
number of iterations,12,Execution time: ,6.2526867389678955
