architecture,t_cbt,t_hxt,eta_hpfp,eta_r,p_cbt,qm_cb0,t0,p0,tpr_hx,Q_hx,pcc,v
pump,350,240,0.154,0.71,1330000.0,0.10998,25.2,345000.0,0.95,159000.0,True,0
P_hpfp,P_rv,p_hpfp
17544.31314146212,86483.98495916706,1889258.8433249607
Q,Q_phc
475462.38485600916,316462.38485600916
qm_cb,qm_phc/qm_t,qm_r,qm_v,qm,m_z
0.10998,0.0027680192519453084,0.17619162993507081,0,0.1127480192519453,0.2768019251945315
number of iterations,12,Execution time: ,6.169020414352417
