architecture,t_cbt,t_hxt,eta_hpfp,eta_r,p_cbt,qm_cb0,t0,p0,tpr_hx,Q_hx,pcc,v
pump,350,260,0.154,0.71,1330000.0,0.1078695851944048,25.2,345000.0,0.95,159000.0,True,0
P_hpfp,P_rv,p_hpfp
17385.561691784005,109466.53881451626,1889258.8433249607
Q,Q_phc
447770.1717467904,288770.1717467904
qm_cb,qm_phc/qm_t,qm_r,qm_v,qm,qm_pot
0.1078695851944048,0.002486783379373834,0.22311406803842396,0,0.11035636857377863,0.0014444332683380932
number of iterations,12,Execution time: ,5.355678081512451
