architecture,t_cbt,t_hxt,eta_hpfp,eta_r,p_cbt,qm_cb0,t0,p0,tpr_hx,Q_hx,pcc,v
pump,350,220,0.154,0.71,1330000.0,0.1078695851944048,25.2,345000.0,0.95,159000.0,True,0
P_hpfp,P_rv,p_hpfp
17393.747963028047,67764.42178915605,1889258.8433249607
Q,Q_phc
489734.6726364549,330734.6726364549
qm_cb,qm_phc/qm_t,qm_r,qm_v,qm,qm_pot
0.1078695851944048,0.0027620063729007953,0.13813146585542135,0,0.11063159156730559,0.0012218534798686634
number of iterations,12,Execution time: ,5.435755014419556
