architecture,t_cbt,t_hxt,eta_hpfp,eta_r,p_cbt,qm_cb0,t0,p0,tpr_hx,Q_hx,pcc,v
pump,350,210,0.154,0.71,1330000.0,0.11,25.2,345000.0,0.95,149000.0,True,0
P_hpfp,P_rv,p_hpfp
17591.408673342015,60966.18687584088,1889366.2640801906
Q,Q_phc
502448.5461260569,353448.5461260569
qm_cb,qm_phc/qm_t,qm_r,qm_v,qm,m_z
0.11,0.0030432414742226467,0.12415312591998234,0,0.11304324147422265,0.30432414742226466
number of iterations,7,Execution time: ,4.0336620807647705
