architecture,t_cbt,t_hxt,eta_hpfp,eta_r,p_cbt,qm_cb0,t0,p0,tpr_hx,Q_hx,pcc,v
pump,350,230,0.154,0.71,1330000.0,0.1078695851944048,25.2,345000.0,0.95,159000.0,True,0
P_hpfp,P_rv,p_hpfp
17188.258045681127,75302.3481649928,1889258.8433249607
Q,Q_phc
475610.44622465054,316610.44622465054
qm_cb,qm_phc/qm_t,qm_r,qm_v,qm
0.1078695851944048,0.002662422102460066,0.15349992173313642,0,0.11053200729686487
number of iterations,12,Execution time: ,5.354161262512207
