architecture,t_cbt,t_hxt,eta_hpfp,eta_r,p_cbt,qm_cb0,t0,p0,tpr_hx,Q_hx,pcc,v
pump,350,250,0.154,0.71,1330000.0,0.11,25.2,345000.0,0.95,149000.0,True,0
P_hpfp,P_rv,p_hpfp
17553.55657696723,97704.2585200159,1889366.2640801906
Q,Q_phc
464498.15378781024,315498.15378781024
qm_cb,qm_phc/qm_t,qm_r,qm_v,qm,m_z
0.11,0.0028007357221980574,0.19893523833944615,0,0.11280073572219806,0.2800735722198057
number of iterations,7,Execution time: ,7.431528806686401
