architecture,t_cbt,t_hxt,eta_hpfp,eta_r,p_cbt,qm_cb0,t0,p0,tpr_hx,Q_hx,pcc,v
pump,350,280,0.154,0.71,1330000.0,0.1078695851944048,25.2,345000.0,0.95,159000.0,True,0
P_hpfp,P_rv,p_hpfp
17114.071232055914,139952.45933940218,1889258.8433249607
Q,Q_phc
408582.5219703753,249582.52197037532
qm_cb,qm_phc/qm_t,qm_r,qm_v,qm
0.1078695851944048,0.0021853512205149556,0.2852173710063505,0,0.11005493641491976
number of iterations,12,Execution time: ,5.356654644012451
