architecture,t_cbt,t_hxt,eta_hpfp,eta_r,p_cbt,qm_cb0,t0,p0,tpr_hx,Q_hx,pcc,v
pump,350,200,0.154,0.71,1330000.0,0.1078695851944048,25.2,345000.0,0.95,159000.0,True,0
P_hpfp,P_rv,p_hpfp
17378.86771536589,53528.83301036716,1889258.8433249607
Q,Q_phc
503493.32426437124,344493.32426437124
qm_cb,qm_phc/qm_t,qm_r,qm_v,qm,qm_pot
0.1078695851944048,0.0028229524295211943,0.1091110710809427,0,0.110692537623926,0.0010652174680008176
number of iterations,12,Execution time: ,5.003199338912964
