architecture,t_cbt,t_hxt,eta_hpfp,eta_r,p_cbt,qm_cb0,t0,p0,tpr_hx,Q_hx,pcc,v
pump,350,210,0.154,0.71,1330000.0,0.1078695851944048,25.2,345000.0,0.95,159000.0,True,0
P_hpfp,P_rv,p_hpfp
17344.615336796927,60099.858793682186,1889258.8433249607
Q,Q_phc
495824.4517102102,336824.4517102102
qm_cb,qm_phc/qm_t,qm_r,qm_v,qm,qm_pot
0.1078695851944048,0.002786229655885033,0.12250742828155371,0,0.11065581485028983,0.0008816745144261349
number of iterations,12,Execution time: ,4.993128538131714
