architecture,t_cbt,t_hxt,eta_hpfp,eta_r,p_cbt,qm_cb0,t0,p0,tpr_hx,Q_hx,pcc,v
pump,350,220,0.154,0.71,1330000.0,0.1078695851944048,25.2,345000.0,0.95,159000.0,True,0
P_hpfp,P_rv,p_hpfp
17351.968450671284,67601.32416103873,1889258.8433249607
Q,Q_phc
488558.666101746,329558.666101746
qm_cb,qm_phc/qm_t,qm_r,qm_v,qm,qm_pot
0.1078695851944048,0.0027480287109056508,0.13779922932016278,0,0.11061761390531046,0.0009671609047516875
number of iterations,12,Execution time: ,5.447661399841309
