architecture,t_cbt,t_hxt,eta_hpfp,eta_r,p_cbt,qm_cb0,t0,p0,tpr_hx,Q_hx,pcc,v
pump,350,270,0.154,0.71,1330000.0,0.1078695851944048,25.2,345000.0,0.95,159000.0,True,0
P_hpfp,P_rv,p_hpfp
17435.088460415456,124760.92636761765,1889258.8433249607
Q,Q_phc
434063.2010471785,275063.2010471785
qm_cb,qm_phc/qm_t,qm_r,qm_v,qm,qm_pot
0.1078695851944048,0.002410241282481502,0.2542653917238197,0,0.1102798264768863,0.0018394656472131997
number of iterations,12,Execution time: ,5.267425537109375
