architecture,t_cbt,t_hxt,eta_hpfp,eta_r,p_cbt,qm_cb0,t0,p0,tpr_hx,Q_hx,pcc,v
pump,350,250,0.154,0.71,1330000.0,0.1078695851944048,25.2,345000.0,0.95,159000.0,True,0
P_hpfp,P_rv,p_hpfp
17167.24416339574,95514.73303409686,1889258.8433249607
Q,Q_phc
454724.530822083,295724.530822083
qm_cb,qm_phc/qm_t,qm_r,qm_v,qm
0.1078695851944048,0.0025272887699297614,0.19469527786069102,0,0.11039687396433456
number of iterations,12,Execution time: ,6.009966135025024
