architecture,t_cbt,t_hxt,eta_hpfp,eta_r,p_cbt,qm_cb0,t0,p0,tpr_hx,Q_hx,pcc,v
pump,350,240,0.154,0.71,1330000.0,0.1078695851944048,25.2,345000.0,0.95,159000.0,True,0
P_hpfp,P_rv,p_hpfp
17409.453639789204,85872.28498651784,1889258.8433249607
Q,Q_phc
472130.20299120713,313130.20299120713
qm_cb,qm_phc/qm_t,qm_r,qm_v,qm,qm_pot
0.1078695851944048,0.002665477004133599,0.17503906912855796,0,0.1105350621985384,0.0014193808656398179
number of iterations,12,Execution time: ,5.546557664871216
