architecture,t_cbt,t_hxt,eta_hpfp,eta_r,p_cbt,qm_cb0,t0,p0,tpr_hx,Q_hx,pcc,v
pump,350,270,0.154,0.71,1330000.0,0.11,25.2,345000.0,0.95,149000.0,True,0
P_hpfp,P_rv,p_hpfp
17520.03700764534,125336.90448681764,1889366.271814466
Q,Q_phc
435791.9236914151,286791.9236914151
qm_cb,qm_phc/qm_t,qm_r,qm_v,qm,m_z
0.11,0.002585455018147505,0.25522990234250825,0,0.11258545501814751,0.2585455018147505
number of iterations,8,Execution time: ,9.229041814804077
