architecture,t_cbt,t_hxt,eta_hpfp,eta_r,p_cbt,qm_cb0,t0,p0,tpr_hx,Q_hx,pcc,v
pump,350,260,0.154,0.71,1330000.0,0.11,25.2,345000.0,0.95,149000.0,True,0
P_hpfp,P_rv,p_hpfp
17538.632712744693,110398.05323368456,1889366.271814466
Q,Q_phc
451326.355091268,302326.355091268
qm_cb,qm_phc/qm_t,qm_r,qm_v,qm,m_z
0.11,0.002704468750426385,0.22484059951706983,0,0.11270446875042639,0.2704468750426385
number of iterations,8,Execution time: ,8.115562200546265
