architecture,t_cbt,t_hxt,eta_hpfp,eta_r,p_cbt,qm_cb0,t0,p0,tpr_hx,Q_hx,pcc,v
pump,350,270,0.154,0.71,1330000.0,0.10998,25.2,345000.0,0.95,159000.0,True,0
P_hpfp,P_rv,p_hpfp
17498.333656544884,125091.10506625731,1889258.8433249607
Q,Q_phc
435382.53655335633,276382.53655335633
qm_cb,qm_phc/qm_t,qm_r,qm_v,qm,m_z
0.10998,0.002472533426490481,0.2548357675801019,0,0.11245253342649048,0.2472533426490485
number of iterations,12,Execution time: ,6.813125371932983
