architecture,t_cbt,t_hxt,eta_hpfp,eta_r,p_cbt,qm_cb0,t0,p0,tpr_hx,Q_hx,pcc,v
pump,360,190,0.154,0.71,1330000.0,0.10773678901529868,25.2,345000.0,0.95,159000.0,True,0
P_hpfp,P_rv,p_hpfp
17330.036806241744,46201.35056708712,1889258.8433249607
Q,Q_phc
525572.1340369631,366572.1340369631
qm_cb,qm_phc/qm_t,qm_r,qm_v,qm,qm_pot
0.10773678901529868,0.0029845757884694327,0.09157382350459192,0,0.11072136480376811,0.0007223748487070737
number of iterations,12,Execution time: ,5.191950798034668
