architecture,t_cbt,t_hxt,eta_hpfp,eta_r,p_cbt,qm_cb0,t0,p0,tpr_hx,Q_hx,pcc,v
pump,360,100,0.154,0.71,1330000.0,0.10773678901529868,25.2,345000.0,0.95,159000.0,True,0
P_hpfp,P_rv,p_hpfp
17279.60477627189,13725.816818242642,1889258.8609416161
Q,Q_phc
556383.7314588864,397383.7314588864
qm_cb,qm_phc/qm_t,qm_r,qm_v,qm,qm_pot
0.10773678901529868,0.0030300941790370943,0.02720041792794024,0,0.11076688319433577,0.00035254058853399116
number of iterations,15,Execution time: ,6.620175123214722
