architecture,t_cbt,t_hxt,eta_hpfp,eta_r,p_cbt,qm_cb0,t0,p0,tpr_hx,Q_hx,pcc,v
pump,360,110,0.154,0.71,1330000.0,0.10998,25.2,345000.0,0.95,159000.0,True,0
P_hpfp,P_rv,p_hpfp
17617.406610494232,16326.802269871027,1889258.855973307
Q,Q_phc
564536.9169542609,405536.9169542609
qm_cb,qm_phc/qm_t,qm_r,qm_v,qm,m_z
0.10998,0.003237749258677425,0.03233062484190701,0,0.11321774925867742,0.32377492586774215
number of iterations,13,Execution time: ,6.195469617843628
