architecture,t_cbt,t_hxt,eta_hpfp,eta_r,p_cbt,qm_cb0,t0,p0,tpr_hx,Q_hx,pcc,v
pump,360,130,0.154,0.71,1330000.0,0.10773678901529868,25.2,345000.0,0.95,159000.0,True,0
P_hpfp,P_rv,p_hpfp
17293.908511401627,21456.131313663704,1889258.855973307
Q,Q_phc
549125.3492271001,390125.34922710015
qm_cb,qm_phc/qm_t,qm_r,qm_v,qm,qm_pot
0.10773678901529868,0.003033963530085938,0.04251707895595541,0,0.11077075254538461,0.0004406549993989193
number of iterations,13,Execution time: ,5.316619157791138
