architecture,t_cbt,t_hxt,eta_hpfp,eta_r,p_cbt,qm_cb0,t0,p0,tpr_hx,Q_hx,pcc,v
pump,360,180,0.154,0.71,1330000.0,0.10773678901529868,25.2,345000.0,0.95,159000.0,True,0
P_hpfp,P_rv,p_hpfp
17216.27894198776,40773.88913182444,1889258.8433249607
Q,Q_phc
527246.3587553718,368246.35875537177
qm_cb,qm_phc/qm_t,qm_r,qm_v,qm
0.10773678901529868,0.0029754114056627784,0.08081378666265228,0,0.11071220042096146
number of iterations,12,Execution time: ,5.688055992126465
