architecture,t_cbt,t_hxt,eta_hpfp,eta_r,p_cbt,qm_cb0,t0,p0,tpr_hx,Q_hx,pcc,v
pump,360,130,0.154,0.71,1330000.0,0.10773678901529868,25.2,345000.0,0.95,159000.0,True,0
P_hpfp,P_rv,p_hpfp
17333.237874050024,21505.162312253033,1889258.855973307
Q,Q_phc
550373.9199796622,391373.91997966217
qm_cb,qm_phc/qm_t,qm_r,qm_v,qm,qm_pot
0.10773678901529868,0.0030109948018885004,0.04261411990479465,0,0.11074778381718718,0.000716537854850113
number of iterations,13,Execution time: ,5.947455406188965
