architecture,t_cbt,t_hxt,eta_hpfp,eta_r,p_cbt,qm_cb0,t0,p0,tpr_hx,Q_hx,pcc,v
pump,360,160,0.154,0.71,1330000.0,0.10773678901529868,25.2,345000.0,0.95,159000.0,True,0
P_hpfp,P_rv,p_hpfp
17310.88788915906,32055.713573806996,1889258.8433249607
Q,Q_phc
539085.9868529114,380085.9868529114
qm_cb,qm_phc/qm_t,qm_r,qm_v,qm,qm_pot
0.10773678901529868,0.0030224223678404953,0.06352608587523709,0,0.11075921138313917,0.000561387911710172
number of iterations,12,Execution time: ,5.419694423675537
