architecture,t_cbt,t_hxt,eta_hpfp,eta_r,p_cbt,qm_cb0,t0,p0,tpr_hx,Q_hx,pcc,v
pump,360,190,0.154,0.71,1330000.0,0.10773678901529868,25.2,345000.0,0.95,159000.0,True,0
P_hpfp,P_rv,p_hpfp
17213.38415988483,45889.101653287486,1889258.8433249607
Q,Q_phc
522035.6380899464,363035.6380899464
qm_cb,qm_phc/qm_t,qm_r,qm_v,qm
0.10773678901529868,0.0029567960185959974,0.09095584724204907,0,0.11069358503389468
number of iterations,12,Execution time: ,5.135984897613525
