architecture,t_cbt,t_hxt,eta_hpfp,eta_r,p_cbt,qm_cb0,t0,p0,tpr_hx,Q_hx,pcc,v
pump,360,100,0.154,0.71,1330000.0,0.10773678901529868,25.2,345000.0,0.95,159000.0,True,0
P_hpfp,P_rv,p_hpfp
17317.052080462778,13755.71144813649,1889258.8609416161
Q,Q_phc
557589.3434249407,398589.3434249407
qm_cb,qm_phc/qm_t,qm_r,qm_v,qm,qm_pot
0.10773678901529868,0.0029965838104133347,0.027259589413033643,0,0.11073337282571201,0.0006268621862216789
number of iterations,15,Execution time: ,6.525606155395508
