architecture,t_cbt,t_hxt,eta_hpfp,eta_r,p_cbt,qm_cb0,t0,p0,tpr_hx,Q_hx,pcc,v
pump,360,140,0.154,0.71,1330000.0,0.10998,25.2,345000.0,0.95,159000.0,True,0
P_hpfp,P_rv,p_hpfp
17616.058789693412,25080.343760438263,1889258.8433249607
Q,Q_phc
555738.9525737554,396738.9525737554
qm_cb,qm_phc/qm_t,qm_r,qm_v,qm,m_z
0.10998,0.0032290905781808127,0.04967334394374152,0,0.11320909057818081,0.32290905781808155
number of iterations,12,Execution time: ,5.725366115570068
