architecture,t_cbt,t_hxt,eta_hpfp,eta_r,p_cbt,qm_cb0,t0,p0,tpr_hx,Q_hx,pcc,v
pump,360,170,0.154,0.71,1330000.0,0.10773678901529868,25.2,345000.0,0.95,159000.0,True,0
P_hpfp,P_rv,p_hpfp
17218.533526860494,36121.49665205165,1889258.8433249607
Q,Q_phc
531973.1372196309,372973.1372196309
qm_cb,qm_phc/qm_t,qm_r,qm_v,qm
0.10773678901529868,0.002989909895907805,0.07158886165936214,0,0.11072669891120648
number of iterations,12,Execution time: ,5.759130001068115
