architecture,t_cbt,t_hxt,eta_hpfp,eta_r,p_cbt,qm_cb0,t0,p0,tpr_hx,Q_hx,pcc,v
pump,360,110,0.154,0.71,1330000.0,0.10773678901529868,25.2,345000.0,0.95,159000.0,True,0
P_hpfp,P_rv,p_hpfp
17222.93079352368,15963.459498455044,1889258.8597899457
Q,Q_phc
552276.2338592189,393276.2338592189
qm_cb,qm_phc/qm_t,qm_r,qm_v,qm
0.10773678901529868,0.0030181833976384437,0.03163269299517181,0,0.11075497241293712
number of iterations,14,Execution time: ,6.639669895172119
