architecture,t_cbt,t_hxt,eta_hpfp,eta_r,p_cbt,qm_cb0,t0,p0,tpr_hx,Q_hx,pcc,v
pump,360,130,0.154,0.71,1330000.0,0.10998,25.2,345000.0,0.95,159000.0,True,0
P_hpfp,P_rv,p_hpfp
17616.801996670125,21849.76960396379,1889258.8433249607
Q,Q_phc
558994.0310168242,399994.0310168242
qm_cb,qm_phc/qm_t,qm_r,qm_v,qm,m_z
0.10998,0.0032338667762481232,0.04327034982973223,0,0.11321386677624812,0.3233866776248124
number of iterations,12,Execution time: ,5.6818389892578125
