architecture,t_cbt,t_hxt,eta_hpfp,eta_r,p_cbt,qm_cb0,t0,p0,tpr_hx,Q_hx,pcc,v
pump,360,190,0.154,0.71,1330000.0,0.10998,25.2,345000.0,0.95,159000.0,True,0
P_hpfp,P_rv,p_hpfp
17605.336930307843,46908.42838121054,1889258.8433249607
Q,Q_phc
533557.3573920758,374557.3573920758
qm_cb,qm_phc/qm_t,qm_r,qm_v,qm,m_z
0.10998,0.003160186859997402,0.092929058117048,0,0.1131401868599974,0.31601868599974076
number of iterations,12,Execution time: ,6.330760478973389
