architecture,t_cbt,t_hxt,eta_hpfp,eta_r,p_cbt,qm_cb0,t0,p0,tpr_hx,Q_hx,pcc,v
pump,360,130,0.154,0.71,1330000.0,0.10773678901529868,25.2,345000.0,0.95,159000.0,True,0
P_hpfp,P_rv,p_hpfp
17222.77127611279,21367.588921028706,1889258.855973307
Q,Q_phc
546866.8461842907,387866.8461842907
qm_cb,qm_phc/qm_t,qm_r,qm_v,qm
0.10773678901529868,0.0030171584902982385,0.04234174191678168,0,0.11075394750559692
number of iterations,13,Execution time: ,5.715158700942993
