architecture,t_cbt,t_hxt,eta_hpfp,eta_r,p_cbt,qm_cb0,t0,p0,tpr_hx,Q_hx,pcc,v
pump,360,180,0.154,0.71,1330000.0,0.11,25.2,345000.0,0.95,149000.0,True,0
P_hpfp,P_rv,p_hpfp
17629.83812610447,41768.17856128621,1889366.2640801906
Q,Q_phc
539464.0915665418,390464.0915665418
qm_cb,qm_phc/qm_t,qm_r,qm_v,qm,m_z
0.11,0.003290022160400599,0.08270169990471972,0,0.1132900221604006,0.3290022160400599
number of iterations,7,Execution time: ,7.871756076812744
