architecture,t_cbt,t_hxt,eta_hpfp,eta_r,p_cbt,qm_cb0,t0,p0,tpr_hx,Q_hx,pcc,v
pump,360,220,0.154,0.71,1330000.0,0.11,25.2,345000.0,0.95,149000.0,True,0
P_hpfp,P_rv,p_hpfp
17611.81247576396,66212.14483026954,1889366.2640801906
Q,Q_phc
514425.8436261669,365425.8436261669
qm_cb,qm_phc/qm_t,qm_r,qm_v,qm,m_z
0.11,0.003174230595649942,0.13114634437401007,0,0.11317423059564995,0.31742305956499417
number of iterations,7,Execution time: ,7.56922173500061
