architecture,t_cbt,t_hxt,eta_hpfp,eta_r,p_cbt,qm_cb0,t0,p0,tpr_hx,Q_hx,pcc,v
pump,360,250,0.154,0.71,1330000.0,0.10773678901529868,25.2,345000.0,0.95,159000.0,True,0
P_hpfp,P_rv,p_hpfp
17375.318655767784,91966.60802491246,1889258.8433249607
Q,Q_phc
481300.8699954409,322300.8699954409
qm_cb,qm_phc/qm_t,qm_r,qm_v,qm,qm_pot
0.10773678901529868,0.0027548819164303208,0.18228997941545863,0,0.110491670931729,0.0012432613307783035
number of iterations,12,Execution time: ,5.692043781280518
