architecture,t_cbt,t_hxt,eta_hpfp,eta_r,p_cbt,qm_cb0,t0,p0,tpr_hx,Q_hx,pcc,v
pump,360,200,0.154,0.71,1330000.0,0.10773678901529868,25.2,345000.0,0.95,159000.0,True,0
P_hpfp,P_rv,p_hpfp
17380.461557788378,52037.470375736295,1889258.8433249607
Q,Q_phc
521399.68847346754,362399.68847346754
qm_cb,qm_phc/qm_t,qm_r,qm_v,qm,qm_pot
0.10773678901529868,0.002970740872864584,0.10314406790741264,0,0.11070752988816326,0.0010604746776662777
number of iterations,12,Execution time: ,5.3271565437316895
