architecture,t_cbt,t_hxt,eta_hpfp,eta_r,p_cbt,qm_cb0,t0,p0,tpr_hx,Q_hx,pcc,v
pump,360,280,0.154,0.71,1330000.0,0.10998,25.2,345000.0,0.95,159000.0,True,0
P_hpfp,P_rv,p_hpfp
17514.592352400865,133132.65255970738,1889258.8433249607
Q,Q_phc
444341.19259193935,285341.19259193935
qm_cb,qm_phc/qm_t,qm_r,qm_v,qm,m_z
0.10998,0.002577019463567032,0.2637465063207458,0,0.11255701946356703,0.2577019463567031
number of iterations,12,Execution time: ,6.54475212097168
