architecture,t_cbt,t_hxt,eta_hpfp,eta_r,p_cbt,qm_cb0,t0,p0,tpr_hx,Q_hx,pcc,v
pump,360,270,0.154,0.71,1330000.0,0.10773678901529868,25.2,345000.0,0.95,159000.0,True,0
P_hpfp,P_rv,p_hpfp
17147.842151149656,115119.51481968098,1889258.8433249607
Q,Q_phc
450642.7838888657,291642.7838888657
qm_cb,qm_phc/qm_t,qm_r,qm_v,qm
0.10773678901529868,0.0025353170200544534,0.22817587279491847,0,0.11027210603535313
number of iterations,12,Execution time: ,5.4582531452178955
