architecture,t_cbt,t_hxt,eta_hpfp,eta_r,p_cbt,qm_cb0,t0,p0,tpr_hx,Q_hx,pcc,v
pump,360,240,0.154,0.71,1330000.0,0.11,25.2,345000.0,0.95,149000.0,True,0
P_hpfp,P_rv,p_hpfp
17595.70334080763,82999.77938619202,1889366.2640801906
Q,Q_phc
497107.1123571897,348107.1123571897
qm_cb,qm_phc/qm_t,qm_r,qm_v,qm,m_z
0.11,0.0030708513837861095,0.16439580165560821,0,0.11307085138378611,0.30708513837861096
number of iterations,7,Execution time: ,7.128302097320557
