architecture,t_cbt,t_hxt,eta_hpfp,eta_r,p_cbt,qm_cb0,t0,p0,tpr_hx,Q_hx,pcc,v
pump,360,250,0.154,0.71,1330000.0,0.11,25.2,345000.0,0.95,149000.0,True,0
P_hpfp,P_rv,p_hpfp
17584.98540158245,93067.79980661246,1889366.2640801906
Q,Q_phc
486685.7357628562,337685.7357628562
qm_cb,qm_phc/qm_t,qm_r,qm_v,qm,m_z
0.11,0.0030021461876766024,0.18432738726901488,0,0.11300214618767661,0.30021461876766026
number of iterations,7,Execution time: ,7.25672459602356
