architecture,t_cbt,t_hxt,eta_hpfp,eta_r,p_cbt,qm_cb0,t0,p0,tpr_hx,Q_hx,pcc,v
pump,360,230,0.154,0.71,1330000.0,0.10998,25.2,345000.0,0.95,159000.0,True,0
P_hpfp,P_rv,p_hpfp
17582.654782214333,73996.67978586021,1889258.8433249607
Q,Q_phc
505721.25259681826,346721.25259681826
qm_cb,qm_phc/qm_t,qm_r,qm_v,qm,m_z
0.10998,0.003014420693530695,0.14659787467865593,0,0.11299442069353069,0.30144206935306905
number of iterations,12,Execution time: ,6.634782552719116
