architecture,t_cbt,t_hxt,eta_hpfp,eta_r,p_cbt,qm_cb0,t0,p0,tpr_hx,Q_hx,pcc,v
pump,360,260,0.154,0.71,1330000.0,0.10773678901529868,25.2,345000.0,0.95,159000.0,True,0
P_hpfp,P_rv,p_hpfp
17384.184763500332,103464.26179975264,1889258.8433249607
Q,Q_phc
470095.73754469206,311095.73754469206
qm_cb,qm_phc/qm_t,qm_r,qm_v,qm,qm_pot
0.10773678901529868,0.002680995580682806,0.20507392858992116,0,0.11041778459598148,0.0013741626753757186
number of iterations,12,Execution time: ,5.143382549285889
