architecture,t_cbt,t_hxt,eta_hpfp,eta_r,p_cbt,qm_cb0,t0,p0,tpr_hx,Q_hx,pcc,v
pump,360,220,0.154,0.71,1330000.0,0.10773678901529868,25.2,345000.0,0.95,159000.0,True,0
P_hpfp,P_rv,p_hpfp
17351.304217506495,65241.51334844363,1889258.8433249607
Q,Q_phc
507233.65134915203,348233.65134915203
qm_cb,qm_phc/qm_t,qm_r,qm_v,qm,qm_pot
0.10773678901529868,0.002904646558303735,0.12931991032295567,0,0.11064143557360241,0.0009390677724857696
number of iterations,12,Execution time: ,4.789983510971069
