architecture,t_cbt,t_hxt,eta_hpfp,eta_r,p_cbt,qm_cb0,t0,p0,tpr_hx,Q_hx,pcc,v
pump,360,240,0.154,0.71,1330000.0,0.10773678901529868,25.2,345000.0,0.95,159000.0,True,0
P_hpfp,P_rv,p_hpfp
17411.488440325174,82142.67224387522,1889258.8433249607
Q,Q_phc
492318.16295078665,333318.16295078665
qm_cb,qm_phc/qm_t,qm_r,qm_v,qm,qm_pot
0.10773678901529868,0.002839636843577782,0.16282004214280887,0,0.11057642585887646,0.0013911023351091
number of iterations,12,Execution time: ,5.3897175788879395
