architecture,t_cbt,t_hxt,eta_hpfp,eta_r,p_cbt,qm_cb0,t0,p0,tpr_hx,Q_hx,pcc,v
pump,360,280,0.154,0.71,1330000.0,0.10773678901529868,25.2,345000.0,0.95,159000.0,True,0
P_hpfp,P_rv,p_hpfp
17445.989315764407,132729.14486332954,1889258.8433249607
Q,Q_phc
442869.9848423212,283869.9848423212
qm_cb,qm_phc/qm_t,qm_r,qm_v,qm,qm_pot
0.10773678901529868,0.0025151931057203992,0.2630471237571723,0,0.11025198212101908,0.0019374098014293868
number of iterations,12,Execution time: ,5.6698079109191895
