architecture,t_cbt,t_hxt,eta_hpfp,eta_r,p_cbt,qm_cb0,t0,p0,tpr_hx,Q_hx,pcc,v
pump,360,280,0.154,0.71,1330000.0,0.10773678901529868,25.2,345000.0,0.95,159000.0,True,0
P_hpfp,P_rv,p_hpfp
17129.593824649895,130300.5387615445,1889258.8433249607
Q,Q_phc
434859.689140828,275859.689140828
qm_cb,qm_phc/qm_t,qm_r,qm_v,qm
0.10773678901529868,0.0024179680628496902,0.2582517931040222,0,0.11015475707814837
number of iterations,12,Execution time: ,5.484882116317749
