architecture,t_cbt,t_hxt,eta_hpfp,eta_r,p_cbt,qm_cb0,t0,p0,tpr_hx,Q_hx,pcc,v
pump,360,210,0.154,0.71,1330000.0,0.10998,25.2,345000.0,0.95,159000.0,True,0
P_hpfp,P_rv,p_hpfp
17596.173049882305,59037.36981997628,1889258.8433249607
Q,Q_phc
521126.27353632613,362126.27353632613
qm_cb,qm_phc/qm_t,qm_r,qm_v,qm,m_z
0.10998,0.0031012954483867067,0.1169603383544211,0,0.1130812954483867,0.3101295448386709
number of iterations,12,Execution time: ,6.428005218505859
