architecture,t_cbt,t_hxt,eta_hpfp,eta_r,p_cbt,qm_cb0,t0,p0,tpr_hx,Q_hx,pcc,v
pump,360,270,0.154,0.71,1330000.0,0.10773678901529868,25.2,345000.0,0.95,159000.0,True,0
P_hpfp,P_rv,p_hpfp
17436.93311274558,117073.91567123125,1889258.8433249607
Q,Q_phc
458226.4208572756,299226.4208572756
qm_cb,qm_phc/qm_t,qm_r,qm_v,qm,qm_pot
0.10773678901529868,0.0026252161222099753,0.23203827758366083,0,0.11036200513750866,0.0017691493361245588
number of iterations,12,Execution time: ,5.56634521484375
