architecture,t_cbt,t_hxt,eta_hpfp,eta_r,p_cbt,qm_cb0,t0,p0,tpr_hx,Q_hx,pcc,v
pump,360,280,0.154,0.71,1330000.0,0.10773678901529868,25.2,345000.0,0.95,159000.0,True,0
P_hpfp,P_rv,p_hpfp
17403.813709322814,132408.23119422948,1889258.8433249607
Q,Q_phc
441799.3900149297,282799.3900149297
qm_cb,qm_phc/qm_t,qm_r,qm_v,qm,qm_pot
0.10773678901529868,0.0024775376391452638,0.26241095749557414,0,0.11021432665444394,0.0017038478807299027
number of iterations,12,Execution time: ,5.345674276351929
