architecture,t_cbt,t_hxt,eta_hpfp,eta_r,p_cbt,qm_cb0,t0,p0,tpr_hx,Q_hx,pcc,v
pump,360,210,0.154,0.71,1330000.0,0.11,25.2,345000.0,0.95,149000.0,True,0
P_hpfp,P_rv,p_hpfp
17617.796824233457,59135.27240789862,1889366.2640801906
Q,Q_phc
521700.0120430489,372700.0120430489
qm_cb,qm_phc/qm_t,qm_r,qm_v,qm,m_z
0.11,0.003212663564908018,0.1171249109975495,0,0.11321266356490801,0.3212663564908018
number of iterations,7,Execution time: ,9.161084413528442
