architecture,t_cbt,t_hxt,eta_hpfp,eta_r,p_cbt,qm_cb0,t0,p0,tpr_hx,Q_hx,pcc,v
pump,360,250,0.154,0.71,1330000.0,0.10998,25.2,345000.0,0.95,159000.0,True,0
P_hpfp,P_rv,p_hpfp
17562.950153139853,92906.82466709882,1889258.8433249607
Q,Q_phc
486161.42614206776,327161.42614206776
qm_cb,qm_phc/qm_t,qm_r,qm_v,qm,m_z
0.10998,0.0028877894666295145,0.18406136013122948,0,0.11286778946662951,0.288778946662952
number of iterations,12,Execution time: ,6.771431922912598
