architecture,t_cbt,t_hxt,eta_hpfp,eta_r,p_cbt,qm_cb0,t0,p0,tpr_hx,Q_hx,pcc,v
pump,360,270,0.154,0.71,1330000.0,0.10773678901529868,25.2,345000.0,0.95,159000.0,True,0
P_hpfp,P_rv,p_hpfp
17393.63579884141,116782.98783910101,1889258.8433249607
Q,Q_phc
457088.83146686514,298088.83146686514
qm_cb,qm_phc/qm_t,qm_r,qm_v,qm,qm_pot
0.10773678901529868,0.0025900989284419005,0.2314617206047705,0,0.11032688794374058,0.0015258358126162606
number of iterations,12,Execution time: ,5.610459566116333
