architecture,t_cbt,t_hxt,eta_hpfp,eta_r,p_cbt,qm_cb0,t0,p0,tpr_hx,Q_hx,pcc,v
pump,360,200,0.154,0.71,1330000.0,0.10773678901529868,25.2,345000.0,0.95,159000.0,True,0
P_hpfp,P_rv,p_hpfp
17336.876259303022,51906.68204290894,1889258.8433249607
Q,Q_phc
520092.4580489716,361092.4580489716
qm_cb,qm_phc/qm_t,qm_r,qm_v,qm,qm_pot
0.10773678901529868,0.0029636276374397667,0.102885032372225,0,0.11070041665273844,0.0007873052621432373
number of iterations,12,Execution time: ,5.1844353675842285
