architecture,t_cbt,t_hxt,eta_hpfp,eta_r,p_cbt,qm_cb0,t0,p0,tpr_hx,Q_hx,pcc,v
pump,370,130,0.154,0.71,1330000.0,0.10760452033055456,25.2,345000.0,0.95,159000.0,True,0
P_hpfp,P_rv,p_hpfp
17221.798497392072,21125.16170615895,1889258.855973307
Q,Q_phc
563266.665241201,404266.66524120094
qm_cb,qm_phc/qm_t,qm_r,qm_v,qm
0.10760452033055456,0.0031431715567308838,0.04073707840632977,0,0.11074769188728545
number of iterations,13,Execution time: ,5.619246482849121
