architecture,t_cbt,t_hxt,eta_hpfp,eta_r,p_cbt,qm_cb0,t0,p0,tpr_hx,Q_hx,pcc,v
pump,370,150,0.154,0.71,1330000.0,0.10760452033055456,25.2,345000.0,0.95,159000.0,True,0
P_hpfp,P_rv,p_hpfp
17346.30861111187,27830.082027105625,1889258.8433249607
Q,Q_phc
560786.7956747347,401786.79567473475
qm_cb,qm_phc/qm_t,qm_r,qm_v,qm,qm_pot
0.10760452033055456,0.003144010289329148,0.053666518820935566,0,0.11074853061988371,0.0007998476323761288
number of iterations,12,Execution time: ,5.679468631744385
