architecture,t_cbt,t_hxt,eta_hpfp,eta_r,p_cbt,qm_cb0,t0,p0,tpr_hx,Q_hx,pcc,v
pump,370,180,0.154,0.71,1330000.0,0.10998,25.2,345000.0,0.95,159000.0,True,0
P_hpfp,P_rv,p_hpfp
17632.81184115256,40876.291110476785,1889258.8433249607
Q,Q_phc
557060.4116942306,398060.4116942306
qm_cb,qm_phc/qm_t,qm_r,qm_v,qm,m_z
0.10998,0.0033367535771944984,0.07880561110904445,0,0.11331675357719449,0.3336753577194494
number of iterations,12,Execution time: ,5.970478534698486
