architecture,t_cbt,t_hxt,eta_hpfp,eta_r,p_cbt,qm_cb0,t0,p0,tpr_hx,Q_hx,pcc,v
pump,370,150,0.154,0.71,1330000.0,0.10998,25.2,345000.0,0.95,159000.0,True,0
P_hpfp,P_rv,p_hpfp
17637.87060191342,28274.300123618963,1889258.8433249607
Q,Q_phc
569833.9475689303,410833.94756893034
qm_cb,qm_phc/qm_t,qm_r,qm_v,qm,m_z
0.10998,0.003369263556414398,0.05450251052419986,0,0.11334926355641439,0.33692635564144047
number of iterations,12,Execution time: ,6.366756916046143
