architecture,t_cbt,t_hxt,eta_hpfp,eta_r,p_cbt,qm_cb0,t0,p0,tpr_hx,Q_hx,pcc,v
pump,370,130,0.154,0.71,1330000.0,0.10760452033055456,25.2,345000.0,0.95,159000.0,True,0
P_hpfp,P_rv,p_hpfp
17292.473270555143,21212.116804406516,1889258.855973307
Q,Q_phc
565577.9358459258,406577.9358459258
qm_cb,qm_phc/qm_t,qm_r,qm_v,qm,qm_pot
0.10760452033055456,0.0031603419570249854,0.04090465397895454,0,0.11076486228757955,0.0004373156978711283
number of iterations,13,Execution time: ,5.643163442611694
