architecture,t_cbt,t_hxt,eta_hpfp,eta_r,p_cbt,qm_cb0,t0,p0,tpr_hx,Q_hx,pcc,v
pump,370,140,0.154,0.71,1330000.0,0.10998,25.2,345000.0,0.95,159000.0,True,0
P_hpfp,P_rv,p_hpfp
17638.66781330145,24790.14087560531,1889258.8433249607
Q,Q_phc
573345.1406192151,414345.1406192151
qm_cb,qm_phc/qm_t,qm_r,qm_v,qm,m_z
0.10998,0.003374386812263791,0.04778237506445527,0,0.11335438681226379,0.3374386812263784
number of iterations,12,Execution time: ,5.513313055038452
