architecture,t_cbt,t_hxt,eta_hpfp,eta_r,p_cbt,qm_cb0,t0,p0,tpr_hx,Q_hx,pcc,v
pump,370,170,0.154,0.71,1330000.0,0.10760452033055456,25.2,345000.0,0.95,159000.0,True,0
P_hpfp,P_rv,p_hpfp
17218.888148706414,35457.98136837546,1889258.8433249607
Q,Q_phc
548835.1040836038,389835.10408360383
qm_cb,qm_phc/qm_t,qm_r,qm_v,qm
0.10760452033055456,0.0031244590365513275,0.06838697346012972,0,0.11072897936710589
number of iterations,12,Execution time: ,5.715033292770386
