architecture,t_cbt,t_hxt,eta_hpfp,eta_r,p_cbt,qm_cb0,t0,p0,tpr_hx,Q_hx,pcc,v
pump,370,130,0.154,0.71,1330000.0,0.10998,25.2,345000.0,0.95,159000.0,True,0
P_hpfp,P_rv,p_hpfp
17639.125605431003,21629.850480218935,1889258.8433249607
Q,Q_phc
576520.9549547976,417520.95495479763
qm_cb,qm_phc/qm_t,qm_r,qm_v,qm,m_z
0.10998,0.0033773288000988194,0.041686618606840226,0,0.11335732880009881,0.3377328800098822
number of iterations,12,Execution time: ,5.625466585159302
