architecture,t_cbt,t_hxt,eta_hpfp,eta_r,p_cbt,qm_cb0,t0,p0,tpr_hx,Q_hx,pcc,v
pump,370,130,0.154,0.71,1330000.0,0.11,25.2,345000.0,0.95,149000.0,True,0
P_hpfp,P_rv,p_hpfp
17659.695811651065,21647.656160838025,1889366.2728114282
Q,Q_phc
577158.1042175391,428158.1042175391
qm_cb,qm_phc/qm_t,qm_r,qm_v,qm,m_z
0.11,0.0034816869601290634,0.041723161989467454,0,0.11348168696012906,0.34816869601290634
number of iterations,10,Execution time: ,5.643059253692627
