architecture,t_cbt,t_hxt,eta_hpfp,eta_r,p_cbt,qm_cb0,t0,p0,tpr_hx,Q_hx,pcc,v
pump,370,140,0.154,0.71,1330000.0,0.10760452033055456,25.2,345000.0,0.95,159000.0,True,0
P_hpfp,P_rv,p_hpfp
17297.99170464612,24320.711081323716,1889258.855973307
Q,Q_phc
562656.6000473145,403656.60004731454
qm_cb,qm_phc/qm_t,qm_r,qm_v,qm,qm_pot
0.10760452033055456,0.003160484981583899,0.04690325591911412,0,0.11076500531213847,0.0004726598983253343
number of iterations,13,Execution time: ,5.6837310791015625
