architecture,t_cbt,t_hxt,eta_hpfp,eta_r,p_cbt,qm_cb0,t0,p0,tpr_hx,Q_hx,pcc,v
pump,370,120,0.154,0.71,1330000.0,0.11,25.2,345000.0,0.95,149000.0,True,0
P_hpfp,P_rv,p_hpfp
17659.716220619695,18790.675709265222,1889366.2728114282
Q,Q_phc
580015.7766973387,431015.7766973387
qm_cb,qm_phc/qm_t,qm_r,qm_v,qm,m_z
0.11,0.0034818097484787284,0.03621224192450774,0,0.11348180974847873,0.34818097484787286
number of iterations,10,Execution time: ,8.471091985702515
