architecture,t_cbt,t_hxt,eta_hpfp,eta_r,p_cbt,qm_cb0,t0,p0,tpr_hx,Q_hx,pcc,v
pump,370,180,0.154,0.71,1330000.0,0.11,25.2,345000.0,0.95,149000.0,True,0
P_hpfp,P_rv,p_hpfp
17654.158050743,40954.81438522793,1889366.2640801906
Q,Q_phc
557663.2012804764,408663.2012804764
qm_cb,qm_phc/qm_t,qm_r,qm_v,qm,m_z
0.11,0.003446238944841099,0.07892618426710417,0,0.1134462389448411,0.3446238944841099
number of iterations,7,Execution time: ,10.329753637313843
