architecture,t_cbt,t_hxt,eta_hpfp,eta_r,p_cbt,qm_cb0,t0,p0,tpr_hx,Q_hx,pcc,v
pump,370,180,0.154,0.71,1330000.0,0.10760452033055456,25.2,345000.0,0.95,159000.0,True,0
P_hpfp,P_rv,p_hpfp
17217.075317983352,39935.76652157629,1889258.8433249607
Q,Q_phc
544295.8036660355,385295.8036660355
qm_cb,qm_phc/qm_t,qm_r,qm_v,qm
0.10760452033055456,0.0031128013212565614,0.07702725343130616,0,0.11071732165181113
number of iterations,12,Execution time: ,5.391053915023804
