architecture,t_cbt,t_hxt,eta_hpfp,eta_r,p_cbt,qm_cb0,t0,p0,tpr_hx,Q_hx,pcc,v
pump,370,180,0.154,0.71,1330000.0,0.10760452033055456,25.2,345000.0,0.95,159000.0,True,0
P_hpfp,P_rv,p_hpfp
17322.657357722896,40181.55285728669,1889258.8433249607
Q,Q_phc
547632.7606082277,388632.7606082277
qm_cb,qm_phc/qm_t,qm_r,qm_v,qm,qm_pot
0.10760452033055456,0.003138727614144915,0.07750071436493756,0,0.11074324794469947,0.0006530369130335834
number of iterations,12,Execution time: ,5.251745223999023
