architecture,t_cbt,t_hxt,eta_hpfp,eta_r,p_cbt,qm_cb0,t0,p0,tpr_hx,Q_hx,pcc,v
pump,370,120,0.154,0.71,1330000.0,0.10998,25.2,345000.0,0.95,159000.0,True,0
P_hpfp,P_rv,p_hpfp
17639.301395755178,18768.035981701927,1889258.855973307
Q,Q_phc
579388.7139902574,420388.71399025735
qm_cb,qm_phc/qm_t,qm_r,qm_v,qm,m_z
0.10998,0.0033784554569591674,0.03617248278903088,0,0.11335845545695916,0.3378455456959173
number of iterations,13,Execution time: ,6.261497259140015
