architecture,t_cbt,t_hxt,eta_hpfp,eta_r,p_cbt,qm_cb0,t0,p0,tpr_hx,Q_hx,pcc,v
pump,370,120,0.154,0.71,1330000.0,0.10760452033055456,25.2,345000.0,0.95,159000.0,True,0
P_hpfp,P_rv,p_hpfp
17327.559899041993,18441.12740285133,1889258.8597899457
Q,Q_phc
569539.5241594457,410539.52415944566
qm_cb,qm_phc/qm_t,qm_r,qm_v,qm,qm_pot
0.10760452033055456,0.003131497412876878,0.03556370911534126,0,0.11073601774343145,0.0006917898468744896
number of iterations,14,Execution time: ,6.174469470977783
