architecture,t_cbt,t_hxt,eta_hpfp,eta_r,p_cbt,qm_cb0,t0,p0,tpr_hx,Q_hx,pcc,v
pump,370,110,0.154,0.71,1330000.0,0.10998,25.2,345000.0,0.95,159000.0,True,0
P_hpfp,P_rv,p_hpfp
17639.245527783354,16204.96508426624,1889258.855973307
Q,Q_phc
581949.8903793048,422949.89037930476
qm_cb,qm_phc/qm_t,qm_r,qm_v,qm,m_z
0.10998,0.0033780964230692573,0.031229075767611903,0,0.11335809642306925,0.33780964230692617
number of iterations,13,Execution time: ,6.536351203918457
