architecture,t_cbt,t_hxt,eta_hpfp,eta_r,p_cbt,qm_cb0,t0,p0,tpr_hx,Q_hx,pcc,v
pump,370,100,0.154,0.71,1330000.0,0.10760452033055456,25.2,345000.0,0.95,159000.0,True,0
P_hpfp,P_rv,p_hpfp
17277.759722573606,13621.052781133654,1889258.8609416161
Q,Q_phc
572669.7148090601,413669.7148090601
qm_cb,qm_phc/qm_t,qm_r,qm_v,qm,qm_pot
0.10760452033055456,0.003152145229354701,0.02626753927040427,0,0.11075666555990926,0.00035089329280403185
number of iterations,15,Execution time: ,6.690032005310059
