architecture,t_cbt,t_hxt,eta_hpfp,eta_r,p_cbt,qm_cb0,t0,p0,tpr_hx,Q_hx,pcc,v
pump,370,160,0.154,0.71,1330000.0,0.10998,25.2,345000.0,0.95,159000.0,True,0
P_hpfp,P_rv,p_hpfp
17636.673491352303,32100.50249655808,1889258.8433249607
Q,Q_phc
565967.1506301184,406967.15063011844
qm_cb,qm_phc/qm_t,qm_r,qm_v,qm,m_z
0.10998,0.003361570360134597,0.0618819116802111,0,0.11334157036013459,0.3361570360134595
number of iterations,12,Execution time: ,6.200563192367554
