architecture,t_cbt,t_hxt,eta_hpfp,eta_r,p_cbt,qm_cb0,t0,p0,tpr_hx,Q_hx,pcc,v
pump,370,120,0.154,0.71,1330000.0,0.10760452033055456,25.2,345000.0,0.95,159000.0,True,0
P_hpfp,P_rv,p_hpfp
17287.231271136578,18398.02552987007,1889258.8597899457
Q,Q_phc
568214.1440851362,409214.14408513624
qm_cb,qm_phc/qm_t,qm_r,qm_v,qm,qm_pot
0.10760452033055456,0.0031586867326627664,0.03548067655775459,0,0.11076320706321734,0.00040526045746493654
number of iterations,14,Execution time: ,5.9899091720581055
