architecture,t_cbt,t_hxt,eta_hpfp,eta_r,p_cbt,qm_cb0,t0,p0,tpr_hx,Q_hx,pcc,v
pump,370,150,0.154,0.71,1330000.0,0.11,25.2,345000.0,0.95,149000.0,True,0
P_hpfp,P_rv,p_hpfp
17658.756357958362,28311.67349369916,1889366.2727081615
Q,Q_phc
570462.2322006832,421462.2322006832
qm_cb,qm_phc/qm_t,qm_r,qm_v,qm,m_z
0.11,0.003475672527530236,0.0545681857819909,0,0.11347567252753024,0.3475672527530236
number of iterations,9,Execution time: ,7.010845899581909
