architecture,t_cbt,t_hxt,eta_hpfp,eta_r,p_cbt,qm_cb0,t0,p0,tpr_hx,Q_hx,pcc,v
pump,370,110,0.154,0.71,1330000.0,0.10760452033055456,25.2,345000.0,0.95,159000.0,True,0
P_hpfp,P_rv,p_hpfp
17221.489521360432,15824.021161737099,1889258.8597899457
Q,Q_phc
568557.3163514934,409557.31635149335
qm_cb,qm_phc/qm_t,qm_r,qm_v,qm
0.10760452033055456,0.003141183737720793,0.030514032588763482,0,0.11074570406827536
number of iterations,14,Execution time: ,6.320199728012085
