architecture,t_cbt,t_hxt,eta_hpfp,eta_r,p_cbt,qm_cb0,t0,p0,tpr_hx,Q_hx,pcc,v
pump,370,140,0.154,0.71,1330000.0,0.10760452033055456,25.2,345000.0,0.95,159000.0,True,0
P_hpfp,P_rv,p_hpfp
17221.596233688942,24212.973370275242,1889258.855973307
Q,Q_phc
560171.9901095429,401171.99010954285
qm_cb,qm_phc/qm_t,qm_r,qm_v,qm
0.10760452033055456,0.003141870865732921,0.04669563922350286,0,0.11074639119628749
number of iterations,13,Execution time: ,5.96229887008667
