architecture,t_cbt,t_hxt,eta_hpfp,eta_r,p_cbt,qm_cb0,t0,p0,tpr_hx,Q_hx,pcc,v
pump,370,190,0.154,0.71,1330000.0,0.10760452033055456,25.2,345000.0,0.95,159000.0,True,0
P_hpfp,P_rv,p_hpfp
17329.371109326796,45135.710520243454,1889258.8433249607
Q,Q_phc
542906.4224540406,383906.4224540406
qm_cb,qm_phc/qm_t,qm_r,qm_v,qm,qm_pot
0.10760452033055456,0.0031255887429667496,0.0870594994596122,0,0.11073010907352132,0.0007093497020863518
number of iterations,12,Execution time: ,5.094544887542725
