architecture,t_cbt,t_hxt,eta_hpfp,eta_r,p_cbt,qm_cb0,t0,p0,tpr_hx,Q_hx,pcc,v
pump,370,110,0.154,0.71,1330000.0,0.10760452033055456,25.2,345000.0,0.95,159000.0,True,0
P_hpfp,P_rv,p_hpfp
17321.99126043601,15916.726312782184,1889258.8597899457
Q,Q_phc
571874.9631697449,412874.96316974494
qm_cb,qm_phc/qm_t,qm_r,qm_v,qm,qm_pot
0.10760452033055456,0.003124999117795863,0.030692649896739574,0,0.11072951944835042,0.0006624780685958975
number of iterations,14,Execution time: ,6.5354273319244385
