architecture,t_cbt,t_hxt,eta_hpfp,eta_r,p_cbt,qm_cb0,t0,p0,tpr_hx,Q_hx,pcc,v
pump,370,130,0.154,0.71,1330000.0,0.10760452033055456,25.2,345000.0,0.95,159000.0,True,0
P_hpfp,P_rv,p_hpfp
17333.50870285512,21262.68762550308,1889258.855973307
Q,Q_phc
566919.8311633102,407919.8311633102
qm_cb,qm_phc/qm_t,qm_r,qm_v,qm,qm_pot
0.10760452033055456,0.0031370920100345077,0.04100205684612477,0,0.11074161234058907,0.0007244509419464402
number of iterations,13,Execution time: ,5.76248574256897
