architecture,t_cbt,t_hxt,eta_hpfp,eta_r,p_cbt,qm_cb0,t0,p0,tpr_hx,Q_hx,pcc,v
pump,370,170,0.154,0.71,1330000.0,0.10760452033055456,25.2,345000.0,0.95,159000.0,True,0
P_hpfp,P_rv,p_hpfp
17360.076940130108,35749.75735006983,1889258.8433249607
Q,Q_phc
553334.3247016745,394334.3247016745
qm_cb,qm_phc/qm_t,qm_r,qm_v,qm,qm_pot
0.10760452033055456,0.0031426348830311517,0.06894906597832563,0,0.11074715521358572,0.0008897626125777425
number of iterations,12,Execution time: ,5.668938875198364
