architecture,t_cbt,t_hxt,eta_hpfp,eta_r,p_cbt,qm_cb0,t0,p0,tpr_hx,Q_hx,pcc,v
pump,370,190,0.154,0.71,1330000.0,0.10760452033055456,25.2,345000.0,0.95,159000.0,True,0
P_hpfp,P_rv,p_hpfp
17214.68284577395,44835.953424329644,1889258.8433249607
Q,Q_phc
539314.4323710604,380314.43237106036
qm_cb,qm_phc/qm_t,qm_r,qm_v,qm
0.10760452033055456,0.0030974161231169944,0.0864820760445714,0,0.11070193645367156
number of iterations,12,Execution time: ,4.985553026199341
