architecture,t_cbt,t_hxt,eta_hpfp,eta_r,p_cbt,qm_cb0,t0,p0,tpr_hx,Q_hx,pcc,v
pump,370,260,0.154,0.71,1330000.0,0.10760452033055456,25.2,345000.0,0.95,159000.0,True,0
P_hpfp,P_rv,p_hpfp
17383.288700430243,98378.06078093722,1889258.8433249607
Q,Q_phc
491493.6720719163,332493.6720719163
qm_cb,qm_phc/qm_t,qm_r,qm_v,qm,qm_pot
0.10760452033055456,0.0028670975029002656,0.18976347191913426,0,0.11047161783345483,0.001314567152420145
number of iterations,12,Execution time: ,5.589664936065674
