architecture,t_cbt,t_hxt,eta_hpfp,eta_r,p_cbt,qm_cb0,t0,p0,tpr_hx,Q_hx,pcc,v
pump,370,200,0.154,0.71,1330000.0,0.11,25.2,345000.0,0.95,149000.0,True,0
P_hpfp,P_rv,p_hpfp
17648.136857662157,51471.174880051774,1889366.2640801906
Q,Q_phc
546942.673889467,397942.673889467
qm_cb,qm_phc/qm_t,qm_r,qm_v,qm,m_z
0.11,0.003407536251406147,0.09921621364402576,0,0.11340753625140615,0.3407536251406147
number of iterations,7,Execution time: ,9.105348825454712
