architecture,t_cbt,t_hxt,eta_hpfp,eta_r,p_cbt,qm_cb0,t0,p0,tpr_hx,Q_hx,pcc,v
pump,370,260,0.154,0.71,1330000.0,0.10998,25.2,345000.0,0.95,159000.0,True,0
P_hpfp,P_rv,p_hpfp
17581.80474653934,99448.66175173699,1889258.8433249607
Q,Q_phc
496758.36717863707,337758.36717863707
qm_cb,qm_phc/qm_t,qm_r,qm_v,qm,m_z
0.10998,0.0030089579639341474,0.19173751850363485,0,0.11298895796393414,0.30089579639341496
number of iterations,12,Execution time: ,6.093979358673096
