architecture,t_cbt,t_hxt,eta_hpfp,eta_r,p_cbt,qm_cb0,t0,p0,tpr_hx,Q_hx,pcc,v
pump,370,220,0.154,0.71,1330000.0,0.10760452033055456,25.2,345000.0,0.95,159000.0,True,0
P_hpfp,P_rv,p_hpfp
17203.024425507952,62621.98142182765,1889258.8433249607
Q,Q_phc
521132.79611535865,362132.79611535865
qm_cb,qm_phc/qm_t,qm_r,qm_v,qm
0.10760452033055456,0.003022444675138583,0.12079634975706137,0,0.11062696500569315
number of iterations,12,Execution time: ,5.224878549575806
