architecture,t_cbt,t_hxt,eta_hpfp,eta_r,p_cbt,qm_cb0,t0,p0,tpr_hx,Q_hx,pcc,v
pump,370,200,0.154,0.71,1330000.0,0.10998,25.2,345000.0,0.95,159000.0,True,0
P_hpfp,P_rv,p_hpfp
17626.461642799786,51391.68476742449,1889258.8433249607
Q,Q_phc
546329.6799108731,387329.67991087306
qm_cb,qm_phc/qm_t,qm_r,qm_v,qm,m_z
0.10998,0.0032959442117688337,0.09908181792524232,0,0.11327594421176883,0.32959442117688376
number of iterations,12,Execution time: ,6.254871606826782
