architecture,t_cbt,t_hxt,eta_hpfp,eta_r,p_cbt,qm_cb0,t0,p0,tpr_hx,Q_hx,pcc,v
pump,370,240,0.154,0.71,1330000.0,0.10760452033055456,25.2,345000.0,0.95,159000.0,True,0
P_hpfp,P_rv,p_hpfp
17190.10876271088,77895.01360659715,1889258.8433249607
Q,Q_phc
505421.4933290738,346421.4933290738
qm_cb,qm_phc/qm_t,qm_r,qm_v,qm
0.10760452033055456,0.002939388315923136,0.15025908832014606,0,0.1105439086464777
number of iterations,12,Execution time: ,5.775102853775024
