architecture,t_cbt,t_hxt,eta_hpfp,eta_r,p_cbt,qm_cb0,t0,p0,tpr_hx,Q_hx,pcc,v
pump,370,220,0.154,0.71,1330000.0,0.11,25.2,345000.0,0.95,149000.0,True,0
P_hpfp,P_rv,p_hpfp
17638.769319233576,64188.91940699592,1889366.2640801906
Q,Q_phc
533907.2944320054,384907.2944320054
qm_cb,qm_phc/qm_t,qm_r,qm_v,qm,m_z
0.11,0.0033473295937864423,0.12374446268838406,0,0.11334732959378645,0.3347329593786442
number of iterations,7,Execution time: ,4.118407487869263
