architecture,t_cbt,t_hxt,eta_hpfp,eta_r,p_cbt,qm_cb0,t0,p0,tpr_hx,Q_hx,pcc,v
pump,370,240,0.154,0.71,1330000.0,0.10760452033055456,25.2,345000.0,0.95,159000.0,True,0
P_hpfp,P_rv,p_hpfp
17413.747096146264,78911.61234221223,1889258.8433249607
Q,Q_phc
511993.6733078448,352993.6733078448
qm_cb,qm_phc/qm_t,qm_r,qm_v,qm,qm_pot
0.10760452033055456,0.0030093344136598423,0.15221741883227005,0,0.11061385474421441,0.0013681981189397226
number of iterations,12,Execution time: ,5.86098837852478
