architecture,t_cbt,t_hxt,eta_hpfp,eta_r,p_cbt,qm_cb0,t0,p0,tpr_hx,Q_hx,pcc,v
pump,370,250,0.154,0.71,1330000.0,0.10998,25.2,345000.0,0.95,159000.0,True,0
P_hpfp,P_rv,p_hpfp
17593.14098964361,88980.1976322126,1889258.8433249607
Q,Q_phc
507611.2484793248,348611.2484793248
qm_cb,qm_phc/qm_t,qm_r,qm_v,qm,m_z
0.10998,0.0030818100012558053,0.1715545507429435,0,0.1130618100012558,0.3081810001255807
number of iterations,12,Execution time: ,6.397361755371094
