architecture,t_cbt,t_hxt,eta_hpfp,eta_r,p_cbt,qm_cb0,t0,p0,tpr_hx,Q_hx,pcc,v
pump,370,280,0.154,0.71,1330000.0,0.10760452033055456,25.2,345000.0,0.95,159000.0,True,0
P_hpfp,P_rv,p_hpfp
17402.11553762067,124211.69533812361,1889258.8433249607
Q,Q_phc
466298.893560271,307298.893560271
qm_cb,qm_phc/qm_t,qm_r,qm_v,qm,qm_pot
0.10760452033055456,0.002694407127432176,0.2395784054854627,0,0.11029892745798674,0.0016083266961645455
number of iterations,12,Execution time: ,5.810919761657715
