architecture,t_cbt,t_hxt,eta_hpfp,eta_r,p_cbt,qm_cb0,t0,p0,tpr_hx,Q_hx,pcc,v
pump,370,250,0.154,0.71,1330000.0,0.11,25.2,345000.0,0.95,149000.0,True,0
P_hpfp,P_rv,p_hpfp
17615.500960944664,89106.51303150674,1889366.2640801906
Q,Q_phc
508200.71622795967,359200.71622795967
qm_cb,qm_phc/qm_t,qm_r,qm_v,qm,m_z
0.11,0.0031979098964199336,0.17178063787665626,0,0.11319790989641994,0.3197909896419934
number of iterations,7,Execution time: ,9.463961124420166
