architecture,t_cbt,t_hxt,eta_hpfp,eta_r,p_cbt,qm_cb0,t0,p0,tpr_hx,Q_hx,pcc,v
pump,370,260,0.154,0.71,1330000.0,0.10760452033055456,25.2,345000.0,0.95,159000.0,True,0
P_hpfp,P_rv,p_hpfp
17171.032790883743,97171.28141828021,1889258.8433249607
Q,Q_phc
485497.9155203332,326497.9155203332
qm_cb,qm_phc/qm_t,qm_r,qm_v,qm
0.10760452033055456,0.0028167170451295492,0.18744044858943995,0,0.11042123737568411
number of iterations,12,Execution time: ,5.678513288497925
