architecture,t_cbt,t_hxt,eta_hpfp,eta_r,p_cbt,qm_cb0,t0,p0,tpr_hx,Q_hx,pcc,v
pump,370,240,0.154,0.71,1330000.0,0.10998,25.2,345000.0,0.95,159000.0,True,0
P_hpfp,P_rv,p_hpfp
17602.53671700067,79729.13565408121,1889258.8433249607
Q,Q_phc
517180.92386335786,358180.92386335786
qm_cb,qm_phc/qm_t,qm_r,qm_v,qm,m_z
0.10998,0.0031421913704435395,0.15371845298517067,0,0.11312219137044353,0.314219137044354
number of iterations,12,Execution time: ,6.258796453475952
