architecture,t_cbt,t_hxt,eta_hpfp,eta_r,p_cbt,qm_cb0,t0,p0,tpr_hx,Q_hx,pcc,v
pump,370,230,0.154,0.71,1330000.0,0.10760452033055456,25.2,345000.0,0.95,159000.0,True,0
P_hpfp,P_rv,p_hpfp
17197.201688531306,69842.44628686902,1889258.8433249607
Q,Q_phc
513714.7467765418,354714.7467765418
qm_cb,qm_phc/qm_t,qm_r,qm_v,qm
0.10760452033055456,0.0029850005778787048,0.13472545656704105,0,0.11058952090843327
number of iterations,12,Execution time: ,5.567858934402466
