architecture,t_cbt,t_hxt,eta_hpfp,eta_r,p_cbt,qm_cb0,t0,p0,tpr_hx,Q_hx,pcc,v
pump,370,220,0.154,0.71,1330000.0,0.10998,25.2,345000.0,0.95,159000.0,True,0
P_hpfp,P_rv,p_hpfp
17616.781500067013,64099.833884254775,1889258.8433249607
Q,Q_phc
533293.2727328523,374293.27273285226
qm_cb,qm_phc/qm_t,qm_r,qm_v,qm,m_z
0.10998,0.0032337350554230704,0.12358452327267222,0,0.11321373505542306,0.3233735055423069
number of iterations,12,Execution time: ,6.217754364013672
