architecture,t_cbt,t_hxt,eta_hpfp,eta_r,p_cbt,qm_cb0,t0,p0,tpr_hx,Q_hx,pcc,v
pump,370,210,0.154,0.71,1330000.0,0.11,25.2,345000.0,0.95,149000.0,True,0
P_hpfp,P_rv,p_hpfp
17643.93810091686,57517.15104232619,1889366.2640801906
Q,Q_phc
540754.3260873833,391754.3260873833
qm_cb,qm_phc/qm_t,qm_r,qm_v,qm,m_z
0.11,0.003380547478920036,0.11087792122126387,0,0.11338054747892004,0.33805474789200357
number of iterations,7,Execution time: ,9.316444396972656
