architecture,t_cbt,t_hxt,eta_hpfp,eta_r,p_cbt,qm_cb0,t0,p0,tpr_hx,Q_hx,pcc,v
pump,370,200,0.154,0.71,1330000.0,0.10760452033055456,25.2,345000.0,0.95,159000.0,True,0
P_hpfp,P_rv,p_hpfp
17382.14554063778,50705.65113960592,1889258.8433249607
Q,Q_phc
539127.2905696769,380127.2905696769
qm_cb,qm_phc/qm_t,qm_r,qm_v,qm,qm_pot
0.10760452033055456,0.0031168885126645674,0.09780558265465063,0,0.11072140884321913,0.001057424859809941
number of iterations,12,Execution time: ,5.5477917194366455
