architecture,t_cbt,t_hxt,eta_hpfp,eta_r,p_cbt,qm_cb0,t0,p0,tpr_hx,Q_hx,pcc,v
pump,370,210,0.154,0.71,1330000.0,0.10760452033055456,25.2,345000.0,0.95,159000.0,True,0
P_hpfp,P_rv,p_hpfp
17207.77686381331,56109.430909598464,1889258.8433249607
Q,Q_phc
527806.612373487,368806.612373487
qm_cb,qm_phc/qm_t,qm_r,qm_v,qm
0.10760452033055456,0.0030530060353444466,0.10823234499784443,0,0.11065752636589901
number of iterations,12,Execution time: ,5.728104114532471
