architecture,t_cbt,t_hxt,eta_hpfp,eta_r,p_cbt,qm_cb0,t0,p0,tpr_hx,Q_hx,pcc,v
pump,380,100,0.154,0.71,1330000.0,0.11,25.2,345000.0,0.95,149000.0,True,0
P_hpfp,P_rv,p_hpfp
17680.906336110394,13836.385420404078,1889366.2728233607
Q,Q_phc
602276.6682049365,453276.66820493655
qm_cb,qm_phc/qm_t,qm_r,qm_v,qm,m_z
0.11,0.0036179598400881176,0.025968107407811004,0,0.11361795984008811,0.36179598400881174
number of iterations,11,Execution time: ,10.294281959533691
