architecture,t_cbt,t_hxt,eta_hpfp,eta_r,p_cbt,qm_cb0,t0,p0,tpr_hx,Q_hx,pcc,v
pump,380,180,0.154,0.71,1330000.0,0.10747273940586544,25.2,345000.0,0.95,159000.0,True,0
P_hpfp,P_rv,p_hpfp
17217.785879791532,39176.72789777543,1889258.8433249607
Q,Q_phc
561244.2141389485,402244.2141389485
qm_cb,qm_phc/qm_t,qm_r,qm_v,qm
0.10747273940586544,0.0032491516341150994,0.07358329104496185,0,0.11072189103998054
number of iterations,12,Execution time: ,5.83249306678772
