architecture,t_cbt,t_hxt,eta_hpfp,eta_r,p_cbt,qm_cb0,t0,p0,tpr_hx,Q_hx,pcc,v
pump,380,160,0.154,0.71,1330000.0,0.10998,25.2,345000.0,0.95,159000.0,True,0
P_hpfp,P_rv,p_hpfp
17659.940831339616,31653.81755095455,1889258.8433249607
Q,Q_phc
583772.4025751661,424772.4025751661
qm_cb,qm_phc/qm_t,qm_r,qm_v,qm,m_z
0.10998,0.0035110972453240574,0.059427336558872876,0,0.11349109724532405,0.3511097245324062
number of iterations,12,Execution time: ,6.153359651565552
