architecture,t_cbt,t_hxt,eta_hpfp,eta_r,p_cbt,qm_cb0,t0,p0,tpr_hx,Q_hx,pcc,v
pump,380,130,0.154,0.71,1330000.0,0.10998,25.2,345000.0,0.95,159000.0,True,0
P_hpfp,P_rv,p_hpfp
17661.45757984524,21428.363707257104,1889258.8433249607
Q,Q_phc
594050.7131531308,435050.71315313084
qm_cb,qm_phc/qm_t,qm_r,qm_v,qm,m_z
0.10998,0.0035208445855780396,0.04022009435261073,0,0.11350084458557803,0.35208445855780385
number of iterations,12,Execution time: ,5.658442258834839
