architecture,t_cbt,t_hxt,eta_hpfp,eta_r,p_cbt,qm_cb0,t0,p0,tpr_hx,Q_hx,pcc,v
pump,380,120,0.154,0.71,1330000.0,0.10747273940586544,25.2,345000.0,0.95,159000.0,True,0
P_hpfp,P_rv,p_hpfp
17220.517733744568,18158.29731481864,1889258.8597899457
Q,Q_phc
582357.8887315996,423357.88873159955
qm_cb,qm_phc/qm_t,qm_r,qm_v,qm
0.10747273940586544,0.003266715417616667,0.03410054899081068,0,0.1107394548234821
number of iterations,14,Execution time: ,6.29224705696106
