architecture,t_cbt,t_hxt,eta_hpfp,eta_r,p_cbt,qm_cb0,t0,p0,tpr_hx,Q_hx,pcc,v
pump,380,120,0.154,0.71,1330000.0,0.10747273940586544,25.2,345000.0,0.95,159000.0,True,0
P_hpfp,P_rv,p_hpfp
17327.649861812148,18271.632699970185,1889258.8597899457
Q,Q_phc
585980.479173121,426980.47917312104
qm_cb,qm_phc/qm_t,qm_r,qm_v,qm,qm_pot
0.10747273940586544,0.0032552974066514455,0.03431322247844251,0,0.11072803681251688,0.0007003492986137552
number of iterations,14,Execution time: ,6.500245809555054
