architecture,t_cbt,t_hxt,eta_hpfp,eta_r,p_cbt,qm_cb0,t0,p0,tpr_hx,Q_hx,pcc,v
pump,380,110,0.154,0.71,1330000.0,0.10998,25.2,345000.0,0.95,159000.0,True,0
P_hpfp,P_rv,p_hpfp
17661.100209164422,16093.156767825607,1889258.855973307
Q,Q_phc
599373.4491238034,440373.4491238034
qm_cb,qm_phc/qm_t,qm_r,qm_v,qm,m_z
0.10998,0.003518544894937775,0.0302038228138237,0,0.11349854489493777,0.3518544894937769
number of iterations,13,Execution time: ,6.554966688156128
