architecture,t_cbt,t_hxt,eta_hpfp,eta_r,p_cbt,qm_cb0,t0,p0,tpr_hx,Q_hx,pcc,v
pump,380,120,0.154,0.71,1330000.0,0.10747273940586544,25.2,345000.0,0.95,159000.0,True,0
P_hpfp,P_rv,p_hpfp
17285.675756289736,18227.19148509996,1889258.8597899457
Q,Q_phc
584561.1937944734,425561.1937944734
qm_cb,qm_phc/qm_t,qm_r,qm_v,qm,qm_pot
0.10747273940586544,0.0032829222393873023,0.03422985175586425,0,0.11075566164525275,0.00040280287384893853
number of iterations,14,Execution time: ,6.256030797958374
