architecture,t_cbt,t_hxt,eta_hpfp,eta_r,p_cbt,qm_cb0,t0,p0,tpr_hx,Q_hx,pcc,v
pump,380,170,0.154,0.71,1330000.0,0.10998,25.2,345000.0,0.95,159000.0,True,0
P_hpfp,P_rv,p_hpfp
17658.664021758854,35719.94154218703,1889258.8433249607
Q,Q_phc
579661.7834125389,420661.78341253893
qm_cb,qm_phc/qm_t,qm_r,qm_v,qm,m_z
0.10998,0.003502891865607427,0.06706405972493419,0,0.11348289186560742,0.3502891865607426
number of iterations,12,Execution time: ,6.0026695728302
