architecture,t_cbt,t_hxt,eta_hpfp,eta_r,p_cbt,qm_cb0,t0,p0,tpr_hx,Q_hx,pcc,v
pump,380,110,0.154,0.71,1330000.0,0.10747273940586544,25.2,345000.0,0.95,159000.0,True,0
P_hpfp,P_rv,p_hpfp
17280.644663965657,15750.772456497503,1889258.8597899457
Q,Q_phc
586862.1679020337,427862.16790203366
qm_cb,qm_phc/qm_t,qm_r,qm_v,qm,qm_pot
0.10747273940586544,0.0032786991229549764,0.029576623820756442,0,0.11075143852882041,0.00037467269929726435
number of iterations,14,Execution time: ,5.797472953796387
