architecture,t_cbt,t_hxt,eta_hpfp,eta_r,p_cbt,qm_cb0,t0,p0,tpr_hx,Q_hx,pcc,v
pump,380,160,0.154,0.71,1330000.0,0.10747273940586544,25.2,345000.0,0.95,159000.0,True,0
P_hpfp,P_rv,p_hpfp
17220.119275424033,30888.888194627612,1889258.8433249607
Q,Q_phc
569613.424328034,410613.42432803405
qm_cb,qm_phc/qm_t,qm_r,qm_v,qm
0.10747273940586544,0.0032641569303116513,0.058009894346151364,0,0.11073689633617709
number of iterations,12,Execution time: ,5.526773452758789
