architecture,t_cbt,t_hxt,eta_hpfp,eta_r,p_cbt,qm_cb0,t0,p0,tpr_hx,Q_hx,pcc,v
pump,380,130,0.154,0.71,1330000.0,0.10747273940586544,25.2,345000.0,0.95,159000.0,True,0
P_hpfp,P_rv,p_hpfp
17220.813032343238,20902.23586036269,1889258.855973307
Q,Q_phc
579624.2528777712,420624.25287777116
qm_cb,qm_phc/qm_t,qm_r,qm_v,qm
0.10747273940586544,0.003268615281527054,0.03925093421592484,0,0.11074135468739249
number of iterations,13,Execution time: ,5.835173845291138
