architecture,t_cbt,t_hxt,eta_hpfp,eta_r,p_cbt,qm_cb0,t0,p0,tpr_hx,Q_hx,pcc,v
pump,380,150,0.154,0.71,1330000.0,0.10747273940586544,25.2,345000.0,0.95,159000.0,True,0
P_hpfp,P_rv,p_hpfp
17302.701436237327,27385.426062564286,1889258.8433249607
Q,Q_phc
575996.7026651035,416996.7026651035
qm_cb,qm_phc/qm_t,qm_r,qm_v,qm,qm_pot
0.10747273940586544,0.0032882809596479854,0.05142577669811431,0,0.11076102036551343,0.0005069345559692068
number of iterations,12,Execution time: ,4.858002424240112
