architecture,t_cbt,t_hxt,eta_hpfp,eta_r,p_cbt,qm_cb0,t0,p0,tpr_hx,Q_hx,pcc,v
pump,380,100,0.154,0.71,1330000.0,0.10747273940586544,25.2,345000.0,0.95,159000.0,True,0
P_hpfp,P_rv,p_hpfp
17219.436484287133,13479.93745192692,1889258.8609416161
Q,Q_phc
586998.541610992,427998.54161099205
qm_cb,qm_phc/qm_t,qm_r,qm_v,qm
0.10747273940586544,0.0032597619894896013,0.025313973210113343,0,0.11073250139535504
number of iterations,15,Execution time: ,7.0192646980285645
