architecture,t_cbt,t_hxt,eta_hpfp,eta_r,p_cbt,qm_cb0,t0,p0,tpr_hx,Q_hx,pcc,v
pump,380,140,0.154,0.71,1330000.0,0.10747273940586544,25.2,345000.0,0.95,159000.0,True,0
P_hpfp,P_rv,p_hpfp
17340.2430638736,24090.081700654082,1889258.855973307
Q,Q_phc
580601.187024935,421601.18702493503
qm_cb,qm_phc/qm_t,qm_r,qm_v,qm,qm_pot
0.10747273940586544,0.0032688855198569405,0.04524085808457088,0,0.11074162492572237,0.0007677448058605535
number of iterations,13,Execution time: ,5.722941160202026
