architecture,t_cbt,t_hxt,eta_hpfp,eta_r,p_cbt,qm_cb0,t0,p0,tpr_hx,Q_hx,pcc,v
pump,380,180,0.154,0.71,1330000.0,0.11,25.2,345000.0,0.95,149000.0,True,0
P_hpfp,P_rv,p_hpfp
17678.41418009758,40220.46722604591,1889366.2640801906
Q,Q_phc
575805.7749622737,426805.77496227366
qm_cb,qm_phc/qm_t,qm_r,qm_v,qm,m_z
0.11,0.003602062176227994,0.07549417563810512,0,0.113602062176228,0.3602062176227994
number of iterations,7,Execution time: ,3.9991214275360107
