architecture,t_cbt,t_hxt,eta_hpfp,eta_r,p_cbt,qm_cb0,t0,p0,tpr_hx,Q_hx,pcc,v
pump,380,140,0.154,0.71,1330000.0,0.10747273940586544,25.2,345000.0,0.95,159000.0,True,0
P_hpfp,P_rv,p_hpfp
17296.72665454275,24029.398789505092,1889258.855973307
Q,Q_phc
579144.3599062809,420144.3599062809
qm_cb,qm_phc/qm_t,qm_r,qm_v,qm,qm_pot
0.10747273940586544,0.003288038606894816,0.04512701595212165,0,0.11076077801276026,0.000468752078767443
number of iterations,13,Execution time: ,5.157866954803467
