architecture,t_cbt,t_hxt,eta_hpfp,eta_r,p_cbt,qm_cb0,t0,p0,tpr_hx,Q_hx,pcc,v
pump,380,190,0.154,0.71,1330000.0,0.10998,25.2,345000.0,0.95,159000.0,True,0
P_hpfp,P_rv,p_hpfp
17654.56363073065,44979.148875939274,1889258.8433249607
Q,Q_phc
570259.6827262195,411259.68272621953
qm_cb,qm_phc/qm_t,qm_r,qm_v,qm,m_z
0.10998,0.0034765408216616833,0.08445240011143071,0,0.11345654082166168,0.3476540821661686
number of iterations,12,Execution time: ,6.338090181350708
