architecture,t_cbt,t_hxt,eta_hpfp,eta_r,p_cbt,qm_cb0,t0,p0,tpr_hx,Q_hx,pcc,v
pump,380,160,0.154,0.71,1330000.0,0.10747273940586544,25.2,345000.0,0.95,159000.0,True,0
P_hpfp,P_rv,p_hpfp
17354.004319087824,31129.87085681635,1889258.8433249607
Q,Q_phc
574041.2988930449,415041.29889304494
qm_cb,qm_phc/qm_t,qm_r,qm_v,qm,qm_pot
0.10747273940586544,0.0032766460370412093,0.058461995332032245,0,0.11074938544290665,0.0008484813641498633
number of iterations,12,Execution time: ,5.36192774772644
