architecture,t_cbt,t_hxt,eta_hpfp,eta_r,p_cbt,qm_cb0,t0,p0,tpr_hx,Q_hx,pcc,v
pump,380,150,0.154,0.71,1330000.0,0.10747273940586544,25.2,345000.0,0.95,159000.0,True,0
P_hpfp,P_rv,p_hpfp
17220.665830495578,27255.17077516347,1889258.8433249607
Q,Q_phc
573266.2012893709,414266.2012893709
qm_cb,qm_phc/qm_t,qm_r,qm_v,qm
0.10747273940586544,0.003267671645356976,0.05118137771968252,0,0.11074041105122241
number of iterations,12,Execution time: ,5.759952545166016
