architecture,t_cbt,t_hxt,eta_hpfp,eta_r,p_cbt,qm_cb0,t0,p0,tpr_hx,Q_hx,pcc,v
pump,380,140,0.154,0.71,1330000.0,0.10998,25.2,345000.0,0.95,159000.0,True,0
P_hpfp,P_rv,p_hpfp
17661.27899375015,24524.69466313688,1889258.8433249607
Q,Q_phc
590948.1587015714,431948.1587015714
qm_cb,qm_phc/qm_t,qm_r,qm_v,qm,m_z
0.10998,0.00351969690722069,0.04603651887501587,0,0.11349969690722068,0.35196969072206946
number of iterations,12,Execution time: ,5.770517110824585
