architecture,t_cbt,t_hxt,eta_hpfp,eta_r,p_cbt,qm_cb0,t0,p0,tpr_hx,Q_hx,pcc,v
pump,380,150,0.154,0.71,1330000.0,0.11,25.2,345000.0,0.95,149000.0,True,0
P_hpfp,P_rv,p_hpfp
17681.819836215138,27979.526759391574,1889366.271814466
Q,Q_phc
588165.3624644604,439165.3624644604
qm_cb,qm_phc/qm_t,qm_r,qm_v,qm,m_z
0.11,0.003623880635829563,0.05250741261001868,0,0.11362388063582957,0.3623880635829563
number of iterations,8,Execution time: ,8.794288873672485
