architecture,t_cbt,t_hxt,eta_hpfp,eta_r,p_cbt,qm_cb0,t0,p0,tpr_hx,Q_hx,pcc,v
pump,380,100,0.154,0.71,1330000.0,0.10747273940586544,25.2,345000.0,0.95,159000.0,True,0
P_hpfp,P_rv,p_hpfp
17275.930038411938,13524.299607186738,1889258.8609416161
Q,Q_phc
588924.2301881517,429924.2301881517
qm_cb,qm_phc/qm_t,qm_r,qm_v,qm,qm_pot
0.10747273940586544,0.003273711380209136,0.025397228121347246,0,0.11074645078607458,0.0003493419728893735
number of iterations,15,Execution time: ,6.614815950393677
