architecture,t_cbt,t_hxt,eta_hpfp,eta_r,p_cbt,qm_cb0,t0,p0,tpr_hx,Q_hx,pcc,v
pump,380,210,0.154,0.71,1330000.0,0.10998,25.2,345000.0,0.95,159000.0,True,0
P_hpfp,P_rv,p_hpfp
17647.85360134124,56004.19340873922,1889258.8433249607
Q,Q_phc
559000.8023010179,400000.8023010179
qm_cb,qm_phc/qm_t,qm_r,qm_v,qm,m_z
0.10998,0.0034334190125217268,0.10515503866977262,0,0.11341341901252172,0.34334190125217273
number of iterations,12,Execution time: ,6.167263031005859
