architecture,t_cbt,t_hxt,eta_hpfp,eta_r,p_cbt,qm_cb0,t0,p0,tpr_hx,Q_hx,pcc,v
pump,380,250,0.154,0.71,1330000.0,0.11,25.2,345000.0,0.95,149000.0,True,0
P_hpfp,P_rv,p_hpfp
17645.313715664015,85681.1435849004,1889366.2640801906
Q,Q_phc
529191.6719152577,380191.6719152577
qm_cb,qm_phc/qm_t,qm_r,qm_v,qm,m_z
0.11,0.0033892942416809467,0.16088146350587518,0,0.11338929424168094,0.3389294241680947
number of iterations,7,Execution time: ,8.275444507598877
