architecture,t_cbt,t_hxt,eta_hpfp,eta_r,p_cbt,qm_cb0,t0,p0,tpr_hx,Q_hx,pcc,v
pump,380,220,0.154,0.71,1330000.0,0.10747273940586544,25.2,345000.0,0.95,159000.0,True,0
P_hpfp,P_rv,p_hpfp
17399.77378420544,61491.7727709369,1889258.8433249607
Q,Q_phc
545275.4759146423,386275.47591464233
qm_cb,qm_phc/qm_t,qm_r,qm_v,qm,qm_pot
0.10747273940586544,0.0032304545487107632,0.11550653675377093,0,0.1107031939545762,0.0011890011572398154
number of iterations,12,Execution time: ,5.761865615844727
