architecture,t_cbt,t_hxt,eta_hpfp,eta_r,p_cbt,qm_cb0,t0,p0,tpr_hx,Q_hx,pcc,v
pump,380,270,0.154,0.71,1330000.0,0.10747273940586544,25.2,345000.0,0.95,159000.0,True,0
P_hpfp,P_rv,p_hpfp
17441.94145071609,105204.46990215674,1889258.8433249607
Q,Q_phc
503033.2553142946,344033.2553142946
qm_cb,qm_phc/qm_t,qm_r,qm_v,qm,qm_pot
0.10747273940586544,0.0030242206511167666,0.19761430020602877,0,0.1104969600569822,0.0016664013830364468
number of iterations,12,Execution time: ,5.173458576202393
