architecture,t_cbt,t_hxt,eta_hpfp,eta_r,p_cbt,qm_cb0,t0,p0,tpr_hx,Q_hx,pcc,v
pump,380,280,0.154,0.71,1330000.0,0.10747273940586544,25.2,345000.0,0.95,159000.0,True,0
P_hpfp,P_rv,p_hpfp
17450.868882107094,117691.33454900159,1889258.8433249607
Q,Q_phc
490857.7092541239,331857.7092541239
qm_cb,qm_phc/qm_t,qm_r,qm_v,qm,qm_pot
0.10747273940586544,0.002946922017295883,0.221064453455143,0,0.11041966142316131,0.0018011093778891544
number of iterations,12,Execution time: ,5.762117385864258
