architecture,t_cbt,t_hxt,eta_hpfp,eta_r,p_cbt,qm_cb0,t0,p0,tpr_hx,Q_hx,pcc,v
pump,380,250,0.154,0.71,1330000.0,0.10747273940586544,25.2,345000.0,0.95,159000.0,True,0
P_hpfp,P_rv,p_hpfp
17374.24299088085,84411.12784935013,1889258.8433249607
Q,Q_phc
521465.80758190504,362465.80758190504
qm_cb,qm_phc/qm_t,qm_r,qm_v,qm,qm_pot
0.10747273940586544,0.0031009280299529136,0.15855987099559077,0,0.11057366743581835,0.0011543475812755457
number of iterations,12,Execution time: ,5.375597953796387
