architecture,t_cbt,t_hxt,eta_hpfp,eta_r,p_cbt,qm_cb0,t0,p0,tpr_hx,Q_hx,pcc,v
pump,380,220,0.154,0.71,1330000.0,0.10998,25.2,345000.0,0.95,159000.0,True,0
P_hpfp,P_rv,p_hpfp
17643.25932240113,62321.162320437244,1889258.8433249607
Q,Q_phc
552523.7286783629,393523.7286783629
qm_cb,qm_phc/qm_t,qm_r,qm_v,qm,m_z
0.10998,0.0034038940122431693,0.11701647502611158,0,0.11338389401224316,0.3403894012243176
number of iterations,12,Execution time: ,6.0511109828948975
