architecture,t_cbt,t_hxt,eta_hpfp,eta_r,p_cbt,qm_cb0,t0,p0,tpr_hx,Q_hx,pcc,v
pump,380,200,0.154,0.71,1330000.0,0.10998,25.2,345000.0,0.95,159000.0,True,0
P_hpfp,P_rv,p_hpfp
17651.582371862183,50245.8536080546,1889258.8433249607
Q,Q_phc
564889.0849576462,405889.0849576462
qm_cb,qm_phc/qm_t,qm_r,qm_v,qm,m_z
0.10998,0.0034573818480622964,0.09434229824638025,0,0.11343738184806229,0.3457381848062289
number of iterations,12,Execution time: ,6.303946256637573
