architecture,t_cbt,t_hxt,eta_hpfp,eta_r,p_cbt,qm_cb0,t0,p0,tpr_hx,Q_hx,pcc,v
pump,380,280,0.154,0.71,1330000.0,0.10998,25.2,345000.0,0.95,159000.0,True,0
P_hpfp,P_rv,p_hpfp
17586.501730225667,118535.04971603546,1889258.8433249607
Q,Q_phc
494331.91220873187,335331.91220873187
qm_cb,qm_phc/qm_t,qm_r,qm_v,qm,m_z
0.10998,0.0030391429932836583,0.2225655175912325,0,0.11301914299328365,0.303914299328366
number of iterations,12,Execution time: ,6.3920392990112305
