architecture,t_cbt,t_hxt,eta_hpfp,eta_r,p_cbt,qm_cb0,t0,p0,tpr_hx,Q_hx,pcc,v
pump,380,240,0.154,0.71,1330000.0,0.10998,25.2,345000.0,0.95,159000.0,True,0
P_hpfp,P_rv,p_hpfp
17630.86827592997,76988.32502645411,1889258.8433249607
Q,Q_phc
537424.7539427374,378424.75394273736
qm_cb,qm_phc/qm_t,qm_r,qm_v,qm,m_z
0.10998,0.0033242633116955245,0.14455658879498573,0,0.11330426331169552,0.33242633116955284
number of iterations,12,Execution time: ,6.628784418106079
