architecture,t_cbt,t_hxt,eta_hpfp,eta_r,p_cbt,qm_cb0,t0,p0,tpr_hx,Q_hx,pcc,v
pump,380,230,0.154,0.71,1330000.0,0.11,25.2,345000.0,0.95,149000.0,True,0
P_hpfp,P_rv,p_hpfp
17660.013350964397,69364.94932250153,1889366.2640801906
Q,Q_phc
546020.0931796592,397020.0931796592
qm_cb,qm_phc/qm_t,qm_r,qm_v,qm,m_z
0.11,0.0034837492651690455,0.1302445376336471,0,0.11348374926516905,0.34837492651690455
number of iterations,7,Execution time: ,9.310079336166382
