architecture,t_cbt,t_hxt,eta_hpfp,eta_r,p_cbt,qm_cb0,t0,p0,tpr_hx,Q_hx,pcc,v
pump,380,260,0.154,0.71,1330000.0,0.10998,25.2,345000.0,0.95,159000.0,True,0
P_hpfp,P_rv,p_hpfp
17612.803201946466,95210.43140529847,1889258.8433249607
Q,Q_phc
518573.1029745794,359573.1029745794
qm_cb,qm_phc/qm_t,qm_r,qm_v,qm,m_z
0.10998,0.003208168638005146,0.17877117040589469,0,0.11318816863800514,0.3208168638005141
number of iterations,12,Execution time: ,6.448146820068359
