architecture,t_cbt,t_hxt,eta_hpfp,eta_r,p_cbt,qm_cb0,t0,p0,tpr_hx,Q_hx,pcc,v
pump,380,260,0.154,0.71,1330000.0,0.10747273940586544,25.2,345000.0,0.95,159000.0,True,0
P_hpfp,P_rv,p_hpfp
17433.194594951674,94288.05857365276,1889258.8433249607
Q,Q_phc
513644.64511363115,354644.64511363115
qm_cb,qm_phc/qm_t,qm_r,qm_v,qm,qm_pot
0.10747273940586544,0.0030862354474620996,0.17711149717531835,0,0.11055897485332754,0.0015481384478391474
number of iterations,12,Execution time: ,5.689248323440552
