architecture,t_cbt,t_hxt,eta_hpfp,eta_r,p_cbt,qm_cb0,t0,p0,tpr_hx,Q_hx,pcc,v
pump,380,200,0.154,0.71,1330000.0,0.11,25.2,345000.0,0.95,149000.0,True,0
P_hpfp,P_rv,p_hpfp
17673.445104364328,50315.40932666796,1889366.2640801906
Q,Q_phc
565537.6792620176,416537.6792620176
qm_cb,qm_phc/qm_t,qm_r,qm_v,qm,m_z
0.11,0.003570110328971423,0.09446366931528055,0,0.11357011032897142,0.3570110328971423
number of iterations,7,Execution time: ,6.028071880340576
