architecture,t_cbt,t_hxt,eta_hpfp,eta_r,p_cbt,qm_cb0,t0,p0,tpr_hx,Q_hx,pcc,v
pump,380,200,0.154,0.71,1330000.0,0.10747273940586544,25.2,345000.0,0.95,159000.0,True,0
P_hpfp,P_rv,p_hpfp
17383.907655981977,49511.12427714773,1889258.8433249607
Q,Q_phc
556702.8386537521,397702.8386537521
qm_cb,qm_phc/qm_t,qm_r,qm_v,qm,qm_pot
0.10747273940586544,0.003261601191862859,0.09299900245366942,0,0.1107343405977283,0.001055824686753945
number of iterations,12,Execution time: ,5.524161338806152
