architecture,t_cbt,t_hxt,eta_hpfp,eta_r,p_cbt,qm_cb0,t0,p0,tpr_hx,Q_hx,pcc,v
pump,380,280,0.154,0.71,1330000.0,0.10747273940586544,25.2,345000.0,0.95,159000.0,True,0
P_hpfp,P_rv,p_hpfp
17401.071978880438,117355.29540344037,1889258.8433249607
Q,Q_phc
489457.2241012297,330457.2241012297
qm_cb,qm_phc/qm_t,qm_r,qm_v,qm,qm_pot
0.10747273940586544,0.0028994123761230156,0.2204333590301543,0,0.11037215178198845,0.0015283915907687256
number of iterations,12,Execution time: ,5.174856901168823
