architecture,t_cbt,t_hxt,eta_hpfp,eta_r,p_cbt,qm_cb0,t0,p0,tpr_hx,Q_hx,pcc,v
pump,380,220,0.154,0.71,1330000.0,0.10747273940586544,25.2,345000.0,0.95,159000.0,True,0
P_hpfp,P_rv,p_hpfp
17206.059246270757,60805.57853200196,1889258.8433249607
Q,Q_phc
539206.4307653662,380206.4307653662
qm_cb,qm_phc/qm_t,qm_r,qm_v,qm
0.10747273940586544,0.0031737415292376198,0.11421887144390572,0,0.11064648093510306
number of iterations,12,Execution time: ,5.823008298873901
