architecture,t_cbt,t_hxt,eta_hpfp,eta_r,p_cbt,qm_cb0,t0,p0,tpr_hx,Q_hx,pcc,v
pump,380,270,0.154,0.71,1330000.0,0.11,25.2,345000.0,0.95,149000.0,True,0
P_hpfp,P_rv,p_hpfp
17623.723162806902,106247.3100968741,1889366.2640801906
Q,Q_phc
507873.15584252356,358873.15584252356
qm_cb,qm_phc/qm_t,qm_r,qm_v,qm,m_z
0.11,0.003250698191868687,0.19948585072165592,0,0.11325069819186868,0.32506981918686867
number of iterations,7,Execution time: ,4.2018043994903564
