architecture,t_cbt,t_hxt,eta_hpfp,eta_r,p_cbt,qm_cb0,t0,p0,tpr_hx,Q_hx,pcc,v
pump,380,220,0.154,0.71,1330000.0,0.10747273940586544,25.2,345000.0,0.95,159000.0,True,0
P_hpfp,P_rv,p_hpfp
17350.46817734479,61317.302548371845,1889258.8433249607
Q,Q_phc
543730.5543916223,384730.5543916223
qm_cb,qm_phc/qm_t,qm_r,qm_v,qm,qm_pot
0.10747273940586544,0.00321021662776213,0.11517897405535597,0,0.11068295603362757,0.0008921710144664448
number of iterations,12,Execution time: ,5.206124782562256
