architecture,t_cbt,t_hxt,eta_hpfp,eta_r,p_cbt,qm_cb0,t0,p0,tpr_hx,Q_hx,pcc,v
pump,380,240,0.154,0.71,1330000.0,0.10747273940586544,25.2,345000.0,0.95,159000.0,True,0
P_hpfp,P_rv,p_hpfp
17416.190159147118,76087.94217907562,1889258.8433249607
Q,Q_phc
531251.7805386542,372251.7805386542
qm_cb,qm_phc/qm_t,qm_r,qm_v,qm,qm_pot
0.10747273940586544,0.003175353235806028,0.14292553300350846,0,0.11064809264167147,0.0013496707522833767
number of iterations,12,Execution time: ,5.341514825820923
