architecture,t_cbt,t_hxt,eta_hpfp,eta_r,p_cbt,qm_cb0,t0,p0,tpr_hx,Q_hx,pcc,v
pump,380,200,0.154,0.71,1330000.0,0.10747273940586544,25.2,345000.0,0.95,159000.0,True,0
P_hpfp,P_rv,p_hpfp
17213.33578478591,49024.07242773716,1889258.8433249607
Q,Q_phc
551241.6852981768,392241.68529817683
qm_cb,qm_phc/qm_t,qm_r,qm_v,qm
0.10747273940586544,0.003220534543754594,0.09208508518332725,0,0.11069327394962003
number of iterations,12,Execution time: ,5.505184173583984
