architecture,t_cbt,t_hxt,eta_hpfp,eta_r,p_cbt,qm_cb0,t0,p0,tpr_hx,Q_hx,pcc,v
pump,380,270,0.154,0.71,1330000.0,0.10998,25.2,345000.0,0.95,159000.0,True,0
P_hpfp,P_rv,p_hpfp
17600.897254969874,106105.02284031887,1889258.8433249607
Q,Q_phc
507263.60460330104,348263.60460330104
qm_cb,qm_phc/qm_t,qm_r,qm_v,qm,m_z
0.10998,0.0031316554152812925,0.19922704273595743,0,0.11311165541528129,0.31316554152812875
number of iterations,12,Execution time: ,6.289504051208496
