architecture,t_cbt,t_hxt,eta_hpfp,eta_r,p_cbt,qm_cb0,t0,p0,tpr_hx,Q_hx,pcc,v
pump,380,210,0.154,0.71,1330000.0,0.10747273940586544,25.2,345000.0,0.95,159000.0,True,0
P_hpfp,P_rv,p_hpfp
17391.77218949538,55220.18159630413,1889258.8433249607
Q,Q_phc
551268.0344037048,392268.0344037048
qm_cb,qm_phc/qm_t,qm_r,qm_v,qm,qm_pot
0.10747273940586544,0.0032485487224736447,0.10372460274750961,0,0.11072128812833908,0.0011194513721794568
number of iterations,12,Execution time: ,5.3359575271606445
