architecture,t_cbt,t_hxt,eta_hpfp,eta_r,p_cbt,qm_cb0,t0,p0,tpr_hx,Q_hx,pcc,v
pump,390,190,0.154,0.71,1330000.0,0.10734141285705383,25.2,345000.0,0.95,159000.0,True,0
P_hpfp,P_rv,p_hpfp
17377.797882421168,43424.185875293755,1889258.8433249607
Q,Q_phc
578875.4436973162,419875.4436973162
qm_cb,qm_phc/qm_t,qm_r,qm_v,qm,qm_pot
0.10734141285705383,0.0034103406866717507,0.07948585459954799,0,0.11075175354372557,0.0009991218060808825
number of iterations,12,Execution time: ,5.600324869155884
