architecture,t_cbt,t_hxt,eta_hpfp,eta_r,p_cbt,qm_cb0,t0,p0,tpr_hx,Q_hx,pcc,v
pump,390,110,0.154,0.71,1330000.0,0.10734141285705383,25.2,345000.0,0.95,159000.0,True,0
P_hpfp,P_rv,p_hpfp
17278.96397599665,15629.467693792716,1889258.8597899457
Q,Q_phc
603130.893572883,444130.893572883
qm_cb,qm_phc/qm_t,qm_r,qm_v,qm,qm_pot
0.10734141285705383,0.003401073664779933,0.028601141480475722,0,0.11074248652183376,0.0003728167577486782
number of iterations,14,Execution time: ,6.464089870452881
