architecture,t_cbt,t_hxt,eta_hpfp,eta_r,p_cbt,qm_cb0,t0,p0,tpr_hx,Q_hx,pcc,v
pump,390,160,0.154,0.71,1330000.0,0.11,25.2,345000.0,0.95,149000.0,True,0
P_hpfp,P_rv,p_hpfp
17704.545957279734,31293.71005713726,1889366.271814466
Q,Q_phc
602236.2974525996,453236.2974525996
qm_cb,qm_phc/qm_t,qm_r,qm_v,qm,m_z
0.11,0.003769911225072255,0.057244628236762934,0,0.11376991122507225,0.3769911225072255
number of iterations,8,Execution time: ,9.168792963027954
