architecture,t_cbt,t_hxt,eta_hpfp,eta_r,p_cbt,qm_cb0,t0,p0,tpr_hx,Q_hx,pcc,v
pump,390,120,0.154,0.71,1330000.0,0.10998,25.2,345000.0,0.95,159000.0,True,0
P_hpfp,P_rv,p_hpfp
17683.482200771046,18486.89407743396,1889258.8433249607
Q,Q_phc
614334.3143528902,455334.31435289024
qm_cb,qm_phc/qm_t,qm_r,qm_v,qm,m_z
0.10998,0.0036623851727835416,0.0338118894278785,0,0.11364238517278354,0.3662385172783538
number of iterations,12,Execution time: ,5.748263120651245
