architecture,t_cbt,t_hxt,eta_hpfp,eta_r,p_cbt,qm_cb0,t0,p0,tpr_hx,Q_hx,pcc,v
pump,390,110,0.154,0.71,1330000.0,0.10734141285705383,25.2,345000.0,0.95,159000.0,True,0
P_hpfp,P_rv,p_hpfp
17321.801299772636,15668.401145256703,1889258.8597899457
Q,Q_phc
604625.9663252718,445625.96632527176
qm_cb,qm_phc/qm_t,qm_r,qm_v,qm,qm_pot
0.10734141285705383,0.003369014013634165,0.028672303782735272,0,0.110710426870688,0.0006803490720510443
number of iterations,14,Execution time: ,6.180777072906494
