architecture,t_cbt,t_hxt,eta_hpfp,eta_r,p_cbt,qm_cb0,t0,p0,tpr_hx,Q_hx,pcc,v
pump,390,120,0.154,0.71,1330000.0,0.10734141285705383,25.2,345000.0,0.95,159000.0,True,0
P_hpfp,P_rv,p_hpfp
17219.289388056754,18008.070836943785,1889258.855973307
Q,Q_phc
598615.3462817403,439615.34628174035
qm_cb,qm_phc/qm_t,qm_r,qm_v,qm
0.10734141285705383,0.003390143777713045,0.03295142356448929,0,0.11073155663476687
number of iterations,13,Execution time: ,6.293527364730835
