architecture,t_cbt,t_hxt,eta_hpfp,eta_r,p_cbt,qm_cb0,t0,p0,tpr_hx,Q_hx,pcc,v
pump,390,120,0.154,0.71,1330000.0,0.10734141285705383,25.2,345000.0,0.95,159000.0,True,0
P_hpfp,P_rv,p_hpfp
17284.1650837598,18076.095718705114,1889258.855973307
Q,Q_phc
600870.5225653019,441870.52256530186
qm_cb,qm_phc/qm_t,qm_r,qm_v,qm,qm_pot
0.10734141285705383,0.003406710350803551,0.03307584458879673,0,0.11074812320785737,0.0004006275753477097
number of iterations,13,Execution time: ,5.426948308944702
