architecture,t_cbt,t_hxt,eta_hpfp,eta_r,p_cbt,qm_cb0,t0,p0,tpr_hx,Q_hx,pcc,v
pump,390,160,0.154,0.71,1330000.0,0.10734141285705383,25.2,345000.0,0.95,159000.0,True,0
P_hpfp,P_rv,p_hpfp
17307.95335045906,30605.609636278346,1889258.8433249607
Q,Q_phc
589192.8844839705,430192.88448397047
qm_cb,qm_phc/qm_t,qm_r,qm_v,qm,qm_pot
0.10734141285705383,0.003417504650807675,0.05601385673528955,0,0.1107589175078615,0.0005428107383836629
number of iterations,12,Execution time: ,5.199583292007446
