architecture,t_cbt,t_hxt,eta_hpfp,eta_r,p_cbt,qm_cb0,t0,p0,tpr_hx,Q_hx,pcc,v
pump,390,170,0.154,0.71,1330000.0,0.11,25.2,345000.0,0.95,149000.0,True,0
P_hpfp,P_rv,p_hpfp
17703.804813144987,35263.87001432204,1889366.2640801906
Q,Q_phc
598239.6448085544,449239.64480855444
qm_cb,qm_phc/qm_t,qm_r,qm_v,qm,m_z
0.11,0.0037651879780578384,0.06450033389490253,0,0.11376518797805783,0.37651879780578384
number of iterations,7,Execution time: ,8.884759426116943
