architecture,t_cbt,t_hxt,eta_hpfp,eta_r,p_cbt,qm_cb0,t0,p0,tpr_hx,Q_hx,pcc,v
pump,390,150,0.154,0.71,1330000.0,0.11,25.2,345000.0,0.95,149000.0,True,0
P_hpfp,P_rv,p_hpfp
17704.892483436044,27659.12077209405,1889366.271814466
Q,Q_phc
605883.286644364,456883.286644364
qm_cb,qm_phc/qm_t,qm_r,qm_v,qm,m_z
0.11,0.003772127231330222,0.05058780914265526,0,0.11377212723133022,0.3772127231330222
number of iterations,8,Execution time: ,7.337209701538086
