architecture,t_cbt,t_hxt,eta_hpfp,eta_r,p_cbt,qm_cb0,t0,p0,tpr_hx,Q_hx,pcc,v
pump,390,190,0.154,0.71,1330000.0,0.10734141285705383,25.2,345000.0,0.95,159000.0,True,0
P_hpfp,P_rv,p_hpfp
17328.255243176594,43300.15070049962,1889258.8433249607
Q,Q_phc
577225.3550010337,418225.35500103375
qm_cb,qm_phc/qm_t,qm_r,qm_v,qm,qm_pot
0.10734141285705383,0.003404102569831564,0.07925897477034048,0,0.11074551542688539,0.0006867675822700553
number of iterations,12,Execution time: ,5.093764305114746
