architecture,t_cbt,t_hxt,eta_hpfp,eta_r,p_cbt,qm_cb0,t0,p0,tpr_hx,Q_hx,pcc,v
pump,390,160,0.154,0.71,1330000.0,0.10734141285705383,25.2,345000.0,0.95,159000.0,True,0
P_hpfp,P_rv,p_hpfp
17354.954199420477,30689.006002542523,1889258.8433249607
Q,Q_phc
590792.5903781989,431792.5903781989
qm_cb,qm_phc/qm_t,qm_r,qm_v,qm,qm_pot
0.10734141285705383,0.0034080921474685857,0.05616632399357388,0,0.11074950500452241,0.0008544701690469199
number of iterations,12,Execution time: ,5.516217947006226
