architecture,t_cbt,t_hxt,eta_hpfp,eta_r,p_cbt,qm_cb0,t0,p0,tpr_hx,Q_hx,pcc,v
pump,390,170,0.154,0.71,1330000.0,0.10734141285705383,25.2,345000.0,0.95,159000.0,True,0
P_hpfp,P_rv,p_hpfp
17219.42366445198,34300.53367151321,1889258.8433249607
Q,Q_phc
582327.7088909064,423327.7088909064
qm_cb,qm_phc/qm_t,qm_r,qm_v,qm
0.10734141285705383,0.003391010234840189,0.06278060197399452,0,0.11073242309189402
number of iterations,12,Execution time: ,6.046091556549072
