architecture,t_cbt,t_hxt,eta_hpfp,eta_r,p_cbt,qm_cb0,t0,p0,tpr_hx,Q_hx,pcc,v
pump,390,130,0.154,0.71,1330000.0,0.11,25.2,345000.0,0.95,149000.0,True,0
P_hpfp,P_rv,p_hpfp
17704.651302314443,21271.700471520562,1889366.2727081615
Q,Q_phc
612262.0734108797,463262.0734108797
qm_cb,qm_phc/qm_t,qm_r,qm_v,qm,m_z
0.11,0.003770549946782019,0.03890385309170132,0,0.11377054994678201,0.37705499467820186
number of iterations,9,Execution time: ,5.039704322814941
