architecture,t_cbt,t_hxt,eta_hpfp,eta_r,p_cbt,qm_cb0,t0,p0,tpr_hx,Q_hx,pcc,v
pump,390,160,0.154,0.71,1330000.0,0.10998,25.2,345000.0,0.95,159000.0,True,0
P_hpfp,P_rv,p_hpfp
17683.201090083407,31245.594888336476,1889258.8433249607
Q,Q_phc
601565.5537131014,442565.5537131014
qm_cb,qm_phc/qm_t,qm_r,qm_v,qm,m_z
0.10998,0.0036605786231075077,0.05716797190064929,0,0.1136405786231075,0.3660578623107501
number of iterations,12,Execution time: ,6.056226968765259
