architecture,t_cbt,t_hxt,eta_hpfp,eta_r,p_cbt,qm_cb0,t0,p0,tpr_hx,Q_hx,pcc,v
pump,390,180,0.154,0.71,1330000.0,0.10998,25.2,345000.0,0.95,159000.0,True,0
P_hpfp,P_rv,p_hpfp
17680.94101895053,39492.20196628567,1889258.8433249607
Q,Q_phc
593238.0677149708,434238.0677149708
qm_cb,qm_phc/qm_t,qm_r,qm_v,qm,m_z
0.10998,0.0036460543415613444,0.07226126984897556,0,0.11362605434156134,0.364605434156134
number of iterations,12,Execution time: ,5.96956992149353
