architecture,t_cbt,t_hxt,eta_hpfp,eta_r,p_cbt,qm_cb0,t0,p0,tpr_hx,Q_hx,pcc,v
pump,390,150,0.154,0.71,1330000.0,0.10734141285705383,25.2,345000.0,0.95,159000.0,True,0
P_hpfp,P_rv,p_hpfp
17347.745210118097,27109.588483314074,1889258.8433249607
Q,Q_phc
594113.8537053475,435113.8537053475
qm_cb,qm_phc/qm_t,qm_r,qm_v,qm,qm_pot
0.10734141285705383,0.0034028183725335875,0.04961129561785948,0,0.11074423122958742,0.0008133853161293601
number of iterations,12,Execution time: ,5.4792420864105225
