architecture,t_cbt,t_hxt,eta_hpfp,eta_r,p_cbt,qm_cb0,t0,p0,tpr_hx,Q_hx,pcc,v
pump,390,190,0.154,0.71,1330000.0,0.11,25.2,345000.0,0.95,149000.0,True,0
P_hpfp,P_rv,p_hpfp
17700.93246718915,44212.90630409576,1889366.2640801906
Q,Q_phc
589187.8260221359,440187.8260221359
qm_cb,qm_phc/qm_t,qm_r,qm_v,qm,m_z
0.11,0.003746722633982043,0.0808924193885868,0,0.11374672263398204,0.3746722633982043
number of iterations,7,Execution time: ,10.498261451721191
