architecture,t_cbt,t_hxt,eta_hpfp,eta_r,p_cbt,qm_cb0,t0,p0,tpr_hx,Q_hx,pcc,v
pump,390,110,0.154,0.71,1330000.0,0.10998,25.2,345000.0,0.95,159000.0,True,0
P_hpfp,P_rv,p_hpfp
17682.976722029474,15990.258217693763,1889258.855973307
Q,Q_phc
616812.8436191202,457812.8436191202
qm_cb,qm_phc/qm_t,qm_r,qm_v,qm,m_z
0.10998,0.003659133666200756,0.02924701187324565,0,0.11363913366620075,0.3659133666200755
number of iterations,13,Execution time: ,7.060255765914917
