architecture,t_cbt,t_hxt,eta_hpfp,eta_r,p_cbt,qm_cb0,t0,p0,tpr_hx,Q_hx,pcc,v
pump,390,110,0.154,0.71,1330000.0,0.11,25.2,345000.0,0.95,149000.0,True,0
P_hpfp,P_rv,p_hpfp
17703.506313480182,16008.966160964432,1889366.2728114282
Q,Q_phc
617483.8356792544,468483.8356792544
qm_cb,qm_phc/qm_t,qm_r,qm_v,qm,m_z
0.11,0.003763178216787468,0.02927799394698728,0,0.11376317821678747,0.3763178216787468
number of iterations,10,Execution time: ,5.675280809402466
