architecture,t_cbt,t_hxt,eta_hpfp,eta_r,p_cbt,qm_cb0,t0,p0,tpr_hx,Q_hx,pcc,v
pump,390,170,0.154,0.71,1330000.0,0.10998,25.2,345000.0,0.95,159000.0,True,0
P_hpfp,P_rv,p_hpfp
17682.295946384853,35199.15463610786,1889258.8433249607
Q,Q_phc
597579.6024870783,438579.6024870783
qm_cb,qm_phc/qm_t,qm_r,qm_v,qm,m_z
0.10998,0.0036547617433968227,0.06440420910996285,0,0.11363476174339682,0.3654761743396824
number of iterations,12,Execution time: ,6.048161268234253
