architecture,t_cbt,t_hxt,eta_hpfp,eta_r,p_cbt,qm_cb0,t0,p0,tpr_hx,Q_hx,pcc,v
pump,390,130,0.154,0.71,1330000.0,0.10734141285705383,25.2,345000.0,0.95,159000.0,True,0
P_hpfp,P_rv,p_hpfp
17219.819277650688,20694.434682935876,1889258.855973307
Q,Q_phc
595947.9578025445,436947.95780254446
qm_cb,qm_phc/qm_t,qm_r,qm_v,qm
0.10734141285705383,0.003393551322487892,0.03787088249143829,0,0.11073496417954172
number of iterations,13,Execution time: ,5.8459837436676025
