architecture,t_cbt,t_hxt,eta_hpfp,eta_r,p_cbt,qm_cb0,t0,p0,tpr_hx,Q_hx,pcc,v
pump,390,170,0.154,0.71,1330000.0,0.10734141285705383,25.2,345000.0,0.95,159000.0,True,0
P_hpfp,P_rv,p_hpfp
17362.385788737825,34586.14683808795,1889258.8433249607
Q,Q_phc
587161.5750500746,428161.5750500746
qm_cb,qm_phc/qm_t,qm_r,qm_v,qm,qm_pot
0.10734141285705383,0.0034113775233369113,0.06330284408900881,0,0.11075279038039074,0.0008989748881649107
number of iterations,12,Execution time: ,5.270437955856323
