architecture,t_cbt,t_hxt,eta_hpfp,eta_r,p_cbt,qm_cb0,t0,p0,tpr_hx,Q_hx,pcc,v
pump,390,140,0.154,0.71,1330000.0,0.10734141285705383,25.2,345000.0,0.95,159000.0,True,0
P_hpfp,P_rv,p_hpfp
17295.518380736747,23769.65759812898,1889258.8433249607
Q,Q_phc
595583.5397644811,436583.53976448113
qm_cb,qm_phc/qm_t,qm_r,qm_v,qm,qm_pot
0.10734141285705383,0.003415064889582881,0.04349485986085736,0,0.1107564777466367,0.00046528531870237353
number of iterations,12,Execution time: ,5.272188663482666
