architecture,t_cbt,t_hxt,eta_hpfp,eta_r,p_cbt,qm_cb0,t0,p0,tpr_hx,Q_hx,pcc,v
pump,390,190,0.154,0.71,1330000.0,0.10998,25.2,345000.0,0.95,159000.0,True,0
P_hpfp,P_rv,p_hpfp
17679.06955665428,44151.7384563696,1889258.8433249607
Q,Q_phc
588511.559063047,429511.55906304705
qm_cb,qm_phc/qm_t,qm_r,qm_v,qm,m_z
0.10998,0.00363402744342603,0.08078857491145207,0,0.11361402744342602,0.3634027443426023
number of iterations,12,Execution time: ,6.1072282791137695
