architecture,t_cbt,t_hxt,eta_hpfp,eta_r,p_cbt,qm_cb0,t0,p0,tpr_hx,Q_hx,pcc,v
pump,390,270,0.154,0.71,1330000.0,0.10998,25.2,345000.0,0.95,159000.0,True,0
P_hpfp,P_rv,p_hpfp
17632.73367766967,101550.97532823369,1889258.8433249607
Q,Q_phc
529454.1461260952,370454.1461260952
qm_cb,qm_phc/qm_t,qm_r,qm_v,qm,m_z
0.10998,0.003336251261840062,0.185821764494872,0,0.11331625126184006,0.3336251261840067
number of iterations,12,Execution time: ,6.328819513320923
