architecture,t_cbt,t_hxt,eta_hpfp,eta_r,p_cbt,qm_cb0,t0,p0,tpr_hx,Q_hx,pcc,v
pump,390,230,0.154,0.71,1330000.0,0.11,25.2,345000.0,0.95,149000.0,True,0
P_hpfp,P_rv,p_hpfp
17687.27563915046,67396.14392117865,1889366.2640801906
Q,Q_phc
565515.8997499781,416515.8997499781
qm_cb,qm_phc/qm_t,qm_r,qm_v,qm,m_z
0.11,0.003658877296167488,0.1233339356606692,0,0.11365887729616748,0.3658877296167488
number of iterations,7,Execution time: ,4.796127796173096
