architecture,t_cbt,t_hxt,eta_hpfp,eta_r,p_cbt,qm_cb0,t0,p0,tpr_hx,Q_hx,pcc,v
pump,390,260,0.154,0.71,1330000.0,0.10998,25.2,345000.0,0.95,159000.0,True,0
P_hpfp,P_rv,p_hpfp
17643.093283103903,91531.94993092919,1889258.8433249607
Q,Q_phc
539843.900430485,380843.900430485
qm_cb,qm_phc/qm_t,qm_r,qm_v,qm,m_z
0.10998,0.003402826965518163,0.1674886532547765,0,0.11338282696551816,0.340282696551817
number of iterations,12,Execution time: ,6.2431745529174805
