architecture,t_cbt,t_hxt,eta_hpfp,eta_r,p_cbt,qm_cb0,t0,p0,tpr_hx,Q_hx,pcc,v
pump,390,210,0.154,0.71,1330000.0,0.10734141285705383,25.2,345000.0,0.95,159000.0,True,0
P_hpfp,P_rv,p_hpfp
17212.261123740576,53318.87913467324,1889258.8433249607
Q,Q_phc
563052.8725615466,404052.8725615466
qm_cb,qm_phc/qm_t,qm_r,qm_v,qm
0.10734141285705383,0.0033449503025263505,0.09760291914060938,0,0.11068636315958018
number of iterations,12,Execution time: ,5.844456672668457
