architecture,t_cbt,t_hxt,eta_hpfp,eta_r,p_cbt,qm_cb0,t0,p0,tpr_hx,Q_hx,pcc,v
pump,390,220,0.154,0.71,1330000.0,0.11,25.2,345000.0,0.95,149000.0,True,0
P_hpfp,P_rv,p_hpfp
17691.935401951123,60802.70914828838,1889366.2640801906
Q,Q_phc
572276.0769911468,423276.0769911468
qm_cb,qm_phc/qm_t,qm_r,qm_v,qm,m_z
0.11,0.003688846307958696,0.11126557955668895,0,0.1136888463079587,0.3688846307958696
number of iterations,7,Execution time: ,4.120956897735596
