architecture,t_cbt,t_hxt,eta_hpfp,eta_r,p_cbt,qm_cb0,t0,p0,tpr_hx,Q_hx,pcc,v
pump,390,260,0.154,0.71,1330000.0,0.10734141285705383,25.2,345000.0,0.95,159000.0,True,0
P_hpfp,P_rv,p_hpfp
17185.155718110764,89195.53845629227,1889258.8433249607
Q,Q_phc
526205.5675921318,367205.5675921318
qm_cb,qm_phc/qm_t,qm_r,qm_v,qm
0.10734141285705383,0.0031706443964306524,0.16328156413614198,0,0.11051205725348448
number of iterations,12,Execution time: ,5.998598575592041
