architecture,t_cbt,t_hxt,eta_hpfp,eta_r,p_cbt,qm_cb0,t0,p0,tpr_hx,Q_hx,pcc,v
pump,390,260,0.154,0.71,1330000.0,0.11,25.2,345000.0,0.95,149000.0,True,0
P_hpfp,P_rv,p_hpfp
17666.116533283886,91636.36005770939,1889366.2640801906
Q,Q_phc
540518.5374474983,391518.5374474983
qm_cb,qm_phc/qm_t,qm_r,qm_v,qm,m_z
0.11,0.0035228607329955085,0.16769401118912972,0,0.11352286073299551,0.35228607329955086
number of iterations,7,Execution time: ,7.840182065963745
