architecture,t_cbt,t_hxt,eta_hpfp,eta_r,p_cbt,qm_cb0,t0,p0,tpr_hx,Q_hx,pcc,v
pump,390,270,0.154,0.71,1330000.0,0.10734141285705383,25.2,345000.0,0.95,159000.0,True,0
P_hpfp,P_rv,p_hpfp
17175.687875606603,98963.69006752361,1889258.8433249607
Q,Q_phc
516098.37216631277,357098.37216631277
qm_cb,qm_phc/qm_t,qm_r,qm_v,qm
0.10734141285705383,0.0031097598301195045,0.1811624806279962,0,0.11045117268717333
number of iterations,12,Execution time: ,6.030144929885864
