architecture,t_cbt,t_hxt,eta_hpfp,eta_r,p_cbt,qm_cb0,t0,p0,tpr_hx,Q_hx,pcc,v
pump,390,200,0.154,0.71,1330000.0,0.10998,25.2,345000.0,0.95,159000.0,True,0
P_hpfp,P_rv,p_hpfp
17676.60614304538,49213.067632925005,1889258.8433249607
Q,Q_phc
583362.0741511479,424362.07415114786
qm_cb,qm_phc/qm_t,qm_r,qm_v,qm,m_z
0.10998,0.003618196387358885,0.09005077174416778,0,0.11359819638735888,0.3618196387358887
number of iterations,12,Execution time: ,6.641999244689941
