architecture,t_cbt,t_hxt,eta_hpfp,eta_r,p_cbt,qm_cb0,t0,p0,tpr_hx,Q_hx,pcc,v
pump,390,230,0.154,0.71,1330000.0,0.10734141285705383,25.2,345000.0,0.95,159000.0,True,0
P_hpfp,P_rv,p_hpfp
17357.962789254303,66182.593009658,1889258.8433249607
Q,Q_phc
555406.7410920417,396406.7410920417
qm_cb,qm_phc/qm_t,qm_r,qm_v,qm,qm_pot
0.10734141285705383,0.003335668622041455,0.12115218002729727,0,0.11067708147909529,0.0009462409414482444
number of iterations,12,Execution time: ,5.758430242538452
