architecture,t_cbt,t_hxt,eta_hpfp,eta_r,p_cbt,qm_cb0,t0,p0,tpr_hx,Q_hx,pcc,v
pump,390,270,0.154,0.71,1330000.0,0.10734141285705383,25.2,345000.0,0.95,159000.0,True,0
P_hpfp,P_rv,p_hpfp
17391.35686195742,100209.77328545121,1889258.8433249607
Q,Q_phc
522575.4038806964,363575.4038806964
qm_cb,qm_phc/qm_t,qm_r,qm_v,qm,qm_pot
0.10734141285705383,0.0031645959275639225,0.18344055560500758,0,0.11050600878461775,0.0013320598817572731
number of iterations,12,Execution time: ,5.2868406772613525
