architecture,t_cbt,t_hxt,eta_hpfp,eta_r,p_cbt,qm_cb0,t0,p0,tpr_hx,Q_hx,pcc,v
pump,390,240,0.154,0.71,1330000.0,0.10734141285705383,25.2,345000.0,0.95,159000.0,True,0
P_hpfp,P_rv,p_hpfp
17199.372354539,72663.49852309382,1889258.8433249607
Q,Q_phc
543246.7058381843,384246.70583818434
qm_cb,qm_phc/qm_t,qm_r,qm_v,qm
0.10734141285705383,0.0032620668871360115,0.13301779559041596,0,0.11060347974418984
number of iterations,12,Execution time: ,5.652196168899536
