architecture,t_cbt,t_hxt,eta_hpfp,eta_r,p_cbt,qm_cb0,t0,p0,tpr_hx,Q_hx,pcc,v
pump,390,200,0.154,0.71,1330000.0,0.10734141285705383,25.2,345000.0,0.95,159000.0,True,0
P_hpfp,P_rv,p_hpfp
17335.400059654312,48288.54226495617,1889258.8433249607
Q,Q_phc
572492.8195972675,413492.81959726755
qm_cb,qm_phc/qm_t,qm_r,qm_v,qm,qm_pot
0.10734141285705383,0.0033934812613557277,0.0883923233789834,0,0.11073489411840956,0.0007433348443702158
number of iterations,12,Execution time: ,5.058224678039551
