architecture,t_cbt,t_hxt,eta_hpfp,eta_r,p_cbt,qm_cb0,t0,p0,tpr_hx,Q_hx,pcc,v
pump,390,220,0.154,0.71,1330000.0,0.10998,25.2,345000.0,0.95,159000.0,True,0
P_hpfp,P_rv,p_hpfp
17669.53861996941,60733.649181165674,1889258.8433249607
Q,Q_phc
571588.5741763911,412588.5741763911
qm_cb,qm_phc/qm_t,qm_r,qm_v,qm,m_z
0.10998,0.003572777155417012,0.11113242522218938,0,0.113552777155417,0.3572777155417015
number of iterations,12,Execution time: ,6.276613235473633
