architecture,t_cbt,t_hxt,eta_hpfp,eta_r,p_cbt,qm_cb0,t0,p0,tpr_hx,Q_hx,pcc,v
pump,390,230,0.154,0.71,1330000.0,0.10734141285705383,25.2,345000.0,0.95,159000.0,True,0
P_hpfp,P_rv,p_hpfp
17410.332899274097,66382.45537274372,1889258.8433249607
Q,Q_phc
557082.2544403379,398082.2544403379
qm_cb,qm_phc/qm_t,qm_r,qm_v,qm,qm_pot
0.10734141285705383,0.0033634856702507926,0.12151790276679345,0,0.11070489852730463,0.001255198764052521
number of iterations,12,Execution time: ,5.17982029914856
