architecture,t_cbt,t_hxt,eta_hpfp,eta_r,p_cbt,qm_cb0,t0,p0,tpr_hx,Q_hx,pcc,v
pump,390,280,0.154,0.71,1330000.0,0.10998,25.2,345000.0,0.95,159000.0,True,0
P_hpfp,P_rv,p_hpfp
17620.245452258805,112873.28928500573,1889258.8433249607
Q,Q_phc
517684.92845398426,358684.92845398426
qm_cb,qm_phc/qm_t,qm_r,qm_v,qm,m_z
0.10998,0.003255996043656617,0.20653954552376363,0,0.11323599604365661,0.32559960436566104
number of iterations,12,Execution time: ,6.6872899532318115
