architecture,t_cbt,t_hxt,eta_hpfp,eta_r,p_cbt,qm_cb0,t0,p0,tpr_hx,Q_hx,pcc,v
pump,390,280,0.154,0.71,1330000.0,0.10734141285705383,25.2,345000.0,0.95,159000.0,True,0
P_hpfp,P_rv,p_hpfp
17164.204202905617,110004.06344784769,1889258.8433249607
Q,Q_phc
504646.7680123136,345646.7680123136
qm_cb,qm_phc/qm_t,qm_r,qm_v,qm
0.10734141285705383,0.003035912125982948,0.20137142957348692,0,0.11037732498303678
number of iterations,12,Execution time: ,6.0807600021362305
