architecture,t_cbt,t_hxt,eta_hpfp,eta_r,p_cbt,qm_cb0,t0,p0,tpr_hx,Q_hx,pcc,v
pump,390,250,0.154,0.71,1330000.0,0.11,25.2,345000.0,0.95,149000.0,True,0
P_hpfp,P_rv,p_hpfp
17674.577390665705,82689.00696782433,1889366.2640801906
Q,Q_phc
549768.6493480669,400768.6493480669
qm_cb,qm_phc/qm_t,qm_r,qm_v,qm,m_z
0.11,0.003577236185784928,0.15132151467263882,0,0.11357723618578493,0.3577236185784928
number of iterations,7,Execution time: ,5.966711521148682
