architecture,t_cbt,t_hxt,eta_hpfp,eta_r,p_cbt,qm_cb0,t0,p0,tpr_hx,Q_hx,pcc,v
pump,390,280,0.154,0.71,1330000.0,0.10734141285705383,25.2,345000.0,0.95,159000.0,True,0
P_hpfp,P_rv,p_hpfp
17400.530939777786,111523.5943230413,1889258.8433249607
Q,Q_phc
511590.1069327472,352590.1069327472
qm_cb,qm_phc/qm_t,qm_r,qm_v,qm,qm_pot
0.10734141285705383,0.003095304260586783,0.20414875160143842,0,0.11043671711764061,0.0014603470114443306
number of iterations,12,Execution time: ,5.28233528137207
