architecture,t_cbt,t_hxt,eta_hpfp,eta_r,p_cbt,qm_cb0,t0,p0,tpr_hx,Q_hx,pcc,v
pump,390,200,0.154,0.71,1330000.0,0.10734141285705383,25.2,345000.0,0.95,159000.0,True,0
P_hpfp,P_rv,p_hpfp
17385.73493208416,48428.972430313544,1889258.8433249607
Q,Q_phc
574154.8832046894,415154.88320468937
qm_cb,qm_phc/qm_t,qm_r,qm_v,qm,qm_pot
0.10734141285705383,0.00340509898112669,0.08864922572578275,0,0.11074651183818052,0.001055404055055858
number of iterations,12,Execution time: ,5.693945646286011
