architecture,t_cbt,t_hxt,eta_hpfp,eta_r,p_cbt,qm_cb0,t0,p0,tpr_hx,Q_hx,pcc,v
pump,390,250,0.154,0.71,1330000.0,0.10998,25.2,345000.0,0.95,159000.0,True,0
P_hpfp,P_rv,p_hpfp
17651.692588151804,82596.54633061952,1889258.8433249607
Q,Q_phc
549087.0388168673,390087.0388168673
qm_cb,qm_phc/qm_t,qm_r,qm_v,qm,m_z
0.10998,0.0034580901498489636,0.1511383236865141,0,0.11343809014984896,0.3458090149848963
number of iterations,12,Execution time: ,6.246175050735474
