architecture,t_cbt,t_hxt,eta_hpfp,eta_r,p_cbt,qm_cb0,t0,p0,tpr_hx,Q_hx,pcc,v
pump,390,230,0.154,0.71,1330000.0,0.10734141285705383,25.2,345000.0,0.95,159000.0,True,0
P_hpfp,P_rv,p_hpfp
17204.61546901913,65596.65939330173,1889258.8433249607
Q,Q_phc
550501.3011049086,391501.3011049086
qm_cb,qm_phc/qm_t,qm_r,qm_v,qm
0.10734141285705383,0.0032957836236683496,0.12008063048280967,0,0.11063719648072218
number of iterations,12,Execution time: ,5.945084571838379
