architecture,t_cbt,t_hxt,eta_hpfp,eta_r,p_cbt,qm_cb0,t0,p0,tpr_hx,Q_hx,pcc,v
pump,400,140,0.154,0.71,1330000.0,0.10721051273079997,25.2,345000.0,0.95,159000.0,True,0
P_hpfp,P_rv,p_hpfp
17219.40588187573,23415.681294492806,1889258.8433249607
Q,Q_phc
609348.6975436255,450348.6975436255
qm_cb,qm_phc/qm_t,qm_r,qm_v,qm
0.10721051273079997,0.0035217960072227855,0.041783483747972146,0,0.11073230873802276
number of iterations,12,Execution time: ,4.91623592376709
