architecture,t_cbt,t_hxt,eta_hpfp,eta_r,p_cbt,qm_cb0,t0,p0,tpr_hx,Q_hx,pcc,v
pump,400,190,0.154,0.71,1330000.0,0.10721051273079997,25.2,345000.0,0.95,159000.0,True,0
P_hpfp,P_rv,p_hpfp
17379.457812802302,42628.71342543483,1889258.8433249607
Q,Q_phc
596017.1204030204,437017.1204030204
qm_cb,qm_phc/qm_t,qm_r,qm_v,qm,qm_pot
0.10721051273079997,0.003549416958533305,0.0760918737274947,0,0.11075992968933328,0.0010016201241978997
number of iterations,12,Execution time: ,5.617642402648926
