architecture,t_cbt,t_hxt,eta_hpfp,eta_r,p_cbt,qm_cb0,t0,p0,tpr_hx,Q_hx,pcc,v
pump,400,110,0.154,0.71,1330000.0,0.10721051273079997,25.2,345000.0,0.95,159000.0,True,0
P_hpfp,P_rv,p_hpfp
17277.2973569822,15516.147399007332,1889258.8597899457
Q,Q_phc
619375.5563562481,460375.5563562481
qm_cb,qm_phc/qm_t,qm_r,qm_v,qm,qm_pot
0.10721051273079997,0.003523016400459659,0.02768852245107075,0,0.11073352913125963,0.0003710566725818286
number of iterations,14,Execution time: ,6.1389429569244385
