architecture,t_cbt,t_hxt,eta_hpfp,eta_r,p_cbt,qm_cb0,t0,p0,tpr_hx,Q_hx,pcc,v
pump,400,100,0.154,0.71,1330000.0,0.10998,25.2,345000.0,0.95,159000.0,True,0
P_hpfp,P_rv,p_hpfp
17704.03658389269,13678.173249579986,1889258.8597899457
Q,Q_phc
636458.6725739712,477458.6725739712
qm_cb,qm_phc/qm_t,qm_r,qm_v,qm,m_z
0.10998,0.003794473328549486,0.02439802591553035,0,0.11377447332854948,0.37944733285494875
number of iterations,14,Execution time: ,7.509765863418579
