architecture,t_cbt,t_hxt,eta_hpfp,eta_r,p_cbt,qm_cb0,t0,p0,tpr_hx,Q_hx,pcc,v
pump,400,170,0.154,0.71,1330000.0,0.10721051273079997,25.2,345000.0,0.95,159000.0,True,0
P_hpfp,P_rv,p_hpfp
17363.58930667273,34074.18198605393,1889258.8433249607
Q,Q_phc
603988.5292019892,444988.5292019892
qm_cb,qm_phc/qm_t,qm_r,qm_v,qm,qm_pot
0.10721051273079997,0.0035447178429683993,0.06081712545911304,0,0.11075523057376838,0.0009042741209006956
number of iterations,12,Execution time: ,5.575610876083374
