architecture,t_cbt,t_hxt,eta_hpfp,eta_r,p_cbt,qm_cb0,t0,p0,tpr_hx,Q_hx,pcc,v
pump,400,110,0.154,0.71,1330000.0,0.10998,25.2,345000.0,0.95,159000.0,True,0
P_hpfp,P_rv,p_hpfp
17704.88017344967,15895.316504166827,1889258.855973307
Q,Q_phc
634272.5134845837,475272.5134845837
qm_cb,qm_phc/qm_t,qm_r,qm_v,qm,m_z
0.10998,0.0037998955573019105,0.028351861061487627,0,0.1137798955573019,0.37998955573019044
number of iterations,13,Execution time: ,6.580728054046631
