architecture,t_cbt,t_hxt,eta_hpfp,eta_r,p_cbt,qm_cb0,t0,p0,tpr_hx,Q_hx,pcc,v
pump,400,120,0.154,0.71,1330000.0,0.10721051273079997,25.2,345000.0,0.95,159000.0,True,0
P_hpfp,P_rv,p_hpfp
17218.05505977723,17859.550824339556,1889258.855973307
Q,Q_phc
614855.1716966368,455855.1716966368
qm_cb,qm_phc/qm_t,qm_r,qm_v,qm
0.10721051273079997,0.003513106346922021,0.03186812928981023,0,0.11072361907772199
number of iterations,13,Execution time: ,5.987639904022217
