architecture,t_cbt,t_hxt,eta_hpfp,eta_r,p_cbt,qm_cb0,t0,p0,tpr_hx,Q_hx,pcc,v
pump,400,150,0.154,0.71,1330000.0,0.10721051273079997,25.2,345000.0,0.95,159000.0,True,0
P_hpfp,P_rv,p_hpfp
17219.767916940247,26589.955895807896,1889258.8433249607
Q,Q_phc
606187.7267051863,447187.7267051863
qm_cb,qm_phc/qm_t,qm_r,qm_v,qm
0.10721051273079997,0.003524124135081158,0.04745251179851369,0,0.11073463686588113
number of iterations,12,Execution time: ,5.718101501464844
