architecture,t_cbt,t_hxt,eta_hpfp,eta_r,p_cbt,qm_cb0,t0,p0,tpr_hx,Q_hx,pcc,v
pump,400,150,0.154,0.71,1330000.0,0.10721051273079997,25.2,345000.0,0.95,159000.0,True,0
P_hpfp,P_rv,p_hpfp
17348.496149113707,26789.36290810782,1889258.8433249607
Q,Q_phc
610718.7175027147,451718.7175027147
qm_cb,qm_phc/qm_t,qm_r,qm_v,qm,qm_pot
0.10721051273079997,0.0035314127930811106,0.04780806010792585,0,0.11074192552388108,0.0008205200623540179
number of iterations,12,Execution time: ,5.309772968292236
