architecture,t_cbt,t_hxt,eta_hpfp,eta_r,p_cbt,qm_cb0,t0,p0,tpr_hx,Q_hx,pcc,v
pump,400,150,0.154,0.71,1330000.0,0.10998,25.2,345000.0,0.95,159000.0,True,0
P_hpfp,P_rv,p_hpfp
17706.65299838801,27319.93991923296,1889258.8433249607
Q,Q_phc
622913.0106684428,463913.0106684428
qm_cb,qm_phc/qm_t,qm_r,qm_v,qm,m_z
0.10998,0.0038112916312316725,0.048742069103588796,0,0.11379129163123167,0.38112916312316675
number of iterations,12,Execution time: ,6.269494295120239
