architecture,t_cbt,t_hxt,eta_hpfp,eta_r,p_cbt,qm_cb0,t0,p0,tpr_hx,Q_hx,pcc,v
pump,400,110,0.154,0.71,1330000.0,0.10721051273079997,25.2,345000.0,0.95,159000.0,True,0
P_hpfp,P_rv,p_hpfp
17217.15686961321,15461.994557815318,1889258.8597899457
Q,Q_phc
617219.7167604609,458219.71676046087
qm_cb,qm_phc/qm_t,qm_r,qm_v,qm
0.10721051273079997,0.003507329486871019,0.02759193481383394,0,0.11071784221767099
number of iterations,14,Execution time: ,6.4065961837768555
