architecture,t_cbt,t_hxt,eta_hpfp,eta_r,p_cbt,qm_cb0,t0,p0,tpr_hx,Q_hx,pcc,v
pump,400,170,0.154,0.71,1330000.0,0.10721051273079997,25.2,345000.0,0.95,159000.0,True,0
P_hpfp,P_rv,p_hpfp
17313.764036930264,33976.14626950768,1889258.8433249607
Q,Q_phc
602255.6274242159,443255.6274242159
qm_cb,qm_phc/qm_t,qm_r,qm_v,qm,qm_pot
0.10721051273079997,0.003548273786410736,0.06064230465110897,0,0.1107587865172107,0.0005803083334761619
number of iterations,12,Execution time: ,5.405411243438721
