architecture,t_cbt,t_hxt,eta_hpfp,eta_r,p_cbt,qm_cb0,t0,p0,tpr_hx,Q_hx,pcc,v
pump,400,160,0.154,0.71,1330000.0,0.10721051273079997,25.2,345000.0,0.95,159000.0,True,0
P_hpfp,P_rv,p_hpfp
17355.929972404952,30282.50616347197,1889258.8433249607
Q,Q_phc
607498.7461912346,448498.74619123456
qm_cb,qm_phc/qm_t,qm_r,qm_v,qm,qm_pot
0.10721051273079997,0.003538949622377574,0.05404621105983798,0,0.11074946235317755,0.0008607876939917604
number of iterations,12,Execution time: ,5.485021352767944
