architecture,t_cbt,t_hxt,eta_hpfp,eta_r,p_cbt,qm_cb0,t0,p0,tpr_hx,Q_hx,pcc,v
pump,400,180,0.154,0.71,1330000.0,0.10721051273079997,25.2,345000.0,0.95,159000.0,True,0
P_hpfp,P_rv,p_hpfp
17219.00802774788,37845.91578472565,1889258.8433249607
Q,Q_phc
594903.8430414246,435903.84304142464
qm_cb,qm_phc/qm_t,qm_r,qm_v,qm
0.10721051273079997,0.003519237538805231,0.06755279855339795,0,0.1107297502696052
number of iterations,12,Execution time: ,4.794148921966553
