architecture,t_cbt,t_hxt,eta_hpfp,eta_r,p_cbt,qm_cb0,t0,p0,tpr_hx,Q_hx,pcc,v
pump,400,170,0.154,0.71,1330000.0,0.11,25.2,345000.0,0.95,149000.0,True,0
P_hpfp,P_rv,p_hpfp
17727.58531558091,34781.354099362645,1889366.2640801906
Q,Q_phc
616174.1187085799,467174.1187085799
qm_cb,qm_phc/qm_t,qm_r,qm_v,qm,m_z
0.11,0.003917977037919898,0.06204356780084478,0,0.11391797703791989,0.39179770379198975
number of iterations,7,Execution time: ,4.083663463592529
