architecture,t_cbt,t_hxt,eta_hpfp,eta_r,p_cbt,qm_cb0,t0,p0,tpr_hx,Q_hx,pcc,v
pump,400,110,0.154,0.71,1330000.0,0.10721051273079997,25.2,345000.0,0.95,159000.0,True,0
P_hpfp,P_rv,p_hpfp
17321.721428439498,15556.228640716745,1889258.8597899457
Q,Q_phc
620967.9338164127,461967.9338164127
qm_cb,qm_phc/qm_t,qm_r,qm_v,qm,qm_pot
0.10721051273079997,0.0034904096153581332,0.027759964674772195,0,0.11070092234615811,0.000689339970450487
number of iterations,14,Execution time: ,6.608585834503174
