architecture,t_cbt,t_hxt,eta_hpfp,eta_r,p_cbt,qm_cb0,t0,p0,tpr_hx,Q_hx,pcc,v
pump,400,160,0.154,0.71,1330000.0,0.10721051273079997,25.2,345000.0,0.95,159000.0,True,0
P_hpfp,P_rv,p_hpfp
17219.857227373952,30044.392549579265,1889258.8433249607
Q,Q_phc
602736.5719568126,443736.57195681264
qm_cb,qm_phc/qm_t,qm_r,qm_v,qm
0.10721051273079997,0.003524698460965925,0.053621630332500794,0,0.1107352111917659
number of iterations,12,Execution time: ,5.611262321472168
