architecture,t_cbt,t_hxt,eta_hpfp,eta_r,p_cbt,qm_cb0,t0,p0,tpr_hx,Q_hx,pcc,v
pump,400,130,0.154,0.71,1330000.0,0.10998,25.2,345000.0,0.95,159000.0,True,0
P_hpfp,P_rv,p_hpfp
17706.174595806744,21072.475091834178,1889258.8433249607
Q,Q_phc
629142.907346626,470142.90734662605
qm_cb,qm_phc/qm_t,qm_r,qm_v,qm,m_z
0.10998,0.0038082171909268464,0.03758922039502069,0,0.11378821719092684,0.38082171909268475
number of iterations,12,Execution time: ,6.29194188117981
