architecture,t_cbt,t_hxt,eta_hpfp,eta_r,p_cbt,qm_cb0,t0,p0,tpr_hx,Q_hx,pcc,v
pump,400,130,0.154,0.71,1330000.0,0.10721051273079997,25.2,345000.0,0.95,159000.0,True,0
P_hpfp,P_rv,p_hpfp
17218.817221293662,20501.143090238555,1889258.855973307
Q,Q_phc
612241.5867062815,453241.5867062815
qm_cb,qm_phc/qm_t,qm_r,qm_v,qm
0.10721051273079997,0.0035180075556316137,0.03658545786112625,0,0.11072852028643158
number of iterations,13,Execution time: ,5.478745937347412
