architecture,t_cbt,t_hxt,eta_hpfp,eta_r,p_cbt,qm_cb0,t0,p0,tpr_hx,Q_hx,pcc,v
pump,400,130,0.154,0.71,1330000.0,0.10721051273079997,25.2,345000.0,0.95,159000.0,True,0
P_hpfp,P_rv,p_hpfp
17288.297007294008,20584.072158810945,1889258.855973307
Q,Q_phc
614711.8428475022,455711.8428475022
qm_cb,qm_phc/qm_t,qm_r,qm_v,qm,qm_pot
0.10721051273079997,0.0035362737261835824,0.036733371709893575,0,0.11074678645698355,0.000428535360282696
number of iterations,13,Execution time: ,5.453364610671997
