architecture,t_cbt,t_hxt,eta_hpfp,eta_r,p_cbt,qm_cb0,t0,p0,tpr_hx,Q_hx,pcc,v
pump,400,160,0.154,0.71,1330000.0,0.10721051273079997,25.2,345000.0,0.95,159000.0,True,0
P_hpfp,P_rv,p_hpfp
17307.043630527565,30196.934241156414,1889258.8433249607
Q,Q_phc
605787.8835580307,446787.8835580307
qm_cb,qm_phc/qm_t,qm_r,qm_v,qm,qm_pot
0.10721051273079997,0.003547864499293739,0.053893645011491575,0,0.11075837723009371,0.0005375009079066805
number of iterations,12,Execution time: ,4.910561561584473
