architecture,t_cbt,t_hxt,eta_hpfp,eta_r,p_cbt,qm_cb0,t0,p0,tpr_hx,Q_hx,pcc,v
pump,400,170,0.154,0.71,1330000.0,0.10721051273079997,25.2,345000.0,0.95,159000.0,True,0
P_hpfp,P_rv,p_hpfp
17219.62212157245,33790.90873520311,1889258.8433249607
Q,Q_phc
598981.4162991031,439981.41629910306
qm_cb,qm_phc/qm_t,qm_r,qm_v,qm
0.10721051273079997,0.003523186573251763,0.06031198903127658,0,0.11073369930405173
number of iterations,12,Execution time: ,5.2881920337677
