architecture,t_cbt,t_hxt,eta_hpfp,eta_r,p_cbt,qm_cb0,t0,p0,tpr_hx,Q_hx,pcc,v
pump,400,110,0.154,0.71,1330000.0,0.11,25.2,345000.0,0.95,149000.0,True,0
P_hpfp,P_rv,p_hpfp
17725.541334944886,15913.489565702706,1889366.2728114282
Q,Q_phc
634966.8959662429,485966.8959662429
qm_cb,qm_phc/qm_t,qm_r,qm_v,qm,m_z
0.11,0.003904768337311596,0.028381606013029866,0,0.1139047683373116,0.3904768337311596
number of iterations,10,Execution time: ,6.293314218521118
