architecture,t_cbt,t_hxt,eta_hpfp,eta_r,p_cbt,qm_cb0,t0,p0,tpr_hx,Q_hx,pcc,v
pump,400,190,0.154,0.71,1330000.0,0.10721051273079997,25.2,345000.0,0.95,159000.0,True,0
P_hpfp,P_rv,p_hpfp
17217.955980903836,42231.73592004743,1889258.8433249607
Q,Q_phc
590479.3631653228,431479.3631653228
qm_cb,qm_phc/qm_t,qm_r,qm_v,qm
0.10721051273079997,0.0035124721732205794,0.07538386627994324,0,0.11072298490402055
number of iterations,12,Execution time: ,4.911750078201294
