architecture,t_cbt,t_hxt,eta_hpfp,eta_r,p_cbt,qm_cb0,t0,p0,tpr_hx,Q_hx,pcc,v
pump,400,160,0.154,0.71,1330000.0,0.10998,25.2,345000.0,0.95,159000.0,True,0
P_hpfp,P_rv,p_hpfp
17706.46385676441,30871.210002480555,1889258.8433249607
Q,Q_phc
619354.7948278011,460354.79482780106
qm_cb,qm_phc/qm_t,qm_r,qm_v,qm,m_z
0.10998,0.003810076118076669,0.055081068588639225,0,0.11379007611807666,0.38100761180766646
number of iterations,12,Execution time: ,6.008687496185303
