architecture,t_cbt,t_hxt,eta_hpfp,eta_r,p_cbt,qm_cb0,t0,p0,tpr_hx,Q_hx,pcc,v
pump,400,170,0.154,0.71,1330000.0,0.10998,25.2,345000.0,0.95,159000.0,True,0
P_hpfp,P_rv,p_hpfp
17705.918724107752,34722.73711068287,1889258.8433249607
Q,Q_phc
615483.2490737352,456483.2490737352
qm_cb,qm_phc/qm_t,qm_r,qm_v,qm,m_z
0.10998,0.003806572838878891,0.06195549483623505,0,0.11378657283887889,0.3806572838878893
number of iterations,12,Execution time: ,6.763021469116211
