architecture,t_cbt,t_hxt,eta_hpfp,eta_r,p_cbt,qm_cb0,t0,p0,tpr_hx,Q_hx,pcc,v
pump,400,130,0.154,0.71,1330000.0,0.11,25.2,345000.0,0.95,149000.0,True,0
P_hpfp,P_rv,p_hpfp
17727.158286415546,21099.822466473615,1889366.2727081615
Q,Q_phc
629839.9377714498,480839.9377714498
qm_cb,qm_phc/qm_t,qm_r,qm_v,qm,m_z
0.11,0.003915170092693479,0.03763289377204397,0,0.11391517009269347,0.39151700926934785
number of iterations,9,Execution time: ,10.478861093521118
