architecture,t_cbt,t_hxt,eta_hpfp,eta_r,p_cbt,qm_cb0,t0,p0,tpr_hx,Q_hx,pcc,v
pump,400,140,0.154,0.71,1330000.0,0.11,25.2,345000.0,0.95,149000.0,True,0
P_hpfp,P_rv,p_hpfp
17727.689395759557,24086.69027882759,1889366.2727081615
Q,Q_phc
626872.572249506,477872.572249506
qm_cb,qm_phc/qm_t,qm_r,qm_v,qm,m_z
0.11,0.0039185974152286885,0.04296663054010767,0,0.1139185974152287,0.39185974152286884
number of iterations,9,Execution time: ,10.439934253692627
