architecture,t_cbt,t_hxt,eta_hpfp,eta_r,p_cbt,qm_cb0,t0,p0,tpr_hx,Q_hx,pcc,v
pump,400,210,0.154,0.71,1330000.0,0.10998,25.2,345000.0,0.95,159000.0,True,0
P_hpfp,P_rv,p_hpfp
17698.96430517357,53564.29563891444,1889258.8433249607
Q,Q_phc
596386.306744646,437386.30674464605
qm_cb,qm_phc/qm_t,qm_r,qm_v,qm,m_z
0.10998,0.0037618804674218326,0.09557991883952792,0,0.11374188046742183,0.3761880467421828
number of iterations,12,Execution time: ,6.434469223022461
