architecture,t_cbt,t_hxt,eta_hpfp,eta_r,p_cbt,qm_cb0,t0,p0,tpr_hx,Q_hx,pcc,v
pump,400,230,0.154,0.71,1330000.0,0.10721051273079997,25.2,345000.0,0.95,159000.0,True,0
P_hpfp,P_rv,p_hpfp
17207.908067323555,63805.58109168139,1889258.8433249607
Q,Q_phc
568536.2856381208,409536.28563812084
qm_cb,qm_phc/qm_t,qm_r,qm_v,qm
0.10721051273079997,0.003447857361514678,0.1139005413029195,0,0.11065837009231465
number of iterations,12,Execution time: ,4.944042205810547
