architecture,t_cbt,t_hxt,eta_hpfp,eta_r,p_cbt,qm_cb0,t0,p0,tpr_hx,Q_hx,pcc,v
pump,400,230,0.154,0.71,1330000.0,0.11,25.2,345000.0,0.95,149000.0,True,0
P_hpfp,P_rv,p_hpfp
17714.30685260218,65639.71202719337,1889366.2640801906
Q,Q_phc
584828.1767137367,435828.1767137367
qm_cb,qm_phc/qm_t,qm_r,qm_v,qm,m_z
0.11,0.0038325491227710756,0.11714247362113187,0,0.11383254912277108,0.38325491227710756
number of iterations,7,Execution time: ,10.135775566101074
