architecture,t_cbt,t_hxt,eta_hpfp,eta_r,p_cbt,qm_cb0,t0,p0,tpr_hx,Q_hx,pcc,v
pump,400,280,0.154,0.71,1330000.0,0.10721051273079997,25.2,345000.0,0.95,159000.0,True,0
P_hpfp,P_rv,p_hpfp
17457.246794445302,106852.69734574738,1889258.8433249607
Q,Q_phc
534651.6611604722,375651.6611604722
qm_cb,qm_phc/qm_t,qm_r,qm_v,qm,qm_pot
0.10721051273079997,0.0033412779716767878,0.19074270902292012,0,0.11055179070247675,0.0017099943451152862
number of iterations,12,Execution time: ,5.610390663146973
