architecture,t_cbt,t_hxt,eta_hpfp,eta_r,p_cbt,qm_cb0,t0,p0,tpr_hx,Q_hx,pcc,v
pump,400,280,0.154,0.71,1330000.0,0.10721051273079997,25.2,345000.0,0.95,159000.0,True,0
P_hpfp,P_rv,p_hpfp
17173.176411476023,105110.72051450002,1889258.8433249607
Q,Q_phc
525954.8562672549,366954.8562672549
qm_cb,qm_phc/qm_t,qm_r,qm_v,qm
0.10721051273079997,0.0032245095605118734,0.1876359284792043,0,0.11043502229131184
number of iterations,12,Execution time: ,4.735642433166504
