architecture,t_cbt,t_hxt,eta_hpfp,eta_r,p_cbt,qm_cb0,t0,p0,tpr_hx,Q_hx,pcc,v
pump,400,200,0.154,0.71,1330000.0,0.10998,25.2,345000.0,0.95,159000.0,True,0
P_hpfp,P_rv,p_hpfp
17701.556951443876,48277.62740585871,1889258.8433249607
Q,Q_phc
601768.1834868607,442768.1834868607
qm_cb,qm_phc/qm_t,qm_r,qm_v,qm,m_z
0.10998,0.0037785420334370406,0.08614593227465402,0,0.11375854203343704,0.3778542033437044
number of iterations,12,Execution time: ,6.556769371032715
