architecture,t_cbt,t_hxt,eta_hpfp,eta_r,p_cbt,qm_cb0,t0,p0,tpr_hx,Q_hx,pcc,v
pump,400,250,0.154,0.71,1330000.0,0.10721051273079997,25.2,345000.0,0.95,159000.0,True,0
P_hpfp,P_rv,p_hpfp
17374.139373419108,78617.34724095177,1889258.8433249607
Q,Q_phc
559833.0490087752,400833.04900877515
qm_cb,qm_phc/qm_t,qm_r,qm_v,qm,qm_pot
0.10721051273079997,0.0034309241276513115,0.14034127226181423,0,0.11064143685845128,0.0010859118289885358
number of iterations,12,Execution time: ,4.6165666580200195
