architecture,t_cbt,t_hxt,eta_hpfp,eta_r,p_cbt,qm_cb0,t0,p0,tpr_hx,Q_hx,pcc,v
pump,400,270,0.154,0.71,1330000.0,0.10721051273079997,25.2,345000.0,0.95,159000.0,True,0
P_hpfp,P_rv,p_hpfp
17391.335495308413,96132.2272860823,1889258.8433249607
Q,Q_phc
542950.0777217257,383950.0777217257
qm_cb,qm_phc/qm_t,qm_r,qm_v,qm,qm_pot
0.10721051273079997,0.0033431619669662127,0.1716067867010148,0,0.11055367469776618,0.0012842565667500888
number of iterations,12,Execution time: ,4.622334003448486
