architecture,t_cbt,t_hxt,eta_hpfp,eta_r,p_cbt,qm_cb0,t0,p0,tpr_hx,Q_hx,pcc,v
pump,400,200,0.154,0.71,1330000.0,0.10721051273079997,25.2,345000.0,0.95,159000.0,True,0
P_hpfp,P_rv,p_hpfp
17216.40075844082,46977.74123342811,1889258.8433249607
Q,Q_phc
585676.2078328,426676.2078328
qm_cb,qm_phc/qm_t,qm_r,qm_v,qm
0.10721051273079997,0.003502471051514494,0.08385762091035276,0,0.11071298378231446
number of iterations,12,Execution time: ,4.907745122909546
