architecture,t_cbt,t_hxt,eta_hpfp,eta_r,p_cbt,qm_cb0,t0,p0,tpr_hx,Q_hx,pcc,v
pump,400,270,0.154,0.71,1330000.0,0.11,25.2,345000.0,0.95,149000.0,True,0
P_hpfp,P_rv,p_hpfp
17687.220460042197,97701.08344133441,1889366.2640801906
Q,Q_phc
551772.1951955308,402772.1951955308
qm_cb,qm_phc/qm_t,qm_r,qm_v,qm,m_z
0.11,0.0036583766076552634,0.17436076172780363,0,0.11365837660765526,0.3658376607655263
number of iterations,7,Execution time: ,4.282824754714966
