architecture,t_cbt,t_hxt,eta_hpfp,eta_r,p_cbt,qm_cb0,t0,p0,tpr_hx,Q_hx,pcc,v
pump,400,230,0.154,0.71,1330000.0,0.10998,25.2,345000.0,0.95,159000.0,True,0
P_hpfp,P_rv,p_hpfp
17691.539874483435,65570.65532926092,1889258.8433249607
Q,Q_phc
584107.3032364917,425107.30323649175
qm_cb,qm_phc/qm_t,qm_r,qm_v,qm,m_z
0.10998,0.003714167579055308,0.11700450126752422,0,0.1136941675790553,0.37141675790553075
number of iterations,12,Execution time: ,6.311315536499023
