architecture,t_cbt,t_hxt,eta_hpfp,eta_r,p_cbt,qm_cb0,t0,p0,tpr_hx,Q_hx,pcc,v
pump,400,250,0.154,0.71,1330000.0,0.11,25.2,345000.0,0.95,149000.0,True,0
P_hpfp,P_rv,p_hpfp
17703.40740546192,80052.47332986581,1889366.2640801906
Q,Q_phc
570015.1886097132,421015.1886097132
qm_cb,qm_phc/qm_t,qm_r,qm_v,qm,m_z
0.11,0.0037624455068441783,0.14286572092141273,0,0.11376244550684418,0.3762445506844178
number of iterations,7,Execution time: ,9.318453073501587
