architecture,t_cbt,t_hxt,eta_hpfp,eta_r,p_cbt,qm_cb0,t0,p0,tpr_hx,Q_hx,pcc,v
pump,400,220,0.154,0.71,1330000.0,0.10998,25.2,345000.0,0.95,159000.0,True,0
P_hpfp,P_rv,p_hpfp
17695.6612109473,59308.37251358981,1889258.8433249607
Q,Q_phc
590520.9319202672,431520.9319202672
qm_cb,qm_phc/qm_t,qm_r,qm_v,qm,m_z
0.10998,0.003740653228235455,0.10582992690116615,0,0.11372065322823545,0.3740653228235451
number of iterations,12,Execution time: ,5.947410821914673
