architecture,t_cbt,t_hxt,eta_hpfp,eta_r,p_cbt,qm_cb0,t0,p0,tpr_hx,Q_hx,pcc,v
pump,400,270,0.154,0.71,1330000.0,0.10721051273079997,25.2,345000.0,0.95,159000.0,True,0
P_hpfp,P_rv,p_hpfp
17448.134785737482,96446.34003807075,1889258.8433249607
Q,Q_phc
544723.1779649674,385723.17796496744
qm_cb,qm_phc/qm_t,qm_r,qm_v,qm,qm_pot
0.10721051273079997,0.003395564782085964,0.1721674019455778,0,0.11060607751288594,0.001597111217946997
number of iterations,12,Execution time: ,5.457790374755859
