architecture,t_cbt,t_hxt,eta_hpfp,eta_r,p_cbt,qm_cb0,t0,p0,tpr_hx,Q_hx,pcc,v
pump,400,220,0.154,0.71,1330000.0,0.10721051273079997,25.2,345000.0,0.95,159000.0,True,0
P_hpfp,P_rv,p_hpfp
17211.471193464848,57711.23182600886,1889258.8433249607
Q,Q_phc
574761.5696941678,415761.5696941678
qm_cb,qm_phc/qm_t,qm_r,qm_v,qm
0.10721051273079997,0.003470770648224847,0.10302054760458208,0,0.11068128337902482
number of iterations,12,Execution time: ,5.408015251159668
