architecture,t_cbt,t_hxt,eta_hpfp,eta_r,p_cbt,qm_cb0,t0,p0,tpr_hx,Q_hx,pcc,v
pump,400,250,0.154,0.71,1330000.0,0.10721051273079997,25.2,345000.0,0.95,159000.0,True,0
P_hpfp,P_rv,p_hpfp
17430.26454946262,78871.45845212799,1889258.8433249607
Q,Q_phc
561641.3789991118,402641.3789991118
qm_cb,qm_phc/qm_t,qm_r,qm_v,qm,qm_pot
0.10721051273079997,0.0034726342695819866,0.14079477705847396,0,0.11068314700038195,0.0014051241465352614
number of iterations,12,Execution time: ,5.9198901653289795
