architecture,t_cbt,t_hxt,eta_hpfp,eta_r,p_cbt,qm_cb0,t0,p0,tpr_hx,Q_hx,pcc,v
pump,400,210,0.154,0.71,1330000.0,0.10721051273079997,25.2,345000.0,0.95,159000.0,True,0
P_hpfp,P_rv,p_hpfp
17342.506336057828,52510.71704395678,1889258.8433249607
Q,Q_phc
584777.2547078527,425777.2547078527
qm_cb,qm_phc/qm_t,qm_r,qm_v,qm,qm_pot
0.10721051273079997,0.0035231710105514407,0.09373533411750341,0,0.11073368374135141,0.0007902433365718076
number of iterations,12,Execution time: ,4.949983596801758
