architecture,t_cbt,t_hxt,eta_hpfp,eta_r,p_cbt,qm_cb0,t0,p0,tpr_hx,Q_hx,pcc,v
pump,400,210,0.154,0.71,1330000.0,0.11,25.2,345000.0,0.95,149000.0,True,0
P_hpfp,P_rv,p_hpfp
17721.365832305954,53623.33942849165,1889366.2640801906
Q,Q_phc
597103.7544658087,448103.75446580874
qm_cb,qm_phc/qm_t,qm_r,qm_v,qm,m_z
0.11,0.003877966793707977,0.09569285666702575,0,0.11387796679370797,0.3877966793707977
number of iterations,7,Execution time: ,4.190211057662964
