architecture,t_cbt,t_hxt,eta_hpfp,eta_r,p_cbt,qm_cb0,t0,p0,tpr_hx,Q_hx,pcc,v
pump,400,230,0.154,0.71,1330000.0,0.10721051273079997,25.2,345000.0,0.95,159000.0,True,0
P_hpfp,P_rv,p_hpfp
17357.925520906487,64362.79030520407,1889258.8433249607
Q,Q_phc
573491.792802995,414491.79280299495
qm_cb,qm_phc/qm_t,qm_r,qm_v,qm,qm_pot
0.10721051273079997,0.003488091657589224,0.11489442640723706,0,0.11069860438838919,0.0009244783717255673
number of iterations,12,Execution time: ,4.899323225021362
