architecture,t_cbt,t_hxt,eta_hpfp,eta_r,p_cbt,qm_cb0,t0,p0,tpr_hx,Q_hx,pcc,v
pump,410,110,0.154,0.71,1330000.0,0.11,25.2,345000.0,0.95,149000.0,True,0
P_hpfp,P_rv,p_hpfp
17747.607529616696,15825.208690107598,1889366.2728114282
Q,Q_phc
652474.1579030376,503474.1579030376
qm_cb,qm_phc/qm_t,qm_r,qm_v,qm,m_z
0.11,0.004046559464735114,0.027541103347295204,0,0.11404655946473512,0.4046559464735114
number of iterations,10,Execution time: ,12.040276288986206
