architecture,t_cbt,t_hxt,eta_hpfp,eta_r,p_cbt,qm_cb0,t0,p0,tpr_hx,Q_hx,pcc,v
pump,410,120,0.154,0.71,1330000.0,0.1070800156798148,25.2,345000.0,0.95,159000.0,True,0
P_hpfp,P_rv,p_hpfp
17328.023577887816,17835.550802045615,1889258.855973307
Q,Q_phc
635147.971739642,476147.971739642
qm_cb,qm_phc/qm_t,qm_r,qm_v,qm,qm_pot
0.1070800156798148,0.003624199628829129,0.031054130642092222,0,0.11070421530864394,0.0007265749488393827
number of iterations,13,Execution time: ,5.825009107589722
