architecture,t_cbt,t_hxt,eta_hpfp,eta_r,p_cbt,qm_cb0,t0,p0,tpr_hx,Q_hx,pcc,v
pump,410,170,0.154,0.71,1330000.0,0.11,25.2,345000.0,0.95,149000.0,True,0
P_hpfp,P_rv,p_hpfp
17751.36346220436,34338.88694104737,1889366.2640801906
Q,Q_phc
634101.9454178506,485101.9454178506
qm_cb,qm_phc/qm_t,qm_r,qm_v,qm,m_z
0.11,0.004070758423624063,0.05977475614690602,0,0.11407075842362406,0.4070758423624063
number of iterations,7,Execution time: ,7.736690998077393
