architecture,t_cbt,t_hxt,eta_hpfp,eta_r,p_cbt,qm_cb0,t0,p0,tpr_hx,Q_hx,pcc,v
pump,410,130,0.154,0.71,1330000.0,0.11,25.2,345000.0,0.95,149000.0,True,0
P_hpfp,P_rv,p_hpfp
17749.6917366491,20941.027354624006,1889366.2727081615
Q,Q_phc
647436.8219992091,498436.8219992091
qm_cb,qm_phc/qm_t,qm_r,qm_v,qm,m_z
0.11,0.004059961761588191,0.036446132041618035,0,0.1140599617615882,0.40599617615881906
number of iterations,9,Execution time: ,11.356253385543823
