architecture,t_cbt,t_hxt,eta_hpfp,eta_r,p_cbt,qm_cb0,t0,p0,tpr_hx,Q_hx,pcc,v
pump,410,120,0.154,0.71,1330000.0,0.10998,25.2,345000.0,0.95,159000.0,True,0
P_hpfp,P_rv,p_hpfp
17727.762226732117,18239.857252851507,1889258.8433249607
Q,Q_phc
649359.5640621443,490359.56406214426
qm_cb,qm_phc/qm_t,qm_r,qm_v,qm,m_z
0.10998,0.003946949474576397,0.03174461153918438,0,0.11392694947457639,0.39469494745763944
number of iterations,12,Execution time: ,6.044780492782593
