architecture,t_cbt,t_hxt,eta_hpfp,eta_r,p_cbt,qm_cb0,t0,p0,tpr_hx,Q_hx,pcc,v
pump,410,190,0.154,0.71,1330000.0,0.10998,25.2,345000.0,0.95,159000.0,True,0
P_hpfp,P_rv,p_hpfp
17727.96017555637,42712.90330860809,1889258.8433249607
Q,Q_phc
624893.9724452972,465893.9724452972
qm_cb,qm_phc/qm_t,qm_r,qm_v,qm,m_z
0.10998,0.003948221586950809,0.07436926642695983,0,0.1139282215869508,0.3948221586950814
number of iterations,12,Execution time: ,5.854211807250977
