architecture,t_cbt,t_hxt,eta_hpfp,eta_r,p_cbt,qm_cb0,t0,p0,tpr_hx,Q_hx,pcc,v
pump,410,160,0.154,0.71,1330000.0,0.10998,25.2,345000.0,0.95,159000.0,True,0
P_hpfp,P_rv,p_hpfp
17729.737168502295,30526.765167669488,1889258.8433249607
Q,Q_phc
637147.02932348,478147.02932348
qm_cb,qm_phc/qm_t,qm_r,qm_v,qm,m_z
0.10998,0.003959641380547857,0.05314733713487883,0,0.11393964138054785,0.39596413805478525
number of iterations,12,Execution time: ,6.033928632736206
