architecture,t_cbt,t_hxt,eta_hpfp,eta_r,p_cbt,qm_cb0,t0,p0,tpr_hx,Q_hx,pcc,v
pump,410,100,0.154,0.71,1330000.0,0.1070800156798148,25.2,345000.0,0.95,159000.0,True,0
P_hpfp,P_rv,p_hpfp
17315.71973831678,13309.537029238256,1889258.8597899457
Q,Q_phc
639210.3262608644,480210.3262608644
qm_cb,qm_phc/qm_t,qm_r,qm_v,qm,qm_pot
0.1070800156798148,0.0035987067754639614,0.023172636556467077,0,0.11067872245527877,0.0006729449768736626
number of iterations,14,Execution time: ,6.7242255210876465
