architecture,t_cbt,t_hxt,eta_hpfp,eta_r,p_cbt,qm_cb0,t0,p0,tpr_hx,Q_hx,pcc,v
pump,410,140,0.154,0.71,1330000.0,0.1070800156798148,25.2,345000.0,0.95,159000.0,True,0
P_hpfp,P_rv,p_hpfp
17341.87341584676,23349.362967465036,1889258.8433249607
Q,Q_phc
630156.0902908806,471156.09029088065
qm_cb,qm_phc/qm_t,qm_r,qm_v,qm,qm_pot
0.1070800156798148,0.0036485538722228674,0.04065572038851177,0,0.11072856955203766,0.0007912874251690076
number of iterations,12,Execution time: ,5.376795530319214
