architecture,t_cbt,t_hxt,eta_hpfp,eta_r,p_cbt,qm_cb0,t0,p0,tpr_hx,Q_hx,pcc,v
pump,410,150,0.154,0.71,1330000.0,0.1070800156798148,25.2,345000.0,0.95,159000.0,True,0
P_hpfp,P_rv,p_hpfp
17349.266112584657,26492.267420040844,1889258.8433249607
Q,Q_phc
627291.7697903757,468291.7697903757
qm_cb,qm_phc/qm_t,qm_r,qm_v,qm,qm_pot
0.1070800156798148,0.0036595198102707485,0.04613263981206982,0,0.11073953549008556,0.0008278614767817846
number of iterations,12,Execution time: ,5.348695516586304
