architecture,t_cbt,t_hxt,eta_hpfp,eta_r,p_cbt,qm_cb0,t0,p0,tpr_hx,Q_hx,pcc,v
pump,410,130,0.154,0.71,1330000.0,0.10998,25.2,345000.0,0.95,159000.0,True,0
P_hpfp,P_rv,p_hpfp
17728.57090451773,20914.722028109536,1889258.8433249607
Q,Q_phc
646715.1528102807,487715.1528102807
qm_cb,qm_phc/qm_t,qm_r,qm_v,qm,m_z
0.10998,0.003952146418897073,0.0364044403531428,0,0.11393214641889707,0.3952146418897068
number of iterations,12,Execution time: ,5.875080823898315
