architecture,t_cbt,t_hxt,eta_hpfp,eta_r,p_cbt,qm_cb0,t0,p0,tpr_hx,Q_hx,pcc,v
pump,410,100,0.154,0.71,1330000.0,0.11,25.2,345000.0,0.95,149000.0,True,0
P_hpfp,P_rv,p_hpfp
17746.406628037443,13627.456852550786,1889366.2728233607
Q,Q_phc
654626.6888525974,505626.6888525974
qm_cb,qm_phc/qm_t,qm_r,qm_v,qm,m_z
0.11,0.0040388512268749715,0.023718510481981488,0,0.11403885122687497,0.40388512268749716
number of iterations,11,Execution time: ,13.780761241912842
