architecture,t_cbt,t_hxt,eta_hpfp,eta_r,p_cbt,qm_cb0,t0,p0,tpr_hx,Q_hx,pcc,v
pump,410,140,0.154,0.71,1330000.0,0.11,25.2,345000.0,0.95,149000.0,True,0
P_hpfp,P_rv,p_hpfp
17750.49746280378,23892.502686060958,1889366.271814466
Q,Q_phc
644515.6902969956,495515.69029699557
qm_cb,qm_phc/qm_t,qm_r,qm_v,qm,m_z
0.11,0.0040651377444956465,0.04157773311027974,0,0.11406513774449564,0.40651377444956466
number of iterations,8,Execution time: ,10.05256700515747
