architecture,t_cbt,t_hxt,eta_hpfp,eta_r,p_cbt,qm_cb0,t0,p0,tpr_hx,Q_hx,pcc,v
pump,410,180,0.154,0.71,1330000.0,0.10998,25.2,345000.0,0.95,159000.0,True,0
P_hpfp,P_rv,p_hpfp
17728.968668564783,38341.07241883075,1889258.8433249607
Q,Q_phc
629303.781582989,470303.78158298903
qm_cb,qm_phc/qm_t,qm_r,qm_v,qm,m_z
0.10998,0.003954702638002003,0.06675626883592187,0,0.113934702638002,0.39547026380019973
number of iterations,12,Execution time: ,6.322731971740723
