architecture,t_cbt,t_hxt,eta_hpfp,eta_r,p_cbt,qm_cb0,t0,p0,tpr_hx,Q_hx,pcc,v
pump,410,130,0.154,0.71,1330000.0,0.1070800156798148,25.2,345000.0,0.95,159000.0,True,0
P_hpfp,P_rv,p_hpfp
17334.75182834492,20459.25689179643,1889258.855973307
Q,Q_phc
632777.8108199028,473777.8108199028
qm_cb,qm_phc/qm_t,qm_r,qm_v,qm,qm_pot
0.1070800156798148,0.003636626196419657,0.03562594782896689,0,0.11071664187623446,0.0007574155352964904
number of iterations,13,Execution time: ,5.6047093868255615
