architecture,t_cbt,t_hxt,eta_hpfp,eta_r,p_cbt,qm_cb0,t0,p0,tpr_hx,Q_hx,pcc,v
pump,410,280,0.154,0.71,1330000.0,0.11,25.2,345000.0,0.95,149000.0,True,0
P_hpfp,P_rv,p_hpfp
17708.642635852524,103873.33457977758,1889366.2640801906
Q,Q_phc
562958.8131963004,413958.8131963004
qm_cb,qm_phc/qm_t,qm_r,qm_v,qm,m_z
0.11,0.003795952438296516,0.18088922908994845,0,0.11379595243829652,0.3795952438296516
number of iterations,7,Execution time: ,9.949445009231567
