architecture,t_cbt,t_hxt,eta_hpfp,eta_r,p_cbt,qm_cb0,t0,p0,tpr_hx,Q_hx,pcc,v
pump,410,270,0.154,0.71,1330000.0,0.1070800156798148,25.2,345000.0,0.95,159000.0,True,0
P_hpfp,P_rv,p_hpfp
17451.542470369455,92873.81886667339,1889258.8433249607
Q,Q_phc
564764.3669670799,405764.3669670799
qm_cb,qm_phc/qm_t,qm_r,qm_v,qm,qm_pot
0.1070800156798148,0.003573988403976884,0.16177289746597212,0,0.11065400408379168,0.0015710983407736623
number of iterations,12,Execution time: ,5.739467620849609
