architecture,t_cbt,t_hxt,eta_hpfp,eta_r,p_cbt,qm_cb0,t0,p0,tpr_hx,Q_hx,pcc,v
pump,410,230,0.154,0.71,1330000.0,0.11,25.2,345000.0,0.95,149000.0,True,0
P_hpfp,P_rv,p_hpfp
17741.15515054517,64063.197352887415,1889366.2640801906
Q,Q_phc
603993.2334158467,454993.2334158467
qm_cb,qm_phc/qm_t,qm_r,qm_v,qm,m_z
0.11,0.004005064823732206,0.1115623471735616,0,0.11400506482373221,0.40050648237322056
number of iterations,7,Execution time: ,9.354415893554688
