architecture,t_cbt,t_hxt,eta_hpfp,eta_r,p_cbt,qm_cb0,t0,p0,tpr_hx,Q_hx,pcc,v
pump,410,250,0.154,0.71,1330000.0,0.1070800156798148,25.2,345000.0,0.95,159000.0,True,0
P_hpfp,P_rv,p_hpfp
17433.298135542427,76457.12037589659,1889258.8433249607
Q,Q_phc
580493.5519456407,421493.5519456407
qm_cb,qm_phc/qm_t,qm_r,qm_v,qm,qm_pot
0.1070800156798148,0.003636638173064757,0.13317738253484973,0,0.11071665385287956,0.0013911252836092379
number of iterations,12,Execution time: ,5.768532991409302
