architecture,t_cbt,t_hxt,eta_hpfp,eta_r,p_cbt,qm_cb0,t0,p0,tpr_hx,Q_hx,pcc,v
pump,410,220,0.154,0.71,1330000.0,0.1070800156798148,25.2,345000.0,0.95,159000.0,True,0
P_hpfp,P_rv,p_hpfp
17406.720400492526,57016.43319408724,1889258.8433249607
Q,Q_phc
598932.6925024763,439932.6925024763
qm_cb,qm_phc/qm_t,qm_r,qm_v,qm,qm_pot
0.1070800156798148,0.0036815597180559416,0.09931295010509615,0,0.11076157539787074,0.0011752911076427582
number of iterations,12,Execution time: ,5.567759037017822
