architecture,t_cbt,t_hxt,eta_hpfp,eta_r,p_cbt,qm_cb0,t0,p0,tpr_hx,Q_hx,pcc,v
pump,410,260,0.154,0.71,1330000.0,0.10998,25.2,345000.0,0.95,159000.0,True,0
P_hpfp,P_rv,p_hpfp
17702.100149105016,85464.38964038469,1889258.8433249607
Q,Q_phc
581168.6385137324,422168.63851373235
qm_cb,qm_phc/qm_t,qm_r,qm_v,qm,m_z
0.10998,0.0037820328774422624,0.14880807315843458,0,0.11376203287744226,0.3782032877442256
number of iterations,12,Execution time: ,6.726578950881958
