architecture,t_cbt,t_hxt,eta_hpfp,eta_r,p_cbt,qm_cb0,t0,p0,tpr_hx,Q_hx,pcc,v
pump,410,260,0.154,0.71,1330000.0,0.1070800156798148,25.2,345000.0,0.95,159000.0,True,0
P_hpfp,P_rv,p_hpfp
17442.368404202996,84245.9456818346,1889258.8433249607
Q,Q_phc
573046.5276602766,414046.5276602766
qm_cb,qm_phc/qm_t,qm_r,qm_v,qm,qm_pot
0.1070800156798148,0.0036093531088939347,0.1467445238168963,0,0.11068936878870873,0.0014767382480891066
number of iterations,12,Execution time: ,5.224655866622925
