architecture,t_cbt,t_hxt,eta_hpfp,eta_r,p_cbt,qm_cb0,t0,p0,tpr_hx,Q_hx,pcc,v
pump,420,110,0.154,0.71,1330000.0,0.1069499022333702,25.2,345000.0,0.95,159000.0,True,0
P_hpfp,P_rv,p_hpfp
17321.58795141233,15352.678567708892,1889258.8597899457
Q,Q_phc
653601.503587557,494601.503587557
qm_cb,qm_phc/qm_t,qm_r,qm_v,qm,qm_pot
0.1069499022333702,0.0037320960601331427,0.026100510079270764,0,0.11068199829350334,0.0007074056764835816
number of iterations,14,Execution time: ,6.417747735977173
