architecture,t_cbt,t_hxt,eta_hpfp,eta_r,p_cbt,qm_cb0,t0,p0,tpr_hx,Q_hx,pcc,v
pump,420,150,0.154,0.71,1330000.0,0.11,25.2,345000.0,0.95,149000.0,True,0
P_hpfp,P_rv,p_hpfp
17774.194665308667,26843.292631842014,1889366.271814466
Q,Q_phc
659082.0537151503,510082.05371515034
qm_cb,qm_phc/qm_t,qm_r,qm_v,qm,m_z
0.11,0.0042174284526473186,0.045618759070033994,0,0.11421742845264732,0.4217428452647318
number of iterations,8,Execution time: ,8.166690349578857
