architecture,t_cbt,t_hxt,eta_hpfp,eta_r,p_cbt,qm_cb0,t0,p0,tpr_hx,Q_hx,pcc,v
pump,420,100,0.154,0.71,1330000.0,0.1069499022333702,25.2,345000.0,0.95,159000.0,True,0
P_hpfp,P_rv,p_hpfp
17315.471926004408,13235.105667161633,1889258.8597899457
Q,Q_phc
655482.8775445506,496482.8775445506
qm_cb,qm_phc/qm_t,qm_r,qm_v,qm,qm_pot
0.1069499022333702,0.0037180058571258208,0.022497994168861186,0,0.11066790809049602,0.0006821657426255887
number of iterations,14,Execution time: ,6.579892635345459
