architecture,t_cbt,t_hxt,eta_hpfp,eta_r,p_cbt,qm_cb0,t0,p0,tpr_hx,Q_hx,pcc,v
pump,420,160,0.154,0.71,1330000.0,0.1069499022333702,25.2,345000.0,0.95,159000.0,True,0
P_hpfp,P_rv,p_hpfp
17357.948368307312,29557.330769511456,1889258.8433249607
Q,Q_phc
640801.1030591705,481801.10305917053
qm_cb,qm_phc/qm_t,qm_r,qm_v,qm,qm_pot
0.1069499022333702,0.0037990814650736577,0.05025671114140752,0,0.11074898369844385,0.0008742459857552353
number of iterations,12,Execution time: ,5.15680456161499
