architecture,t_cbt,t_hxt,eta_hpfp,eta_r,p_cbt,qm_cb0,t0,p0,tpr_hx,Q_hx,pcc,v
pump,420,100,0.154,0.71,1330000.0,0.10998,25.2,345000.0,0.95,159000.0,True,0
P_hpfp,P_rv,p_hpfp
17747.543492138015,13554.9872729127,1889258.8597899457
Q,Q_phc
671390.3770493516,512390.3770493516
qm_cb,qm_phc/qm_t,qm_r,qm_v,qm,m_z
0.10998,0.004074069201971328,0.023034871674158672,0,0.11405406920197132,0.4074069201971322
number of iterations,14,Execution time: ,7.507102966308594
