architecture,t_cbt,t_hxt,eta_hpfp,eta_r,p_cbt,qm_cb0,t0,p0,tpr_hx,Q_hx,pcc,v
pump,420,190,0.154,0.71,1330000.0,0.10998,25.2,345000.0,0.95,159000.0,True,0
P_hpfp,P_rv,p_hpfp
17752.373002716104,42083.89014466818,1889258.8433249607
Q,Q_phc
643047.8880579061,484047.88805790606
qm_cb,qm_phc/qm_t,qm_r,qm_v,qm,m_z
0.10998,0.004105109912210747,0.07154098759710585,0,0.11408510991221074,0.41051099122107504
number of iterations,12,Execution time: ,6.4306581020355225
