architecture,t_cbt,t_hxt,eta_hpfp,eta_r,p_cbt,qm_cb0,t0,p0,tpr_hx,Q_hx,pcc,v
pump,420,130,0.154,0.71,1330000.0,0.11,25.2,345000.0,0.95,149000.0,True,0
P_hpfp,P_rv,p_hpfp
17772.25609827841,20793.970939445026,1889366.2727081615
Q,Q_phc
665056.5605164099,516056.5605164099
qm_cb,qm_phc/qm_t,qm_r,qm_v,qm,m_z
0.11,0.004204953349229043,0.035335337329051746,0,0.11420495334922905,0.4204953349229043
number of iterations,9,Execution time: ,5.135165214538574
