architecture,t_cbt,t_hxt,eta_hpfp,eta_r,p_cbt,qm_cb0,t0,p0,tpr_hx,Q_hx,pcc,v
pump,420,140,0.154,0.71,1330000.0,0.1069499022333702,25.2,345000.0,0.95,159000.0,True,0
P_hpfp,P_rv,p_hpfp
17342.434176281204,23132.34932170845,1889258.8433249607
Q,Q_phc
646626.9313554566,487626.9313554566
qm_cb,qm_phc/qm_t,qm_r,qm_v,qm,qm_pot
0.1069499022333702,0.0037742201131401474,0.03932546712430071,0,0.11072412234651034,0.0007993406957360174
number of iterations,12,Execution time: ,5.27695894241333
