architecture,t_cbt,t_hxt,eta_hpfp,eta_r,p_cbt,qm_cb0,t0,p0,tpr_hx,Q_hx,pcc,v
pump,420,180,0.154,0.71,1330000.0,0.11,25.2,345000.0,0.95,149000.0,True,0
P_hpfp,P_rv,p_hpfp
17775.134951875938,37882.78170439429,1889366.2640801906
Q,Q_phc
648078.8815943296,499078.8815943296
qm_cb,qm_phc/qm_t,qm_r,qm_v,qm,m_z
0.11,0.004223510600249701,0.06439717976398102,0,0.1142235106002497,0.42235106002497014
number of iterations,7,Execution time: ,4.079248666763306
