architecture,t_cbt,t_hxt,eta_hpfp,eta_r,p_cbt,qm_cb0,t0,p0,tpr_hx,Q_hx,pcc,v
pump,420,180,0.154,0.71,1330000.0,0.1069499022333702,25.2,345000.0,0.95,159000.0,True,0
P_hpfp,P_rv,p_hpfp
17374.403982328397,37049.981398894015,1889258.8433249607
Q,Q_phc
633943.9629987102,474943.9629987102
qm_cb,qm_phc/qm_t,qm_r,qm_v,qm,qm_pot
0.1069499022333702,0.0038184358752357704,0.06300295370608673,0,0.11076833810860597,0.0009607121912843218
number of iterations,12,Execution time: ,5.615819931030273
