architecture,t_cbt,t_hxt,eta_hpfp,eta_r,p_cbt,qm_cb0,t0,p0,tpr_hx,Q_hx,pcc,v
pump,420,100,0.154,0.71,1330000.0,0.11,25.2,345000.0,0.95,149000.0,True,0
P_hpfp,P_rv,p_hpfp
17768.30691852694,13568.03562463829,1889366.2728233607
Q,Q_phc
672130.0922743861,523130.0922743861
qm_cb,qm_phc/qm_t,qm_r,qm_v,qm,m_z
0.11,0.004179578731576957,0.023056891172976157,0,0.11417957873157696,0.41795787315769567
number of iterations,11,Execution time: ,14.433415174484253
