architecture,t_cbt,t_hxt,eta_hpfp,eta_r,p_cbt,qm_cb0,t0,p0,tpr_hx,Q_hx,pcc,v
pump,420,170,0.154,0.71,1330000.0,0.11,25.2,345000.0,0.95,149000.0,True,0
P_hpfp,P_rv,p_hpfp
17775.147995253312,33931.83482220249,1889366.2640801906
Q,Q_phc
652030.3318345473,503030.33183454734
qm_cb,qm_phc/qm_t,qm_r,qm_v,qm,m_z
0.11,0.004223587123841795,0.057672837762333264,0,0.1142235871238418,0.42235871238417955
number of iterations,7,Execution time: ,4.940319776535034
