architecture,t_cbt,t_hxt,eta_hpfp,eta_r,p_cbt,qm_cb0,t0,p0,tpr_hx,Q_hx,pcc,v
pump,420,130,0.154,0.71,1330000.0,0.1069499022333702,25.2,345000.0,0.95,159000.0,True,0
P_hpfp,P_rv,p_hpfp
17335.094829018733,20291.020221424493,1889258.855973307
Q,Q_phc
649184.798782183,490184.798782183
qm_cb,qm_phc/qm_t,qm_r,qm_v,qm,qm_pot
0.1069499022333702,0.003760466345018876,0.03449732590422247,0,0.11071036857838908,0.0007658945570647332
number of iterations,13,Execution time: ,5.865109205245972
