architecture,t_cbt,t_hxt,eta_hpfp,eta_r,p_cbt,qm_cb0,t0,p0,tpr_hx,Q_hx,pcc,v
pump,420,120,0.154,0.71,1330000.0,0.1069499022333702,25.2,345000.0,0.95,159000.0,True,0
P_hpfp,P_rv,p_hpfp
17328.158262072164,17705.973710704966,1889258.855973307
Q,Q_phc
651501.9572955521,492501.9572955521
qm_cb,qm_phc/qm_t,qm_r,qm_v,qm,qm_pot
0.1069499022333702,0.003746380222037711,0.030099421561572432,0,0.11069628245540791,0.0007353739115327125
number of iterations,13,Execution time: ,5.479698181152344
