architecture,t_cbt,t_hxt,eta_hpfp,eta_r,p_cbt,qm_cb0,t0,p0,tpr_hx,Q_hx,pcc,v
pump,420,130,0.154,0.71,1330000.0,0.10998,25.2,345000.0,0.95,159000.0,True,0
P_hpfp,P_rv,p_hpfp
17750.99845251337,20768.591658614157,1889258.8433249607
Q,Q_phc
664310.1374093748,505310.1374093748
qm_cb,qm_phc/qm_t,qm_r,qm_v,qm,m_z
0.10998,0.004096276405223545,0.03529542046711176,0,0.11407627640522354,0.409627640522355
number of iterations,12,Execution time: ,5.751804828643799
