architecture,t_cbt,t_hxt,eta_hpfp,eta_r,p_cbt,qm_cb0,t0,p0,tpr_hx,Q_hx,pcc,v
pump,420,150,0.154,0.71,1330000.0,0.1069499022333702,25.2,345000.0,0.95,159000.0,True,0
P_hpfp,P_rv,p_hpfp
17350.053069744794,26215.813920920078,1889258.8433249607
Q,Q_phc
643837.7059935896,484837.7059935896
qm_cb,qm_phc/qm_t,qm_r,qm_v,qm,qm_pot
0.1069499022333702,0.0037871721284703543,0.04457170360769075,0,0.11073707436184055,0.0008353832664582917
number of iterations,12,Execution time: ,5.6348536014556885
