architecture,t_cbt,t_hxt,eta_hpfp,eta_r,p_cbt,qm_cb0,t0,p0,tpr_hx,Q_hx,pcc,v
pump,420,270,0.154,0.71,1330000.0,0.11,25.2,345000.0,0.95,149000.0,True,0
P_hpfp,P_rv,p_hpfp
17748.14160271153,91155.88522762184,1889366.2640801906
Q,Q_phc
593764.0755613348,444764.07556133484
qm_cb,qm_phc/qm_t,qm_r,qm_v,qm,m_z
0.11,0.004049804690347767,0.15499020964087137,0,0.11404980469034777,0.40498046903477675
number of iterations,7,Execution time: ,4.477173328399658
