architecture,t_cbt,t_hxt,eta_hpfp,eta_r,p_cbt,qm_cb0,t0,p0,tpr_hx,Q_hx,pcc,v
pump,420,210,0.154,0.71,1330000.0,0.11,25.2,345000.0,0.95,149000.0,True,0
P_hpfp,P_rv,p_hpfp
17772.483895793976,51612.958158003246,1889366.2640801906
Q,Q_phc
634246.3980221302,485246.39802213025
qm_cb,qm_phc/qm_t,qm_r,qm_v,qm,m_z
0.11,0.004206439243356761,0.08775407458347291,0,0.11420643924335676,0.4206439243356761
number of iterations,7,Execution time: ,4.313079833984375
