architecture,t_cbt,t_hxt,eta_hpfp,eta_r,p_cbt,qm_cb0,t0,p0,tpr_hx,Q_hx,pcc,v
pump,420,200,0.154,0.71,1330000.0,0.10998,25.2,345000.0,0.95,159000.0,True,0
P_hpfp,P_rv,p_hpfp
17751.31514633111,46649.420726863325,1889258.8433249607
Q,Q_phc
638441.5307633597,479441.53076335974
qm_cb,qm_phc/qm_t,qm_r,qm_v,qm,m_z
0.10998,0.004098311628852533,0.07930282350553292,0,0.11407831162885253,0.4098311628852538
number of iterations,12,Execution time: ,6.587956428527832
