architecture,t_cbt,t_hxt,eta_hpfp,eta_r,p_cbt,qm_cb0,t0,p0,tpr_hx,Q_hx,pcc,v
pump,420,230,0.154,0.71,1330000.0,0.11,25.2,345000.0,0.95,149000.0,True,0
P_hpfp,P_rv,p_hpfp
17767.8590871502,62640.5264870426,1889366.2640801906
Q,Q_phc
623040.3533305591,474040.3533305591
qm_cb,qm_phc/qm_t,qm_r,qm_v,qm,m_z
0.11,0.004176665730970625,0.1065064892370323,0,0.11417666573097063,0.41766657309706245
number of iterations,7,Execution time: ,8.973630666732788
