architecture,t_cbt,t_hxt,eta_hpfp,eta_r,p_cbt,qm_cb0,t0,p0,tpr_hx,Q_hx,pcc,v
pump,420,270,0.154,0.71,1330000.0,0.1069499022333702,25.2,345000.0,0.95,159000.0,True,0
P_hpfp,P_rv,p_hpfp
17455.110748704243,89713.86572383059,1889258.8433249607
Q,Q_phc
584396.9482691383,425396.94826913835
qm_cb,qm_phc/qm_t,qm_r,qm_v,qm,qm_pot
0.1069499022333702,0.00374866071068655,0.1525718402288529,0,0.11069856294405675,0.0015494858992724952
number of iterations,12,Execution time: ,5.802600860595703
