architecture,t_cbt,t_hxt,eta_hpfp,eta_r,p_cbt,qm_cb0,t0,p0,tpr_hx,Q_hx,pcc,v
pump,420,280,0.154,0.71,1330000.0,0.11,25.2,345000.0,0.95,149000.0,True,0
P_hpfp,P_rv,p_hpfp
17740.120146774447,100149.34308842699,1889366.2640801906
Q,Q_phc
584461.0610489724,435461.0610489724
qm_cb,qm_phc/qm_t,qm_r,qm_v,qm,m_z
0.11,0.003998209594185216,0.1702811181261748,0,0.11399820959418522,0.3998209594185216
number of iterations,7,Execution time: ,9.49501347541809
