architecture,t_cbt,t_hxt,eta_hpfp,eta_r,p_cbt,qm_cb0,t0,p0,tpr_hx,Q_hx,pcc,v
pump,420,260,0.154,0.71,1330000.0,0.1069499022333702,25.2,345000.0,0.95,159000.0,True,0
P_hpfp,P_rv,p_hpfp
17445.72921942588,81632.91918374276,1889258.8433249607
Q,Q_phc
592115.583138485,433115.583138485
qm_cb,qm_phc/qm_t,qm_r,qm_v,qm,qm_pot
0.1069499022333702,0.00377703884655214,0.13882897184915938,0,0.11072694107992234,0.0014607782489269765
number of iterations,12,Execution time: ,5.773065567016602
