architecture,t_cbt,t_hxt,eta_hpfp,eta_r,p_cbt,qm_cb0,t0,p0,tpr_hx,Q_hx,pcc,v
pump,420,210,0.154,0.71,1330000.0,0.10998,25.2,345000.0,0.95,159000.0,True,0
P_hpfp,P_rv,p_hpfp
17749.73662732811,51561.104937576325,1889258.8433249607
Q,Q_phc
633468.9254841629,474468.9254841629
qm_cb,qm_phc/qm_t,qm_r,qm_v,qm,m_z
0.10998,0.004088167322289796,0.08765289332132602,0,0.11406816732228979,0.408816732228979
number of iterations,12,Execution time: ,5.8310863971710205
