architecture,t_cbt,t_hxt,eta_hpfp,eta_r,p_cbt,qm_cb0,t0,p0,tpr_hx,Q_hx,pcc,v
pump,420,210,0.154,0.71,1330000.0,0.1069499022333702,25.2,345000.0,0.95,159000.0,True,0
P_hpfp,P_rv,p_hpfp
17400.29859775732,50569.12155012905,1889258.8433249607
Q,Q_phc
621424.8646424618,462424.86464246176
qm_cb,qm_phc/qm_t,qm_r,qm_v,qm,qm_pot
0.1069499022333702,0.0038309972977526594,0.08599802477151622,0,0.11078089953112286,0.0011146704832104136
number of iterations,12,Execution time: ,5.494086265563965
