architecture,t_cbt,t_hxt,eta_hpfp,eta_r,p_cbt,qm_cb0,t0,p0,tpr_hx,Q_hx,pcc,v
pump,420,230,0.154,0.71,1330000.0,0.10998,25.2,345000.0,0.95,159000.0,True,0
P_hpfp,P_rv,p_hpfp
17744.716583503687,62578.114185135186,1889258.8433249607
Q,Q_phc
622258.1735999683,463258.1735999683
qm_cb,qm_phc/qm_t,qm_r,qm_v,qm,m_z
0.10998,0.004055906156338274,0.10638178855045505,0,0.11403590615633827,0.40559061563382753
number of iterations,12,Execution time: ,6.62163233757019
