architecture,t_cbt,t_hxt,eta_hpfp,eta_r,p_cbt,qm_cb0,t0,p0,tpr_hx,Q_hx,pcc,v
pump,420,240,0.154,0.71,1330000.0,0.11,25.2,345000.0,0.95,149000.0,True,0
P_hpfp,P_rv,p_hpfp
17764.42912317695,68853.85501934543,1889366.2640801906
Q,Q_phc
616694.6587825542,467694.6587825542
qm_cb,qm_phc/qm_t,qm_r,qm_v,qm,m_z
0.11,0.004154591586565112,0.1170711881400319,0,0.11415459158656512,0.4154591586565112
number of iterations,7,Execution time: ,4.30393648147583
