architecture,t_cbt,t_hxt,eta_hpfp,eta_r,p_cbt,qm_cb0,t0,p0,tpr_hx,Q_hx,pcc,v
pump,420,220,0.154,0.71,1330000.0,0.11,25.2,345000.0,0.95,149000.0,True,0
P_hpfp,P_rv,p_hpfp
17770.510515578335,56912.05337798109,1889366.2640801906
Q,Q_phc
628871.1479274522,479871.1479274522
qm_cb,qm_phc/qm_t,qm_r,qm_v,qm,m_z
0.11,0.004193733219618299,0.09676563713168085,0,0.1141937332196183,0.4193733219618299
number of iterations,7,Execution time: ,7.670055150985718
