architecture,t_cbt,t_hxt,eta_hpfp,eta_r,p_cbt,qm_cb0,t0,p0,tpr_hx,Q_hx,pcc,v
pump,420,280,0.154,0.71,1330000.0,0.10998,25.2,345000.0,0.95,159000.0,True,0
P_hpfp,P_rv,p_hpfp
17716.06199742024,100042.277462459,1889258.8433249607
Q,Q_phc
583688.1205627793,424688.12056277925
qm_cb,qm_phc/qm_t,qm_r,qm_v,qm,m_z
0.10998,0.0038717582904547188,0.17006999282902413,0,0.11385175829045471,0.38717582904547193
number of iterations,12,Execution time: ,6.327153444290161
