architecture,t_cbt,t_hxt,eta_hpfp,eta_r,p_cbt,qm_cb0,t0,p0,tpr_hx,Q_hx,pcc,v
pump,420,250,0.154,0.71,1330000.0,0.1069499022333702,25.2,345000.0,0.95,159000.0,True,0
P_hpfp,P_rv,p_hpfp
17436.44262843297,74294.43164814607,1889258.8433249607
Q,Q_phc
599095.4254896669,440095.4254896669
qm_cb,qm_phc/qm_t,qm_r,qm_v,qm,qm_pot
0.1069499022333702,0.003798295593056489,0.12634860372670734,0,0.11074819782642668,0.001379802504682223
number of iterations,12,Execution time: ,6.041378736495972
