architecture,t_cbt,t_hxt,eta_hpfp,eta_r,p_cbt,qm_cb0,t0,p0,tpr_hx,Q_hx,pcc,v
pump,430,110,0.154,0.71,1330000.0,0.10682015615953824,25.2,345000.0,0.95,159000.0,True,0
P_hpfp,P_rv,p_hpfp
17321.532875247638,15259.989991914186,1889258.8597899457
Q,Q_phc
669898.4838825645,510898.48388256447
qm_cb,qm_phc/qm_t,qm_r,qm_v,qm,qm_pot
0.10682015615953824,0.0038524250178281123,0.025343537134717566,0,0.11067258117736635,0.0007164686160187977
number of iterations,14,Execution time: ,6.545027494430542
