architecture,t_cbt,t_hxt,eta_hpfp,eta_r,p_cbt,qm_cb0,t0,p0,tpr_hx,Q_hx,pcc,v
pump,430,100,0.154,0.71,1330000.0,0.10998,25.2,345000.0,0.95,159000.0,True,0
P_hpfp,P_rv,p_hpfp
17769.353321431776,13500.050682363013,1889258.8597899457
Q,Q_phc
688901.5931545319,529901.5931545319
qm_cb,qm_phc/qm_t,qm_r,qm_v,qm,m_z
0.10998,0.004214229432070532,0.022411578443966348,0,0.11419422943207053,0.4214229432070535
number of iterations,14,Execution time: ,7.345303297042847
