architecture,t_cbt,t_hxt,eta_hpfp,eta_r,p_cbt,qm_cb0,t0,p0,tpr_hx,Q_hx,pcc,v
pump,430,160,0.154,0.71,1330000.0,0.11,25.2,345000.0,0.95,149000.0,True,0
P_hpfp,P_rv,p_hpfp
17798.281058354005,29963.78994438312,1889366.2640801906
Q,Q_phc
673531.5611838164,524531.5611838164
qm_cb,qm_phc/qm_t,qm_r,qm_v,qm,m_z
0.11,0.0043722117399614254,0.04974529949450114,0,0.11437221173996143,0.4372211739961425
number of iterations,7,Execution time: ,5.138575792312622
