architecture,t_cbt,t_hxt,eta_hpfp,eta_r,p_cbt,qm_cb0,t0,p0,tpr_hx,Q_hx,pcc,v
pump,430,170,0.154,0.71,1330000.0,0.10682015615953824,25.2,345000.0,0.95,159000.0,True,0
P_hpfp,P_rv,p_hpfp
17367.35671535025,32759.01145253015,1889258.8433249607
Q,Q_phc
654212.0628741999,495212.06287419994
qm_cb,qm_phc/qm_t,qm_r,qm_v,qm,qm_pot
0.10682015615953824,0.003941262436004673,0.05441692556886155,0,0.11076141859554292,0.0009223130593176463
number of iterations,12,Execution time: ,5.46810245513916
