architecture,t_cbt,t_hxt,eta_hpfp,eta_r,p_cbt,qm_cb0,t0,p0,tpr_hx,Q_hx,pcc,v
pump,430,160,0.154,0.71,1330000.0,0.10682015615953824,25.2,345000.0,0.95,159000.0,True,0
P_hpfp,P_rv,p_hpfp
17358.98645636653,29232.41079988231,1889258.8433249607
Q,Q_phc
657407.5753882967,498407.57538829674
qm_cb,qm_phc/qm_t,qm_r,qm_v,qm,qm_pot
0.10682015615953824,0.003928429049504788,0.04855606198974674,0,0.11074858520904303,0.0008813200764084524
number of iterations,12,Execution time: ,5.8520612716674805
