architecture,t_cbt,t_hxt,eta_hpfp,eta_r,p_cbt,qm_cb0,t0,p0,tpr_hx,Q_hx,pcc,v
pump,430,180,0.154,0.71,1330000.0,0.10682015615953824,25.2,345000.0,0.95,159000.0,True,0
P_hpfp,P_rv,p_hpfp
17375.92772511279,36547.135628064316,1889258.8433249607
Q,Q_phc
650762.967595299,491762.967595299
qm_cb,qm_phc/qm_t,qm_r,qm_v,qm,qm_pot
0.10682015615953824,0.003952573572369057,0.06071200124473881,0,0.1107727297319073,0.0009661192542789176
number of iterations,12,Execution time: ,5.72392725944519
