architecture,t_cbt,t_hxt,eta_hpfp,eta_r,p_cbt,qm_cb0,t0,p0,tpr_hx,Q_hx,pcc,v
pump,430,150,0.154,0.71,1330000.0,0.10998,25.2,345000.0,0.95,159000.0,True,0
P_hpfp,P_rv,p_hpfp
17775.58969057676,26573.23890708488,1889258.8433249607
Q,Q_phc
676074.9465397247,517074.9465397247
qm_cb,qm_phc/qm_t,qm_r,qm_v,qm,m_z
0.10998,0.004254311282978193,0.04412445398864842,0,0.11423431128297819,0.42543112829781976
number of iterations,12,Execution time: ,6.0896079540252686
