architecture,t_cbt,t_hxt,eta_hpfp,eta_r,p_cbt,qm_cb0,t0,p0,tpr_hx,Q_hx,pcc,v
pump,430,130,0.154,0.71,1330000.0,0.10682015615953824,25.2,345000.0,0.95,159000.0,True,0
P_hpfp,P_rv,p_hpfp
17335.448287400293,20133.355641283004,1889258.855973307
Q,Q_phc
665575.5522613248,506575.55226132483
qm_cb,qm_phc/qm_t,qm_r,qm_v,qm,qm_pot
0.10682015615953824,0.003883936082686057,0.03343852417639993,0,0.1107040922422243,0.0007744438672131484
number of iterations,13,Execution time: ,5.993106126785278
