architecture,t_cbt,t_hxt,eta_hpfp,eta_r,p_cbt,qm_cb0,t0,p0,tpr_hx,Q_hx,pcc,v
pump,430,130,0.154,0.71,1330000.0,0.11,25.2,345000.0,0.95,149000.0,True,0
P_hpfp,P_rv,p_hpfp
17794.85514036372,20657.49351728577,1889366.2727081615
Q,Q_phc
682702.410067826,533702.410067826
qm_cb,qm_phc/qm_t,qm_r,qm_v,qm,m_z
0.11,0.004350168936071091,0.034293340258464616,0,0.1143501689360711,0.4350168936071091
number of iterations,9,Execution time: ,12.64811110496521
