architecture,t_cbt,t_hxt,eta_hpfp,eta_r,p_cbt,qm_cb0,t0,p0,tpr_hx,Q_hx,pcc,v
pump,430,170,0.154,0.71,1330000.0,0.10998,25.2,345000.0,0.95,159000.0,True,0
P_hpfp,P_rv,p_hpfp
17776.822365172895,33510.893104576935,1889258.8433249607
Q,Q_phc
669186.0185214086,510186.01852140855
qm_cb,qm_phc/qm_t,qm_r,qm_v,qm,m_z
0.10998,0.0042622330304969425,0.055649051495581185,0,0.11424223303049694,0.4262233030496938
number of iterations,12,Execution time: ,6.2993950843811035
