architecture,t_cbt,t_hxt,eta_hpfp,eta_r,p_cbt,qm_cb0,t0,p0,tpr_hx,Q_hx,pcc,v
pump,430,110,0.154,0.71,1330000.0,0.10998,25.2,345000.0,0.95,159000.0,True,0
P_hpfp,P_rv,p_hpfp
17770.79177898122,15650.614323328717,1889258.855973307
Q,Q_phc
686807.8959053112,527807.8959053112
qm_cb,qm_phc/qm_t,qm_r,qm_v,qm,m_z
0.10998,0.0042234745660229,0.02598108008948335,0,0.1142034745660229,0.4223474566022893
number of iterations,13,Execution time: ,7.3045737743377686
