architecture,t_cbt,t_hxt,eta_hpfp,eta_r,p_cbt,qm_cb0,t0,p0,tpr_hx,Q_hx,pcc,v
pump,430,250,0.154,0.71,1330000.0,0.10998,25.2,345000.0,0.95,159000.0,True,0
P_hpfp,P_rv,p_hpfp
17764.36327743584,73663.3345070918,1889258.8433249607
Q,Q_phc
628541.0840121586,469541.08401215856
qm_cb,qm_phc/qm_t,qm_r,qm_v,qm,m_z
0.10998,0.004182165064728655,0.12233258458729634,0,0.11416216506472865,0.4182165064728659
number of iterations,12,Execution time: ,6.130846977233887
