architecture,t_cbt,t_hxt,eta_hpfp,eta_r,p_cbt,qm_cb0,t0,p0,tpr_hx,Q_hx,pcc,v
pump,430,270,0.154,0.71,1330000.0,0.10998,25.2,345000.0,0.95,159000.0,True,0
P_hpfp,P_rv,p_hpfp
17753.835166116918,88331.94736661339,1889258.8433249607
Q,Q_phc
613456.3072760401,454456.3072760401
qm_cb,qm_phc/qm_t,qm_r,qm_v,qm,m_z
0.10998,0.004114506462872786,0.14669257496939023,0,0.11409450646287278,0.4114506462872789
number of iterations,12,Execution time: ,6.78369140625
