architecture,t_cbt,t_hxt,eta_hpfp,eta_r,p_cbt,qm_cb0,t0,p0,tpr_hx,Q_hx,pcc,v
pump,430,200,0.154,0.71,1330000.0,0.10998,25.2,345000.0,0.95,159000.0,True,0
P_hpfp,P_rv,p_hpfp
17776.152454472405,45937.03046031856,1889258.8433249607
Q,Q_phc
656733.4003823961,497733.40038239607
qm_cb,qm_phc/qm_t,qm_r,qm_v,qm,m_z
0.10998,0.004257927868821648,0.07628735104052413,0,0.11423792786882164,0.4257927868821647
number of iterations,12,Execution time: ,6.367922306060791
