architecture,t_cbt,t_hxt,eta_hpfp,eta_r,p_cbt,qm_cb0,t0,p0,tpr_hx,Q_hx,pcc,v
pump,430,230,0.154,0.71,1330000.0,0.10682015615953824,25.2,345000.0,0.95,159000.0,True,0
P_hpfp,P_rv,p_hpfp
17420.92233602181,60106.72496189597,1889258.8433249607
Q,Q_phc
628983.1537737512,469983.1537737512
qm_cb,qm_phc/qm_t,qm_r,qm_v,qm,qm_pot
0.10682015615953824,0.003973974402345837,0.09985728526255935,0,0.11079413056188409,0.0012340638977118208
number of iterations,12,Execution time: ,5.861765146255493
