architecture,t_cbt,t_hxt,eta_hpfp,eta_r,p_cbt,qm_cb0,t0,p0,tpr_hx,Q_hx,pcc,v
pump,430,200,0.154,0.71,1330000.0,0.11,25.2,345000.0,0.95,149000.0,True,0
P_hpfp,P_rv,p_hpfp
17798.864164749673,45983.03125981966,1889366.2640801906
Q,Q_phc
657535.3677479598,508535.3677479598
qm_cb,qm_phc/qm_t,qm_r,qm_v,qm,m_z
0.11,0.0043759817305938815,0.07637486476144903,0,0.11437598173059388,0.43759817305938814
number of iterations,7,Execution time: ,7.226261138916016
