architecture,t_cbt,t_hxt,eta_hpfp,eta_r,p_cbt,qm_cb0,t0,p0,tpr_hx,Q_hx,pcc,v
pump,430,280,0.154,0.71,1330000.0,0.11,25.2,345000.0,0.95,149000.0,True,0
P_hpfp,P_rv,p_hpfp
17771.055301971373,96857.9663705368,1889366.2640801906
Q,Q_phc
605561.2587551944,456561.2587551944
qm_cb,qm_phc/qm_t,qm_r,qm_v,qm,m_z
0.11,0.004197014966115938,0.16087946221846802,0,0.11419701496611594,0.4197014966115938
number of iterations,7,Execution time: ,10.150978326797485
