architecture,t_cbt,t_hxt,eta_hpfp,eta_r,p_cbt,qm_cb0,t0,p0,tpr_hx,Q_hx,pcc,v
pump,430,210,0.154,0.71,1330000.0,0.11,25.2,345000.0,0.95,149000.0,True,0
P_hpfp,P_rv,p_hpfp
17797.961419636318,50738.512780425226,1889366.2640801906
Q,Q_phc
652744.2042989468,503744.2042989468
qm_cb,qm_phc/qm_t,qm_r,qm_v,qm,m_z
0.11,0.004370163309978504,0.08427580507533139,0,0.1143701633099785,0.43701633099785037
number of iterations,7,Execution time: ,4.137423753738403
