architecture,t_cbt,t_hxt,eta_hpfp,eta_r,p_cbt,qm_cb0,t0,p0,tpr_hx,Q_hx,pcc,v
pump,430,240,0.154,0.71,1330000.0,0.10998,25.2,345000.0,0.95,159000.0,True,0
P_hpfp,P_rv,p_hpfp
17768.150626471124,67226.92849501145,1889258.8433249607
Q,Q_phc
635127.1994838754,476127.1994838754
qm_cb,qm_phc/qm_t,qm_r,qm_v,qm,m_z
0.10998,0.004206504353391635,0.11164373091380327,0,0.11418650435339163,0.4206504353391634
number of iterations,12,Execution time: ,6.577413082122803
