architecture,t_cbt,t_hxt,eta_hpfp,eta_r,p_cbt,qm_cb0,t0,p0,tpr_hx,Q_hx,pcc,v
pump,430,260,0.154,0.71,1330000.0,0.10998,25.2,345000.0,0.95,159000.0,True,0
P_hpfp,P_rv,p_hpfp
17759.641215717325,80669.84089156966,1889258.8433249607
Q,Q_phc
621347.9200733695,462347.9200733695
qm_cb,qm_phc/qm_t,qm_r,qm_v,qm,m_z
0.10998,0.004151818872133048,0.13396819830630943,0,0.11413181887213304,0.4151818872133042
number of iterations,12,Execution time: ,6.5724568367004395
