architecture,t_cbt,t_hxt,eta_hpfp,eta_r,p_cbt,qm_cb0,t0,p0,tpr_hx,Q_hx,pcc,v
pump,430,220,0.154,0.71,1330000.0,0.10998,25.2,345000.0,0.95,159000.0,True,0
P_hpfp,P_rv,p_hpfp
17773.396648466456,55793.267778095505,1889258.8433249607
Q,Q_phc
646768.2292895246,487768.2292895246
qm_cb,qm_phc/qm_t,qm_r,qm_v,qm,m_z
0.10998,0.004240217761500381,0.09265591882709516,0,0.11422021776150038,0.42402177615003755
number of iterations,12,Execution time: ,6.656000375747681
