architecture,t_cbt,t_hxt,eta_hpfp,eta_r,p_cbt,qm_cb0,t0,p0,tpr_hx,Q_hx,pcc,v
pump,430,220,0.154,0.71,1330000.0,0.10682015615953824,25.2,345000.0,0.95,159000.0,True,0
P_hpfp,P_rv,p_hpfp
17411.690809713662,54681.08856318488,1889258.8433249607
Q,Q_phc
634043.6343430793,475043.6343430793
qm_cb,qm_phc/qm_t,qm_r,qm_v,qm,qm_pot
0.10682015615953824,0.003975701512136225,0.09084289292372638,0,0.11079585767167446,0.0011729718929715343
number of iterations,12,Execution time: ,5.394636392593384
