architecture,t_cbt,t_hxt,eta_hpfp,eta_r,p_cbt,qm_cb0,t0,p0,tpr_hx,Q_hx,pcc,v
pump,430,250,0.154,0.71,1330000.0,0.10682015615953824,25.2,345000.0,0.95,159000.0,True,0
P_hpfp,P_rv,p_hpfp
17439.681986971565,72345.7779581557,1889258.8433249607
Q,Q_phc
617486.1444734995,458486.1444734995
qm_cb,qm_phc/qm_t,qm_r,qm_v,qm,qm_pot
0.10682015615953824,0.003957926919804087,0.12019128700598261,0,0.11077808307934232,0.0013707484960191133
number of iterations,12,Execution time: ,6.054049015045166
