architecture,t_cbt,t_hxt,eta_hpfp,eta_r,p_cbt,qm_cb0,t0,p0,tpr_hx,Q_hx,pcc,v
pump,440,170,0.154,0.71,1330000.0,0.10669076391284185,25.2,345000.0,0.95,159000.0,True,0
P_hpfp,P_rv,p_hpfp
17368.655902835148,32381.206366916653,1889258.8433249607
Q,Q_phc
670886.5654349456,511886.56543494563
qm_cb,qm_phc/qm_t,qm_r,qm_v,qm,qm_pot
0.10669076391284185,0.004072422416455781,0.052574870787508575,0,0.11076318632929763,0.0009288999709364781
number of iterations,12,Execution time: ,5.713474273681641
