architecture,t_cbt,t_hxt,eta_hpfp,eta_r,p_cbt,qm_cb0,t0,p0,tpr_hx,Q_hx,pcc,v
pump,440,110,0.154,0.71,1330000.0,0.10669076391284185,25.2,345000.0,0.95,159000.0,True,0
P_hpfp,P_rv,p_hpfp
17321.484780792616,15172.624400711822,1889258.8597899457
Q,Q_phc
686185.1339893497,527185.1339893497
qm_cb,qm_phc/qm_t,qm_r,qm_v,qm,qm_pot
0.10669076391284185,0.003972431685550835,0.02462946996484264,0,0.11066319559839269,0.000725544915456776
number of iterations,14,Execution time: ,6.661682367324829
