architecture,t_cbt,t_hxt,eta_hpfp,eta_r,p_cbt,qm_cb0,t0,p0,tpr_hx,Q_hx,pcc,v
pump,440,100,0.154,0.71,1330000.0,0.10998,25.2,345000.0,0.95,159000.0,True,0
P_hpfp,P_rv,p_hpfp
17791.212134975292,13455.662339318806,1889258.855973307
Q,Q_phc
706439.7099785896,547439.7099785896
qm_cb,qm_phc/qm_t,qm_r,qm_v,qm,m_z
0.10998,0.004354705387665678,0.021830016364769358,0,0.11433470538766567,0.43547053876656744
number of iterations,13,Execution time: ,6.93824315071106
