architecture,t_cbt,t_hxt,eta_hpfp,eta_r,p_cbt,qm_cb0,t0,p0,tpr_hx,Q_hx,pcc,v
pump,440,170,0.154,0.71,1330000.0,0.11,25.2,345000.0,0.95,149000.0,True,0
P_hpfp,P_rv,p_hpfp
17822.76448407096,33208.82460134772,1889366.2640801906
Q,Q_phc
687912.2712836267,538912.2712836267
qm_cb,qm_phc/qm_t,qm_r,qm_v,qm,m_z
0.11,0.004529564470987842,0.053900289566859196,0,0.11452956447098785,0.45295644709878424
number of iterations,7,Execution time: ,5.365734815597534
