architecture,t_cbt,t_hxt,eta_hpfp,eta_r,p_cbt,qm_cb0,t0,p0,tpr_hx,Q_hx,pcc,v
pump,440,140,0.154,0.71,1330000.0,0.10669076391284185,25.2,345000.0,0.95,159000.0,True,0
P_hpfp,P_rv,p_hpfp
17343.59280012447,22739.186254646793,1889258.8433249607
Q,Q_phc
679513.7647979079,520513.7647979079
qm_cb,qm_phc/qm_t,qm_r,qm_v,qm,qm_pot
0.10669076391284185,0.004024389226462466,0.03691180096820026,0,0.11071515313930431,0.0008157606299882523
number of iterations,12,Execution time: ,5.474251747131348
