architecture,t_cbt,t_hxt,eta_hpfp,eta_r,p_cbt,qm_cb0,t0,p0,tpr_hx,Q_hx,pcc,v
pump,440,130,0.154,0.71,1330000.0,0.11,25.2,345000.0,0.95,149000.0,True,0
P_hpfp,P_rv,p_hpfp
17817.49204662796,20530.588791830793,1889366.2727081615
Q,Q_phc
700377.1452541685,551377.1452541685
qm_cb,qm_phc/qm_t,qm_r,qm_v,qm,m_z
0.11,0.004495628863857234,0.033313862163619375,0,0.11449562886385724,0.4495628863857234
number of iterations,9,Execution time: ,8.591554880142212
