architecture,t_cbt,t_hxt,eta_hpfp,eta_r,p_cbt,qm_cb0,t0,p0,tpr_hx,Q_hx,pcc,v
pump,440,160,0.154,0.71,1330000.0,0.11,25.2,345000.0,0.95,149000.0,True,0
P_hpfp,P_rv,p_hpfp
17821.76858468687,29687.63420863871,1889366.2640801906
Q,Q_phc
691393.1669142133,542393.1669142133
qm_cb,qm_phc/qm_t,qm_r,qm_v,qm,m_z
0.11,0.0045231377118559605,0.04817664550556442,0,0.11452313771185596,0.452313771185596
number of iterations,7,Execution time: ,4.903013706207275
