architecture,t_cbt,t_hxt,eta_hpfp,eta_r,p_cbt,qm_cb0,t0,p0,tpr_hx,Q_hx,pcc,v
pump,440,150,0.154,0.71,1330000.0,0.10998,25.2,345000.0,0.95,159000.0,True,0
P_hpfp,P_rv,p_hpfp
17798.627761275435,26359.70754718168,1889258.8433249607
Q,Q_phc
693835.7471266432,534835.7471266432
qm_cb,qm_phc/qm_t,qm_r,qm_v,qm,m_z
0.10998,0.004402364775737813,0.042781647328499366,0,0.11438236477573781,0.44023647757378087
number of iterations,12,Execution time: ,6.282369613647461
