architecture,t_cbt,t_hxt,eta_hpfp,eta_r,p_cbt,qm_cb0,t0,p0,tpr_hx,Q_hx,pcc,v
pump,440,160,0.154,0.71,1330000.0,0.10998,25.2,345000.0,0.95,159000.0,True,0
P_hpfp,P_rv,p_hpfp
17799.682861499165,29642.302111326855,1889258.8433249607
Q,Q_phc
690595.8456507263,531595.8456507263
qm_cb,qm_phc/qm_t,qm_r,qm_v,qm,m_z
0.10998,0.004409145346705667,0.048111638283247334,0,0.11438914534670566,0.440914534670567
number of iterations,12,Execution time: ,6.445056438446045
