architecture,t_cbt,t_hxt,eta_hpfp,eta_r,p_cbt,qm_cb0,t0,p0,tpr_hx,Q_hx,pcc,v
pump,440,150,0.154,0.71,1330000.0,0.10669076391284185,25.2,345000.0,0.95,159000.0,True,0
P_hpfp,P_rv,p_hpfp
17351.671592901537,25716.584838467475,1889258.8433249607
Q,Q_phc
676863.4816009635,517863.4816009635
qm_cb,qm_phc/qm_t,qm_r,qm_v,qm,qm_pot
0.10669076391284185,0.004041220974677886,0.041748772506006754,0,0.11073198488751974,0.0008508809283275995
number of iterations,12,Execution time: ,5.422602891921997
