architecture,t_cbt,t_hxt,eta_hpfp,eta_r,p_cbt,qm_cb0,t0,p0,tpr_hx,Q_hx,pcc,v
pump,440,190,0.154,0.71,1330000.0,0.11,25.2,345000.0,0.95,149000.0,True,0
P_hpfp,P_rv,p_hpfp
17823.854403996625,41014.31404449331,1889366.2640801906
Q,Q_phc
680150.8807372556,531150.8807372556
qm_cb,qm_phc/qm_t,qm_r,qm_v,qm,m_z
0.11,0.004536584696722743,0.06658229394290348,0,0.11453658469672275,0.45365846967227424
number of iterations,7,Execution time: ,7.066893577575684
