architecture,t_cbt,t_hxt,eta_hpfp,eta_r,p_cbt,qm_cb0,t0,p0,tpr_hx,Q_hx,pcc,v
pump,440,100,0.154,0.71,1330000.0,0.11,25.2,345000.0,0.95,149000.0,True,0
P_hpfp,P_rv,p_hpfp
17812.226162094703,13461.73576397477,1889366.2728233607
Q,Q_phc
707232.936572327,558232.936572327
qm_cb,qm_phc/qm_t,qm_r,qm_v,qm,m_z
0.11,0.004461797164285935,0.02184360075029711,0,0.11446179716428594,0.44617971642859344
number of iterations,11,Execution time: ,10.5243239402771
