architecture,t_cbt,t_hxt,eta_hpfp,eta_r,p_cbt,qm_cb0,t0,p0,tpr_hx,Q_hx,pcc,v
pump,440,160,0.154,0.71,1330000.0,0.10669076391284185,25.2,345000.0,0.95,159000.0,True,0
P_hpfp,P_rv,p_hpfp
17360.041248637313,28929.169151012982,1889258.8433249607
Q,Q_phc
673989.7898989328,514989.7898989328
qm_cb,qm_phc/qm_t,qm_r,qm_v,qm,qm_pot
0.10669076391284185,0.004057336970406164,0.046967517895236115,0,0.11074810088324802,0.0008885874227202188
number of iterations,12,Execution time: ,5.09975528717041
