architecture,t_cbt,t_hxt,eta_hpfp,eta_r,p_cbt,qm_cb0,t0,p0,tpr_hx,Q_hx,pcc,v
pump,440,130,0.154,0.71,1330000.0,0.10669076391284185,25.2,345000.0,0.95,159000.0,True,0
P_hpfp,P_rv,p_hpfp
17335.853971598022,19994.562398922255,1889258.8433249607
Q,Q_phc
681945.0386325025,522945.03863250255
qm_cb,qm_phc/qm_t,qm_r,qm_v,qm,qm_pot
0.10669076391284185,0.004007156583957179,0.03245281323602432,0,0.11069792049679902,0.0007832274236866874
number of iterations,12,Execution time: ,5.079929828643799
