architecture,t_cbt,t_hxt,eta_hpfp,eta_r,p_cbt,qm_cb0,t0,p0,tpr_hx,Q_hx,pcc,v
pump,440,180,0.154,0.71,1330000.0,0.11,25.2,345000.0,0.95,149000.0,True,0
P_hpfp,P_rv,p_hpfp
17823.475817330567,36980.63938515661,1889366.2640801906
Q,Q_phc
684169.2375242298,535169.2375242298
qm_cb,qm_phc/qm_t,qm_r,qm_v,qm,m_z
0.11,0.0045341495982301385,0.06002946518810185,0,0.11453414959823013,0.45341495982301383
number of iterations,7,Execution time: ,4.147473096847534
