architecture,t_cbt,t_hxt,eta_hpfp,eta_r,p_cbt,qm_cb0,t0,p0,tpr_hx,Q_hx,pcc,v
pump,440,120,0.154,0.71,1330000.0,0.10998,25.2,345000.0,0.95,159000.0,True,0
P_hpfp,P_rv,p_hpfp
17794.43960575586,17932.722874270377,1889258.8433249607
Q,Q_phc
702093.2642086188,543093.2642086188
qm_cb,qm_phc/qm_t,qm_r,qm_v,qm,m_z
0.10998,0.004375449715835283,0.029096527284699466,0,0.11435544971583528,0.43754497158352895
number of iterations,12,Execution time: ,6.41313910484314
