architecture,t_cbt,t_hxt,eta_hpfp,eta_r,p_cbt,qm_cb0,t0,p0,tpr_hx,Q_hx,pcc,v
pump,440,280,0.154,0.71,1330000.0,0.10669076391284185,25.2,345000.0,0.95,159000.0,True,0
P_hpfp,P_rv,p_hpfp
17472.571021656833,92253.64751926318,1889258.8433249607
Q,Q_phc
615221.7126232906,456221.7126232906
qm_cb,qm_phc/qm_t,qm_r,qm_v,qm,qm_pot
0.10669076391284185,0.004066151619485009,0.1498038297252599,0,0.11075691553232686,0.0016034145562729414
number of iterations,12,Execution time: ,5.2930169105529785
