architecture,t_cbt,t_hxt,eta_hpfp,eta_r,p_cbt,qm_cb0,t0,p0,tpr_hx,Q_hx,pcc,v
pump,440,250,0.154,0.71,1330000.0,0.10669076391284185,25.2,345000.0,0.95,159000.0,True,0
P_hpfp,P_rv,p_hpfp
17443.003088163772,70580.73329218964,1889258.8433249607
Q,Q_phc
635697.402677073,476697.402677073
qm_cb,qm_phc/qm_t,qm_r,qm_v,qm,qm_pot
0.10669076391284185,0.004115790521863913,0.11461051147181361,0,0.11080655443470576,0.0013636340449001505
number of iterations,12,Execution time: ,5.441216945648193
