architecture,t_cbt,t_hxt,eta_hpfp,eta_r,p_cbt,qm_cb0,t0,p0,tpr_hx,Q_hx,pcc,v
pump,440,200,0.154,0.71,1330000.0,0.10998,25.2,345000.0,0.95,159000.0,True,0
P_hpfp,P_rv,p_hpfp
17800.97784935177,45281.938187835854,1889258.8433249607
Q,Q_phc
675008.609364685,516008.609364685
qm_cb,qm_phc/qm_t,qm_r,qm_v,qm,m_z
0.10998,0.0044174675485587345,0.07350110241273053,0,0.11439746754855873,0.4417467548558733
number of iterations,12,Execution time: ,7.075977563858032
