architecture,t_cbt,t_hxt,eta_hpfp,eta_r,p_cbt,qm_cb0,t0,p0,tpr_hx,Q_hx,pcc,v
pump,440,250,0.154,0.71,1330000.0,0.11,25.2,345000.0,0.95,149000.0,True,0
P_hpfp,P_rv,p_hpfp
17815.89749986116,72039.72203708871,1889366.2640801906
Q,Q_phc
648803.5310259582,499803.53102595825
qm_cb,qm_phc/qm_t,qm_r,qm_v,qm,m_z
0.11,0.004485326174704419,0.11695527344907444,0,0.11448532617470442,0.4485326174704419
number of iterations,7,Execution time: ,7.79242205619812
