architecture,t_cbt,t_hxt,eta_hpfp,eta_r,p_cbt,qm_cb0,t0,p0,tpr_hx,Q_hx,pcc,v
pump,440,220,0.154,0.71,1330000.0,0.11,25.2,345000.0,0.95,149000.0,True,0
P_hpfp,P_rv,p_hpfp
17822.463597085774,54875.44862303462,1889366.2640801906
Q,Q_phc
666233.4731711755,517233.47317117546
qm_cb,qm_phc/qm_t,qm_r,qm_v,qm,m_z
0.11,0.004527604215151857,0.08909067449096293,0,0.11452760421515186,0.45276042151518564
number of iterations,7,Execution time: ,8.712038278579712
