architecture,t_cbt,t_hxt,eta_hpfp,eta_r,p_cbt,qm_cb0,t0,p0,tpr_hx,Q_hx,pcc,v
pump,440,240,0.154,0.71,1330000.0,0.10998,25.2,345000.0,0.95,159000.0,True,0
P_hpfp,P_rv,p_hpfp
17795.086290274,65813.21106208093,1889258.8433249607
Q,Q_phc
654238.9431645238,495238.9431645238
qm_cb,qm_phc/qm_t,qm_r,qm_v,qm,m_z
0.10998,0.004379605615123752,0.10682740107101008,0,0.11435960561512375,0.4379605615123746
number of iterations,12,Execution time: ,6.864321708679199
