architecture,t_cbt,t_hxt,eta_hpfp,eta_r,p_cbt,qm_cb0,t0,p0,tpr_hx,Q_hx,pcc,v
pump,440,280,0.154,0.71,1330000.0,0.11,25.2,345000.0,0.95,149000.0,True,0
P_hpfp,P_rv,p_hpfp
17801.55315518061,93928.25092633908,1889366.2640801906
Q,Q_phc
626334.6202568354,477334.62025683536
qm_cb,qm_phc/qm_t,qm_r,qm_v,qm,m_z
0.11,0.004393026830391763,0.15248852359547085,0,0.11439302683039176,0.43930268303917624
number of iterations,7,Execution time: ,5.496921062469482
