architecture,t_cbt,t_hxt,eta_hpfp,eta_r,p_cbt,qm_cb0,t0,p0,tpr_hx,Q_hx,pcc,v
pump,440,270,0.154,0.71,1330000.0,0.10669076391284185,25.2,345000.0,0.95,159000.0,True,0
P_hpfp,P_rv,p_hpfp
17462.63175634528,84374.31497066501,1889258.8433249607
Q,Q_phc
622698.5980851304,463698.59808513045
qm_cb,qm_phc/qm_t,qm_r,qm_v,qm,qm_pot
0.10669076391284185,0.00408896681851429,0.13700914640884876,0,0.11077973073135614,0.0015166832266490316
number of iterations,12,Execution time: ,5.689505338668823
