architecture,t_cbt,t_hxt,eta_hpfp,eta_r,p_cbt,qm_cb0,t0,p0,tpr_hx,Q_hx,pcc,v
pump,440,270,0.154,0.71,1330000.0,0.11,25.2,345000.0,0.95,149000.0,True,0
P_hpfp,P_rv,p_hpfp
17807.42087839513,85982.70050315814,1889366.2640801906
Q,Q_phc
634517.5827267608,485517.58272676077
qm_cb,qm_phc/qm_t,qm_r,qm_v,qm,m_z
0.11,0.00443077964825732,0.1395897800282849,0,0.11443077964825732,0.44307796482573203
number of iterations,7,Execution time: ,6.057644367218018
