architecture,t_cbt,t_hxt,eta_hpfp,eta_r,p_cbt,qm_cb0,t0,p0,tpr_hx,Q_hx,pcc,v
pump,440,250,0.154,0.71,1330000.0,0.10998,25.2,345000.0,0.95,159000.0,True,0
P_hpfp,P_rv,p_hpfp
17791.980836495142,71964.82075479218,1889258.8433249607
Q,Q_phc
647961.6758241429,488961.6758241429
qm_cb,qm_phc/qm_t,qm_r,qm_v,qm,m_z
0.10998,0.004359648506536973,0.11681253762147507,0,0.11433964850653697,0.43596485065369656
number of iterations,12,Execution time: ,6.77929162979126
