architecture,t_cbt,t_hxt,eta_hpfp,eta_r,p_cbt,qm_cb0,t0,p0,tpr_hx,Q_hx,pcc,v
pump,440,200,0.154,0.71,1330000.0,0.11,25.2,345000.0,0.95,149000.0,True,0
P_hpfp,P_rv,p_hpfp
17823.84945789137,45325.93044728463,1889366.2640801906
Q,Q_phc
675839.0642117029,526839.0642117029
qm_cb,qm_phc/qm_t,qm_r,qm_v,qm,m_z
0.11,0.004536545417164183,0.07358494834313956,0,0.11453654541716418,0.4536545417164183
number of iterations,7,Execution time: ,4.218391418457031
