architecture,t_cbt,t_hxt,eta_hpfp,eta_r,p_cbt,qm_cb0,t0,p0,tpr_hx,Q_hx,pcc,v
pump,440,220,0.154,0.71,1330000.0,0.10669076391284185,25.2,345000.0,0.95,159000.0,True,0
P_hpfp,P_rv,p_hpfp
17414.25299159275,53658.89643390922,1889258.8433249607
Q,Q_phc
651455.1300920148,492455.1300920148
qm_cb,qm_phc/qm_t,qm_r,qm_v,qm,qm_pot
0.10669076391284185,0.00412121572287068,0.08713137731632531,0,0.11081197963571253,0.0011733264738749527
number of iterations,12,Execution time: ,6.016476392745972
