architecture,t_cbt,t_hxt,eta_hpfp,eta_r,p_cbt,qm_cb0,t0,p0,tpr_hx,Q_hx,pcc,v
pump,440,210,0.154,0.71,1330000.0,0.10998,25.2,345000.0,0.95,159000.0,True,0
P_hpfp,P_rv,p_hpfp
17800.326520906896,49889.083140458315,1889258.8433249607
Q,Q_phc
670375.10935864,511375.10935864004
qm_cb,qm_phc/qm_t,qm_r,qm_v,qm,m_z
0.10998,0.004413281805209876,0.08097956230916645,0,0.11439328180520987,0.44132818052098743
number of iterations,12,Execution time: ,6.491287708282471
