architecture,t_cbt,t_hxt,eta_hpfp,eta_r,p_cbt,qm_cb0,t0,p0,tpr_hx,Q_hx,pcc,v
pump,440,270,0.154,0.71,1330000.0,0.10998,25.2,345000.0,0.95,159000.0,True,0
P_hpfp,P_rv,p_hpfp
17783.099796606653,85889.51217917558,1889258.8433249607
Q,Q_phc
633677.6261028022,474677.6261028022
qm_cb,qm_phc/qm_t,qm_r,qm_v,qm,m_z
0.10998,0.004302574761429312,0.13941476825350413,0,0.1142825747614293,0.43025747614293075
number of iterations,12,Execution time: ,6.543439626693726
