architecture,t_cbt,t_hxt,eta_hpfp,eta_r,p_cbt,qm_cb0,t0,p0,tpr_hx,Q_hx,pcc,v
pump,450,100,0.154,0.71,1330000.0,0.10656171415967328,25.2,345000.0,0.95,159000.0,True,0
P_hpfp,P_rv,p_hpfp
17314.765646351694,13036.204425397846,1889258.8597899457
Q,Q_phc
704240.4709819775,545240.4709819775
qm_cb,qm_phc/qm_t,qm_r,qm_v,qm,qm_pot
0.10656171415967328,0.00407399513008093,0.020691985594063635,0,0.1106357092897542,0.0007098226924832492
number of iterations,14,Execution time: ,5.995338201522827
