architecture,t_cbt,t_hxt,eta_hpfp,eta_r,p_cbt,qm_cb0,t0,p0,tpr_hx,Q_hx,pcc,v
pump,450,150,0.154,0.71,1330000.0,0.10998,25.2,345000.0,0.95,159000.0,True,0
P_hpfp,P_rv,p_hpfp
17821.701716481544,26161.03046795228,1889258.8433249607
Q,Q_phc
711622.2113389673,552622.2113389673
qm_cb,qm_phc/qm_t,qm_r,qm_v,qm,m_z
0.10998,0.004550648879243058,0.041521717420858084,0,0.11453064887924305,0.45506488792430505
number of iterations,12,Execution time: ,6.251213550567627
