architecture,t_cbt,t_hxt,eta_hpfp,eta_r,p_cbt,qm_cb0,t0,p0,tpr_hx,Q_hx,pcc,v
pump,450,130,0.154,0.71,1330000.0,0.10656171415967328,25.2,345000.0,0.95,159000.0,True,0
P_hpfp,P_rv,p_hpfp
17336.22577461032,19854.74118680857,1889258.8433249607
Q,Q_phc
698310.9612169763,539310.9612169763
qm_cb,qm_phc/qm_t,qm_r,qm_v,qm,qm_pot
0.10656171415967328,0.004129943141085116,0.03151463100465407,0,0.11069165730075839,0.0007918815620298722
number of iterations,12,Execution time: ,5.5526511669158936
