architecture,t_cbt,t_hxt,eta_hpfp,eta_r,p_cbt,qm_cb0,t0,p0,tpr_hx,Q_hx,pcc,v
pump,450,160,0.154,0.71,1330000.0,0.10656171415967328,25.2,345000.0,0.95,159000.0,True,0
P_hpfp,P_rv,p_hpfp
17361.11111125384,28645.465020639112,1889258.8433249607
Q,Q_phc
690551.130468094,531551.130468094
qm_cb,qm_phc/qm_t,qm_r,qm_v,qm,qm_pot
0.10656171415967328,0.0041858289745407085,0.04548023429267523,0,0.11074754313421399,0.0008960251046841787
number of iterations,12,Execution time: ,5.277399301528931
