architecture,t_cbt,t_hxt,eta_hpfp,eta_r,p_cbt,qm_cb0,t0,p0,tpr_hx,Q_hx,pcc,v
pump,450,180,0.154,0.71,1330000.0,0.11,25.2,345000.0,0.95,149000.0,True,0
P_hpfp,P_rv,p_hpfp
17847.669880112087,36579.7111592266,1889366.2640801906
Q,Q_phc
702226.3226530416,553226.3226530416
qm_cb,qm_phc/qm_t,qm_r,qm_v,qm,m_z
0.11,0.004689627294459763,0.05806934331382307,0,0.11468962729445976,0.4689627294459763
number of iterations,7,Execution time: ,4.1316046714782715
