architecture,t_cbt,t_hxt,eta_hpfp,eta_r,p_cbt,qm_cb0,t0,p0,tpr_hx,Q_hx,pcc,v
pump,450,110,0.154,0.71,1330000.0,0.10998,25.2,345000.0,0.95,159000.0,True,0
P_hpfp,P_rv,p_hpfp
17814.930042192736,15514.964947163866,1889258.855973307
Q,Q_phc
721987.9225697954,562987.9225697954
qm_cb,qm_phc/qm_t,qm_r,qm_v,qm,m_z
0.10998,0.004507127825976509,0.02461865252957763,0,0.1144871278259765,0.4507127825976509
number of iterations,13,Execution time: ,6.552558898925781
