architecture,t_cbt,t_hxt,eta_hpfp,eta_r,p_cbt,qm_cb0,t0,p0,tpr_hx,Q_hx,pcc,v
pump,450,190,0.154,0.71,1330000.0,0.10998,25.2,345000.0,0.95,159000.0,True,0
P_hpfp,P_rv,p_hpfp
17825.606024213183,40480.0577723463,1889258.8433249607
Q,Q_phc
697464.8146611593,538464.8146611593
qm_cb,qm_phc/qm_t,qm_r,qm_v,qm,m_z
0.10998,0.004575739799573944,0.06425525534292756,0,0.11455573979957394,0.457573979957395
number of iterations,12,Execution time: ,6.635107517242432
