architecture,t_cbt,t_hxt,eta_hpfp,eta_r,p_cbt,qm_cb0,t0,p0,tpr_hx,Q_hx,pcc,v
pump,450,180,0.154,0.71,1330000.0,0.10998,25.2,345000.0,0.95,159000.0,True,0
P_hpfp,P_rv,p_hpfp
17825.05294190595,36541.186600170826,1889258.8433249607
Q,Q_phc
701380.7893185064,542380.7893185064
qm_cb,qm_phc/qm_t,qm_r,qm_v,qm,m_z
0.10998,0.004572185432177439,0.05800234686001562,0,0.11455218543217743,0.45721854321774374
number of iterations,12,Execution time: ,6.370325326919556
