architecture,t_cbt,t_hxt,eta_hpfp,eta_r,p_cbt,qm_cb0,t0,p0,tpr_hx,Q_hx,pcc,v
pump,450,130,0.154,0.71,1330000.0,0.11,25.2,345000.0,0.95,149000.0,True,0
P_hpfp,P_rv,p_hpfp
17840.169519191095,20412.37950073515,1889366.2727081615
Q,Q_phc
718083.1398382495,569083.1398382495
qm_cb,qm_phc/qm_t,qm_r,qm_v,qm,m_z
0.11,0.00464135039909913,0.032391383787034836,0,0.11464135039909913,0.464135039909913
number of iterations,9,Execution time: ,8.048246145248413
