architecture,t_cbt,t_hxt,eta_hpfp,eta_r,p_cbt,qm_cb0,t0,p0,tpr_hx,Q_hx,pcc,v
pump,450,190,0.154,0.71,1330000.0,0.11,25.2,345000.0,0.95,149000.0,True,0
P_hpfp,P_rv,p_hpfp
17848.426739675608,40519.65538391236,1889366.2640801906
Q,Q_phc
698317.7087037383,549317.7087037383
qm_cb,qm_phc/qm_t,qm_r,qm_v,qm,m_z
0.11,0.004694496091578034,0.06432824061528626,0,0.11469449609157803,0.46944960915780337
number of iterations,7,Execution time: ,4.2146148681640625
