architecture,t_cbt,t_hxt,eta_hpfp,eta_r,p_cbt,qm_cb0,t0,p0,tpr_hx,Q_hx,pcc,v
pump,450,170,0.154,0.71,1330000.0,0.10656171415967328,25.2,345000.0,0.95,159000.0,True,0
P_hpfp,P_rv,p_hpfp
17369.97315520262,32028.55103321986,1889258.8433249607
Q,Q_phc
687535.1610413233,528535.1610413233
qm_cb,qm_phc/qm_t,qm_r,qm_v,qm,qm_pot
0.10656171415967328,0.004203124512135038,0.050854199953946466,0,0.11076483867180831,0.0009357184430892828
number of iterations,12,Execution time: ,5.3274383544921875
