architecture,t_cbt,t_hxt,eta_hpfp,eta_r,p_cbt,qm_cb0,t0,p0,tpr_hx,Q_hx,pcc,v
pump,450,120,0.154,0.71,1330000.0,0.10656171415967328,25.2,345000.0,0.95,159000.0,True,0
P_hpfp,P_rv,p_hpfp
17328.612568897515,17361.894427289204,1889258.855973307
Q,Q_phc
700488.4056999286,541488.4056999286
qm_cb,qm_phc/qm_t,qm_r,qm_v,qm,qm_pot
0.10656171415967328,0.004110874231045276,0.027559659634829092,0,0.11067258839071856,0.0007619894732029854
number of iterations,13,Execution time: ,6.245304107666016
