architecture,t_cbt,t_hxt,eta_hpfp,eta_r,p_cbt,qm_cb0,t0,p0,tpr_hx,Q_hx,pcc,v
pump,450,100,0.154,0.71,1330000.0,0.11,25.2,345000.0,0.95,149000.0,True,0
P_hpfp,P_rv,p_hpfp
17834.263599402693,13422.161604945855,1889366.2728114282
Q,Q_phc
724828.8811866072,575828.8811866072
qm_cb,qm_phc/qm_t,qm_r,qm_v,qm,m_z
0.11,0.004603370034325079,0.02129344325830701,0,0.11460337003432508,0.4603370034325079
number of iterations,10,Execution time: ,14.832163572311401
