architecture,t_cbt,t_hxt,eta_hpfp,eta_r,p_cbt,qm_cb0,t0,p0,tpr_hx,Q_hx,pcc,v
pump,450,150,0.154,0.71,1330000.0,0.10656171415967328,25.2,345000.0,0.95,159000.0,True,0
P_hpfp,P_rv,p_hpfp
17352.500364501993,25490.365207235853,1889258.8433249607
Q,Q_phc
693349.523863984,534349.523863984
qm_cb,qm_phc/qm_t,qm_r,qm_v,qm,qm_pot
0.10656171415967328,0.004167660870800037,0.040468069327077215,0,0.11072937503047331,0.0008588203416528226
number of iterations,12,Execution time: ,5.699794054031372
