architecture,t_cbt,t_hxt,eta_hpfp,eta_r,p_cbt,qm_cb0,t0,p0,tpr_hx,Q_hx,pcc,v
pump,450,140,0.154,0.71,1330000.0,0.10998,25.2,345000.0,0.95,159000.0,True,0
P_hpfp,P_rv,p_hpfp
17820.16889480691,23161.304106160984,1889258.8433249607
Q,Q_phc
714558.4819117317,555558.4819117317
qm_cb,qm_phc/qm_t,qm_r,qm_v,qm,m_z
0.10998,0.004540798245234873,0.036758191689400845,0,0.11452079824523487,0.4540798245234873
number of iterations,12,Execution time: ,6.514057874679565
