architecture,t_cbt,t_hxt,eta_hpfp,eta_r,p_cbt,qm_cb0,t0,p0,tpr_hx,Q_hx,pcc,v
pump,450,130,0.154,0.71,1330000.0,0.10998,25.2,345000.0,0.95,159000.0,True,0
P_hpfp,P_rv,p_hpfp
17818.502388856326,20389.236166494808,1889258.8433249607
Q,Q_phc
717261.5597974585,558261.5597974585
qm_cb,qm_phc/qm_t,qm_r,qm_v,qm,m_z
0.10998,0.004530088493106946,0.03235583130079505,0,0.11451008849310694,0.4530088493106944
number of iterations,12,Execution time: ,6.205186367034912
