architecture,t_cbt,t_hxt,eta_hpfp,eta_r,p_cbt,qm_cb0,t0,p0,tpr_hx,Q_hx,pcc,v
pump,450,170,0.154,0.71,1330000.0,0.11,25.2,345000.0,0.95,149000.0,True,0
P_hpfp,P_rv,p_hpfp
17846.60792402407,32886.623046581575,1889366.2640801906
Q,Q_phc
705875.4509899435,556875.4509899435
qm_cb,qm_phc/qm_t,qm_r,qm_v,qm,m_z
0.11,0.004682785532036489,0.05220085923340475,0,0.1146827855320365,0.46827855320364886
number of iterations,7,Execution time: ,5.872634410858154
