architecture,t_cbt,t_hxt,eta_hpfp,eta_r,p_cbt,qm_cb0,t0,p0,tpr_hx,Q_hx,pcc,v
pump,450,160,0.154,0.71,1330000.0,0.11,25.2,345000.0,0.95,149000.0,True,0
P_hpfp,P_rv,p_hpfp
17845.28684284451,29431.158024284457,1889366.2640801906
Q,Q_phc
709276.2297280829,560276.2297280829
qm_cb,qm_phc/qm_t,qm_r,qm_v,qm,m_z
0.11,0.004674264974970956,0.04670821920547813,0,0.11467426497497096,0.46742649749709564
number of iterations,7,Execution time: ,9.625341415405273
