architecture,t_cbt,t_hxt,eta_hpfp,eta_r,p_cbt,qm_cb0,t0,p0,tpr_hx,Q_hx,pcc,v
pump,450,240,0.154,0.71,1330000.0,0.11,25.2,345000.0,0.95,149000.0,True,0
P_hpfp,P_rv,p_hpfp
17845.815357701773,64591.08538135118,1889366.2640801906
Q,Q_phc
674138.1802950324,525138.1802950324
qm_cb,qm_phc/qm_t,qm_r,qm_v,qm,m_z
0.11,0.004677631148661086,0.10254704737832819,0,0.11467763114866109,0.46776311486610855
number of iterations,7,Execution time: ,7.956912517547607
