architecture,t_cbt,t_hxt,eta_hpfp,eta_r,p_cbt,qm_cb0,t0,p0,tpr_hx,Q_hx,pcc,v
pump,450,260,0.154,0.71,1330000.0,0.10998,25.2,345000.0,0.95,159000.0,True,0
P_hpfp,P_rv,p_hpfp
17816.224164420037,76789.80549707777,1889258.8433249607
Q,Q_phc
660766.676476163,501766.676476163
qm_cb,qm_phc/qm_t,qm_r,qm_v,qm,m_z
0.10998,0.004515447549883256,0.12189128888199317,0,0.11449544754988325,0.45154475498832486
number of iterations,12,Execution time: ,6.8289501667022705
