architecture,t_cbt,t_hxt,eta_hpfp,eta_r,p_cbt,qm_cb0,t0,p0,tpr_hx,Q_hx,pcc,v
pump,450,210,0.154,0.71,1330000.0,0.10998,25.2,345000.0,0.95,159000.0,True,0
P_hpfp,P_rv,p_hpfp
17825.588281982582,49153.30117659891,1889258.8433249607
Q,Q_phc
688790.8367636119,529790.8367636119
qm_cb,qm_phc/qm_t,qm_r,qm_v,qm,m_z
0.10998,0.004575625779643863,0.07802311283720488,0,0.11455562577964386,0.4575625779643857
number of iterations,12,Execution time: ,6.646296501159668
