architecture,t_cbt,t_hxt,eta_hpfp,eta_r,p_cbt,qm_cb0,t0,p0,tpr_hx,Q_hx,pcc,v
pump,450,230,0.154,0.71,1330000.0,0.11,25.2,345000.0,0.95,149000.0,True,0
P_hpfp,P_rv,p_hpfp
17847.38990313948,59101.64066005256,1889366.2640801906
Q,Q_phc
679692.803478153,530692.803478153
qm_cb,qm_phc/qm_t,qm_r,qm_v,qm,m_z
0.11,0.0046877745555688344,0.09383271725300293,0,0.11468777455556883,0.46877745555688344
number of iterations,7,Execution time: ,8.53587818145752
