architecture,t_cbt,t_hxt,eta_hpfp,eta_r,p_cbt,qm_cb0,t0,p0,tpr_hx,Q_hx,pcc,v
pump,450,280,0.154,0.71,1330000.0,0.10656171415967328,25.2,345000.0,0.95,159000.0,True,0
P_hpfp,P_rv,p_hpfp
17476.747948069587,89543.84406946218,1889258.8433249607
Q,Q_phc
634443.0910938474,475443.0910938474
qm_cb,qm_phc/qm_t,qm_r,qm_v,qm,qm_pot
0.10656171415967328,0.004238717496484787,0.14219231339430285,0,0.11080043165615806,0.0015867588658554093
number of iterations,12,Execution time: ,5.827475309371948
