architecture,t_cbt,t_hxt,eta_hpfp,eta_r,p_cbt,qm_cb0,t0,p0,tpr_hx,Q_hx,pcc,v
pump,450,240,0.154,0.71,1330000.0,0.10998,25.2,345000.0,0.95,159000.0,True,0
P_hpfp,P_rv,p_hpfp
17821.92525719665,64524.72131201934,1889258.8433249607
Q,Q_phc
673267.7746388699,514267.7746388699
qm_cb,qm_phc/qm_t,qm_r,qm_v,qm,m_z
0.10998,0.004552085457161348,0.10242265674710985,0,0.11453208545716134,0.45520854571613484
number of iterations,12,Execution time: ,6.343343496322632
