architecture,t_cbt,t_hxt,eta_hpfp,eta_r,p_cbt,qm_cb0,t0,p0,tpr_hx,Q_hx,pcc,v
pump,450,270,0.154,0.71,1330000.0,0.10998,25.2,345000.0,0.95,159000.0,True,0
P_hpfp,P_rv,p_hpfp
17812.10428512932,83690.59937512607,1889258.8433249607
Q,Q_phc
653695.3277348746,494695.32773487456
qm_cb,qm_phc/qm_t,qm_r,qm_v,qm,m_z
0.10998,0.004488971265184036,0.1328450865907958,0,0.11446897126518403,0.4488971265184034
number of iterations,12,Execution time: ,7.11356258392334
