architecture,t_cbt,t_hxt,eta_hpfp,eta_r,p_cbt,qm_cb0,t0,p0,tpr_hx,Q_hx,pcc,v
pump,450,230,0.154,0.71,1330000.0,0.10656171415967328,25.2,345000.0,0.95,159000.0,True,0
P_hpfp,P_rv,p_hpfp
17426.606094199607,57749.909021955966,1889258.8433249607
Q,Q_phc
664159.8635471114,505159.8635471114
qm_cb,qm_phc/qm_t,qm_r,qm_v,qm,qm_pot
0.10656171415967328,0.004271328656257702,0.09170394824570544,0,0.11083304281593098,0.001231702014197662
number of iterations,12,Execution time: ,5.744293689727783
