architecture,t_cbt,t_hxt,eta_hpfp,eta_r,p_cbt,qm_cb0,t0,p0,tpr_hx,Q_hx,pcc,v
pump,450,210,0.154,0.71,1330000.0,0.11,25.2,345000.0,0.95,149000.0,True,0
P_hpfp,P_rv,p_hpfp
17848.830780624165,49200.08771956293,1889366.2640801906
Q,Q_phc
689654.001682524,540654.001682524
qm_cb,qm_phc/qm_t,qm_r,qm_v,qm,m_z
0.11,0.004697074516778998,0.07811298515195195,0,0.114697074516779,0.4697074516778998
number of iterations,7,Execution time: ,10.254593849182129
