architecture,t_cbt,t_hxt,eta_hpfp,eta_r,p_cbt,qm_cb0,t0,p0,tpr_hx,Q_hx,pcc,v
pump,450,270,0.154,0.71,1330000.0,0.10656171415967328,25.2,345000.0,0.95,159000.0,True,0
P_hpfp,P_rv,p_hpfp
17466.547473399813,82097.9999930301,1889258.8433249607
Q,Q_phc
641466.3731229625,482466.37312296254
qm_cb,qm_phc/qm_t,qm_r,qm_v,qm,qm_pot
0.10656171415967328,0.004255430622821976,0.13036854178750548,0,0.11081714478249526,0.0015044498578625815
number of iterations,12,Execution time: ,5.64775824546814
