architecture,t_cbt,t_hxt,eta_hpfp,eta_r,p_cbt,qm_cb0,t0,p0,tpr_hx,Q_hx,pcc,v
pump,460,170,0.154,0.71,1330000.0,0.10998,25.2,345000.0,0.95,159000.0,True,0
P_hpfp,P_rv,p_hpfp
17847.915070799507,32550.176039007303,1889258.8433249607
Q,Q_phc
722993.9115303662,563993.9115303662
qm_cb,qm_phc/qm_t,qm_r,qm_v,qm,m_z
0.10998,0.004719108240032452,0.050550109943211,0,0.11469910824003245,0.4719108240032449
number of iterations,12,Execution time: ,6.578826427459717
