architecture,t_cbt,t_hxt,eta_hpfp,eta_r,p_cbt,qm_cb0,t0,p0,tpr_hx,Q_hx,pcc,v
pump,460,100,0.154,0.71,1330000.0,0.10998,25.2,345000.0,0.95,159000.0,True,0
P_hpfp,P_rv,p_hpfp
17835.045837593316,13363.714512558669,1889258.855973307
Q,Q_phc
741635.567419798,582635.567419798
qm_cb,qm_phc/qm_t,qm_r,qm_v,qm,m_z
0.10998,0.0046364013978565655,0.020744261139180303,0,0.11461640139785656,0.463640139785656
number of iterations,13,Execution time: ,7.090047836303711
