architecture,t_cbt,t_hxt,eta_hpfp,eta_r,p_cbt,qm_cb0,t0,p0,tpr_hx,Q_hx,pcc,v
pump,460,190,0.154,0.71,1330000.0,0.10643299737335071,25.2,345000.0,0.95,159000.0,True,0
P_hpfp,P_rv,p_hpfp
17390.14134944515,39010.39732821908,1889258.8433249607
Q,Q_phc
697647.3694531322,538647.3694531322
qm_cb,qm_phc/qm_t,qm_r,qm_v,qm,qm_pot
0.10643299737335071,0.0043689814318597035,0.060605698325606236,0,0.11080197880521042,0.0010282733018879887
number of iterations,12,Execution time: ,5.7745680809021
