architecture,t_cbt,t_hxt,eta_hpfp,eta_r,p_cbt,qm_cb0,t0,p0,tpr_hx,Q_hx,pcc,v
pump,460,130,0.154,0.71,1330000.0,0.10643299737335071,25.2,345000.0,0.95,159000.0,True,0
P_hpfp,P_rv,p_hpfp
17336.605709908687,19722.887084207952,1889258.8433249607
Q,Q_phc
714667.074975395,555667.074975395
qm_cb,qm_phc/qm_t,qm_r,qm_v,qm,qm_pot
0.10643299737335071,0.004252404882582407,0.03062940316996422,0,0.11068540225593312,0.0008005798452019085
number of iterations,12,Execution time: ,5.648454189300537
