architecture,t_cbt,t_hxt,eta_hpfp,eta_r,p_cbt,qm_cb0,t0,p0,tpr_hx,Q_hx,pcc,v
pump,460,120,0.154,0.71,1330000.0,0.10643299737335071,25.2,345000.0,0.95,159000.0,True,0
P_hpfp,P_rv,p_hpfp
17328.778534498306,17259.931501338455,1889258.855973307
Q,Q_phc
716798.4461327296,557798.4461327296
qm_cb,qm_phc/qm_t,qm_r,qm_v,qm,qm_pot
0.10643299737335071,0.004231734607432815,0.026806121982415138,0,0.11066473198078353,0.0007709131530414929
number of iterations,13,Execution time: ,6.017890691757202
