architecture,t_cbt,t_hxt,eta_hpfp,eta_r,p_cbt,qm_cb0,t0,p0,tpr_hx,Q_hx,pcc,v
pump,460,160,0.154,0.71,1330000.0,0.10998,25.2,345000.0,0.95,159000.0,True,0
P_hpfp,P_rv,p_hpfp
17846.465121862453,29152.996531165325,1889258.8433249607
Q,Q_phc
726329.7113004447,567329.7113004447
qm_cb,qm_phc/qm_t,qm_r,qm_v,qm,m_z
0.10998,0.004709790185267293,0.045272970269506996,0,0.11468979018526729,0.4709790185267298
number of iterations,12,Execution time: ,6.3610851764678955
