architecture,t_cbt,t_hxt,eta_hpfp,eta_r,p_cbt,qm_cb0,t0,p0,tpr_hx,Q_hx,pcc,v
pump,460,180,0.154,0.71,1330000.0,0.10998,25.2,345000.0,0.95,159000.0,True,0
P_hpfp,P_rv,p_hpfp
17849.121330706093,36171.15035411977,1889258.8433249607
Q,Q_phc
719424.0010250532,560424.0010250532
qm_cb,qm_phc/qm_t,qm_r,qm_v,qm,m_z
0.10998,0.004726860234315386,0.05617445603586218,0,0.11470686023431538,0.4726860234315384
number of iterations,12,Execution time: ,6.224445819854736
