architecture,t_cbt,t_hxt,eta_hpfp,eta_r,p_cbt,qm_cb0,t0,p0,tpr_hx,Q_hx,pcc,v
pump,460,130,0.154,0.71,1330000.0,0.10998,25.2,345000.0,0.95,159000.0,True,0
P_hpfp,P_rv,p_hpfp
17841.08627269628,20279.55599000262,1889258.8433249607
Q,Q_phc
734975.4525462384,575975.4525462384
qm_cb,qm_phc/qm_t,qm_r,qm_v,qm,m_z
0.10998,0.004675223167199899,0.031486674471347544,0,0.1146552231671999,0.46752231671998995
number of iterations,12,Execution time: ,6.4092323780059814
