architecture,t_cbt,t_hxt,eta_hpfp,eta_r,p_cbt,qm_cb0,t0,p0,tpr_hx,Q_hx,pcc,v
pump,460,180,0.154,0.71,1330000.0,0.10643299737335071,25.2,345000.0,0.95,159000.0,True,0
P_hpfp,P_rv,p_hpfp
17380.634006254444,35239.54561135198,1889258.8433249607
Q,Q_phc
701015.4838913217,542015.4838913217
qm_cb,qm_phc/qm_t,qm_r,qm_v,qm,qm_pot
0.10643299737335071,0.004351842198760098,0.05474600829224956,0,0.11078483957211081,0.0009842739528150317
number of iterations,12,Execution time: ,5.86802077293396
