architecture,t_cbt,t_hxt,eta_hpfp,eta_r,p_cbt,qm_cb0,t0,p0,tpr_hx,Q_hx,pcc,v
pump,460,110,0.154,0.71,1330000.0,0.10643299737335071,25.2,345000.0,0.95,159000.0,True,0
P_hpfp,P_rv,p_hpfp
17321.407170244143,15012.051309883484,1889258.8597899457
Q,Q_phc
718734.0644408058,559734.0644408058
qm_cb,qm_phc/qm_t,qm_r,qm_v,qm,qm_pot
0.10643299737335071,0.0042115233783296905,0.02331606580764579,0,0.11064452075168041,0.000743720674397172
number of iterations,14,Execution time: ,6.646795988082886
