architecture,t_cbt,t_hxt,eta_hpfp,eta_r,p_cbt,qm_cb0,t0,p0,tpr_hx,Q_hx,pcc,v
pump,460,190,0.154,0.71,1330000.0,0.10998,25.2,345000.0,0.95,159000.0,True,0
P_hpfp,P_rv,p_hpfp
17850.040928684146,40023.45610784187,1889258.8433249607
Q,Q_phc
715610.624009646,556610.624009646
qm_cb,qm_phc/qm_t,qm_r,qm_v,qm,m_z
0.10998,0.0047327700040337845,0.06215776083493103,0,0.11471277000403378,0.47327700040337817
number of iterations,12,Execution time: ,6.000694990158081
