architecture,t_cbt,t_hxt,eta_hpfp,eta_r,p_cbt,qm_cb0,t0,p0,tpr_hx,Q_hx,pcc,v
pump,460,110,0.154,0.71,1330000.0,0.11,25.2,345000.0,0.95,149000.0,True,0
P_hpfp,P_rv,p_hpfp
17858.516623340598,15469.877108235618,1889366.2728114282
Q,Q_phc
740469.5391603239,591469.5391603239
qm_cb,qm_phc/qm_t,qm_r,qm_v,qm,m_z
0.11,0.004759238346299903,0.024016487689028494,0,0.1147592383462999,0.47592383462999027
number of iterations,10,Execution time: ,8.931718349456787
