architecture,t_cbt,t_hxt,eta_hpfp,eta_r,p_cbt,qm_cb0,t0,p0,tpr_hx,Q_hx,pcc,v
pump,460,150,0.154,0.71,1330000.0,0.10643299737335071,25.2,345000.0,0.95,159000.0,True,0
P_hpfp,P_rv,p_hpfp
17353.34053718329,25277.811018881366,1889258.8433249607
Q,Q_phc
709821.0492744885,550821.0492744885
qm_cb,qm_phc/qm_t,qm_r,qm_v,qm,qm_pot
0.10643299737335071,0.004293734548148746,0.03926398851083333,0,0.11072673192149945,0.0008668663234886705
number of iterations,12,Execution time: ,5.721628665924072
