architecture,t_cbt,t_hxt,eta_hpfp,eta_r,p_cbt,qm_cb0,t0,p0,tpr_hx,Q_hx,pcc,v
pump,460,240,0.154,0.71,1330000.0,0.10998,25.2,345000.0,0.95,159000.0,True,0
P_hpfp,P_rv,p_hpfp
17848.68944238736,63345.945826643736,1889258.8433249607
Q,Q_phc
692230.9227074791,533230.9227074791
qm_cb,qm_phc/qm_t,qm_r,qm_v,qm,m_z
0.10998,0.004724084716568849,0.09837872182725488,0,0.11470408471656884,0.472408471656885
number of iterations,12,Execution time: ,6.738269329071045
