architecture,t_cbt,t_hxt,eta_hpfp,eta_r,p_cbt,qm_cb0,t0,p0,tpr_hx,Q_hx,pcc,v
pump,460,260,0.154,0.71,1330000.0,0.10643299737335071,25.2,345000.0,0.95,159000.0,True,0
P_hpfp,P_rv,p_hpfp
17460.15415788302,73526.27134206575,1889258.8433249607
Q,Q_phc
666097.2838175136,507097.2838175136
qm_cb,qm_phc/qm_t,qm_r,qm_v,qm,qm_pot
0.10643299737335071,0.004425692782576461,0.11423417400772909,0,0.11085869015592717,0.001421791185137906
number of iterations,12,Execution time: ,8.364200353622437
