architecture,t_cbt,t_hxt,eta_hpfp,eta_r,p_cbt,qm_cb0,t0,p0,tpr_hx,Q_hx,pcc,v
pump,460,250,0.154,0.71,1330000.0,0.10643299737335071,25.2,345000.0,0.95,159000.0,True,0
P_hpfp,P_rv,p_hpfp
17449.848840434053,67506.25817217726,1889258.8433249607
Q,Q_phc
671680.7569969913,512680.75699699135
qm_cb,qm_phc/qm_t,qm_r,qm_v,qm,qm_pot
0.10643299737335071,0.004427019567681845,0.104881041695589,0,0.11086001694103256,0.0013541943091112446
number of iterations,12,Execution time: ,9.146227836608887
