architecture,t_cbt,t_hxt,eta_hpfp,eta_r,p_cbt,qm_cb0,t0,p0,tpr_hx,Q_hx,pcc,v
pump,460,210,0.154,0.71,1330000.0,0.10998,25.2,345000.0,0.95,159000.0,True,0
P_hpfp,P_rv,p_hpfp
17850.84239348276,48474.437525633104,1889258.8433249607
Q,Q_phc
707193.5704757329,548193.5704757329
qm_cb,qm_phc/qm_t,qm_r,qm_v,qm,m_z
0.10998,0.0047379205943028635,0.07528285909242974,0,0.11471792059430286,0.47379205943028607
number of iterations,12,Execution time: ,6.441190719604492
