architecture,t_cbt,t_hxt,eta_hpfp,eta_r,p_cbt,qm_cb0,t0,p0,tpr_hx,Q_hx,pcc,v
pump,460,270,0.154,0.71,1330000.0,0.11,25.2,345000.0,0.95,149000.0,True,0
P_hpfp,P_rv,p_hpfp
17865.626541179896,81793.73584766526,1889366.2640801906
Q,Q_phc
674446.6762275139,525446.6762275139
qm_cb,qm_phc/qm_t,qm_r,qm_v,qm,m_z
0.11,0.00480487738284739,0.12704780851504954,0,0.11480487738284739,0.480487738284739
number of iterations,7,Execution time: ,5.9003918170928955
