architecture,t_cbt,t_hxt,eta_hpfp,eta_r,p_cbt,qm_cb0,t0,p0,tpr_hx,Q_hx,pcc,v
pump,460,200,0.154,0.71,1330000.0,0.10998,25.2,345000.0,0.95,159000.0,True,0
P_hpfp,P_rv,p_hpfp
17850.630002099686,44118.99871344612,1889258.8433249607
Q,Q_phc
711540.0182627444,552540.0182627444
qm_cb,qm_phc/qm_t,qm_r,qm_v,qm,m_z
0.10998,0.0047365556672433334,0.06851858128677686,0,0.11471655566724333,0.47365556672433384
number of iterations,12,Execution time: ,6.1960015296936035
