architecture,t_cbt,t_hxt,eta_hpfp,eta_r,p_cbt,qm_cb0,t0,p0,tpr_hx,Q_hx,pcc,v
pump,460,230,0.154,0.71,1330000.0,0.10643299737335071,25.2,345000.0,0.95,159000.0,True,0
P_hpfp,P_rv,p_hpfp
17429.51844953205,56712.0203354131,1889258.8433249607
Q,Q_phc
681613.786171979,522613.78617197904
qm_cb,qm_phc/qm_t,qm_r,qm_v,qm,qm_pot
0.10643299737335071,0.004418497068509069,0.08811013328432561,0,0.11085149444185978,0.0012319787829671981
number of iterations,12,Execution time: ,6.98897385597229
