architecture,t_cbt,t_hxt,eta_hpfp,eta_r,p_cbt,qm_cb0,t0,p0,tpr_hx,Q_hx,pcc,v
pump,460,230,0.154,0.71,1330000.0,0.10998,25.2,345000.0,0.95,159000.0,True,0
P_hpfp,P_rv,p_hpfp
17849.93151608136,58057.658221350954,1889258.8433249607
Q,Q_phc
697571.7902041543,538571.7902041543
qm_cb,qm_phc/qm_t,qm_r,qm_v,qm,m_z
0.10998,0.004732066867117246,0.09016590687190025,0,0.11471206686711724,0.47320668671172506
number of iterations,12,Execution time: ,6.171546220779419
