architecture,t_cbt,t_hxt,eta_hpfp,eta_r,p_cbt,qm_cb0,t0,p0,tpr_hx,Q_hx,pcc,v
pump,460,250,0.154,0.71,1330000.0,0.11,25.2,345000.0,0.95,149000.0,True,0
P_hpfp,P_rv,p_hpfp
17871.11995687455,69090.61526691358,1889366.2640801906
Q,Q_phc
687382.3295402721,538382.3295402721
qm_cb,qm_phc/qm_t,qm_r,qm_v,qm,m_z
0.11,0.004840236243229298,0.10731859460335727,0,0.1148402362432293,0.48402362432292984
number of iterations,7,Execution time: ,4.322124242782593
