architecture,t_cbt,t_hxt,eta_hpfp,eta_r,p_cbt,qm_cb0,t0,p0,tpr_hx,Q_hx,pcc,v
pump,460,250,0.154,0.71,1330000.0,0.10998,25.2,345000.0,0.95,159000.0,True,0
P_hpfp,P_rv,p_hpfp
17846.828955695397,69016.27775775286,1889258.8433249607
Q,Q_phc
686481.8320129772,527481.8320129772
qm_cb,qm_phc/qm_t,qm_r,qm_v,qm,m_z
0.10998,0.004712128352835923,0.10718485229505585,0,0.11469212835283592,0.47121283528359215
number of iterations,12,Execution time: ,6.26120662689209
