architecture,t_cbt,t_hxt,eta_hpfp,eta_r,p_cbt,qm_cb0,t0,p0,tpr_hx,Q_hx,pcc,v
pump,460,270,0.154,0.71,1330000.0,0.10643299737335071,25.2,345000.0,0.95,159000.0,True,0
P_hpfp,P_rv,p_hpfp
17470.547565581393,80034.74192480123,1889258.8433249607
Q,Q_phc
660029.0847857954,501029.0847857954
qm_cb,qm_phc/qm_t,qm_r,qm_v,qm,qm_pot
0.10643299737335071,0.004419856106040199,0.1243461617999952,0,0.11085285347939092,0.0014944644318782337
number of iterations,12,Execution time: ,9.524091482162476
