architecture,t_cbt,t_hxt,eta_hpfp,eta_r,p_cbt,qm_cb0,t0,p0,tpr_hx,Q_hx,pcc,v
pump,470,110,0.154,0.71,1330000.0,0.10998,25.2,345000.0,0.95,159000.0,True,0
P_hpfp,P_rv,p_hpfp
17859.245767664943,15397.050864038913,1889258.855973307
Q,Q_phc
757310.8520642502,598310.8520642502
qm_cb,qm_phc/qm_t,qm_r,qm_v,qm,m_z
0.10998,0.0047919215419676,0.02339842809953833,0,0.1147719215419676,0.4791921541967605
number of iterations,13,Execution time: ,7.302330255508423
