architecture,t_cbt,t_hxt,eta_hpfp,eta_r,p_cbt,qm_cb0,t0,p0,tpr_hx,Q_hx,pcc,v
pump,470,180,0.154,0.71,1330000.0,0.10998,25.2,345000.0,0.95,159000.0,True,0
P_hpfp,P_rv,p_hpfp
17873.218847533775,35826.85941602202,1889258.8433249607
Q,Q_phc
737485.631753547,578485.631753547
qm_cb,qm_phc/qm_t,qm_r,qm_v,qm,m_z
0.10998,0.004881722226876994,0.05446303477608932,0,0.11486172222687699,0.48817222268769994
number of iterations,12,Execution time: ,6.746393918991089
