architecture,t_cbt,t_hxt,eta_hpfp,eta_r,p_cbt,qm_cb0,t0,p0,tpr_hx,Q_hx,pcc,v
pump,470,130,0.154,0.71,1330000.0,0.10998,25.2,345000.0,0.95,159000.0,True,0
P_hpfp,P_rv,p_hpfp
17863.714915871762,20177.067729689566,1889258.8433249607
Q,Q_phc
752724.221119125,593724.221119125
qm_cb,qm_phc/qm_t,qm_r,qm_v,qm,m_z
0.10998,0.004820645485863667,0.030665206616448382,0,0.11480064548586366,0.4820645485863667
number of iterations,12,Execution time: ,5.600209712982178
