architecture,t_cbt,t_hxt,eta_hpfp,eta_r,p_cbt,qm_cb0,t0,p0,tpr_hx,Q_hx,pcc,v
pump,470,110,0.154,0.71,1330000.0,0.10630460549074833,25.2,345000.0,0.95,159000.0,True,0
P_hpfp,P_rv,p_hpfp
17321.414630359835,14945.14126925689,1889258.855973307
Q,Q_phc
734993.605631081,575993.605631081
qm_cb,qm_phc/qm_t,qm_r,qm_v,qm,qm_pot
0.10630460549074833,0.004330740832112418,0.02271777946887743,0,0.11063534632286075,0.0007529439782655745
number of iterations,13,Execution time: ,10.020621299743652
