architecture,t_cbt,t_hxt,eta_hpfp,eta_r,p_cbt,qm_cb0,t0,p0,tpr_hx,Q_hx,pcc,v
pump,470,170,0.154,0.71,1330000.0,0.10630460549074833,25.2,345000.0,0.95,159000.0,True,0
P_hpfp,P_rv,p_hpfp
17372.654884620737,31389.136814389527,1889258.8433249607
Q,Q_phc
720768.1014970979,561768.1014970979
qm_cb,qm_phc/qm_t,qm_r,qm_v,qm,qm_pot
0.10630460549074833,0.00446324991496397,0.04773161554423117,0,0.1107678554057123,0.0009499470248434657
number of iterations,12,Execution time: ,8.088438987731934
