architecture,t_cbt,t_hxt,eta_hpfp,eta_r,p_cbt,qm_cb0,t0,p0,tpr_hx,Q_hx,pcc,v
pump,470,140,0.154,0.71,1330000.0,0.10630460549074833,25.2,345000.0,0.95,159000.0,True,0
P_hpfp,P_rv,p_hpfp
17345.407343459803,22233.587508813092,1889258.8433249607
Q,Q_phc
728743.9557332388,569743.9557332388
qm_cb,qm_phc/qm_t,qm_r,qm_v,qm,qm_pot
0.10630460549074833,0.004396990968226601,0.033802487676212974,0,0.11070159645897493,0.000840986038855946
number of iterations,12,Execution time: ,8.497380018234253
