architecture,t_cbt,t_hxt,eta_hpfp,eta_r,p_cbt,qm_cb0,t0,p0,tpr_hx,Q_hx,pcc,v
pump,470,190,0.154,0.71,1330000.0,0.10630460549074833,25.2,345000.0,0.95,159000.0,True,0
P_hpfp,P_rv,p_hpfp
17392.010492782323,38547.81379262698,1889258.8433249607
Q,Q_phc
714447.4346489955,555447.4346489955
qm_cb,qm_phc/qm_t,qm_r,qm_v,qm,qm_pot
0.10630460549074833,0.004503570508957873,0.05862081685123507,0,0.1108081759997062,0.0010340959504987072
number of iterations,12,Execution time: ,8.48013710975647
