architecture,t_cbt,t_hxt,eta_hpfp,eta_r,p_cbt,qm_cb0,t0,p0,tpr_hx,Q_hx,pcc,v
pump,470,140,0.154,0.71,1330000.0,0.10998,25.2,345000.0,0.95,159000.0,True,0
P_hpfp,P_rv,p_hpfp
17865.888299417074,22883.715259462344,1889258.8433249607
Q,Q_phc
750111.6083940526,591111.6083940526
qm_cb,qm_phc/qm_t,qm_r,qm_v,qm,m_z
0.10998,0.004834612672144092,0.03478184238831386,0,0.11481461267214409,0.4834612672144096
number of iterations,12,Execution time: ,5.789434909820557
