architecture,t_cbt,t_hxt,eta_hpfp,eta_r,p_cbt,qm_cb0,t0,p0,tpr_hx,Q_hx,pcc,v
pump,470,100,0.154,0.71,1330000.0,0.10630460549074833,25.2,345000.0,0.95,159000.0,True,0
P_hpfp,P_rv,p_hpfp
17314.32140983371,12920.61522538584,1889258.8597899457
Q,Q_phc
736711.0211678674,577711.0211678674
qm_cb,qm_phc/qm_t,qm_r,qm_v,qm,qm_pot
0.10630460549074833,0.004309841829276245,0.019641387230361244,0,0.11061444732002457,0.0007282279240720759
number of iterations,14,Execution time: ,9.793643712997437
