architecture,t_cbt,t_hxt,eta_hpfp,eta_r,p_cbt,qm_cb0,t0,p0,tpr_hx,Q_hx,pcc,v
pump,470,170,0.154,0.71,1330000.0,0.10998,25.2,345000.0,0.95,159000.0,True,0
P_hpfp,P_rv,p_hpfp
17871.676543958805,32273.39353410101,1889258.8433249607
Q,Q_phc
740972.367482949,581972.367482949
qm_cb,qm_phc/qm_t,qm_r,qm_v,qm,m_z
0.10998,0.004871810657711473,0.04906032245355434,0,0.11485181065771147,0.48718106577114695
number of iterations,12,Execution time: ,6.534091472625732
