architecture,t_cbt,t_hxt,eta_hpfp,eta_r,p_cbt,qm_cb0,t0,p0,tpr_hx,Q_hx,pcc,v
pump,470,170,0.154,0.71,1330000.0,0.11,25.2,345000.0,0.95,149000.0,True,0
P_hpfp,P_rv,p_hpfp
17894.387870325256,32308.281599316233,1889366.2640801906
Q,Q_phc
741865.4364803077,592865.4364803077
qm_cb,qm_phc/qm_t,qm_r,qm_v,qm,m_z
0.11,0.004989835607757297,0.04911736064815391,0,0.1149898356077573,0.49898356077572975
number of iterations,7,Execution time: ,5.223267555236816
