architecture,t_cbt,t_hxt,eta_hpfp,eta_r,p_cbt,qm_cb0,t0,p0,tpr_hx,Q_hx,pcc,v
pump,470,100,0.154,0.71,1330000.0,0.11,25.2,345000.0,0.95,149000.0,True,0
P_hpfp,P_rv,p_hpfp
17878.448808711997,13335.932266868462,1889366.2728114282
Q,Q_phc
760148.1678999403,611148.1678999403
qm_cb,qm_phc/qm_t,qm_r,qm_v,qm,m_z
0.11,0.004887294381011042,0.020262532663572662,0,0.11488729438101104,0.48872943810110414
number of iterations,10,Execution time: ,7.698714017868042
