architecture,t_cbt,t_hxt,eta_hpfp,eta_r,p_cbt,qm_cb0,t0,p0,tpr_hx,Q_hx,pcc,v
pump,470,130,0.154,0.71,1330000.0,0.11,25.2,345000.0,0.95,149000.0,True,0
P_hpfp,P_rv,p_hpfp
17885.674426453686,20210.010572424344,1889366.271814466
Q,Q_phc
753586.6994296475,604586.6994296475
qm_cb,qm_phc/qm_t,qm_r,qm_v,qm,m_z
0.11,0.004933702927256657,0.030707436332195037,0,0.11493370292725666,0.4933702927256657
number of iterations,8,Execution time: ,6.079421758651733
