architecture,t_cbt,t_hxt,eta_hpfp,eta_r,p_cbt,qm_cb0,t0,p0,tpr_hx,Q_hx,pcc,v
pump,470,230,0.154,0.71,1330000.0,0.11,25.2,345000.0,0.95,149000.0,True,0
P_hpfp,P_rv,p_hpfp
17900.13175657161,57209.27429414782,1889366.2640801906
Q,Q_phc
717212.94436587,568212.94436587
qm_cb,qm_phc/qm_t,qm_r,qm_v,qm,m_z
0.11,0.005026735683942213,0.08698575710498821,0,0.11502673568394221,0.5026735683942213
number of iterations,7,Execution time: ,3.842693328857422
