architecture,t_cbt,t_hxt,eta_hpfp,eta_r,p_cbt,qm_cb0,t0,p0,tpr_hx,Q_hx,pcc,v
pump,470,270,0.154,0.71,1330000.0,0.11,25.2,345000.0,0.95,149000.0,True,0
P_hpfp,P_rv,p_hpfp
17894.446775842975,79985.69598665631,1889366.2640801906
Q,Q_phc
694190.5705514005,545190.5705514005
qm_cb,qm_phc/qm_t,qm_r,qm_v,qm,m_z
0.11,0.004990109339633513,0.12161031973086446,0,0.11499010933963351,0.4990109339633513
number of iterations,7,Execution time: ,3.8216845989227295
