architecture,t_cbt,t_hxt,eta_hpfp,eta_r,p_cbt,qm_cb0,t0,p0,tpr_hx,Q_hx,pcc,v
pump,470,220,0.154,0.71,1330000.0,0.10630460549074833,25.2,345000.0,0.95,159000.0,True,0
P_hpfp,P_rv,p_hpfp
17422.17948366226,51044.543684424694,1889258.8433249607
Q,Q_phc
703256.8853619243,544256.8853619243
qm_cb,qm_phc/qm_t,qm_r,qm_v,qm,qm_pot
0.10630460549074833,0.004552633765758252,0.07762753526345054,0,0.11085723925650658,0.0011790395041161132
number of iterations,12,Execution time: ,7.924044847488403
