architecture,t_cbt,t_hxt,eta_hpfp,eta_r,p_cbt,qm_cb0,t0,p0,tpr_hx,Q_hx,pcc,v
pump,470,230,0.154,0.71,1330000.0,0.10998,25.2,345000.0,0.95,159000.0,True,0
P_hpfp,P_rv,p_hpfp
17876.114454420727,57150.866393440076,1889258.8433249607
Q,Q_phc
716286.9076921105,557286.9076921105
qm_cb,qm_phc/qm_t,qm_r,qm_v,qm,m_z
0.10998,0.004900330760502891,0.08688028119752648,0,0.11488033076050289,0.4900330760502891
number of iterations,12,Execution time: ,6.8299338817596436
