architecture,t_cbt,t_hxt,eta_hpfp,eta_r,p_cbt,qm_cb0,t0,p0,tpr_hx,Q_hx,pcc,v
pump,470,260,0.154,0.71,1330000.0,0.10630460549074833,25.2,345000.0,0.95,159000.0,True,0
P_hpfp,P_rv,p_hpfp
17463.94340802029,71934.43684238325,1889258.8433249607
Q,Q_phc
684175.1808898523,525175.1808898523
qm_cb,qm_phc/qm_t,qm_r,qm_v,qm,qm_pot
0.10630460549074833,0.004583621679128002,0.10939754460006014,0,0.11088822716987633,0.001416621586589962
number of iterations,12,Execution time: ,6.092514276504517
