architecture,t_cbt,t_hxt,eta_hpfp,eta_r,p_cbt,qm_cb0,t0,p0,tpr_hx,Q_hx,pcc,v
pump,470,280,0.154,0.71,1330000.0,0.10630460549074833,25.2,345000.0,0.95,159000.0,True,0
P_hpfp,P_rv,p_hpfp
17485.383410399198,84882.7087390572,1889258.8433249607
Q,Q_phc
672155.1639482105,513155.16394821054
qm_cb,qm_phc/qm_t,qm_r,qm_v,qm,qm_pot
0.10630460549074833,0.00457665888421809,0.12908935063854896,0,0.11088126437496641,0.0015614579515319336
number of iterations,12,Execution time: ,6.294490337371826
