architecture,t_cbt,t_hxt,eta_hpfp,eta_r,p_cbt,qm_cb0,t0,p0,tpr_hx,Q_hx,pcc,v
pump,470,210,0.154,0.71,1330000.0,0.10998,25.2,345000.0,0.95,159000.0,True,0
P_hpfp,P_rv,p_hpfp
17876.097705894957,47846.40662368307,1889258.8433249607
Q,Q_phc
725590.642810964,566590.642810964
qm_cb,qm_phc/qm_t,qm_r,qm_v,qm,m_z
0.10998,0.004900223126588096,0.07273583023351339,0,0.11488022312658809,0.4900223126588097
number of iterations,12,Execution time: ,6.640184164047241
