architecture,t_cbt,t_hxt,eta_hpfp,eta_r,p_cbt,qm_cb0,t0,p0,tpr_hx,Q_hx,pcc,v
pump,470,280,0.154,0.71,1330000.0,0.11,25.2,345000.0,0.95,149000.0,True,0
P_hpfp,P_rv,p_hpfp
17891.16786035156,86801.59059890681,1889366.2640801906
Q,Q_phc
687232.8186028916,538232.8186028916
qm_cb,qm_phc/qm_t,qm_r,qm_v,qm,m_z
0.11,0.004969009384989989,0.13197215649968658,0,0.11496900938499,0.49690093849899886
number of iterations,7,Execution time: ,3.895753860473633
