architecture,t_cbt,t_hxt,eta_hpfp,eta_r,p_cbt,qm_cb0,t0,p0,tpr_hx,Q_hx,pcc,v
pump,470,210,0.154,0.71,1330000.0,0.10630460549074833,25.2,345000.0,0.95,159000.0,True,0
P_hpfp,P_rv,p_hpfp
17411.998195456352,46622.89551539352,1889258.8433249607
Q,Q_phc
707237.7298846348,548237.7298846348
qm_cb,qm_phc/qm_t,qm_r,qm_v,qm,qm_pot
0.10630460549074833,0.004538178733228325,0.07090270353034328,0,0.11084278422397666,0.0011280220367989773
number of iterations,12,Execution time: ,8.04828929901123
