architecture,t_cbt,t_hxt,eta_hpfp,eta_r,p_cbt,qm_cb0,t0,p0,tpr_hx,Q_hx,pcc,v
pump,470,200,0.154,0.71,1330000.0,0.10630460549074833,25.2,345000.0,0.95,159000.0,True,0
P_hpfp,P_rv,p_hpfp
17401.936921651286,42463.889189144495,1889258.8433249607
Q,Q_phc
710961.1286443161,551961.1286443161
qm_cb,qm_phc/qm_t,qm_r,qm_v,qm,qm_pot
0.10630460549074833,0.004521727811002836,0.06457713805052204,0,0.11082633330175116,0.0010797722321281447
number of iterations,12,Execution time: ,8.330602645874023
