architecture,t_cbt,t_hxt,eta_hpfp,eta_r,p_cbt,qm_cb0,t0,p0,tpr_hx,Q_hx,pcc,v
pump,470,250,0.154,0.71,1330000.0,0.11,25.2,345000.0,0.95,149000.0,True,0
P_hpfp,P_rv,p_hpfp
17898.586515244588,67803.6607407747,1889366.2640801906
Q,Q_phc
706551.7053824511,557551.7053824511
qm_cb,qm_phc/qm_t,qm_r,qm_v,qm,m_z
0.11,0.0050167620344581535,0.10309115527998466,0,0.11501676203445815,0.5016762034458153
number of iterations,7,Execution time: ,3.9146945476531982
