architecture,t_cbt,t_hxt,eta_hpfp,eta_r,p_cbt,qm_cb0,t0,p0,tpr_hx,Q_hx,pcc,v
pump,470,230,0.154,0.71,1330000.0,0.10630460549074833,25.2,345000.0,0.95,159000.0,True,0
P_hpfp,P_rv,p_hpfp
17432.470524206816,55753.42485838569,1889258.8433249607
Q,Q_phc
698993.5596132423,539993.5596132423
qm_cb,qm_phc/qm_t,qm_r,qm_v,qm,qm_pot
0.10630460549074833,0.004564780103008325,0.08478907225642653,0,0.11086938559375666,0.0012330714477331206
number of iterations,12,Execution time: ,7.970767498016357
