architecture,t_cbt,t_hxt,eta_hpfp,eta_r,p_cbt,qm_cb0,t0,p0,tpr_hx,Q_hx,pcc,v
pump,470,260,0.154,0.71,1330000.0,0.11,25.2,345000.0,0.95,149000.0,True,0
P_hpfp,P_rv,p_hpfp
17896.884327066356,73672.44812290384,1889366.2640801906
Q,Q_phc
700609.2753945864,551609.2753945864
qm_cb,qm_phc/qm_t,qm_r,qm_v,qm,m_z
0.11,0.005005799484380963,0.11201282519451122,0,0.11500579948438096,0.5005799484380963
number of iterations,7,Execution time: ,3.9652698040008545
