architecture,t_cbt,t_hxt,eta_hpfp,eta_r,p_cbt,qm_cb0,t0,p0,tpr_hx,Q_hx,pcc,v
pump,470,210,0.154,0.71,1330000.0,0.11,25.2,345000.0,0.95,149000.0,True,0
P_hpfp,P_rv,p_hpfp
17899.661824624214,47891.72553790679,1889366.2640801906
Q,Q_phc
726510.1622247595,577510.1622247595
qm_cb,qm_phc/qm_t,qm_r,qm_v,qm,m_z
0.11,0.0050237503112321395,0.07282036956012296,0,0.11502375031123215,0.5023750311232139
number of iterations,7,Execution time: ,3.9629223346710205
