architecture,t_cbt,t_hxt,eta_hpfp,eta_r,p_cbt,qm_cb0,t0,p0,tpr_hx,Q_hx,pcc,v
pump,480,150,0.154,0.71,1330000.0,0.10998,25.2,345000.0,0.95,159000.0,True,0
P_hpfp,P_rv,p_hpfp
17891.166526450532,25641.20974654535,1889258.8433249607
Q,Q_phc
765160.4979286595,606160.4979286595
qm_cb,qm_phc/qm_t,qm_r,qm_v,qm,m_z
0.10998,0.004997062464577831,0.038168494978078206,0,0.11497706246457783,0.4997062464577837
number of iterations,12,Execution time: ,6.2889015674591064
