architecture,t_cbt,t_hxt,eta_hpfp,eta_r,p_cbt,qm_cb0,t0,p0,tpr_hx,Q_hx,pcc,v
pump,480,120,0.154,0.71,1330000.0,0.11,25.2,345000.0,0.95,149000.0,True,0
P_hpfp,P_rv,p_hpfp
17905.83201808524,17631.630372542568,1889366.2727081615
Q,Q_phc
773762.3898369565,624762.3898369565
qm_cb,qm_phc/qm_t,qm_r,qm_v,qm,m_z
0.11,0.005063258320072525,0.026237855021157237,0,0.11506325832007253,0.5063258320072525
number of iterations,9,Execution time: ,4.826785564422607
