architecture,t_cbt,t_hxt,eta_hpfp,eta_r,p_cbt,qm_cb0,t0,p0,tpr_hx,Q_hx,pcc,v
pump,480,170,0.154,0.71,1330000.0,0.11,25.2,345000.0,0.95,149000.0,True,0
P_hpfp,P_rv,p_hpfp
17918.33161066977,32048.07423444992,1889366.2640801906
Q,Q_phc
759898.4362944314,610898.4362944314
qm_cb,qm_phc/qm_t,qm_r,qm_v,qm,m_z
0.11,0.005143710365935884,0.04771424686679081,0,0.11514371036593589,0.5143710365935884
number of iterations,7,Execution time: ,3.773923397064209
