architecture,t_cbt,t_hxt,eta_hpfp,eta_r,p_cbt,qm_cb0,t0,p0,tpr_hx,Q_hx,pcc,v
pump,480,120,0.154,0.71,1330000.0,0.10998,25.2,345000.0,0.95,159000.0,True,0
P_hpfp,P_rv,p_hpfp
17883.9341136615,17612.313330594,1889258.8433249607
Q,Q_phc
772869.7167888897,613869.7167888897
qm_cb,qm_phc/qm_t,qm_r,qm_v,qm,m_z
0.10998,0.004950583573680223,0.0262101003323968,0,0.11493058357368022,0.49505835736802184
number of iterations,12,Execution time: ,6.63355016708374
