architecture,t_cbt,t_hxt,eta_hpfp,eta_r,p_cbt,qm_cb0,t0,p0,tpr_hx,Q_hx,pcc,v
pump,480,100,0.154,0.71,1330000.0,0.1061765316228325,25.2,345000.0,0.95,159000.0,True,0
P_hpfp,P_rv,p_hpfp
17314.106203020307,12867.12175439758,1889258.8597899457
Q,Q_phc
752939.3959742854,593939.3959742854
qm_cb,qm_phc/qm_t,qm_r,qm_v,qm,qm_pot
0.1061765316228325,0.004427345942199369,0.019155174286021086,0,0.11060387756503187,0.000737413755215415
number of iterations,14,Execution time: ,6.101455450057983
