architecture,t_cbt,t_hxt,eta_hpfp,eta_r,p_cbt,qm_cb0,t0,p0,tpr_hx,Q_hx,pcc,v
pump,480,130,0.154,0.71,1330000.0,0.11,25.2,345000.0,0.95,149000.0,True,0
P_hpfp,P_rv,p_hpfp
17908.486911163025,20112.808722820275,1889366.271814466
Q,Q_phc
771398.5552973415,622398.5552973415
qm_cb,qm_phc/qm_t,qm_r,qm_v,qm,m_z
0.11,0.0050802921504981115,0.029927931051114128,0,0.11508029215049811,0.5080292150498111
number of iterations,8,Execution time: ,4.263813734054565
