architecture,t_cbt,t_hxt,eta_hpfp,eta_r,p_cbt,qm_cb0,t0,p0,tpr_hx,Q_hx,pcc,v
pump,480,100,0.154,0.71,1330000.0,0.10998,25.2,345000.0,0.95,159000.0,True,0
P_hpfp,P_rv,p_hpfp
17879.063819310522,13283.856987054683,1889258.855973307
Q,Q_phc
776982.8810391371,617982.8810391371
qm_cb,qm_phc/qm_t,qm_r,qm_v,qm,m_z
0.10998,0.004919281672298492,0.01976644142778311,0,0.11489928167229849,0.49192816722984983
number of iterations,13,Execution time: ,7.313289403915405
