architecture,t_cbt,t_hxt,eta_hpfp,eta_r,p_cbt,qm_cb0,t0,p0,tpr_hx,Q_hx,pcc,v
pump,480,180,0.154,0.71,1330000.0,0.10998,25.2,345000.0,0.95,159000.0,True,0
P_hpfp,P_rv,p_hpfp
17897.349390386185,35505.89615349288,1889258.8433249607
Q,Q_phc
755569.0983055229,596569.0983055229
qm_cb,qm_phc/qm_t,qm_r,qm_v,qm,m_z
0.10998,0.005036796460228074,0.05285724632042754,0,0.11501679646022807,0.5036796460228073
number of iterations,12,Execution time: ,6.745120525360107
