architecture,t_cbt,t_hxt,eta_hpfp,eta_r,p_cbt,qm_cb0,t0,p0,tpr_hx,Q_hx,pcc,v
pump,480,140,0.154,0.71,1330000.0,0.1061765316228325,25.2,345000.0,0.95,159000.0,True,0
P_hpfp,P_rv,p_hpfp
17346.02916201058,22083.673126173235,1889258.8433249607
Q,Q_phc
745134.8311099722,586134.8311099722
qm_cb,qm_phc/qm_t,qm_r,qm_v,qm,qm_pot
0.1061765316228325,0.004520536236557786,0.032879698041007,0,0.11069706785939029,0.0008495133480486071
number of iterations,12,Execution time: ,5.52439022064209
