architecture,t_cbt,t_hxt,eta_hpfp,eta_r,p_cbt,qm_cb0,t0,p0,tpr_hx,Q_hx,pcc,v
pump,480,140,0.154,0.71,1330000.0,0.10998,25.2,345000.0,0.95,159000.0,True,0
P_hpfp,P_rv,p_hpfp
17888.81503316618,22758.2794660179,1889258.8433249607
Q,Q_phc
767939.4906094725,608939.4906094725
qm_cb,qm_phc/qm_t,qm_r,qm_v,qm,m_z
0.10998,0.0049819506612283765,0.033874945122813256,0,0.11496195066122837,0.49819506612283815
number of iterations,12,Execution time: ,6.301295518875122
