architecture,t_cbt,t_hxt,eta_hpfp,eta_r,p_cbt,qm_cb0,t0,p0,tpr_hx,Q_hx,pcc,v
pump,480,150,0.154,0.71,1330000.0,0.1061765316228325,25.2,345000.0,0.95,159000.0,True,0
P_hpfp,P_rv,p_hpfp
17355.05101761265,24888.938323399776,1889258.8433249607
Q,Q_phc
742728.6044763157,583728.6044763157
qm_cb,qm_phc/qm_t,qm_r,qm_v,qm,qm_pot
0.1061765316228325,0.004544838768358566,0.03705952309378873,0,0.11072137039119107,0.0008832273881767
number of iterations,12,Execution time: ,5.72963809967041
