architecture,t_cbt,t_hxt,eta_hpfp,eta_r,p_cbt,qm_cb0,t0,p0,tpr_hx,Q_hx,pcc,v
pump,480,150,0.154,0.71,1330000.0,0.11,25.2,345000.0,0.95,149000.0,True,0
P_hpfp,P_rv,p_hpfp
17913.64065487729,25679.780487019547,1889366.2640801906
Q,Q_phc
766059.4012485554,617059.4012485554
qm_cb,qm_phc/qm_t,qm_r,qm_v,qm,m_z
0.11,0.005113462864442105,0.038219774595711825,0,0.1151134628644421,0.5113462864442104
number of iterations,7,Execution time: ,3.756924867630005
