architecture,t_cbt,t_hxt,eta_hpfp,eta_r,p_cbt,qm_cb0,t0,p0,tpr_hx,Q_hx,pcc,v
pump,480,170,0.154,0.71,1330000.0,0.1061765316228325,25.2,345000.0,0.95,159000.0,True,0
P_hpfp,P_rv,p_hpfp
17374.0163597451,31098.345896573544,1889258.8433249607
Q,Q_phc
737358.0379593446,578358.0379593446
qm_cb,qm_phc/qm_t,qm_r,qm_v,qm,qm_pot
0.1061765316228325,0.004592712377463425,0.046310469715603576,0,0.11076924400029592,0.0009573136268586037
number of iterations,12,Execution time: ,5.700197696685791
