architecture,t_cbt,t_hxt,eta_hpfp,eta_r,p_cbt,qm_cb0,t0,p0,tpr_hx,Q_hx,pcc,v
pump,480,230,0.154,0.71,1330000.0,0.10998,25.2,345000.0,0.95,159000.0,True,0
P_hpfp,P_rv,p_hpfp
17902.277012479055,56313.68788531055,1889258.8433249607
Q,Q_phc
734979.1108158189,575979.1108158189
qm_cb,qm_phc/qm_t,qm_r,qm_v,qm,m_z
0.10998,0.005068463680603902,0.08383443927308117,0,0.1150484636806039,0.5068463680603901
number of iterations,12,Execution time: ,7.018616437911987
