architecture,t_cbt,t_hxt,eta_hpfp,eta_r,p_cbt,qm_cb0,t0,p0,tpr_hx,Q_hx,pcc,v
pump,480,240,0.154,0.71,1330000.0,0.1061765316228325,25.2,345000.0,0.95,159000.0,True,0
P_hpfp,P_rv,p_hpfp
17446.13433122082,59728.54732009232,1889258.8433249607
Q,Q_phc
711917.6295246053,552917.6295246053
qm_cb,qm_phc/qm_t,qm_r,qm_v,qm,qm_pot
0.1061765316228325,0.004723138644430981,0.08895367793455589,0,0.11089967026726348,0.0012906542016619966
number of iterations,12,Execution time: ,5.441732168197632
