architecture,t_cbt,t_hxt,eta_hpfp,eta_r,p_cbt,qm_cb0,t0,p0,tpr_hx,Q_hx,pcc,v
pump,480,250,0.154,0.71,1330000.0,0.1061765316228325,25.2,345000.0,0.95,159000.0,True,0
P_hpfp,P_rv,p_hpfp
17456.912194565888,64918.63980095086,1889258.8433249607
Q,Q_phc
707204.2441977146,548204.2441977146
qm_cb,qm_phc/qm_t,qm_r,qm_v,qm,qm_pot
0.1061765316228325,0.004733265204398102,0.09668341962561214,0,0.1109097968272306,0.0013498365191119902
number of iterations,12,Execution time: ,5.874704122543335
