architecture,t_cbt,t_hxt,eta_hpfp,eta_r,p_cbt,qm_cb0,t0,p0,tpr_hx,Q_hx,pcc,v
pump,480,230,0.154,0.71,1330000.0,0.11,25.2,345000.0,0.95,149000.0,True,0
P_hpfp,P_rv,p_hpfp
17926.46419251977,56372.04895898132,1889366.2640801906
Q,Q_phc
735933.9018323998,586933.9018323998
qm_cb,qm_phc/qm_t,qm_r,qm_v,qm,m_z
0.11,0.005195969642181882,0.08393713795310016,0,0.11519596964218189,0.5195969642181882
number of iterations,7,Execution time: ,4.064096212387085
