architecture,t_cbt,t_hxt,eta_hpfp,eta_r,p_cbt,qm_cb0,t0,p0,tpr_hx,Q_hx,pcc,v
pump,480,270,0.154,0.71,1330000.0,0.10998,25.2,345000.0,0.95,159000.0,True,0
P_hpfp,P_rv,p_hpfp
17897.99914716599,78243.53411057584,1889258.8433249607
Q,Q_phc
712860.1800392596,553860.1800392596
qm_cb,qm_phc/qm_t,qm_r,qm_v,qm,m_z
0.10998,0.005040972103316957,0.11648100778031914,0,0.11502097210331695,0.5040972103316952
number of iterations,12,Execution time: ,7.411165952682495
