architecture,t_cbt,t_hxt,eta_hpfp,eta_r,p_cbt,qm_cb0,t0,p0,tpr_hx,Q_hx,pcc,v
pump,480,240,0.154,0.71,1330000.0,0.11,25.2,345000.0,0.95,149000.0,True,0
P_hpfp,P_rv,p_hpfp
17926.486170627417,61333.49365208997,1889366.2640801906
Q,Q_phc
730973.4285179907,581973.4285179907
qm_cb,qm_phc/qm_t,qm_r,qm_v,qm,m_z
0.11,0.005196090895327345,0.09132296632222729,0,0.11519609089532734,0.5196090895327344
number of iterations,7,Execution time: ,3.8293213844299316
