architecture,t_cbt,t_hxt,eta_hpfp,eta_r,p_cbt,qm_cb0,t0,p0,tpr_hx,Q_hx,pcc,v
pump,480,210,0.154,0.71,1330000.0,0.11,25.2,345000.0,0.95,149000.0,True,0
P_hpfp,P_rv,p_hpfp
17925.085271034848,47308.86765382094,1889366.2640801906
Q,Q_phc
744936.1381744908,595936.1381744908
qm_cb,qm_phc/qm_t,qm_r,qm_v,qm,m_z
0.11,0.005187141419974505,0.0704444876266654,0,0.1151871414199745,0.5187141419974505
number of iterations,7,Execution time: ,3.890477180480957
