architecture,t_cbt,t_hxt,eta_hpfp,eta_r,p_cbt,qm_cb0,t0,p0,tpr_hx,Q_hx,pcc,v
pump,480,260,0.154,0.71,1330000.0,0.1061765316228325,25.2,345000.0,0.95,159000.0,True,0
P_hpfp,P_rv,p_hpfp
17467.78776346951,70473.51696793314,1889258.8433249607
Q,Q_phc
702130.3957220266,543130.3957220266
qm_cb,qm_phc/qm_t,qm_r,qm_v,qm,qm_pot
0.1061765316228325,0.004740220100833373,0.10495640044446855,0,0.11091675172366587,0.0014128188122521789
number of iterations,12,Execution time: ,5.505358934402466
