architecture,t_cbt,t_hxt,eta_hpfp,eta_r,p_cbt,qm_cb0,t0,p0,tpr_hx,Q_hx,pcc,v
pump,480,230,0.154,0.71,1330000.0,0.1061765316228325,25.2,345000.0,0.95,159000.0,True,0
P_hpfp,P_rv,p_hpfp
17435.45780335587,54865.34051655175,1889258.8433249607
Q,Q_phc
716308.6112636959,557308.6112636959
qm_cb,qm_phc/qm_t,qm_r,qm_v,qm,qm_pot
0.1061765316228325,0.00471025075959078,0.08171071529170816,0,0.11088678238242328,0.001234884864069445
number of iterations,12,Execution time: ,5.652528285980225
