architecture,t_cbt,t_hxt,eta_hpfp,eta_r,p_cbt,qm_cb0,t0,p0,tpr_hx,Q_hx,pcc,v
pump,480,210,0.154,0.71,1330000.0,0.10998,25.2,345000.0,0.95,159000.0,True,0
P_hpfp,P_rv,p_hpfp
17901.3618155913,47263.96926845323,1889258.8433249607
Q,Q_phc
743988.3771088645,584988.3771088645
qm_cb,qm_phc/qm_t,qm_r,qm_v,qm,m_z
0.10998,0.005062582194364576,0.0703622165930823,0,0.11504258219436457,0.5062582194364571
number of iterations,12,Execution time: ,6.3736350536346436
