architecture,t_cbt,t_hxt,eta_hpfp,eta_r,p_cbt,qm_cb0,t0,p0,tpr_hx,Q_hx,pcc,v
pump,480,250,0.154,0.71,1330000.0,0.10998,25.2,345000.0,0.95,159000.0,True,0
P_hpfp,P_rv,p_hpfp
17901.327670154296,66547.57429683958,1889258.8433249607
Q,Q_phc
724703.2628289796,565703.2628289796
qm_cb,qm_phc/qm_t,qm_r,qm_v,qm,m_z
0.10998,0.005062362759704606,0.09906942677383361,0,0.1150423627597046,0.506236275970461
number of iterations,12,Execution time: ,6.9216601848602295
