architecture,t_cbt,t_hxt,eta_hpfp,eta_r,p_cbt,qm_cb0,t0,p0,tpr_hx,Q_hx,pcc,v
pump,480,210,0.154,0.71,1330000.0,0.1061765316228325,25.2,345000.0,0.95,159000.0,True,0
P_hpfp,P_rv,p_hpfp
17414.42921752948,45996.27869526818,1889258.8433249607
Q,Q_phc
724247.5743278955,565247.5743278955
qm_cb,qm_phc/qm_t,qm_r,qm_v,qm,qm_pot
0.1061765316228325,0.004677576460339258,0.06850138382410859,0,0.11085410808317175,0.0011323312771775289
number of iterations,12,Execution time: ,5.624689340591431
