architecture,t_cbt,t_hxt,eta_hpfp,eta_r,p_cbt,qm_cb0,t0,p0,tpr_hx,Q_hx,pcc,v
pump,480,280,0.154,0.71,1330000.0,0.11,25.2,345000.0,0.95,149000.0,True,0
P_hpfp,P_rv,p_hpfp
17920.593064166816,84856.79054773573,1889366.2640801906
Q,Q_phc
707189.6707044953,558189.6707044953
qm_cb,qm_phc/qm_t,qm_r,qm_v,qm,m_z
0.11,0.005158130936058929,0.12634163730969886,0,0.11515813093605892,0.5158130936058929
number of iterations,7,Execution time: ,3.9553704261779785
