architecture,t_cbt,t_hxt,eta_hpfp,eta_r,p_cbt,qm_cb0,t0,p0,tpr_hx,Q_hx,pcc,v
pump,490,130,0.154,0.71,1330000.0,0.10604876981202063,25.2,345000.0,0.95,159000.0,True,0
P_hpfp,P_rv,p_hpfp
17337.78758336571,19368.691004173026,1889258.8433249607
Q,Q_phc
763690.9608342928,604690.9608342928
qm_cb,qm_phc/qm_t,qm_r,qm_v,qm,qm_pot
0.10604876981202063,0.0046179391350131375,0.02824974852749327,0,0.11066670894703377,0.0008268733917302406
number of iterations,12,Execution time: ,5.315985918045044
