architecture,t_cbt,t_hxt,eta_hpfp,eta_r,p_cbt,qm_cb0,t0,p0,tpr_hx,Q_hx,pcc,v
pump,490,140,0.154,0.71,1330000.0,0.10604876981202063,25.2,345000.0,0.95,159000.0,True,0
P_hpfp,P_rv,p_hpfp
17346.658326471952,21941.78804782382,1889258.8433249607
Q,Q_phc
761518.5101231067,602518.5101231067
qm_cb,qm_phc/qm_t,qm_r,qm_v,qm,qm_pot
0.10604876981202063,0.004643770672176229,0.03200609032903253,0,0.11069254048419686,0.000858086671973437
number of iterations,12,Execution time: ,5.185287952423096
