architecture,t_cbt,t_hxt,eta_hpfp,eta_r,p_cbt,qm_cb0,t0,p0,tpr_hx,Q_hx,pcc,v
pump,490,120,0.154,0.71,1330000.0,0.10604876981202063,25.2,345000.0,0.95,159000.0,True,0
P_hpfp,P_rv,p_hpfp
17329.31236317062,16985.16884263845,1889258.855973307
Q,Q_phc
765691.6789633804,606691.6789633804
qm_cb,qm_phc/qm_t,qm_r,qm_v,qm,qm_pot
0.10604876981202063,0.0045925383272324895,0.024774582345476456,0,0.11064130813925312,0.0007977698702573927
number of iterations,13,Execution time: ,5.763525724411011
