architecture,t_cbt,t_hxt,eta_hpfp,eta_r,p_cbt,qm_cb0,t0,p0,tpr_hx,Q_hx,pcc,v
pump,490,180,0.154,0.71,1330000.0,0.10998,25.2,345000.0,0.95,159000.0,True,0
P_hpfp,P_rv,p_hpfp
17921.516361206573,35206.14113903602,1889258.8433249607
Q,Q_phc
773677.4001409797,614677.4001409797
qm_cb,qm_phc/qm_t,qm_r,qm_v,qm,m_z
0.10998,0.00519210479685818,0.05134756720162647,0,0.11517210479685817,0.5192104796858183
number of iterations,12,Execution time: ,6.547514915466309
