architecture,t_cbt,t_hxt,eta_hpfp,eta_r,p_cbt,qm_cb0,t0,p0,tpr_hx,Q_hx,pcc,v
pump,490,180,0.154,0.71,1330000.0,0.10604876981202063,25.2,345000.0,0.95,159000.0,True,0
P_hpfp,P_rv,p_hpfp
17385.498710669406,34168.82603797187,1889258.8433249607
Q,Q_phc
751045.6946703317,592045.6946703317
qm_cb,qm_phc/qm_t,qm_r,qm_v,qm,qm_pot
0.10604876981202063,0.0047469969419900145,0.04985257860262367,0,0.11079576675401065,0.0010046300773714238
number of iterations,12,Execution time: ,5.86594820022583
