architecture,t_cbt,t_hxt,eta_hpfp,eta_r,p_cbt,qm_cb0,t0,p0,tpr_hx,Q_hx,pcc,v
pump,490,170,0.154,0.71,1330000.0,0.10604876981202063,25.2,345000.0,0.95,159000.0,True,0
P_hpfp,P_rv,p_hpfp
17375.38983142921,30824.54687785838,1889258.8433249607
Q,Q_phc
753933.4071883496,594933.4071883496
qm_cb,qm_phc/qm_t,qm_r,qm_v,qm,qm_pot
0.10604876981202063,0.004721796405341585,0.04497182592948242,0,0.11077056621736221,0.0009648237523023442
number of iterations,12,Execution time: ,5.599804401397705
