architecture,t_cbt,t_hxt,eta_hpfp,eta_r,p_cbt,qm_cb0,t0,p0,tpr_hx,Q_hx,pcc,v
pump,490,150,0.154,0.71,1330000.0,0.11,25.2,345000.0,0.95,149000.0,True,0
P_hpfp,P_rv,p_hpfp
17937.02426428523,25526.073398505283,1889366.2640801906
Q,Q_phc
784000.2862399772,635000.2862399772
qm_cb,qm_phc/qm_t,qm_r,qm_v,qm,m_z
0.11,0.005263731711918392,0.037221921837513224,0,0.1152637317119184,0.5263731711918392
number of iterations,7,Execution time: ,3.8901281356811523
