architecture,t_cbt,t_hxt,eta_hpfp,eta_r,p_cbt,qm_cb0,t0,p0,tpr_hx,Q_hx,pcc,v
pump,490,140,0.154,0.71,1330000.0,0.10998,25.2,345000.0,0.95,159000.0,True,0
P_hpfp,P_rv,p_hpfp
17911.78875607302,22640.77779474368,1889258.8433249607
Q,Q_phc
785803.7102528327,626803.7102528327
qm_cb,qm_phc/qm_t,qm_r,qm_v,qm,m_z
0.10998,0.00512959062477121,0.03301641793651401,0,0.1151095906247712,0.5129590624771216
number of iterations,12,Execution time: ,6.861110210418701
