architecture,t_cbt,t_hxt,eta_hpfp,eta_r,p_cbt,qm_cb0,t0,p0,tpr_hx,Q_hx,pcc,v
pump,490,100,0.154,0.71,1330000.0,0.10998,25.2,345000.0,0.95,159000.0,True,0
P_hpfp,P_rv,p_hpfp
17901.145005223778,13247.888819371405,1889258.855973307
Q,Q_phc
794716.1737147035,635716.1737147035
qm_cb,qm_phc/qm_t,qm_r,qm_v,qm,m_z
0.10998,0.005061185768930512,0.019313064847739866,0,0.1150411857689305,0.5061185768930512
number of iterations,13,Execution time: ,7.148954391479492
