architecture,t_cbt,t_hxt,eta_hpfp,eta_r,p_cbt,qm_cb0,t0,p0,tpr_hx,Q_hx,pcc,v
pump,490,180,0.154,0.71,1330000.0,0.11,25.2,345000.0,0.95,149000.0,True,0
P_hpfp,P_rv,p_hpfp
17944.724819013332,35238.25863964112,1889366.2640801906
Q,Q_phc
774635.6392495785,625635.6392495785
qm_cb,qm_phc/qm_t,qm_r,qm_v,qm,m_z
0.11,0.005313358262918124,0.05140475635887387,0,0.11531335826291812,0.5313358262918123
number of iterations,7,Execution time: ,3.8476173877716064
