architecture,t_cbt,t_hxt,eta_hpfp,eta_r,p_cbt,qm_cb0,t0,p0,tpr_hx,Q_hx,pcc,v
pump,490,100,0.154,0.71,1330000.0,0.11,25.2,345000.0,0.95,149000.0,True,0
P_hpfp,P_rv,p_hpfp
17922.8249200575,13260.925344914976,1889366.2728114282
Q,Q_phc
795624.5552037404,646624.5552037404
qm_cb,qm_phc/qm_t,qm_r,qm_v,qm,m_z
0.11,0.005172446889244347,0.01933160133493833,0,0.11517244688924434,0.5172446889244348
number of iterations,10,Execution time: ,5.63136887550354
