architecture,t_cbt,t_hxt,eta_hpfp,eta_r,p_cbt,qm_cb0,t0,p0,tpr_hx,Q_hx,pcc,v
pump,490,110,0.154,0.71,1330000.0,0.11,25.2,345000.0,0.95,149000.0,True,0
P_hpfp,P_rv,p_hpfp
17925.6011137238,15309.276831268011,1889366.2728114282
Q,Q_phc
793701.4977353715,644701.4977353715
qm_cb,qm_phc/qm_t,qm_r,qm_v,qm,m_z
0.11,0.005190314678954528,0.022321465099148625,0,0.11519031467895453,0.5190314678954527
number of iterations,10,Execution time: ,5.5664496421813965
