architecture,t_cbt,t_hxt,eta_hpfp,eta_r,p_cbt,qm_cb0,t0,p0,tpr_hx,Q_hx,pcc,v
pump,490,170,0.154,0.71,1330000.0,0.10998,25.2,345000.0,0.95,159000.0,True,0
P_hpfp,P_rv,p_hpfp
17919.31529987948,31773.459063203805,1889258.8433249607
Q,Q_phc
777010.7378173231,618010.7378173231
qm_cb,qm_phc/qm_t,qm_r,qm_v,qm,m_z
0.10998,0.005177959740116395,0.04634036254483421,0,0.11515795974011639,0.517795974011639
number of iterations,12,Execution time: ,6.778164863586426
