architecture,t_cbt,t_hxt,eta_hpfp,eta_r,p_cbt,qm_cb0,t0,p0,tpr_hx,Q_hx,pcc,v
pump,490,170,0.154,0.71,1330000.0,0.11,25.2,345000.0,0.95,149000.0,True,0
P_hpfp,P_rv,p_hpfp
17942.31525708548,31804.877220681436,1889366.2640801906
Q,Q_phc
777960.2733162995,628960.2733162995
qm_cb,qm_phc/qm_t,qm_r,qm_v,qm,m_z
0.11,0.00529784398529438,0.046392738447130294,0,0.11529784398529438,0.5297843985294379
number of iterations,7,Execution time: ,4.046257257461548
