architecture,t_cbt,t_hxt,eta_hpfp,eta_r,p_cbt,qm_cb0,t0,p0,tpr_hx,Q_hx,pcc,v
pump,490,230,0.154,0.71,1330000.0,0.11,25.2,345000.0,0.95,149000.0,True,0
P_hpfp,P_rv,p_hpfp
17952.78587465148,55597.12895740149,1889366.2640801906
Q,Q_phc
754640.5771605099,605640.5771605099
qm_cb,qm_phc/qm_t,qm_r,qm_v,qm,m_z
0.11,0.005365134347417338,0.0811031164339742,0,0.11536513434741734,0.5365134347417337
number of iterations,7,Execution time: ,3.9532060623168945
