architecture,t_cbt,t_hxt,eta_hpfp,eta_r,p_cbt,qm_cb0,t0,p0,tpr_hx,Q_hx,pcc,v
pump,490,200,0.154,0.71,1330000.0,0.10998,25.2,345000.0,0.95,159000.0,True,0
P_hpfp,P_rv,p_hpfp
17925.217996428553,42671.436153946306,1889258.8433249607
Q,Q_phc
766379.1775850363,607379.1775850363
qm_cb,qm_phc/qm_t,qm_r,qm_v,qm,m_z
0.10998,0.005215893248187484,0.06223621795295155,0,0.11519589324818748,0.5215893248187482
number of iterations,12,Execution time: ,6.418342590332031
