architecture,t_cbt,t_hxt,eta_hpfp,eta_r,p_cbt,qm_cb0,t0,p0,tpr_hx,Q_hx,pcc,v
pump,490,260,0.154,0.71,1330000.0,0.10604876981202063,25.2,345000.0,0.95,159000.0,True,0
P_hpfp,P_rv,p_hpfp
17471.68053096198,69127.98620586596,1889258.8433249607
Q,Q_phc
719978.928838717,560978.928838717
qm_cb,qm_phc/qm_t,qm_r,qm_v,qm,qm_pot
0.10604876981202063,0.004895618362048276,0.10086398924179366,0,0.1109443881740689,0.0014102154631523089
number of iterations,12,Execution time: ,5.7835047245025635
