architecture,t_cbt,t_hxt,eta_hpfp,eta_r,p_cbt,qm_cb0,t0,p0,tpr_hx,Q_hx,pcc,v
pump,490,200,0.154,0.71,1330000.0,0.10604876981202063,25.2,345000.0,0.95,159000.0,True,0
P_hpfp,P_rv,p_hpfp
17406.271742221234,41452.570905241344,1889258.8433249607
Q,Q_phc
744700.1619467046,585700.1619467046
qm_cb,qm_phc/qm_t,qm_r,qm_v,qm,qm_pot
0.10604876981202063,0.004794552299003909,0.06048174440123637,0,0.11084332211102454,0.0010906592214141486
number of iterations,12,Execution time: ,5.80035400390625
