architecture,t_cbt,t_hxt,eta_hpfp,eta_r,p_cbt,qm_cb0,t0,p0,tpr_hx,Q_hx,pcc,v
pump,490,210,0.154,0.71,1330000.0,0.10604876981202063,25.2,345000.0,0.95,159000.0,True,0
P_hpfp,P_rv,p_hpfp
17416.88325595637,45411.204600455174,1889258.8433249607
Q,Q_phc
741220.796336358,582220.796336358
qm_cb,qm_phc/qm_t,qm_r,qm_v,qm,qm_pot
0.10604876981202063,0.0048164013290301335,0.06625820793915342,0,0.11086517114105077,0.0011370493294370213
number of iterations,12,Execution time: ,5.693705081939697
