architecture,t_cbt,t_hxt,eta_hpfp,eta_r,p_cbt,qm_cb0,t0,p0,tpr_hx,Q_hx,pcc,v
pump,490,250,0.154,0.71,1330000.0,0.11,25.2,345000.0,0.95,149000.0,True,0
P_hpfp,P_rv,p_hpfp
17953.33284394937,65533.47099884646,1889366.2640801906
Q,Q_phc
744728.9207111694,595728.9207111694
qm_cb,qm_phc/qm_t,qm_r,qm_v,qm,m_z
0.11,0.0053686099467657915,0.09559418199133327,0,0.11536860994676579,0.5368609946765791
number of iterations,7,Execution time: ,3.7485830783843994
