architecture,t_cbt,t_hxt,eta_hpfp,eta_r,p_cbt,qm_cb0,t0,p0,tpr_hx,Q_hx,pcc,v
pump,490,270,0.154,0.71,1330000.0,0.10604876981202063,25.2,345000.0,0.95,159000.0,True,0
P_hpfp,P_rv,p_hpfp
17482.950216794132,74860.70708689267,1889258.8433249607
Q,Q_phc
714755.2023274518,555755.2023274518
qm_cb,qm_phc/qm_t,qm_r,qm_v,qm,qm_pot
0.10604876981202063,0.004903137143072464,0.10922859658582403,0,0.11095190695509309,0.0014751683074273412
number of iterations,12,Execution time: ,5.583287000656128
