architecture,t_cbt,t_hxt,eta_hpfp,eta_r,p_cbt,qm_cb0,t0,p0,tpr_hx,Q_hx,pcc,v
pump,490,220,0.154,0.71,1330000.0,0.10604876981202063,25.2,345000.0,0.95,159000.0,True,0
P_hpfp,P_rv,p_hpfp
17427.621666055675,49600.51371149329,1889258.8433249607
Q,Q_phc
737516.4865733178,578516.4865733178
qm_cb,qm_phc/qm_t,qm_r,qm_v,qm,qm_pot
0.10604876981202063,0.004836629171165528,0.0723711071851065,0,0.11088539898318617,0.0011858766539333335
number of iterations,12,Execution time: ,5.5400471687316895
