architecture,t_cbt,t_hxt,eta_hpfp,eta_r,p_cbt,qm_cb0,t0,p0,tpr_hx,Q_hx,pcc,v
pump,490,230,0.154,0.71,1330000.0,0.10604876981202063,25.2,345000.0,0.95,159000.0,True,0
P_hpfp,P_rv,p_hpfp
17438.476358731394,54040.24166835302,1889258.8433249607
Q,Q_phc
733567.0098567961,574567.0098567961
qm_cb,qm_phc/qm_t,qm_r,qm_v,qm,qm_pot
0.10604876981202063,0.004854971266128166,0.07884928907141318,0,0.1109037410781488,0.0012373375004234523
number of iterations,12,Execution time: ,5.754897117614746
