architecture,t_cbt,t_hxt,eta_hpfp,eta_r,p_cbt,qm_cb0,t0,p0,tpr_hx,Q_hx,pcc,v
pump,490,260,0.154,0.71,1330000.0,0.11,25.2,345000.0,0.95,149000.0,True,0
P_hpfp,P_rv,p_hpfp
17952.820507176966,70991.01763265349,1889366.2640801906
Q,Q_phc
739248.2515060728,590248.2515060728
qm_cb,qm_phc/qm_t,qm_r,qm_v,qm,m_z
0.11,0.005365297640677869,0.10355356177269372,0,0.11536529764067786,0.5365297640677869
number of iterations,7,Execution time: ,4.277465343475342
