architecture,t_cbt,t_hxt,eta_hpfp,eta_r,p_cbt,qm_cb0,t0,p0,tpr_hx,Q_hx,pcc,v
pump,490,250,0.154,0.71,1330000.0,0.10998,25.2,345000.0,0.95,159000.0,True,0
P_hpfp,P_rv,p_hpfp
17928.494097012433,65459.013799105625,1889258.8433249607
Q,Q_phc
743739.4659902975,584739.4659902975
qm_cb,qm_phc/qm_t,qm_r,qm_v,qm,m_z
0.10998,0.005236947013514404,0.09547144313013164,0,0.1152169470135144,0.5236947013514404
number of iterations,12,Execution time: ,5.969977378845215
