architecture,t_cbt,t_hxt,eta_hpfp,eta_r,p_cbt,qm_cb0,t0,p0,tpr_hx,Q_hx,pcc,v
pump,490,230,0.154,0.71,1330000.0,0.10998,25.2,345000.0,0.95,159000.0,True,0
P_hpfp,P_rv,p_hpfp
17928.429640350405,55538.730267854124,1889258.8433249607
Q,Q_phc
753656.8402848532,594656.8402848532
qm_cb,qm_phc/qm_t,qm_r,qm_v,qm,m_z
0.10998,0.005236532784646475,0.08100299466471324,0,0.11521653278464647,0.5236532784646472
number of iterations,12,Execution time: ,7.03004002571106
