architecture,t_cbt,t_hxt,eta_hpfp,eta_r,p_cbt,qm_cb0,t0,p0,tpr_hx,Q_hx,pcc,v
pump,490,270,0.154,0.71,1330000.0,0.10998,25.2,345000.0,0.95,159000.0,True,0
P_hpfp,P_rv,p_hpfp
17926.368947197396,76732.80992778201,1889258.8433249607
Q,Q_phc
732369.7517108634,573369.7517108634
qm_cb,qm_phc/qm_t,qm_r,qm_v,qm,m_z
0.10998,0.005223289799901817,0.11191398821438624,0,0.11520328979990181,0.522328979990182
number of iterations,12,Execution time: ,6.771983861923218
