architecture,t_cbt,t_hxt,eta_hpfp,eta_r,p_cbt,qm_cb0,t0,p0,tpr_hx,Q_hx,pcc,v
pump,490,280,0.154,0.71,1330000.0,0.10998,25.2,345000.0,0.95,159000.0,True,0
P_hpfp,P_rv,p_hpfp
17924.298902162976,82979.4732063041,1889258.8433249607
Q,Q_phc
726029.6574232514,567029.6574232514
qm_cb,qm_phc/qm_t,qm_r,qm_v,qm,m_z
0.10998,0.005209986715562678,0.12102461047732639,0,0.11518998671556267,0.5209986715562679
number of iterations,12,Execution time: ,6.649375915527344
