architecture,t_cbt,t_hxt,eta_hpfp,eta_r,p_cbt,qm_cb0,t0,p0,tpr_hx,Q_hx,pcc,v
pump,500,160,0.154,0.71,1330000.0,0.11,25.2,345000.0,0.95,149000.0,True,0
P_hpfp,P_rv,p_hpfp
17963.45340566768,28385.41851559244,1889366.2640801906
Q,Q_phc
799111.961295862,650111.961295862
qm_cb,qm_phc/qm_t,qm_r,qm_v,qm,m_z
0.11,0.005433643050197212,0.04057767890926033,0,0.11543364305019721,0.5433643050197212
number of iterations,7,Execution time: ,6.250588655471802
