architecture,t_cbt,t_hxt,eta_hpfp,eta_r,p_cbt,qm_cb0,t0,p0,tpr_hx,Q_hx,pcc,v
pump,500,180,0.154,0.71,1330000.0,0.10592131482994813,25.2,345000.0,0.95,159000.0,True,0
P_hpfp,P_rv,p_hpfp
17387.147772080225,33853.655357891636,1889258.8433249607
Q,Q_phc
767687.0268000453,608687.0268000453
qm_cb,qm_phc/qm_t,qm_r,qm_v,qm,qm_pot
0.10592131482994813,0.004877899981485715,0.04841096229729219,0,0.11079921481143384,0.0010117865889167099
number of iterations,12,Execution time: ,5.28159236907959
