architecture,t_cbt,t_hxt,eta_hpfp,eta_r,p_cbt,qm_cb0,t0,p0,tpr_hx,Q_hx,pcc,v
pump,500,160,0.154,0.71,1330000.0,0.10998,25.2,345000.0,0.95,159000.0,True,0
P_hpfp,P_rv,p_hpfp
17940.510269999926,28354.381508282062,1889258.8433249607
Q,Q_phc
798144.4041146148,639144.4041146148
qm_cb,qm_phc/qm_t,qm_r,qm_v,qm,m_z
0.10998,0.005314168600498451,0.040530394165916604,0,0.11529416860049845,0.5314168600498453
number of iterations,12,Execution time: ,6.324474334716797
