architecture,t_cbt,t_hxt,eta_hpfp,eta_r,p_cbt,qm_cb0,t0,p0,tpr_hx,Q_hx,pcc,v
pump,500,160,0.154,0.71,1330000.0,0.10592131482994813,25.2,345000.0,0.95,159000.0,True,0
P_hpfp,P_rv,p_hpfp
17366.640965027727,27462.275110404305,1889258.8433249607
Q,Q_phc
773133.0512980329,614133.0512980329
qm_cb,qm_phc/qm_t,qm_r,qm_v,qm,qm_pot
0.10592131482994813,0.004822664618989025,0.03926832892487927,0,0.11074397944893716,0.0009351494521329171
number of iterations,12,Execution time: ,5.901302337646484
