architecture,t_cbt,t_hxt,eta_hpfp,eta_r,p_cbt,qm_cb0,t0,p0,tpr_hx,Q_hx,pcc,v
pump,500,180,0.154,0.71,1330000.0,0.11,25.2,345000.0,0.95,149000.0,True,0
P_hpfp,P_rv,p_hpfp
17969.077605533486,34956.77505492105,1889366.2640801906
Q,Q_phc
792799.6869356328,643799.6869356328
qm_cb,qm_phc/qm_t,qm_r,qm_v,qm,m_z
0.11,0.005469868796046566,0.04998096084953371,0,0.11546986879604657,0.5469868796046565
number of iterations,7,Execution time: ,4.428114175796509
