architecture,t_cbt,t_hxt,eta_hpfp,eta_r,p_cbt,qm_cb0,t0,p0,tpr_hx,Q_hx,pcc,v
pump,500,150,0.154,0.71,1330000.0,0.10592131482994813,25.2,345000.0,0.95,159000.0,True,0
P_hpfp,P_rv,p_hpfp
17356.79589535222,24541.771488303664,1889258.8433249607
Q,Q_phc
775599.7010754984,616599.7010754984
qm_cb,qm_phc/qm_t,qm_r,qm_v,qm,qm_pot
0.10592131482994813,0.00479462673746822,0.0350901528869385,0,0.11071594156741635,0.0008998769440657243
number of iterations,12,Execution time: ,5.690184116363525
