architecture,t_cbt,t_hxt,eta_hpfp,eta_r,p_cbt,qm_cb0,t0,p0,tpr_hx,Q_hx,pcc,v
pump,500,100,0.154,0.71,1330000.0,0.10998,25.2,345000.0,0.95,159000.0,True,0
P_hpfp,P_rv,p_hpfp
17923.275677073692,13214.302973518217,1889258.855973307
Q,Q_phc
812490.4819358722,653490.4819358722
qm_cb,qm_phc/qm_t,qm_r,qm_v,qm,m_z
0.10998,0.005203407885489786,0.018881123011641746,0,0.11518340788548978,0.5203407885489787
number of iterations,13,Execution time: ,7.235715389251709
