architecture,t_cbt,t_hxt,eta_hpfp,eta_r,p_cbt,qm_cb0,t0,p0,tpr_hx,Q_hx,pcc,v
pump,500,140,0.154,0.71,1330000.0,0.11,25.2,345000.0,0.95,149000.0,True,0
P_hpfp,P_rv,p_hpfp
17957.387666484523,22569.762108002444,1889366.2640801906
Q,Q_phc
804648.1957478109,655648.1957478109
qm_cb,qm_phc/qm_t,qm_r,qm_v,qm,m_z
0.11,0.005394510521553542,0.032249446190563524,0,0.11539451052155354,0.5394510521553542
number of iterations,7,Execution time: ,5.4082276821136475
