architecture,t_cbt,t_hxt,eta_hpfp,eta_r,p_cbt,qm_cb0,t0,p0,tpr_hx,Q_hx,pcc,v
pump,500,130,0.154,0.71,1330000.0,0.11,25.2,345000.0,0.95,149000.0,True,0
P_hpfp,P_rv,p_hpfp
17954.256943093184,19936.424365821407,1889366.271814466
Q,Q_phc
807137.2784596165,658137.2784596165
qm_cb,qm_phc/qm_t,qm_r,qm_v,qm,m_z
0.11,0.0053744064468844435,0.028487509020039214,0,0.11537440644688444,0.5374406446884443
number of iterations,8,Execution time: ,4.81327486038208
