architecture,t_cbt,t_hxt,eta_hpfp,eta_r,p_cbt,qm_cb0,t0,p0,tpr_hx,Q_hx,pcc,v
pump,500,120,0.154,0.71,1330000.0,0.10998,25.2,345000.0,0.95,159000.0,True,0
P_hpfp,P_rv,p_hpfp
17928.96572722027,17481.46973214294,1889258.8433249607
Q,Q_phc
808485.4720109332,649485.4720109332
qm_cb,qm_phc/qm_t,qm_r,qm_v,qm,m_z
0.10998,0.005239977931357942,0.02498102222066879,0,0.11521997793135794,0.5239977931357943
number of iterations,12,Execution time: ,6.033257007598877
