architecture,t_cbt,t_hxt,eta_hpfp,eta_r,p_cbt,qm_cb0,t0,p0,tpr_hx,Q_hx,pcc,v
pump,500,180,0.154,0.71,1330000.0,0.10998,25.2,345000.0,0.95,159000.0,True,0
P_hpfp,P_rv,p_hpfp
17945.72275392346,34925.7278530576,1889258.8433249607
Q,Q_phc
791813.1909415297,632813.1909415297
qm_cb,qm_phc/qm_t,qm_r,qm_v,qm,m_z
0.10998,0.0053476664771620885,0.0499255922491407,0,0.11532766647716208,0.5347666477162085
number of iterations,12,Execution time: ,6.144607305526733
