architecture,t_cbt,t_hxt,eta_hpfp,eta_r,p_cbt,qm_cb0,t0,p0,tpr_hx,Q_hx,pcc,v
pump,500,240,0.154,0.71,1330000.0,0.10592131482994813,25.2,345000.0,0.95,159000.0,True,0
P_hpfp,P_rv,p_hpfp
17452.77880677528,57849.72723349611,1889258.8433249607
Q,Q_phc
746716.5198422637,587716.5198422637
qm_cb,qm_phc/qm_t,qm_r,qm_v,qm,qm_pot
0.10592131482994813,0.005018336459147648,0.08272971899317862,0,0.11093965128909578,0.0012934016063239637
number of iterations,12,Execution time: ,4.772759675979614
