architecture,t_cbt,t_hxt,eta_hpfp,eta_r,p_cbt,qm_cb0,t0,p0,tpr_hx,Q_hx,pcc,v
pump,500,200,0.154,0.71,1330000.0,0.11,25.2,345000.0,0.95,149000.0,True,0
P_hpfp,P_rv,p_hpfp
17973.936746706615,42291.909380677775,1889366.2640801906
Q,Q_phc
785688.3918961255,636688.3918961255
qm_cb,qm_phc/qm_t,qm_r,qm_v,qm,m_z
0.11,0.005501111736555433,0.06047035032693386,0,0.11550111173655543,0.5501111736555433
number of iterations,7,Execution time: ,6.479406118392944
