architecture,t_cbt,t_hxt,eta_hpfp,eta_r,p_cbt,qm_cb0,t0,p0,tpr_hx,Q_hx,pcc,v
pump,500,220,0.154,0.71,1330000.0,0.11,25.2,345000.0,0.95,149000.0,True,0
P_hpfp,P_rv,p_hpfp
17977.719130236546,50452.37568668313,1889366.2640801906
Q,Q_phc
777702.1633822516,628702.1633822516
qm_cb,qm_phc/qm_t,qm_r,qm_v,qm,m_z
0.11,0.0055253946402763,0.07213578919731531,0,0.11552539464027631,0.55253946402763
number of iterations,7,Execution time: ,4.222352743148804
