architecture,t_cbt,t_hxt,eta_hpfp,eta_r,p_cbt,qm_cb0,t0,p0,tpr_hx,Q_hx,pcc,v
pump,500,200,0.154,0.71,1330000.0,0.10592131482994813,25.2,345000.0,0.95,159000.0,True,0
P_hpfp,P_rv,p_hpfp
17408.46661604517,40994.05234030512,1889258.8433249607
Q,Q_phc
761529.420149806,602529.420149806
qm_cb,qm_phc/qm_t,qm_r,qm_v,qm,qm_pot
0.10592131482994813,0.004930228853261822,0.05862372073921469,0,0.11085154368320994,0.0010965521574516442
number of iterations,12,Execution time: ,5.324199676513672
