architecture,t_cbt,t_hxt,eta_hpfp,eta_r,p_cbt,qm_cb0,t0,p0,tpr_hx,Q_hx,pcc,v
pump,500,280,0.154,0.71,1330000.0,0.10998,25.2,345000.0,0.95,159000.0,True,0
P_hpfp,P_rv,p_hpfp
17953.23800629285,81353.42829555621,1889258.8433249607
Q,Q_phc
745731.7095788382,586731.7095788382
qm_cb,qm_phc/qm_t,qm_r,qm_v,qm,m_z
0.10998,0.0053959630284146215,0.11629325703149242,0,0.11537596302841462,0.5395963028414615
number of iterations,12,Execution time: ,4.834990739822388
