architecture,t_cbt,t_hxt,eta_hpfp,eta_r,p_cbt,qm_cb0,t0,p0,tpr_hx,Q_hx,pcc,v
pump,500,220,0.154,0.71,1330000.0,0.10592131482994813,25.2,345000.0,0.95,159000.0,True,0
P_hpfp,P_rv,p_hpfp
17430.380192606026,48950.256985461536,1889258.8433249607
Q,Q_phc
754583.4227758681,595583.4227758681
qm_cb,qm_phc/qm_t,qm_r,qm_v,qm,qm_pot
0.10592131482994813,0.004977690378230199,0.07000243826844009,0,0.11089900520817833,0.0011900096015775902
number of iterations,12,Execution time: ,5.333818435668945
