architecture,t_cbt,t_hxt,eta_hpfp,eta_r,p_cbt,qm_cb0,t0,p0,tpr_hx,Q_hx,pcc,v
pump,500,210,0.154,0.71,1330000.0,0.10998,25.2,345000.0,0.95,159000.0,True,0
P_hpfp,P_rv,p_hpfp
17951.941842267945,46218.31813588445,1889258.8433249607
Q,Q_phc
780807.106944591,621807.106944591
qm_cb,qm_phc/qm_t,qm_r,qm_v,qm,m_z
0.10998,0.0053876332679244215,0.06606873014888322,0,0.11536763326792442,0.5387633267924423
number of iterations,12,Execution time: ,6.004178762435913
