architecture,t_cbt,t_hxt,eta_hpfp,eta_r,p_cbt,qm_cb0,t0,p0,tpr_hx,Q_hx,pcc,v
pump,500,220,0.154,0.71,1330000.0,0.10998,25.2,345000.0,0.95,159000.0,True,0
P_hpfp,P_rv,p_hpfp
17953.438408854217,50401.22551033326,1889258.8433249607
Q,Q_phc
776693.1446808188,617693.1446808188
qm_cb,qm_phc/qm_t,qm_r,qm_v,qm,m_z
0.10998,0.005397250909659396,0.07204809018238266,0,0.11537725090965939,0.5397250909659396
number of iterations,12,Execution time: ,5.43427300453186
