architecture,t_cbt,t_hxt,eta_hpfp,eta_r,p_cbt,qm_cb0,t0,p0,tpr_hx,Q_hx,pcc,v
pump,500,260,0.154,0.71,1330000.0,0.10998,25.2,345000.0,0.95,159000.0,True,0
P_hpfp,P_rv,p_hpfp
17955.42116856732,69724.92798016536,1889258.8433249607
Q,Q_phc
757460.7856828502,598460.7856828502
qm_cb,qm_phc/qm_t,qm_r,qm_v,qm,m_z
0.10998,0.0054099930574142,0.09967065744797672,0,0.1153899930574142,0.5409993057414195
number of iterations,12,Execution time: ,5.718122243881226
