architecture,t_cbt,t_hxt,eta_hpfp,eta_r,p_cbt,qm_cb0,t0,p0,tpr_hx,Q_hx,pcc,v
pump,500,280,0.154,0.71,1330000.0,0.10592131482994813,25.2,345000.0,0.95,159000.0,True,0
P_hpfp,P_rv,p_hpfp
17498.86768003342,79321.32109081921,1889258.8433249607
Q,Q_phc
727369.6049372033,568369.6049372033
qm_cb,qm_phc/qm_t,qm_r,qm_v,qm,qm_pot
0.10592131482994813,0.005069593841960973,0.1134360533986619,0,0.1109909086719091,0.0015385265364671998
number of iterations,12,Execution time: ,4.707363605499268
