architecture,t_cbt,t_hxt,eta_hpfp,eta_r,p_cbt,qm_cb0,t0,p0,tpr_hx,Q_hx,pcc,v
pump,500,260,0.154,0.71,1330000.0,0.11,25.2,345000.0,0.95,149000.0,True,0
P_hpfp,P_rv,p_hpfp
17980.689215859195,69808.10811614344,1889366.2640801906
Q,Q_phc
758483.2497489913,609483.2497489913
qm_cb,qm_phc/qm_t,qm_r,qm_v,qm,m_z
0.11,0.005544404735971062,0.09980209059857571,0,0.11554440473597107,0.5544404735971062
number of iterations,7,Execution time: ,6.384639739990234
