architecture,t_cbt,t_hxt,eta_hpfp,eta_r,p_cbt,qm_cb0,t0,p0,tpr_hx,Q_hx,pcc,v
pump,300,160,0.154,0.71,1330000.0,0.10998,25.2,345000.0,0.95,151050.0,True,0
P_hpfp,P_rv,p_hpfp
17481.974072656918,36920.585283871,1889258.852696622
Q,Q_phc
440174.129713021,289124.129713021
qm_cb,qm_phc/qm_t,qm_r,qm_v,qm,m_z
0.10998,0.00236740016427818,0.08771818133310767,0,0.11234740016427817,0.23674001642781817
number of iterations,7,Execution time: ,2.6846911907196045
