architecture,t_cbt,t_hxt,eta_hpfp,eta_r,p_cbt,qm_cb0,t0,p0,tpr_hx,Q_hx,pcc,v
pump,270,220,0.154,0.71,1330000.0,0.10906609906078037,25.2,345000.0,0.95,151050.0,True,0
P_hpfp,P_rv,p_hpfp
16917.252663238818,101289.72276114761,1889258.8612891329
Q,Q_phc
264375.07787412585,113325.07787412585
qm_cb,qm_phc/qm_t,qm_r,qm_v,qm
0.10906609906078037,0.0009415563907568536,0.26694486198472644,0,0.11000765545153722
number of iterations,16,Execution time: ,2.6649582386016846
