architecture,t_cbt,t_hxt,eta_hpfp,eta_r,p_cbt,qm_cb0,t0,p0,tpr_hx,Q_hx,pcc,v
pump,270,220,0.154,0.71,1330000.0,0.10895862351703661,25.2,345000.0,0.95,151050.0,True,0
P_hpfp,P_rv,p_hpfp
17146.415640679603,109894.22763358304,1889258.861393996
Q,Q_phc
308750.7505149774,157700.75051497738
qm_cb,qm_phc/qm_t,qm_r,qm_v,qm
0.10895862351703661,0.0013043048760065373,0.29009568677072667,0,0.11026292839304315
number of iterations,17,Execution time: ,4.343951463699341
