architecture,t_cbt,t_hxt,eta_hpfp,eta_r,p_cbt,qm_cb0,t0,p0,tpr_hx,Q_hx,pcc,v
pump,270,220,0.154,0.71,1330000.0,0.10906609906078037,25.2,345000.0,0.9475,159000.0,True,0
P_hpfp,P_rv,p_hpfp
16960.007497849972,101970.71224041547,1894243.7131446328
Q,Q_phc
263398.3301174332,104398.33011743322
qm_cb,qm_phc/qm_t,qm_r,qm_v,qm
0.10906609906078037,0.0008688077729763627,0.26561279877838984,0,0.10993490683375673
number of iterations,16,Execution time: ,2.730994701385498
