architecture,t_cbt,t_hxt,eta_hpfp,eta_r,p_cbt,qm_cb0,t0,p0,tpr_hx,Q_hx,pcc,v
pump,300,160,0.154,0.71,1330000.0,0.10998,25.2,345000.0,0.94,159000.0,True,0
P_hpfp,P_rv,p_hpfp
17695.985208450205,38311.12107882641,1909357.3577979829
Q,Q_phc
438237.9538016448,279237.9538016448
qm_cb,qm_phc/qm_t,qm_r,qm_v,qm,m_z
0.10998,0.00229206775453053,0.08690802079036392,0,0.11227206775453052,0.22920677545305249
number of iterations,8,Execution time: ,2.9812865257263184
