architecture,t_cbt,t_hxt,eta_hpfp,eta_r,p_cbt,qm_cb0,t0,p0,tpr_hx,Q_hx,pcc,v
pump,270,220,0.154,0.71,1330000.0,0.10895862351703661,25.2,345000.0,0.945,159000.0,True,0
P_hpfp,P_rv,p_hpfp
17502.397946676298,113189.93639979069,1899254.9400113262
Q,Q_phc
311321.76800324576,152321.76800324576
qm_cb,qm_phc/qm_t,qm_r,qm_v,qm,qm_pot
0.10895862351703661,0.001259404778086387,0.2919031037424635,0,0.110218028295123,0.001619355395093869
number of iterations,17,Execution time: ,7.813371896743774
