architecture,t_cbt,t_hxt,eta_hpfp,eta_r,p_cbt,qm_cb0,t0,p0,tpr_hx,Q_hx,pcc,v
pump,270,220,0.154,0.71,1330000.0,0.10895862351703661,25.2,345000.0,0.9475,159000.0,True,0
P_hpfp,P_rv,p_hpfp
17189.698912942396,110662.16196171292,1894243.7132642963
Q,Q_phc
307650.5387761162,148650.5387761162
qm_cb,qm_phc/qm_t,qm_r,qm_v,qm
0.10895862351703661,0.00123118424891272,0.2887289805957693,0,0.11018980776594933
number of iterations,17,Execution time: ,4.290907621383667
