architecture,t_cbt,t_hxt,eta_hpfp,eta_r,p_cbt,qm_cb0,t0,p0,tpr_hx,Q_hx,pcc,v
pump,300,160,0.154,0.71,1330000.0,0.10998,25.2,345000.0,0.95,159000.0,True,0
P_hpfp,P_rv,p_hpfp
17558.5057229085,37447.96802256987,1897001.7141379882
Q,Q_phc
439275.02711639006,280275.02711639006
qm_cb,qm_phc/qm_t,qm_r,qm_v,qm,m_z
0.10998,0.00230034559331882,0.08737435839609732,0,0.11228034559331881,0.23003455933188247
number of iterations,7,Execution time: ,2.806114912033081
