architecture,t_cbt,t_hxt,eta_hpfp,eta_r,p_cbt,qm_cb0,t0,p0,tpr_hx,Q_hx,pcc,v
pump,300,160,0.154,0.71,1330000.0,0.11,25.2,345000.0,0.95,149000.0,True,0
P_hpfp,P_rv,p_hpfp
17574.98043281348,37517.497281170494,1897109.577202302
Q,Q_phc
439618.63384468347,290618.63384468347
qm_cb,qm_phc/qm_t,qm_r,qm_v,qm,m_z
0.11,0.0023781011707929827,0.08750061688607456,0,0.11237810117079298,0.23781011707929828
number of iterations,10,Execution time: ,8.546956300735474
