architecture,t_cbt,t_hxt,eta_hpfp,eta_r,p_cbt,qm_cb0,t0,p0,tpr_hx,Q_hx,pcc,v
pump,270,220,0.154,0.71,1330000.0,0.10895862351703661,25.2,345000.0,0.95,159000.0,True,0
P_hpfp,P_rv,p_hpfp
17433.77794864796,112146.03309611391,1893122.37644283
Q,Q_phc
312422.4684399435,153422.4684399435
qm_cb,qm_phc/qm_t,qm_r,qm_v,qm,qm_pot
0.10895862351703661,0.001268359570506081,0.2933488136296853,0,0.1102269830875427,0.0016074092087726725
number of iterations,17,Execution time: ,7.957503795623779
