architecture,t_cbt,t_hxt,eta_hpfp,eta_r,p_cbt,qm_cb0,t0,p0,tpr_hx,Q_hx,pcc,v
pump,270,220,0.154,0.67,1330000.0,0.10906609906078037,25.2,345000.0,0.95,159000.0,True,0
P_hpfp,P_rv,p_hpfp
16902.061086001213,105074.9339108613,1889258.8609416161
Q,Q_phc
260261.5025150797,101261.50251507969
qm_cb,qm_phc/qm_t,qm_r,qm_v,qm
0.10906609906078037,0.0008427703492488031,0.26128412390947026,0,0.10990886941002917
number of iterations,15,Execution time: ,2.619424819946289
