architecture,t_cbt,t_hxt,eta_hpfp,eta_r,p_cbt,qm_cb0,t0,p0,tpr_hx,Q_hx,pcc,v
pump,300,160,0.154,0.6745,1330000.0,0.10998,25.2,345000.0,0.95,159000.0,True,0
P_hpfp,P_rv,p_hpfp
17470.285519942983,38512.378462498134,1889258.852696622
Q,Q_phc
438263.3481465491,279263.3481465491
qm_cb,qm_phc/qm_t,qm_r,qm_v,qm,m_z
0.10998,0.002292284018719573,0.0869248872702514,0,0.11227228401871957,0.22922840187195725
number of iterations,7,Execution time: ,2.646772861480713
