architecture,t_cbt,t_hxt,eta_hpfp,eta_r,p_cbt,qm_cb0,t0,p0,tpr_hx,Q_hx,pcc,v
pump,270,220,0.154,0.6454545454545454,1330000.0,0.10895862351703661,25.2,345000.0,0.95,159000.0,True,0
P_hpfp,P_rv,p_hpfp
17393.553177714042,118764.30391286212,1889258.8612891329
Q,Q_phc
305914.7569644033,146914.75696440332
qm_cb,qm_phc/qm_t,qm_r,qm_v,qm,qm_pot
0.10895862351703661,0.0012151628381197235,0.2849680139931883,0,0.11017378635515633,0.0016784018311105323
number of iterations,16,Execution time: ,7.866437196731567
