architecture,t_cbt,t_hxt,eta_hpfp,eta_r,p_cbt,qm_cb0,t0,p0,tpr_hx,Q_hx,pcc,v
pump,270,220,0.146,0.71,1330000.0,0.10906609906078037,25.2,345000.0,0.95,159000.0,True,0
P_hpfp,P_rv,p_hpfp
17832.697648818827,100898.18275706857,1889258.8612891329
Q,Q_phc
263604.01645005925,104604.01645005925
qm_cb,qm_phc/qm_t,qm_r,qm_v,qm
0.10906609906078037,0.0008704890196087195,0.26591337366286577,0,0.10993658808038909
number of iterations,16,Execution time: ,2.728994607925415
