architecture,t_cbt,t_hxt,eta_hpfp,eta_r,p_cbt,qm_cb0,t0,p0,tpr_hx,Q_hx,pcc,v
pump,270,220,0.154,0.71,1330000.0,0.11391218887060257,25.2,345000.0,0.95,159000.0,True,0
P_hpfp,P_rv,p_hpfp
17924.551398605236,114881.37995679698,1889258.861393996
Q,Q_phc
322762.4743534098,163762.47435340978
qm_cb,qm_phc/qm_t,qm_r,qm_v,qm
0.11391218887060257,0.0013546732397979322,0.303260662681816,0,0.1152668621104005
number of iterations,17,Execution time: ,4.330937385559082
