architecture,t_cbt,t_hxt,eta_hpfp,eta_r,p_cbt,qm_cb0,t0,p0,tpr_hx,Q_hx,pcc,v
pump,270,220,0.154,0.71,1330000.0,0.11985448586874028,25.2,345000.0,0.95,159000.0,True,0
P_hpfp,P_rv,p_hpfp
19152.0042307089,122774.73992276107,1889258.861393996
Q,Q_phc
344838.46628250217,185838.46628250217
qm_cb,qm_phc/qm_t,qm_r,qm_v,qm,qm_pot
0.11985448586874028,0.0015319298402274356,0.324077248395465,0,0.12138641570896772,0.0017737896265314584
number of iterations,17,Execution time: ,7.799867630004883
