architecture,t_cbt,t_hxt,eta_hpfp,eta_r,p_cbt,qm_cb0,t0,p0,tpr_hx,Q_hx,pcc,v
pump,270,220,0.154,0.71,1330000.0,0.10906609906078037,25.2,345000.0,0.95,159000.0,True,0
P_hpfp,P_rv,p_hpfp
17055.173432856693,103351.757202238,1903222.3410554247
Q,Q_phc
261877.63972804416,102877.63972804416
qm_cb,qm_phc/qm_t,qm_r,qm_v,qm
0.10906609906078037,0.000856018138308462,0.26363750122103197,0,0.10992211719908883
number of iterations,15,Execution time: ,2.5233564376831055
