architecture,t_cbt,t_hxt,eta_hpfp,eta_r,p_cbt,qm_cb0,t0,p0,tpr_hx,Q_hx,pcc,v
pump,300,160,0.154,0.71,1330000.0,0.10998,25.2,345000.0,0.95,159000.0,True,0
P_hpfp,P_rv,p_hpfp
18093.878514352222,40733.17336152774,1945112.7721522297
Q,Q_phc
435315.4238827655,276315.4238827655
qm_cb,qm_phc/qm_t,qm_r,qm_v,qm,m_z
0.10998,0.002268764830921699,0.08559274813440478,0,0.1122487648309217,0.22687648309217046
number of iterations,7,Execution time: ,2.5445029735565186
