architecture,t_cbt,t_hxt,eta_hpfp,eta_r,p_cbt,qm_cb0,t0,p0,tpr_hx,Q_hx,pcc,v
pump,270,220,0.154,0.71,1330000.0,0.10895862351703661,25.2,345000.0,0.95,159000.0,True,0
P_hpfp,P_rv,p_hpfp
17235.93006684742,109529.79453933232,1898329.7529076042
Q,Q_phc
308772.9299335212,149772.9299335212
qm_cb,qm_phc/qm_t,qm_r,qm_v,qm
0.10895862351703661,0.0012403573768792198,0.2901927482530633,0,0.11019898089391583
number of iterations,17,Execution time: ,4.193173170089722
