architecture,t_cbt,t_hxt,eta_hpfp,eta_r,p_cbt,qm_cb0,t0,p0,tpr_hx,Q_hx,pcc,v
pump,300,160,0.154,0.71,1330000.0,0.10998,25.2,345000.0,0.95,159000.0,True,0
P_hpfp,P_rv,p_hpfp
17574.27850307705,36769.8913827113,1898329.74403898
Q,Q_phc
439961.41048092063,280961.41048092063
qm_cb,qm_phc/qm_t,qm_r,qm_v,qm,m_z
0.10998,0.00230581546245312,0.08768047130687621,0,0.11228581546245311,0.23058154624531163
number of iterations,7,Execution time: ,2.6482090950012207
