architecture,t_cbt,t_hxt,eta_hpfp,eta_r,p_cbt,qm_cb0,t0,p0,tpr_hx,Q_hx,pcc,v
pump,270,220,0.154,0.71,1330000.0,0.10895862351703661,25.2,345000.0,0.95,159000.0,True,0
P_hpfp,P_rv,p_hpfp
17136.209594063304,109828.45539075806,1889258.861393996
Q,Q_phc
308567.33305820543,149567.33305820543
qm_cb,qm_phc/qm_t,qm_r,qm_v,qm
0.10895862351703661,0.0012386731655189276,0.2899222954278622,0,0.11019729668255554
number of iterations,17,Execution time: ,4.202006578445435
