architecture,t_cbt,t_hxt,eta_hpfp,eta_r,p_cbt,qm_cb0,t0,p0,tpr_hx,Q_hx,pcc,v
pump,270,220,0.154,0.71,1330000.0,0.10906609906078037,25.2,345000.0,0.95,159000.0,True,0
P_hpfp,P_rv,p_hpfp
16907.09814564884,101228.68753492055,1889258.8612891329
Q,Q_phc
264216.6241724518,105216.62417245179
qm_cb,qm_phc/qm_t,qm_r,qm_v,qm
0.10906609906078037,0.0008755247073297806,0.26678415799552285,0,0.10994162376811015
number of iterations,16,Execution time: ,2.6033413410186768
