architecture,t_cbt,t_hxt,eta_hpfp,eta_r,p_cbt,qm_cb0,t0,p0,tpr_hx,Q_hx,pcc,v
after,320,140,0.71,0.71,1330000.0,0.10829134217479501,25.2,420000.0,0.95,159000.0,True,0
P_hpfp,P_rv,p_hpfp
33412.194915933986,17837.352529735406,1707841.0753841824
Q,Q_phc
468796.30728777207,309796.30728777207
qm_cb,qm_phc/qm_t,qm_r,qm_v,qm
0.10829134217479501,0.002398655669118621,0.036735657803663294,0,0.11068999784391363
number of iterations,24,Execution time: ,9.62484335899353
