architecture,t_cbt,t_hxt,eta_hpfp,eta_r,p_cbt,qm_cb0,t0,p0,tpr_hx,Q_hx,pcc,v
after,320,120,0.71,0.71,1330000.0,0.10829134217479501,25.2,420000.0,0.95,159000.0,True,0
P_hpfp,P_rv,p_hpfp
33416.30722046271,11598.214551312072,1707841.0753841824
Q,Q_phc
475095.3391405168,316095.3391405168
qm_cb,qm_phc/qm_t,qm_r,qm_v,qm
0.10829134217479501,0.002412279167382153,0.0238861143877765,0,0.11070362134217716
number of iterations,24,Execution time: ,10.36508584022522
