architecture,t_cbt,t_hxt,eta_hpfp,eta_r,p_cbt,qm_cb0,t0,p0,tpr_hx,Q_hx,pcc,v
after,420,220,0.71,0.71,1330000.0,0.1069693512063168,25.2,420000.0,0.95,159000.0,True,0
P_hpfp,P_rv,p_hpfp
33388.37332024985,46783.5860033634,1707841.0753841824
Q,Q_phc
601269.10169671,442269.10169671
qm_cb,qm_phc/qm_t,qm_r,qm_v,qm
0.1069693512063168,0.0036417289735059394,0.07349531907515602,0,0.11061108017982274
number of iterations,24,Execution time: ,11.360127449035645
